"Post ID","Page ID","Page name",Title,Description,"Duration (sec)","Publish time","Caption type",Permalink,"Is crosspost","Is share","Post type",Languages,"Custom labels","Funded content status","Data comment",Date,Views,Reach,"Reactions, Comments and Shares",Reactions,Comments,Shares,"Total clicks","Other Clicks","Matched Audience Targeting Consumption (Photo Click)","Seconds viewed","Average Seconds viewed","Estimated earnings (USD)","Ad CPM (USD)","Ad impressions","Negative feedback from users: Hide all","Negative feedback from users: Hide","Link Clicks"
122115140709023874,61580716220863,"Juana Babe Abi","LIVE TODAY! 🎉 SUPRESA NI JUAN GRAND DRAW!
Handa na ba ang puso mo? Baka ikaw na ang tatawagin ngayong gabi! 🎁✨
Watch the live, stay active, and claim your spot! 👀

#juanababes #Juan365livestream #Juan365PH
#AllInJuanSaSaya #JuanKada #Juan365",,0,"12/05/2025 02:38",N/A,https://www.facebook.com/JuanababeAbi/posts/pfbid0uJ2FzoEKTpWQ9P6Ebv63PwcUxUfw6725LDe4TZD1fVwfaxUdn2bCPTSP77sci5Gvl,0,0,Text,,,,,Lifetime,,218,22,19,3,0,14,14,,,,,,
122115235479023874,61580716220863,"Juana Babe Abi","What's up mga tingaaa!, kamusta ang buhay buhay..
I felt pretty last night parang 18 charrr!💅🏼✨

ano masasabi mo sa outfit ko ka tinga?

#juanababe #juanbabeabi #Juan365 #Juan365livestream
#fypシ #trend #dance  #foryopage",,0,"12/05/2025 19:54",N/A,https://www.facebook.com/JuanababeAbi/posts/pfbid02imySBUP6AE9pHr9Jnb3Jm9qBAVGFoy3rgvdBRyUc3K1yH7JU7DY4TFf1i2rjy9Ksl,0,0,Photos,,,,,Lifetime,2903,1159,216,124,69,23,298,147,151,,,,,
122115252753023874,61580716220863,"Juana Babe Abi","Hellooo everyJuan december na ba?, parang february eh 🫶🏻❤️,  pereng tinga kasi to pusuan ko daw sya 😆

anong love team name ang bagay samin? 😆

#juanababe #juanbabeabi #Juan365 #Juan365livestream
#fypシ #trend  #dance  #foryopage",,0,"12/06/2025 00:51",N/A,https://www.facebook.com/JuanababeAbi/posts/pfbid02Wg5ctvhZXahMuaZnt2mT4mj2vzBjgcA86EwwA931PCHpTk95znZKxasdy4iVdBrfl,0,0,Photos,,,,,Lifetime,1874,879,145,77,55,13,80,62,18,,,,,
122115274167023874,61580716220863,"Juana Babe Abi","🔥 What a dazzling night last night Juankada!,
🎉Congrats sa mga winners ng Supresa ni Juan V2 — SOLID! All in Juan sa saya talaga! 🤣✨

Follow Juana babe Abi!! kiss kita jan eh, char! 💋😆

#juanababe #juanbabeabi #Juan365 #Juan365livestream
#fypシ #trend  #dance  #foryopage","🔥 What a dazzling night last night Juankada!,
🎉Congrats sa mga winners ng Supresa ni Juan V2 — SOLID! All in Juan sa saya talaga! 🤣✨

Follow Juana babe Abi!! kiss kita jan eh, char! 💋😆

#juanababe #juanbabeabi #Juan365 #Juan365livestream
#fypシ #trend  #dance  #foryopage",12,"12/06/2025 05:35",N/A,https://www.facebook.com/reel/724721500185548/,0,0,Videos,,,,,Lifetime,857,415,149,79,47,23,44,44,,5422.576,9.648,0,0,0
122115440199023874,61580716220863,"Juana Babe Abi","Sabay indak, sabay saya, sabay panalo! 🎉💙
Join the ALL IN SA SayaJUAN Dance Craze Challenge — your moves might just make you a millionaire!

#juanababes #Juan365livestream #Juan365PH
#AllInJuanSaSaya #JuanKada #tunogngsayajuan365 #allinsayajuan",,0,"12/07/2025 22:17",N/A,https://www.facebook.com/photo.php?fbid=122115440199023874&set=a.122093167389023874&type=3,0,0,Photos,,,,,Lifetime,9,6,43,35,5,3,0,,,,,,,
122115553059023874,61580716220863,"Juana Babe Abi","Follow, Invite friends and Share mo na ka tinga🥰",,0,"12/08/2025 21:03",N/A,https://www.facebook.com/JuanababeAbi/posts/pfbid0hpiPx9PHqPfht83yNx6qsYmXGjkKRXmXMkWXWhMkKRH6g6dBqFh3rP2uNgtFLyrrl,0,1,Photos,,,,,Lifetime,854,337,93,54,32,7,36,33,3,,,,,
122115814293023874,61580716220863,"Juana Babe Abi","🎁 Namamasko po... tumatanggap na po ako ng regalo 😂😁

Ikaw Juankada anong regalo ang gusto mo ngayong pasko?

Beke nemen Follow Juanababe Abi🤭

#juanababe #juanbabeabi #Juan365 #Juan365livestream
#fypシ #trend  #dance  #foryopage","🎁 Namamasko po... tumatanggap na po ako ng regalo 😂😁

Ikaw Juankada anong regalo ang gusto mo ngayong pasko?

Beke nemen Follow Juanababe Abi🤭

#juanababe #juanbabeabi #Juan365 #Juan365livestream
#fypシ #trend  #dance  #foryopage",16,"12/10/2025 14:57",N/A,https://www.facebook.com/reel/4115254335395995/,0,0,Videos,,,,,Lifetime,1029,484,177,87,61,29,71,71,,7683.912,11.695,0,0,0
122116472607023874,61580716220863,"Juana Babe Abi","What a BLAST💥last night with Juan365 Year end party!🤩

Thank you Juan 365 for All in Juan Excellence Awards Best Employee! 😍🥳

Kamusta mga Tinga, anong entry nyo sa Christmas party nyo?

#juanababe #juanbabeabi #Juan365 #Juan365livestream
#fypシ #trend  #dance  #foryopage",,0,"12/15/2025 19:00",N/A,https://www.facebook.com/JuanababeAbi/posts/pfbid02XEWu2MVj6SS7LTG8Q68itw7Li1AkW9rPEE27btUMgnCDHXd8ZddWdsXoxjjtkasfl,0,0,Photos,,,,,Lifetime,3534,958,201,119,66,16,328,141,187,,,,,
122116492647023874,61580716220863,"Juana Babe Abi","Ey!! Waka waka last night dance performance, akala mo si Shakira nu hahahaha Charr!😂😆

All in Juan sa saya! patingin naman ako ng performance nyo sa year end party nyo Juankada

#juanababe #juanbabeabi #Juan365 #Juan365livestream
#fypシ #trend  #dance  #foryopage","Ey!! Waka waka last night dance performance, akala mo si Shakira nu hahahaha Charr!😂😆

All in Juan sa saya! patingin naman ako ng performance nyo sa year end party nyo Juankada

#juanababe #juanbabeabi #Juan365 #Juan365livestream
#fypシ #trend  #dance  #foryopage",102,"12/15/2025 23:50",N/A,https://www.facebook.com/reel/844083921864545/,0,0,Videos,,,,,Lifetime,3750,2282,419,240,131,48,669,669,,80502.685,28.385,0,0,0
122116754463023874,61580716220863,"Juana Babe Abi","Photo shoot day, Christmas is coming Juankada 😍 Bilis ng araw nu? Anong ibibigay mo sa inaanak mo?

Follow mo na FB page share mo na rin Juanababe Abi

#juanababe #juanbabeabi #Juan365 #Juan365livestream
#fypシ #trend  #dance  #foryopage","Photo shoot day, Christmas is coming Juankada 😍 Bilis ng araw nu? Anong ibibigay mo sa inaanak mo?

Follow mo na FB page share mo na rin Juanababe Abi

#juanababe #juanbabeabi #Juan365 #Juan365livestream
#fypシ #trend  #dance  #foryopage",12,"12/17/2025 20:13",N/A,https://www.facebook.com/reel/1794291001277714/,0,0,Videos,,,,,Lifetime,971,424,121,78,31,12,51,51,,5004.437,7.337,0,0,0
122116866207023874,61580716220863,"Juana Babe Abi","6 days na lang pasko na!😍 Santa Babe Abi is coming, Paano mo icecelebrate ang Christmas day?

Follow and share my FB page 

#juanababe #juanbabeabi #Juan365 #Juan365livestream
#fypシ #trend  #dance  #foryopage","6 days na lang pasko na!😍 Santa Babe Abi is coming, Paano mo icecelebrate ang Christmas day?

Follow and share my FB page 

#juanababe #juanbabeabi #Juan365 #Juan365livestream
#fypシ #trend  #dance  #foryopage",10,"12/18/2025 16:52",N/A,https://www.facebook.com/reel/25270852515941941/,0,0,Videos,,,,,Lifetime,951,515,84,51,22,11,38,38,,4106.617,5.866,0,0,0
122116901973023874,61580716220863,"Juana Babe Abi","🎄 Christmas is coming, Juankada! Tara na sa Mall of Asia—makisaya at makipagkulitan. Excited na akong makita kayo! Kitakits sa December 20 at 4PM 😍

Excited ka na rin ba Juankada?
mention mo na kasama mong pupunta😆

like and follow for more kulitan

#juanababe #juanbabeabi #Juan365 #Juan365livestream
#fypシ #trend  #dance  #foryopage","🎄 Christmas is coming, Juankada! Tara na sa Mall of Asia—makisaya at makipagkulitan. Excited na akong makita kayo! Kitakits sa December 20 at 4PM 😍

Excited ka na rin ba Juankada?
mention mo na kasama mong pupunta😆

like and follow for more kulitan

#juanababe #juanbabeabi #Juan365 #Juan365livestream
#fypシ #trend  #dance  #foryopage",18,"12/19/2025 01:49",N/A,https://www.facebook.com/reel/1029486839367209/,0,0,Videos,,,,,Lifetime,533,292,69,51,13,5,21,21,,3450.181,8.625,0,0,0
122116975221023874,61580716220863,"Juana Babe Abi","Woke up like this Charrr!,  Good morning may 13th month pay na ba ang lahat?😆

san mapupunta 13th month mo ka tinga?😁

Follow and share my FB page 

#juanababe #juanbabeabi #Juan365 #Juan365livestream
#fypシ #trend  #dance  #foryopage","Woke up like this Charrr!,  Good morning may 13th month pay na ba ang lahat?😆

san mapupunta 13th month mo ka tinga?😁

Follow and share my FB page 

#juanababe #juanbabeabi #Juan365 #Juan365livestream
#fypシ #trend  #dance  #foryopage",13,"12/19/2025 16:06",N/A,https://www.facebook.com/reel/783918461371514/,0,0,Videos,,,,,Lifetime,661,262,93,50,37,6,42,42,,4870.664,10.752,0,0,0
122117002137023874,61580716220863,"Juana Babe Abi","Huyyy! na para bang akala mo anak yan sya ni Henry Sy😂🤣

mawawala talaga antok mo sa balitang yan😂

Anong favorite mong timpla ng kape?😆

#juanababe #juanbabeabi #Juan365 #Juan365livestream
#fypシ #trend  #dance  #foryopage","Huyyy! na para bang akala mo anak yan sya ni Henry Sy😂🤣

mawawala talaga antok mo sa balitang yan😂

Anong favorite mong timpla ng kape?😆

#juanababe #juanbabeabi #Juan365 #Juan365livestream
#fypシ #trend  #dance  #foryopage",17,"12/19/2025 22:00",N/A,https://www.facebook.com/reel/1215155797250298/,0,0,Videos,,,,,Lifetime,877,327,96,55,30,11,61,61,,7214.929,12.769,0,0,0
122117097657023874,61580716220863,"Juana Babe Abi","Laban na laban na eh pereng tinga video pala yan sya😂

Ready ka na ba mamayang gabi sa Christmas carolling ka tinga?

pupunta ka sa Jones Bridge o pupunta ka! 😁🤭

#juanababe #juanbabeabi #Juan365 #Juan365livestream
#fypシ #trend  #dance  #foryopage","Laban na laban na eh pereng tinga video pala yan sya😂

Ready ka na ba mamayang gabi sa Christmas carolling ka tinga?

pupunta ka sa Jones Bridge o pupunta ka! 😁🤭

#juanababe #juanbabeabi #Juan365 #Juan365livestream
#fypシ #trend  #dance  #foryopage",3,"12/20/2025 18:45",N/A,https://www.facebook.com/reel/1934510124136952/,0,0,Videos,,,,,Lifetime,1009,293,80,53,17,10,24,24,,2920.249,6.871,0,0,0
122117108385023874,61580716220863,"Juana Babe Abi","Just another day behind the camera🤭. Full energy yarn ON or OFF the camera

anong everyday routine mo Juankada?

Follow and invite more friends

#juanababe #juanbabeabi #Juan365 #Juan365livestream
#fypシ #trend  #dance  #foryopage","Just another day behind the camera🤭. Full energy yarn ON or OFF the camera

anong everyday routine mo Juankada?

Follow and invite more friends

#juanababe #juanbabeabi #Juan365 #Juan365livestream
#fypシ #trend  #dance  #foryopage",21,"12/20/2025 21:47",N/A,https://www.facebook.com/reel/1230317235633989/,0,0,Videos,,,,,Lifetime,533,309,65,48,13,4,35,35,,4801.728,13.012,0,0,0
122117195157023874,61580716220863,"Juana Babe Abi","Yes Girl! We just wanna have fun!🥳, VICTORY PARTY last night!🤩
Hindi yan binyagan Wag kang Ano! 😂

Anong ganap sa Christmas party nyo Juankada?

#juanababe #juanbabeabi #Juan365 #Juan365livestream
#fypシ #trend  #dance  #foryopage","Yes Girl! We just wanna have fun!🥳, VICTORY PARTY last night!🤩
Hindi yan binyagan Wag kang Ano! 😂

Anong ganap sa Christmas party nyo Juankada?

#juanababe #juanbabeabi #Juan365 #Juan365livestream
#fypシ #trend  #dance  #foryopage",42,"12/21/2025 16:02",mixed,https://www.facebook.com/reel/865070549708443/,0,0,Videos,,,,,Lifetime,312,180,44,33,7,4,13,13,,3347.178,14.004,0,0,0
122117215407023874,61580716220863,"Juana Babe Abi","Nag away yung nag sabing ""Walang sila""👀
Luh? parang dapat Pop Corn hawak namin🤣

Anong kwentong marites mo ka tinga?

#juanababe #juanbabeabi #Juan365 #Juan365livestream #CommentYourThoughts #tagafriend #followmeonfacebook #AllInJuanSaSaya 
#fypシ #trend  #dancechallenge  #foryopage","Nag away yung nag sabing ""Walang sila""👀
Luh? parang dapat Pop Corn hawak namin🤣

Anong kwentong marites mo ka tinga?

#juanababe #juanbabeabi #Juan365 #Juan365livestream #CommentYourThoughts #tagafriend #followmeonfacebook #AllInJuanSaSaya 
#fypシ #trend  #dancechallenge  #foryopage",16,"12/21/2025 20:19",N/A,https://www.facebook.com/reel/4412477322317238/,0,0,Videos,,,,,Lifetime,654,372,67,44,19,4,29,29,,6516.673,14.844,0,0,0
122117229429023874,61580716220863,"Juana Babe Abi","𝐉𝐔𝐀𝐍𝐊𝐀𝐃𝐀 𝐓𝐎𝐓𝐎𝐎 𝐀𝐍𝐆 𝐁𝐀𝐋𝐈𝐓𝐀! ‼️📢
𝐁𝐔𝐊𝐀𝐒 𝐍𝐀 ang pinaka-𝐌𝐀𝐒𝐀𝐘𝐀, pinaka-𝐄𝐏𝐈𝐂, at pinaka-𝐂𝐎𝐋𝐎𝐑𝐅𝐔𝐋 na 𝐂𝐎𝐋𝐎𝐑 𝐆𝐀𝐌𝐄 dito lang yan 𝐉𝐮𝐚𝐧𝟑𝟔𝟓 𝐒𝐭𝐮𝐝𝐢𝐨𝐬! 💥",,0,"12/21/2025 23:52",N/A,https://www.facebook.com/JuanababeAbi/posts/pfbid0spwvnvHtGN97hh3uMSDYNXwtVFNPs4DQ3HzJuAtS3Dwr2dK1nUbL32VgJG5FHMhul,0,1,Videos,,,,,Lifetime,,89,10,10,0,0,8,8,,,,,,
122117249097023874,61580716220863,"Juana Babe Abi","Sarreh na Bhiee! hatian na lang kita sa 10M 😂

Ikaw Juankada 10M o Friendship?😆

#juanababe #juanbabeabi #Juan365 #Juan365livestream #CommentYourThoughts #tagafriend #followmeonfacebook #AllInJuanSaSaya 
#fypシ #trend  #dancechallenge  #foryopage","Sarreh na Bhiee! hatian na lang kita sa 10M 😂

Ikaw Juankada 10M o Friendship?😆

#juanababe #juanbabeabi #Juan365 #Juan365livestream #CommentYourThoughts #tagafriend #followmeonfacebook #AllInJuanSaSaya 
#fypシ #trend  #dancechallenge  #foryopage",11,"12/22/2025 02:00",mixed,https://www.facebook.com/reel/1226447649405369/,1,0,Videos,,,,,Lifetime,495,279,60,39,15,6,19,19,,2604.27,8.189,0,0,0
122117263473023874,61580716220863,"Juana Babe Abi","Juankada!! game ka na ba? 😏🎲
Roll the dice, follow your color at maging next winner! plus konting kilig sa side! 💖

⏰ LIVE mamayang 2AM!

#Juan365 #Juan365livestream #Juan365Studio #AllInJuanSaSaya #Juankada #OneRoll #ViralLive #FBLivePH #KiligAlert #TrendingNowPH #PinoyGaming",,0,"12/22/2025 05:00",N/A,https://www.facebook.com/JuanababeAbi/posts/pfbid02pcCSANSDAAHbKY2Bm8niLvguLam8dFr4DEhE2WbkKZLdx9LdeTsEbQBwv2dgQ1FFl,0,0,Photos,,,,,Lifetime,626,272,72,45,18,9,13,10,3,,,,,
122117330181023874,61580716220863,"Juana Babe Abi","Lakwatsera yan sya! tara sumama ka samin😆

Saan tayo next pupunta Juankada?

#juanababe #juanbabeabi #Juan365 #juan365livestrea #CommentYourThoughts #tagafriend #followme #AllInJuanSaSaya 
#fypviralシ #trendingvideo  #dancereels  #foryopage #lakwatsera","Lakwatsera yan sya! tara sumama ka samin😆

Saan tayo next pupunta Juankada?

#juanababe #juanbabeabi #Juan365 #juan365livestrea #CommentYourThoughts #tagafriend #followme #AllInJuanSaSaya 
#fypviralシ #trendingvideo  #dancereels  #foryopage #lakwatsera",20,"12/22/2025 20:43",N/A,https://www.facebook.com/reel/851150837893563/,0,0,Videos,,,,,Lifetime,336,223,70,42,21,7,17,17,,2227.021,8.872,0,0,0
122117342307023874,61580716220863,"Juana Babe Abi","Let me show you what you're missing😜

React ❤️ at ishare ang thoughts mo Juankada

#juanababe #juanbabeabi #Juan365 #Juan365livestream #CommentYourThoughts #TagAFriend #Followme #AllInJuanSaSaya #sexy 
#fypシ #trend  #dance  #foryopage","Let me show you what you're missing😜

React ❤️ at ishare ang thoughts mo Juankada

#juanababe #juanbabeabi #Juan365 #Juan365livestream #CommentYourThoughts #TagAFriend #Followme #AllInJuanSaSaya #sexy 
#fypシ #trend  #dance  #foryopage",15,"12/23/2025 00:00",N/A,https://www.facebook.com/reel/837910092546991/,1,0,Videos,,,,,Lifetime,302,190,62,43,14,5,15,15,,1716.017,7.559,0,0,0
122117375685023874,61580716220863,"Juana Babe Abi","Enjoy the season of joy ,Merry Christmas Juankada!🥳

#Juanbabes #Juan365livestream #JuanababeAbi",,0,"12/23/2025 06:34",N/A,https://www.facebook.com/photo.php?fbid=122117375685023874&set=a.122093166321023874&type=3,0,0,Photos,,,,,Lifetime,511,194,62,41,16,5,20,17,3,,,,,
122117417529023874,61580716220863,"Juana Babe Abi","Careful… I might make you fall in love..

drop a ❤️kung nagustuhan mo ang vibe na to and tag your friends na hindi pa naka follow

#juanababe #juanbabeabi #Juan365 #Juan365livestream #CommentYourThoughts #TagAFriend #Followme #AllInJuanSaSaya 
#fypシ #trend  #dance  #foryopage","Careful… I might make you fall in love..

drop a ❤️kung nagustuhan mo ang vibe na to and tag your friends na hindi pa naka follow

#juanababe #juanbabeabi #Juan365 #Juan365livestream #CommentYourThoughts #TagAFriend #Followme #AllInJuanSaSaya 
#fypシ #trend  #dance  #foryopage",13,"12/23/2025 17:42",N/A,https://www.facebook.com/reel/2411670942603364/,0,0,Videos,,,,,Lifetime,405,180,45,35,7,3,18,18,,1975.094,6.35,0,0,0
122117420229023874,61580716220863,"Juana Babe Abi","Juankada Shann bii nahelo helo ako seyooo 😵‍💫",,0,"12/23/2025 18:20",N/A,https://www.facebook.com/JuanababeAbi/posts/pfbid0a8NaRqnPb9uS2eGwdEvPWeiZrvcgQAJQY5drmXuogYCE4SiiYSRUe7d6Nm2Z8npkl,0,1,Text,,,,,Lifetime,,107,13,12,1,0,14,14,,,,,,
122117418027023874,61580716220863,"Juana Babe Abi","Pere nemen kasing tinga ikaw lang nemen kasi!!🙄

Mention mo na si crush baka ikaw lang hinihintay nyan🫣👇🏻

#juanababe #juanbabeabi #Juan365 #Juan365livestream
#fypシ #trend  #dance  #foryopage","Pere nemen kasing tinga ikaw lang nemen kasi!!🙄

Mention mo na si crush baka ikaw lang hinihintay nyan🫣👇🏻

#juanababe #juanbabeabi #Juan365 #Juan365livestream
#fypシ #trend  #dance  #foryopage",12,"12/23/2025 23:00",N/A,https://www.facebook.com/reel/1570538987494280/,0,0,Videos,,,,,Lifetime,211,138,31,25,6,0,10,10,,1214.273,7.734,0,0,0
122117419731023874,61580716220863,"Juana Babe Abi","Sayawan ko na to! 😂 Isang araw na lang pasko na!

Anong pag hahanda ang gagawin mo?

#juanababe #juanbabeabi #Juan365 #Juan365livestream #Christmasiscoming #TagAFriend #Followme #AllInJuanSaSaya 
#fypシ #trend  #dance  #foryopage","Sayawan ko na to! 😂 Isang araw na lang pasko na!

Anong pag hahanda ang gagawin mo?

#juanababe #juanbabeabi #Juan365 #Juan365livestream #Christmasiscoming #TagAFriend #Followme #AllInJuanSaSaya 
#fypシ #trend  #dance  #foryopage",13,"12/24/2025 03:00",N/A,https://www.facebook.com/reel/908411562361395/,0,0,Videos,,,,,Lifetime,378,196,53,40,13,0,29,29,,2479.869,10.376,0,0,0
122117495655023874,61580716220863,"Juana Babe Abi","Ganda lang muna mabibigay ni Ninang mga inaanak😆

Ikaw Juankada anong ibibigay mo sa inaanak mo?

#juanababe #juanbabeabi #Juan365 #Juan365livestream #Christmasiscoming #TagAFriend #Followme #AllInJuanSaSaya 
#fypシ #trend  #dance  #foryopage","Ganda lang muna mabibigay ni Ninang mga inaanak😆

Ikaw Juankada anong ibibigay mo sa inaanak mo?

#juanababe #juanbabeabi #Juan365 #Juan365livestream #Christmasiscoming #TagAFriend #Followme #AllInJuanSaSaya 
#fypシ #trend  #dance  #foryopage",14,"12/24/2025 15:00",N/A,https://www.facebook.com/reel/872659655245773/,0,0,Videos,,,,,Lifetime,311,198,37,27,9,1,20,20,,1670.869,7.202,0,0,0
122117495943023874,61580716220863,"Juana Babe Abi","Mini exchange gifts with simple lunch out with the Team, salamat sa gift na TV with dryer😆

Anong kwentong exchange gift mo Juankada?

#juanababe #juanbabeabi #Juan365 #Juan365livestream #Christmasiscoming #TagAFriend #Followme #AllInJuanSaSaya 
#fypシ #trend  #dance  #foryopage","Mini exchange gifts with simple lunch out with the Team, salamat sa gift na TV with dryer😆

Anong kwentong exchange gift mo Juankada?

#juanababe #juanbabeabi #Juan365 #Juan365livestream #Christmasiscoming #TagAFriend #Followme #AllInJuanSaSaya 
#fypシ #trend  #dance  #foryopage",27,"12/24/2025 22:00",N/A,https://www.facebook.com/reel/1228978292416892/,0,0,Videos,,,,,Lifetime,538,422,20,18,1,1,8,8,,5056.971,11.572,0,0,0
122117496165023874,61580716220863,"Juana Babe Abi","Ganda na may konting meryenda Charr!😆 tara dito samahan mo na lang ako

Anong handa natin jan?😁

#juanababe #juanbabeabi #Juan365 #Juan365livestream #Christmasiscoming #TagAFriend #Followme #AllInJuanSaSaya 
#fypシ #trend  #dance  #foryopage","Ganda na may konting meryenda Charr!😆 tara dito samahan mo na lang ako

Anong handa natin jan?😁

#juanababe #juanbabeabi #Juan365 #Juan365livestream #Christmasiscoming #TagAFriend #Followme #AllInJuanSaSaya 
#fypシ #trend  #dance  #foryopage",15,"12/25/2025 03:06",N/A,https://www.facebook.com/reel/1622996402396749/,0,0,Videos,,,,,Lifetime,395,288,49,34,12,3,11,11,,2222.873,7.264,0,0,0
122117644959023874,61580716220863,"Juana Babe Abi","Mowie wowie na pauwi sa sobrang traffic! sinusubok talaga ako nito eh😆

Pauwi na ba ang lahat😆 san ka manggagaling Juankada?

#juanababe #juanbabeabi #Juan365 #Juan365livestream #Christmasiscoming #TagAFriend #Followme #AllInJuanSaSaya 
#fypシ #trend  #dance  #foryopage","Mowie wowie na pauwi sa sobrang traffic! sinusubok talaga ako nito eh😆

Pauwi na ba ang lahat😆 san ka manggagaling Juankada?

#juanababe #juanbabeabi #Juan365 #Juan365livestream #Christmasiscoming #TagAFriend #Followme #AllInJuanSaSaya 
#fypシ #trend  #dance  #foryopage",19,"12/25/2025 16:40",uploaded,https://www.facebook.com/reel/25499687206309515/,0,0,Videos,,,,,Lifetime,828,411,61,42,12,7,49,49,,5773.017,9.062,0,0,0
122117651451023874,61580716220863,"Juana Babe Abi","Trabaho! nanaman, Aariba nanaman tayo mga tinga😆

Marami ka na bang nakuhang regalo or ikaw ang namigay ng regalo Juankada?😁

#juanababe #juanbabeabi #Juan365 #Juan365livestream #Christmasiscoming #TagAFriend #Followme #AllInJuanSaSaya 
#fypシ #trend  #dance  #foryopage","Trabaho! nanaman, Aariba nanaman tayo mga tinga😆

Marami ka na bang nakuhang regalo or ikaw ang namigay ng regalo Juankada?😁

#juanababe #juanbabeabi #Juan365 #Juan365livestream #Christmasiscoming #TagAFriend #Followme #AllInJuanSaSaya 
#fypシ #trend  #dance  #foryopage",15,"12/25/2025 23:00",N/A,https://www.facebook.com/reel/1360756638561093/,0,0,Videos,,,,,Lifetime,501,319,49,32,11,6,22,22,,3031.871,8.306,0,0,0
122117651607023874,61580716220863,"Juana Babe Abi","Pereng tinga pa kiss lang eh😆

Kamusta naman ang Christmas day mo Juankada?

#juanababe #juanbabeabi #Juan365 #Juan365livestream #Christmasiscoming #TagAFriend #Followme #AllInJuanSaSaya 
#fypシ #trend  #dance  #foryopage","Pereng tinga pa kiss lang eh😆

Kamusta naman ang Christmas day mo Juankada?

#juanababe #juanbabeabi #Juan365 #Juan365livestream #Christmasiscoming #TagAFriend #Followme #AllInJuanSaSaya 
#fypシ #trend  #dance  #foryopage",6,"12/26/2025 02:30",N/A,https://www.facebook.com/reel/1624583805375660/,0,0,Videos,,,,,Lifetime,457,210,43,33,7,3,17,17,,1684.172,5.767,0,0,0
122117758101023874,61580716220863,"Juana Babe Abi","Parang mga Tinga hahahaha Buhay na ba ang lahat! 😆

Ikaw ilang shots ba ang kinaya mo?

#juanababe #juanbabeabi #Juan365 #Juan365livestream  #TagAFriend #Followme #AllInJuanSaSaya 
#fypシ #trend  #dance  #foryopage","Parang mga Tinga hahahaha Buhay na ba ang lahat! 😆

Ikaw ilang shots ba ang kinaya mo?

#juanababe #juanbabeabi #Juan365 #Juan365livestream  #TagAFriend #Followme #AllInJuanSaSaya 
#fypシ #trend  #dance  #foryopage",20,"12/26/2025 15:22",N/A,https://www.facebook.com/reel/950827887599817/,0,0,Videos,,,,,Lifetime,2171,615,86,62,19,5,40,40,,21968.761,14.046,0,0,0
122117758437023874,61580716220863,"Juana Babe Abi","1k and counting na tayo mga Tinga!🥳
Salamat sa patuloy na suporta, sana hindi kayo mag sawang sumama hanggang sa mga susunod na taon pa! 😍

Follow, Share and invite more friends

#juanababe #juanbabeabi #Juan365 #Juan365livestream #Christmasiscoming #TagAFriend #Followme #AllInJuanSaSaya 
#fypシ #trend  #dance  #foryopage",,0,"12/26/2025 19:00",N/A,https://www.facebook.com/JuanababeAbi/posts/pfbid027Edfk7m1BgV8jiDAaasS4QRdJTcxxcQMpPRgPNMzwmfJYPcSS5yu36oW6WEFs3xTl,0,0,Photos,,,,,Lifetime,623,277,71,43,17,11,15,13,2,,,,,
122117775075023874,61580716220863,"Juana Babe Abi","Araw naman ng bigayan hindi pa pinag bigyan eh!🥹

Anong pamagat nitong episode?😆

heart and follow for more content like this! 🥰

#juanababe #juanbabeabi #Juan365 #Juan365livestream #lasthug #trendingreelsvideo #surprisegift #cheaters #fypviralシ #trendingvideo #TrendingNowMovieClips","Araw naman ng bigayan hindi pa pinag bigyan eh!🥹

Anong pamagat nitong episode?😆

heart and follow for more content like this! 🥰

#juanababe #juanbabeabi #Juan365 #Juan365livestream #lasthug #trendingreelsvideo #surprisegift #cheaters #fypviralシ #trendingvideo #TrendingNowMovieClips",87,"12/26/2025 20:15",mixed,https://www.facebook.com/reel/25393647486945051/,0,0,Videos,,,,,Lifetime,1191,552,181,126,43,12,265,265,,40017.507,33.127,0,0,0
122117871813023874,61580716220863,"Juana Babe Abi","I ain't tryna play! 
pereng ang shikip shikip nyan😁

Pusuan mo na Follow mo pa

#juanababe #juanbabeabi #Juan365 #Juan365livestream #trendingreelsvideo #surprisegift  #fypviralシ #trendingvideo #trendingnow #gameboy","I ain't tryna play! 
pereng ang shikip shikip nyan😁

Pusuan mo na Follow mo pa

#juanababe #juanbabeabi #Juan365 #Juan365livestream #trendingreelsvideo #surprisegift  #fypviralシ #trendingvideo #trendingnow #gameboy",16,"12/27/2025 18:19",N/A,https://www.facebook.com/reel/1879893705944937/,0,0,Videos,,,,,Lifetime,608,231,76,52,17,7,38,38,,4449.466,10.773,0,0,0
122117872449023874,61580716220863,"Juana Babe Abi","Anak ng Engkanto yan sya sa sobrang Dyosa😆 Charrr!

React ❤️ if pwede na kong pang dyosa

#juanababe #juanbabeabi #Juan365 #Juan365livestream #trendingreelsvideo #surprisegift  #fypviralシ #trendingvideo #trendingnow","Anak ng Engkanto yan sya sa sobrang Dyosa😆 Charrr!

React ❤️ if pwede na kong pang dyosa

#juanababe #juanbabeabi #Juan365 #Juan365livestream #trendingreelsvideo #surprisegift  #fypviralシ #trendingvideo #trendingnow",16,"12/27/2025 23:30",N/A,https://www.facebook.com/reel/1421895379656362/,0,0,Videos,,,,,Lifetime,351,208,40,27,8,5,11,11,,2262.294,9.751,0,0,0
122117872623023874,61580716220863,"Juana Babe Abi","Juankada let's end the year with LOVE, JOY, HOPE!

Ready na ba ang new year's resolution mo?

#juanababe #juanbabeabi #Juan365 #Juan365livestream #trendingreelsvideo #surprisegift  #fypviralシ #trendingvideo #trendingnow","Juankada let's end the year with LOVE, JOY, HOPE!

Ready na ba ang new year's resolution mo?

#juanababe #juanbabeabi #Juan365 #Juan365livestream #trendingreelsvideo #surprisegift  #fypviralシ #trendingvideo #trendingnow",12,"12/28/2025 02:30",N/A,https://www.facebook.com/reel/1199551652373512/,0,0,Videos,,,,,Lifetime,444,174,61,38,9,14,21,21,,2311.127,7.552,0,0,0
122117973165023874,61580716220863,"Juana Babe Abi","There's loving in your eyes that pulls me closer 😍

patingin nga ng beautiful eyes🥹

Follow and like my FB page ka tinga

#juanababe #juanbabeabi #Juan365 #Juan365livestream #dancechallenge #trendingreelsvideo #surprisegift  #fypviralシ #trendingvideo #trendingnow","There's loving in your eyes that pulls me closer 😍

patingin nga ng beautiful eyes🥹

Follow and like my FB page ka tinga

#juanababe #juanbabeabi #Juan365 #Juan365livestream #dancechallenge #trendingreelsvideo #surprisegift  #fypviralシ #trendingvideo #trendingnow",14,"12/28/2025 14:10",N/A,https://www.facebook.com/reel/2129020961204954/,0,0,Videos,,,,,Lifetime,279,195,31,23,7,1,10,10,,1390.644,6.75,0,0,0
122117973345023874,61580716220863,"Juana Babe Abi","Tara kain with me!😁😋
wala pa naman yan syang 5 seconds!!😆

Anong paborito mong ulam?

#juanababe #juanbabeabi #Juan365 #Juan365livestream #trendingreelsvideo #surprisegift  #fypviralシ #trendingvideo #trendingnow","Tara kain with me!😁😋
wala pa naman yan syang 5 seconds!!😆

Anong paborito mong ulam?

#juanababe #juanbabeabi #Juan365 #Juan365livestream #trendingreelsvideo #surprisegift  #fypviralシ #trendingvideo #trendingnow",17,"12/28/2025 20:00",N/A,https://www.facebook.com/reel/1397989828630527/,0,0,Videos,,,,,Lifetime,651,366,57,45,10,2,53,53,,4633.79,9.032,0,0,0
122118051897023874,61580716220863,"Juana Babe Abi",,,0,"12/29/2025 01:12",N/A,https://www.facebook.com/JuanababeAbi/posts/pfbid02Y3oaLsf3ErESXSXxo4HBkboAZvQ1w4sz8fBJhMCX9474kPdYkXdLnyi2dDHjdrXDl,0,1,Live,,,,,Lifetime,,60,1,1,0,0,8,8,,,,,,
122117973411023874,61580716220863,"Juana Babe Abi","Ah Eh Tubig??😍🥵🔥

comment ""❤️""  for more content like this

Like and follow my fb page

#juanababe #juanbabeabi #Juan365 #Juan365livestream #dancechallenge #trendingreelsvideo #surprisegift  #fypviralシ #trendingvideo #trendingnow","Ah Eh Tubig??😍🥵🔥

comment ""❤️""  for more content like this

Like and follow my fb page

#juanababe #juanbabeabi #Juan365 #Juan365livestream #dancechallenge #trendingreelsvideo #surprisegift  #fypviralシ #trendingvideo #trendingnow",12,"12/29/2025 02:00",N/A,https://www.facebook.com/reel/1358982538712735/,0,0,Videos,,,,,Lifetime,429,213,53,37,12,4,21,21,,2104.924,6.812,0,0,0
122118205569023874,61580716220863,"Juana Babe Abi","Panis ka boy! convoy yan sya hahahaha 😆
 
Comment mo kung sino yan sya😁

Follow and invite more friends🥰

#juanababe #juanbabeabi #Juan365 #Juan365livestream #paniskaboy #dance #trend #trendingreelsvideo #surprisegift  #fypviralシ #trendingvideo #trendingnow","Panis ka boy! convoy yan sya hahahaha 😆
 
Comment mo kung sino yan sya😁

Follow and invite more friends🥰

#juanababe #juanbabeabi #Juan365 #Juan365livestream #paniskaboy #dance #trend #trendingreelsvideo #surprisegift  #fypviralシ #trendingvideo #trendingnow",15,"12/29/2025 17:23",N/A,https://www.facebook.com/reel/1226626236000874/,0,0,Videos,,,,,Lifetime,620,362,44,34,8,2,37,37,,3711.291,7.896,0,0,0
122118205971023874,61580716220863,"Juana Babe Abi","You make me overdrive!
Hit ""❤️"" for more pa cute video

Invite your friends to follow Juanababe Abi page Juankada 🥰

#juanababe #juanbabeabi #Juan365 #Juan365livestream #ALLINSAYAJUAN  #overdrive #trend #dance #trendingreelsvideo #Followme #fypviralシ #trendingvideo #trendingnow","You make me overdrive!
Hit ""❤️"" for more pa cute video

Invite your friends to follow Juanababe Abi page Juankada 🥰

#juanababe #juanbabeabi #Juan365 #Juan365livestream #ALLINSAYAJUAN  #overdrive #trend #dance #trendingreelsvideo #Followme #fypviralシ #trendingvideo #trendingnow",13,"12/29/2025 22:30",N/A,https://www.facebook.com/reel/2275101162968143/,0,0,Videos,,,,,Lifetime,361,215,48,30,14,4,16,16,,1749.74,6.294,0,0,0
122118206061023874,61580716220863,"Juana Babe Abi","Stare that you can't resist ✨

Baka di ka pa makuha sa tingin auto share na yan😂

Follow Juanababe Abi fb page🔥

#juanababe #juanbabeabi #Juan365 #Juan365livestream #trend #dance #trendingreelsvideo #goodvibes  #fypviralシ #trendingvideo #trendingnow","Stare that you can't resist ✨

Baka di ka pa makuha sa tingin auto share na yan😂

Follow Juanababe Abi fb page🔥

#juanababe #juanbabeabi #Juan365 #Juan365livestream #trend #dance #trendingreelsvideo #goodvibes  #fypviralシ #trendingvideo #trendingnow",13,"12/30/2025 02:00",N/A,https://www.facebook.com/reel/1258214009700641/,0,0,Videos,,,,,Lifetime,528,335,44,32,10,2,15,15,,2321.709,5.475,0,0,0
122118265095023874,61580716220863,"Juana Babe Abi","I remembered something 🤔
 I yab U?😆

Hit ""❤️"" for I yab U back🥰

#juanababe #juanbabeabi #Juan365 #Juan365livestream #trend #dance #2026iscoming #trendingreelsvideo #goodvibes  #fypviralシ #trendingvideo #trendingnow","I remembered something 🤔
 I yab U?😆

Hit ""❤️"" for I yab U back🥰

#juanababe #juanbabeabi #Juan365 #Juan365livestream #trend #dance #2026iscoming #trendingreelsvideo #goodvibes  #fypviralシ #trendingvideo #trendingnow",6,"12/30/2025 15:00",N/A,https://www.facebook.com/reel/1444130030467425/,0,0,Videos,,,,,Lifetime,488,196,57,35,19,3,12,12,,1630.889,5.643,0,0,0
122118265269023874,61580716220863,"Juana Babe Abi","Isang Hooray! na survive natin ang 2025🥳 Lakas mo!

Share mo naman paano mo na survive ang 2025 ka tinga🥰

#juanababe #juanbabeabi #Juan365 #Juan365livestream #trend #dance #2026iscoming #trendingreelsvideo #goodvibes  #fypviralシ #trendingvideo #trendingnow","Isang Hooray! na survive natin ang 2025🥳 Lakas mo!

Share mo naman paano mo na survive ang 2025 ka tinga🥰

#juanababe #juanbabeabi #Juan365 #Juan365livestream #trend #dance #2026iscoming #trendingreelsvideo #goodvibes  #fypviralシ #trendingvideo #trendingnow",16,"12/30/2025 22:00",N/A,https://www.facebook.com/reel/2361934860920348/,0,0,Videos,,,,,Lifetime,280,179,40,27,13,0,28,28,,1812.899,8.715,0,0,0
122118265425023874,61580716220863,"Juana Babe Abi","I want to be a Billionaire!!

Ikaw ka tinga anong new years resolution mo?

Follow and share this post for more updates

#juanababe #juanbabeabi #Juan365 #Juan365livestream #trend #dance #trendingreelsvideo #goodvibes #billionaire #2026iscoming #iwanttobeabillionaire  #fypviralシ #trendingvideo #trendingnow","I want to be a Billionaire!!

Ikaw ka tinga anong new years resolution mo?

Follow and share this post for more updates

#juanababe #juanbabeabi #Juan365 #Juan365livestream #trend #dance #trendingreelsvideo #goodvibes #billionaire #2026iscoming #iwanttobeabillionaire  #fypviralシ #trendingvideo #trendingnow",11,"12/31/2025 03:30",N/A,https://www.facebook.com/reel/1534678597783694/,0,0,Videos,,,,,Lifetime,384,244,37,25,12,0,13,13,,1697.139,5.872,0,0,0
122118541701023874,61580716220863,"Juana Babe Abi","Welcome 2026!🥳 Simulan ang taon ng full energy 🔥

may supresa paparating para sainyo mga ka tinga😍

Invite friends to grow our community✨

#juanababe #juanbabeabi #Juan365 #Juan365livestream #trend #dance #2026iscoming #trendingreelsvideo #goodvibes  #fypviralシ #trendingvideo #trendingnow #tyla #tyladancechallenge","Welcome 2026!🥳 Simulan ang taon ng full energy 🔥

may supresa paparating para sainyo mga ka tinga😍

Invite friends to grow our community✨

#juanababe #juanbabeabi #Juan365 #Juan365livestream #trend #dance #2026iscoming #trendingreelsvideo #goodvibes  #fypviralシ #trendingvideo #trendingnow #tyla #tyladancechallenge",16,"12/31/2025 16:08",N/A,https://www.facebook.com/reel/1654028725769263/,0,0,Videos,,,,,Lifetime,485,251,69,43,21,5,29,29,,2984.985,8.223,0,0,0
122118569505023874,61580716220863,"Juana Babe Abi","Welcome 2026! 🥳 Juankada gusto ko happy ka din kaya tara na just make sure to follow the mechanics! 🥰

#juanababe #juanbabeabi #Juan365 #Juan365livestream #trend #dance #2026iscoming #trendingreelsvideo #goodvibes  #fypviralシ #trendingvideo #trendingnow","Welcome 2026! 🥳 Juankada gusto ko happy ka din kaya tara na just make sure to follow the mechanics! 🥰

#juanababe #juanbabeabi #Juan365 #Juan365livestream #trend #dance #2026iscoming #trendingreelsvideo #goodvibes  #fypviralシ #trendingvideo #trendingnow",37,"12/31/2025 22:30",mixed,https://www.facebook.com/reel/1831870350795801/,0,0,Videos,,,,,Lifetime,1082,419,150,57,46,47,82,82,,9223.627,11.22,0,0,0
122114762169023874,61580716220863,"Juana Babe Abi","POV: Nag-scroll ng comments…
Naka silip pa lang yan sya! 😁

Huy! si self naman🫣🤣

✨Invite more friends Juankada! mas marami mas masaya!🤣

 #juanababe #juanbabeabi #Juan365 #Juan365livestream
#fypシ #trend  #dance  #foryopage #trending","POV: Nag-scroll ng comments…
Naka silip pa lang yan sya! 😁

Huy! si self naman🫣🤣

✨Invite more friends Juankada! mas marami mas masaya!🤣

 #juanababe #juanbabeabi #Juan365 #Juan365livestream
#fypシ #trend  #dance  #foryopage #trending",11,"12/01/2025 18:24",mixed,https://www.facebook.com/reel/1230853738942688/,0,0,Videos,,,,,Lifetime,1008,539,152,76,52,24,60,60,,6393.692,9.6,0,0,0
122120133423011249,61580337497087,"Juana Babe Ashley","It's your filipina girl Juanababe Ashley, y'all! 💋
Comment ""TEAM ASH"" Then, hit that follow and share button fam! 👇✨

#JuanaBabeAshley #Juanababes #Juan365 #AllInJuanSaSaya #Juan365livestream","It's your filipina girl Juanababe Ashley, y'all! 💋
Comment ""TEAM ASH"" Then, hit that follow and share button fam! 👇✨

#JuanaBabeAshley #Juanababes #Juan365 #AllInJuanSaSaya #Juan365livestream",16,"12/02/2025 02:14",N/A,https://www.facebook.com/JuanababeAshley/videos/3104675579712841/,0,0,Videos,,,,,Lifetime,2701,2124,164,132,22,10,39,39,,9580.945,4.096,0,0,0,,,
122126671065011249,61580337497087,"Juana Babe Ashley","Single padin sa 2026 💁🏻‍♀️

Hit ♥️ and comment kung same tayo 😭🤣

#SingleButCute #Alone #Beauty #JuanaBabeAshley #CommentAndShare #TagAFriend #Followme #Juanababes #Juan365 #AllInJuanSaSaya #Juan365livestream #JuanaBabeAshley #SweetEnergy","Single padin sa 2026 💁🏻‍♀️

Hit ♥️ and comment kung same tayo 😭🤣

#SingleButCute #Alone #Beauty #JuanaBabeAshley #CommentAndShare #TagAFriend #Followme #Juanababes #Juan365 #AllInJuanSaSaya #Juan365livestream #JuanaBabeAshley #SweetEnergy",3,"12/31/2025 17:00",N/A,https://www.facebook.com/reel/1427697308915941/,1,0,Reels,,,,,Lifetime,13238,6095,870,824,37,9,179,179,,32520.077,5.233,0,,0,,,
122126614101011249,61580337497087,"Juana Babe Ashley","Happpy new year! ❤️🎉",,0,"12/31/2025 07:48",N/A,https://www.facebook.com/JuanababeAshley/posts/pfbid02BEvUyC5dpxBdsvsDWHBfvV5sZ1ScYEB2ZpmWFhPb2stKqAhArfchNz4VuRKgDpdkl,0,0,Text,,,,,Lifetime,2936,1721,80,59,19,2,49,49,,,,,,,,,
122126578809011249,61580337497087,"Juana Babe Ashley","Bakit kasi halos lahat ng pogi bading? 😩🤣

Leave a ♥️ and comment kung agree ka 😌

#Pogi #Beauty #JuanaBabeAshley #CommentAndShare #TagAFriend #Followme #Juanababes #Juan365 #AllInJuanSaSaya #Juan365livestream #JuanaBabeAshley #SweetEnergy","Bakit kasi halos lahat ng pogi bading? 😩🤣

Leave a ♥️ and comment kung agree ka 😌

#Pogi #Beauty #JuanaBabeAshley #CommentAndShare #TagAFriend #Followme #Juanababes #Juan365 #AllInJuanSaSaya #Juan365livestream #JuanaBabeAshley #SweetEnergy",12,"12/31/2025 02:30",mixed,https://www.facebook.com/reel/1648352652695964/,1,0,Reels,,,,,Lifetime,13056,10206,1419,1373,37,9,108,108,,63262.132,6.048,0,,0,,,
122126557107011249,61580337497087,"Juana Babe Ashley",,,0,"12/30/2025 22:44",N/A,https://www.facebook.com/JuanababeAshley/posts/pfbid02Lrsqid2CsBxxmGjjEf1zZH8mqYa5XCvg98JJeRBKj2GrJ51VTaXFRnR4DNh9WycHl,0,1,Photos,,,,,Lifetime,722,362,19,18,1,0,8,6,2,,,,,,,,
122126542125011249,61580337497087,"Juana Babe Ashley","Ilang grapes nga ulit kakainin sa ilalim ng table para matupad yung wish, mga babes? 😭

Drop ♥️ and comment kung ilan para hindi me sumobra 🤣

#GrapesEating #WishDoComeTrue #Beauty #JuanaBabeAshley #CommentAndShare #TagAFriend #Followme #Juanababes #Juan365 #AllInJuanSaSaya #Juan365livestream #JuanaBabeAshley #SweetEnergy",,0,"12/30/2025 20:00",N/A,https://www.facebook.com/JuanababeAshley/posts/pfbid0x7WY4C4wEadjD28tov2rAaCKuuGcfGhrfFqJu77H7T7fH1NyZM53kv36VKdttGiFl,0,0,Photos,,,,,Lifetime,3928,1860,213,166,41,6,247,160,87,,,,,,1,,
122126502201011249,61580337497087,"Juana Babe Ashley","Tanong lang mga babes eh 😭🤣

Drop ♥️ comment mo kung alam mo ang sagot🤣🤭

#CantSmileWithoutYou  #Babes #Beauty #JuanaBabeAshley #CommentAndShare #TagAFriend #Followme #Juanababes #Juan365 #AllInJuanSaSaya #Juan365livestream #JuanaBabeAshley #SweetEnergy #DailyBeautyVibes","Tanong lang mga babes eh 😭🤣

Drop ♥️ comment mo kung alam mo ang sagot🤣🤭

#CantSmileWithoutYou  #Babes #Beauty #JuanaBabeAshley #CommentAndShare #TagAFriend #Followme #Juanababes #Juan365 #AllInJuanSaSaya #Juan365livestream #JuanaBabeAshley #SweetEnergy #DailyBeautyVibes",16,"12/30/2025 15:00",mixed,https://www.facebook.com/reel/1926483662083524/,1,0,Reels,,,,,Lifetime,35851,26643,2167,2085,61,21,477,477,,224221.272,8.317,0,,0,,,
122126391957011249,61580337497087,"Juana Babe Ashley","Ang lakas ng dating nyo sa'kin mga babes🥰

Hit ♥️ and comment kung ganun din ako sa inyo 🥹

#CatchMyEye #TamangTitigLang #Beauty #JuanaBabeAshley #CommentAndShare #TagAFriend #Followme #Juanababes #Juan365 #AllInJuanSaSaya #Juan365livestream #JuanaBabeAshley #SweetEnergy #DailyBeautyVibes","Ang lakas ng dating nyo sa'kin mga babes🥰

Hit ♥️ and comment kung ganun din ako sa inyo 🥹

#CatchMyEye #TamangTitigLang #Beauty #JuanaBabeAshley #CommentAndShare #TagAFriend #Followme #Juanababes #Juan365 #AllInJuanSaSaya #Juan365livestream #JuanaBabeAshley #SweetEnergy #DailyBeautyVibes",12,"12/30/2025 01:00",N/A,https://www.facebook.com/reel/2791074937898337/,1,0,Reels,,,,,Lifetime,9426,7950,1272,1244,19,9,120,120,,39000.897,4.924,0,,0,,,
122126367081011249,61580337497087,"Juana Babe Ashley","A little montage of me para sa inyo mga babes 🥰

Drop ♥️ share and comment malay mo kasama ka na sa trip ko next time 🫣

#Montage #GivingAura #MiniTrip #BeautifulGirl #JuanaBabeAshley #CommentAndShare #TagAFriend #Followme #Juanababes #Juan365 #AllInJuanSaSaya #Juan365livestream #JuanaBabeAshley #SweetEnergy #DailyBeautyVibes","A little montage of me para sa inyo mga babes 🥰

Drop ♥️ share and comment malay mo kasama ka na sa trip ko next time 🫣

#Montage #GivingAura #MiniTrip #BeautifulGirl #JuanaBabeAshley #CommentAndShare #TagAFriend #Followme #Juanababes #Juan365 #AllInJuanSaSaya #Juan365livestream #JuanaBabeAshley #SweetEnergy #DailyBeautyVibes",18,"12/29/2025 21:00",mixed,https://www.facebook.com/reel/2024053191768286/,1,0,Reels,,,,,Lifetime,10590,8497,648,624,16,8,77,77,,57298.652,6.515,0,,0,,,
122126335527011249,61580337497087,"Juana Babe Ashley","Walang pilitan dito, diba mga babes? 😚

Drop ♥️ and comment kung kung para ka sa akin 🫢

#SundinAngDamdamin #ParaSaAkin #Beauty #JuanaBabeAshley #CommentYourThoughts #TagAFriend #Followme #Juanababes #Juan365 #AllInJuanSaSaya #Juan365livestream #JuanaBabeAshley #SweetEnergy #DailyBeautyVibes","Walang pilitan dito, diba mga babes? 😚

Drop ♥️ and comment kung kung para ka sa akin 🫢

#SundinAngDamdamin #ParaSaAkin #Beauty #JuanaBabeAshley #CommentYourThoughts #TagAFriend #Followme #Juanababes #Juan365 #AllInJuanSaSaya #Juan365livestream #JuanaBabeAshley #SweetEnergy #DailyBeautyVibes",16,"12/29/2025 17:00",N/A,https://www.facebook.com/reel/872356958823895/,1,0,Reels,,,,,Lifetime,13603,18794,1153,1107,35,11,940,940,,56436.829,4.955,0,,0,,,
122126242257011249,61580337497087,"Juana Babe Ashley",,,0,"12/29/2025 03:29",N/A,https://www.facebook.com/JuanababeAshley/posts/pfbid02kSBrS2JY46mNPm5HKmAtZXLstNmh6GPJRnv8a9u5qJzVxqLLQTduRbGCmLwG4rGrl,0,1,Photos,,,,,Lifetime,1554,728,45,31,10,4,75,50,25,,,,,,,,
122126225865011249,61580337497087,"Juana Babe Ashley","Every day akong nasa feed nyo kaya hindi nyo ako mamimiss mga babes 🤭😚

Hit ♥️ share and comment para walang maka miss 🥰

#GrowingFam #MissMiss #Beauty #JuanaBabeAshley #CommentYourThoughts #TagAFriend #Followme #Juanababes #Juan365 #AllInJuanSaSaya #Juan365livestream #JuanaBabeAshley #SweetEnergy #DailyBeautyVibes","Every day akong nasa feed nyo kaya hindi nyo ako mamimiss mga babes 🤭😚

Hit ♥️ share and comment para walang maka miss 🥰

#GrowingFam #MissMiss #Beauty #JuanaBabeAshley #CommentYourThoughts #TagAFriend #Followme #Juanababes #Juan365 #AllInJuanSaSaya #Juan365livestream #JuanaBabeAshley #SweetEnergy #DailyBeautyVibes",10,"12/29/2025 01:03",mixed,https://www.facebook.com/reel/1593097345202440/,1,0,Reels,,,,,Lifetime,6379,4635,856,820,24,12,82,82,,25985.987,5.198,0,,0,,,
122126223183011249,61580337497087,"Juana Babe Ashley","Watch na mga babesss!!",,0,"12/29/2025 00:36",N/A,https://www.facebook.com/JuanababeAshley/posts/pfbid0UyuGfBjSCGSddP9C9wAAdiztV3GqeasoMfPZbak1gytsrWKsXqNUD95Vz6Z53QJil,0,1,Live,,,,,Lifetime,,350,6,6,0,0,24,24,,,,,,,,,
122126209347011249,61580337497087,"Juana Babe Ashley","Juankada! 🔥
Konting hintay lang—may minor technical issue pero tuloy na tuloy tayo mamayang 4:30 PM! ⏰
Stay tuned at kitakits mamaya!

#WatchMeLive #OnlineKulitan #Support #Beauty #JuanaBabeAshley #CommentYourThoughts #TagAFriend #Followme #Juanababes #Juan365 #AllInJuanSaSaya #Juan365livestream #JuanaBabeAshley #SweetEnergy #DailyBeautyVibes","Juankada! 🔥
Konting hintay lang—may minor technical issue pero tuloy na tuloy tayo mamayang 4:30 PM! ⏰
Stay tuned at kitakits mamaya!

#WatchMeLive #OnlineKulitan #Support #Beauty #JuanaBabeAshley #CommentYourThoughts #TagAFriend #Followme #Juanababes #Juan365 #AllInJuanSaSaya #Juan365livestream #JuanaBabeAshley #SweetEnergy #DailyBeautyVibes",11,"12/29/2025 00:07",N/A,https://www.facebook.com/reel/2102458257259946/,0,0,Reels,,,,,Lifetime,15093,17980,912,888,13,11,226,226,,41393.326,3.212,0,,0,,,
122126167683011249,61580337497087,"Juana Babe Ashley","Never mawawalan ng pag-asa kapag nanjan kayo mga babes 🥹🥰

Click ♥️ mag comment and wag kalimutang i-share para sa hindi pa aware 🫶🏻

#Support #Hope #Beauty #JuanaBabeAshley #CommentYourThoughts #TagAFriend #Followme #Juanababes #Juan365 #AllInJuanSaSaya #Juan365livestream #JuanaBabeAshley #SweetEnergy #DailyBeautyVibes","Never mawawalan ng pag-asa kapag nanjan kayo mga babes 🥹🥰

Click ♥️ mag comment and wag kalimutang i-share para sa hindi pa aware 🫶🏻

#Support #Hope #Beauty #JuanaBabeAshley #CommentYourThoughts #TagAFriend #Followme #Juanababes #Juan365 #AllInJuanSaSaya #Juan365livestream #JuanaBabeAshley #SweetEnergy #DailyBeautyVibes",14,"12/28/2025 17:00",mixed,https://www.facebook.com/reel/3780715855564164/,1,0,Reels,,,,,Lifetime,75137,57169,6306,6185,61,60,731,731,,405038.619,6.883,0,,0,,,
122126086533011249,61580337497087,"Juana Babe Ashley","Your support means the world to me mga babes 😭💞

40K na tayo🥳 kaya don't forget to ♥️, comment, and share para mas mag grow pa tayo mga babes💖

#40K #LoveAndSupport #Appreciated #GrowingFam #JuanaBabeAshley #CommentYourThoughts #TagAFriend #Followme #Juanababes #Juan365 #AllInJuanSaSaya #Juan365livestream #JuanaBabeAshley #SweetEnergy #DailyBeautyVibes",,0,"12/28/2025 06:11",N/A,https://www.facebook.com/JuanababeAshley/posts/pfbid02UrN9mykphsHWNNfUD4omZ7PinENSQcx54cUJbuneL1AsKv5KhjErzcyYEqxwzRUil,0,0,Photos,,,,,Lifetime,3710,1867,152,121,21,10,127,109,18,,,,,,,,
122126008869011249,61580337497087,"Juana Babe Ashley","Kulitan tayo sa live mga babes 🤗 make sure na kasama ko kayo ha December 28, 2025 3:30pm ⏱️

Hit ♥️ and don't forget to share para makasama ko kayong lahat Live sa Juan365 Live Stream Page🥳🫶🏻

#WatchMeLive #OnlineKulitan #Support #Beauty #JuanaBabeAshley #CommentYourThoughts #TagAFriend #Followme #Juanababes #Juan365 #AllInJuanSaSaya #Juan365livestream #JuanaBabeAshley #SweetEnergy #DailyBeautyVibes","Kulitan tayo sa live mga babes 🤗 make sure na kasama ko kayo ha December 28, 2025 3:30pm ⏱️

Hit ♥️ and don't forget to share para makasama ko kayong lahat Live sa Juan365 Live Stream Page🥳🫶🏻

#WatchMeLive #OnlineKulitan #Support #Beauty #JuanaBabeAshley #CommentYourThoughts #TagAFriend #Followme #Juanababes #Juan365 #AllInJuanSaSaya #Juan365livestream #JuanaBabeAshley #SweetEnergy #DailyBeautyVibes",18,"12/27/2025 23:31",N/A,https://www.facebook.com/JuanababeAshley/videos/3787346854735137/,0,0,Videos,,,,,Lifetime,8362,7291,652,625,16,11,87,87,,30086.991,4.059,0,0,0,,,
122126006127011249,61580337497087,"Juana Babe Ashley","Dang right 🫠 I did that for you mga babes 😚

Hit ♥️ and comment kung anong ganap mo today 💁🏻‍♀️

#Beauty #JuanaBabeAshley #CommentYourThoughts #TagAFriend #Followme #Juanababes #Juan365 #AllInJuanSaSaya #Juan365livestream #JuanaBabeAshley #SweetEnergy #DailyBeautyVibes","Dang right 🫠 I did that for you mga babes 😚

Hit ♥️ and comment kung anong ganap mo today 💁🏻‍♀️

#Beauty #JuanaBabeAshley #CommentYourThoughts #TagAFriend #Followme #Juanababes #Juan365 #AllInJuanSaSaya #Juan365livestream #JuanaBabeAshley #SweetEnergy #DailyBeautyVibes",9,"12/27/2025 23:08",N/A,https://www.facebook.com/reel/1185866600350108/,0,0,Reels,,,,,Lifetime,12132,9119,1392,1340,35,17,134,134,,46591.122,5.067,0,,0,,,
122125878411011249,61580337497087,"Juana Babe Ashley","My love is true talaga when it comes to you mga babes🫢😙

Drop ♥️ nga and comment if love nyo din ako 😌

#Itsumo #LoveYouGuys #Believe #Beauty #JuanaBabeAshley #CommentYourThoughts #TagAFriend #Followme #Juanababes #Juan365 #AllInJuanSaSaya #Juan365livestream #JuanaBabeAshley #SweetEnergy #DailyBeautyVibes","My love is true talaga when it comes to you mga babes🫢😙

Drop ♥️ nga and comment if love nyo din ako 😌

#Itsumo #LoveYouGuys #Believe #Beauty #JuanaBabeAshley #CommentYourThoughts #TagAFriend #Followme #Juanababes #Juan365 #AllInJuanSaSaya #Juan365livestream #JuanaBabeAshley #SweetEnergy #DailyBeautyVibes",11,"12/27/2025 06:08",mixed,https://www.facebook.com/reel/851924211145747/,1,0,Reels,,,,,Lifetime,25074,19706,2325,2271,36,18,207,207,,112019.837,5.673,0,,0,,,
122125825005011249,61580337497087,"Juana Babe Ashley","Ayoko ng iba mga babes kayo ang gusto ko 🤪🫶🏻

Leave a ♥️ and comment kung naniniwala ka🥹

#Loyalty #MyOneAndOnly #JuanaBabeAshley #CommentYourThoughts #TagAFriend #Followme #Juanababes #Juan365 #AllInJuanSaSaya #Juan365livestream #JuanaBabeAshley #DailyBeautyVibes","Ayoko ng iba mga babes kayo ang gusto ko 🤪🫶🏻

Leave a ♥️ and comment kung naniniwala ka🥹

#Loyalty #MyOneAndOnly #JuanaBabeAshley #CommentYourThoughts #TagAFriend #Followme #Juanababes #Juan365 #AllInJuanSaSaya #Juan365livestream #JuanaBabeAshley #DailyBeautyVibes",11,"12/27/2025 02:10",mixed,https://www.facebook.com/reel/905432628480356/,1,0,Reels,,,,,Lifetime,25365,19615,2348,2296,35,17,204,204,,105612.511,5.342,0,,0,,,
122125769751011249,61580337497087,"Juana Babe Ashley","Ganito pala kasaya kapag nanjan kayo mga babes🥹

Hit ♥️ share and comment ka kung di ka din makapaniwala 🫢😩

#Beauty #BuhayNaMayKayo #Supporters #JuanaBabeAshley #CommentYourThoughts #TagAFriend #Followme #Juanababes #Juan365 #AllInJuanSaSaya #Juan365livestream #JuanaBabeAshley #SweetEnergy #DailyBeautyVibes","Ganito pala kasaya kapag nanjan kayo mga babes🥹

Hit ♥️ share and comment ka kung di ka din makapaniwala 🫢😩

#Beauty #BuhayNaMayKayo #Supporters #JuanaBabeAshley #CommentYourThoughts #TagAFriend #Followme #Juanababes #Juan365 #AllInJuanSaSaya #Juan365livestream #JuanaBabeAshley #SweetEnergy #DailyBeautyVibes",10,"12/26/2025 19:58",N/A,https://www.facebook.com/reel/2095370977877460/,0,0,Reels,,,,,Lifetime,11639,9081,1272,1231,29,12,96,95,,43733.161,4.786,0,,0,,,1
122125633209011249,61580337497087,"Juana Babe Ashley","OMG! Mga babes, we reached 35K right after Christmas Day🥹🫶🏻

Press ♥️ and share mo sa hindi pa natin ka-babes then comment done para aking mapusuan 🫠🤭

#GrowingFam #MoreFollowers #35K #Beauty #JuanaBabeAshley #CommentYourThoughts #TagAFriend #Followme #Juanababes #Juan365 #AllInJuanSaSaya #Juan365livestream #JuanaBabeAshley #SweetEnergy #DailyBeautyVibes",,0,"12/26/2025 01:31",N/A,https://www.facebook.com/JuanababeAshley/posts/pfbid0r6anZS3uFf3m9HTJnZz97vxSK3BYBBttmt1Ath8WYpeJEs4RXDaH3PHGmwpHmX3Hl,0,0,Photos,,,,,Lifetime,5056,2501,172,113,41,18,133,116,17,,,,,,,,
122125629351011249,61580337497087,"Juana Babe Ashley","Ingat din kayo mga babes 🥲 para hindi masaktan😙

Hit ♥️ then share and comment kung sinong dito ang inaalagaan ng tama 😌

#ChooseWisely #ProtectYourHeart 
#JuanaBabeAshley #CommentYourThoughts #TagAFriend #Followme #Juanababes #Juan365 #AllInJuanSaSaya #Juan365livestream #JuanaBabeAshley #DailyBeautyVibes","Ingat din kayo mga babes 🥲 para hindi masaktan😙

Hit ♥️ then share and comment kung sinong dito ang inaalagaan ng tama 😌

#ChooseWisely #ProtectYourHeart 
#JuanaBabeAshley #CommentYourThoughts #TagAFriend #Followme #Juanababes #Juan365 #AllInJuanSaSaya #Juan365livestream #JuanaBabeAshley #DailyBeautyVibes",11,"12/26/2025 01:00",mixed,https://www.facebook.com/reel/838409849182791/,1,0,Reels,,,,,Lifetime,16490,12028,1732,1675,39,18,96,96,,81928.041,6.562,0,,0,,,
122125578957011249,61580337497087,"Juana Babe Ashley","Si kikay naman 🤭 konting kembot pa 40k na tayo mga babes🥳🫶🏻

Leave a ♥️at ishare 'yan to spread cuteness todayy💞

#Beauty #JuanaBabeAshley #CommentYourThoughts #TagAFriend #Followme #Juanababes #Juan365 #AllInJuanSaSaya #Juan365livestream #JuanaBabeAshley #SweetEnergy #DailyBeautyVibes","Si kikay naman 🤭 konting kembot pa 40k na tayo mga babes🥳🫶🏻

Leave a ♥️at ishare 'yan to spread cuteness todayy💞

#Beauty #JuanaBabeAshley #CommentYourThoughts #TagAFriend #Followme #Juanababes #Juan365 #AllInJuanSaSaya #Juan365livestream #JuanaBabeAshley #SweetEnergy #DailyBeautyVibes",13,"12/25/2025 19:38",N/A,https://www.facebook.com/reel/1201041438698996/,0,0,Reels,,,,,Lifetime,33856,26877,2488,2448,21,19,251,251,,173283.721,6.309,0,,0,,,
122125393581011249,61580337497087,"Juana Babe Ashley","Road to 30K na tayo mga babes🥹🥳

Drop ♥️ share and comment kung isa ka sa 30k na yun, babes 🤗

#SoonTo30KFollowers #Thankful #Grateful #JuanaBabeAshley #CommentYourThoughts #TagAFriend #Followme #Juanababes #Juan365 #AllInJuanSaSaya #Juan365livestream #JuanaBabeAshley #DailyBeautyVibes","Road to 30K na tayo mga babes🥹🥳

Drop ♥️ share and comment kung isa ka sa 30k na yun, babes 🤗

#SoonTo30KFollowers #Thankful #Grateful #JuanaBabeAshley #CommentYourThoughts #TagAFriend #Followme #Juanababes #Juan365 #AllInJuanSaSaya #Juan365livestream #JuanaBabeAshley #DailyBeautyVibes",14,"12/24/2025 22:46",N/A,https://www.facebook.com/reel/895456672842296/,0,0,Reels,,,,,Lifetime,174823,142144,14988,14793,100,95,1017,1017,,1048677.848,7.638,0,,0,,,
122125355439011249,61580337497087,"Juana Babe Ashley","Merry Christmas mga babes🥹🫶🏻

 Drop ♥️ and comment kung Merry nga ba ang Christmas nyo🥰

#ChristmasDay #Mistletoe #MerryChristmas
#JuanaBabeAshley #CommentYourThoughts #TagAFriend #Followme #Juanababes #Juan365 #AllInJuanSaSaya #Juan365livestream #JuanaBabeAshley #DailyBeautyVibes","Merry Christmas mga babes🥹🫶🏻

 Drop ♥️ and comment kung Merry nga ba ang Christmas nyo🥰

#ChristmasDay #Mistletoe #MerryChristmas
#JuanaBabeAshley #CommentYourThoughts #TagAFriend #Followme #Juanababes #Juan365 #AllInJuanSaSaya #Juan365livestream #JuanaBabeAshley #DailyBeautyVibes",11,"12/24/2025 17:31",N/A,https://www.facebook.com/reel/1384287439339857/,1,0,Reels,,,,,Lifetime,95594,76679,8689,8487,112,90,696,696,,381013.483,5.043,0,,0,,,
122125354827011249,61580337497087,"Juana Babe Ashley",,,0,"12/24/2025 17:19",N/A,https://www.facebook.com/JuanababeAshley/posts/pfbid02LYy2wPFAcTbvwsWDwPbCVY259EjfEorGdtN9SYFuJRP4eD5GxcLFt6xodgNE5tZ9l,0,1,Photos,,,,,Lifetime,1156,604,17,14,2,1,7,6,1,,,,,,,,
122125257519011249,61580337497087,"Juana Babe Ashley","Magpapaskong _?🫣

Hit ♥️ and hulaan nyo sa comment mga babes kung magpapasko akong what?🤣💞

#Charming #Cute #Simple #JuanaBabeAshley #CommentYourThoughts #TagAFriend #Followme #Juanababes #Juan365 #AllInJuanSaSaya #Juan365livestream #JuanaBabeAshley #SweetEnergy #DailyBeautyVibes",,0,"12/24/2025 04:26",N/A,https://www.facebook.com/JuanababeAshley/posts/pfbid0omP7Wzy7cHjyfrHdetEmcFiRCdQ6wLSDt21kh2kU6AmU8ktWxUw5QzipZNbtLgRnl,0,0,Photos,,,,,Lifetime,6433,3423,335,285,46,4,221,132,89,,,,,,,,
122125205307011249,61580337497087,"Juana Babe Ashley","Sino ba naman ako diba? 🫠

Press ♥️ and comment kung pipiliin nyo 'ko para makasama this Christmas mga babes💞🤗

#ChristmasIsComing #IChooseYou #JuanaBabeAshley #CommentYourThoughts #TagAFriend #Followme #Juanababes #Juan365 #AllInJuanSaSaya #Juan365livestream #SweetEnergy #DailyBeautyVibes","Sino ba naman ako diba? 🫠

Press ♥️ and comment kung pipiliin nyo 'ko para makasama this Christmas mga babes💞🤗

#ChristmasIsComing #IChooseYou #JuanaBabeAshley #CommentYourThoughts #TagAFriend #Followme #Juanababes #Juan365 #AllInJuanSaSaya #Juan365livestream #SweetEnergy #DailyBeautyVibes",8,"12/23/2025 23:41",N/A,https://www.facebook.com/reel/1561963535119535/,1,0,Reels,,,,,Lifetime,112054,78586,9658,9508,81,69,622,622,,421329.951,5.301,0,,0,,,
122125151325011249,61580337497087,"Juana Babe Ashley","Baka same tayo ng wishlist mga babes🤩

Hit ♥️ and wag kalimutang i-share para makarating kay santa 🤭🫶🏻

#Santa #Wishlist #DreamComeTrue #Beauty #JuanaBabeAshley #CommentYourThoughts #TagAFriend #Followme #Juanababes #Juan365 #AllInJuanSaSaya #Juan365livestream #JuanaBabeAshley #SweetEnergy #DailyBeautyVibes","Baka same tayo ng wishlist mga babes🤩

Hit ♥️ and wag kalimutang i-share para makarating kay santa 🤭🫶🏻

#Santa #Wishlist #DreamComeTrue #Beauty #JuanaBabeAshley #CommentYourThoughts #TagAFriend #Followme #Juanababes #Juan365 #AllInJuanSaSaya #Juan365livestream #JuanaBabeAshley #SweetEnergy #DailyBeautyVibes",13,"12/23/2025 19:08",N/A,https://www.facebook.com/reel/2025532078394866/,0,0,Reels,,,,,Lifetime,49522,39537,4327,4230,64,33,363,363,,197697.459,4.839,0,,0,,,
122125038939011249,61580337497087,"Juana Babe Ashley","Merry Christmas mga babes💫   Hope your holidays are bright

#Juanbabes #Juan365livestream #JuanababeAshley",,0,"12/23/2025 06:31",N/A,https://www.facebook.com/photo.php?fbid=122125038939011249&set=a.122102153583011249&type=3,0,0,Photos,,,,,Lifetime,2125,1096,125,105,17,3,28,22,6,,,,,,,,
122125015155011249,61580337497087,"Juana Babe Ashley","I love and need you mga babes🤗 lam nyo yarns🥰

Tap ♥️ and comment if you do the same 🥹

#AllIThinkAboutIsYou #JuanaBabeAshley #CommentYourThoughts #TagAFriend #Followme #Juanababes #Juan365 #AllInJuanSaSaya #Juan365livestream #JuanaBabeAshley #SweetEnergy #DailyBeautyVibes","I love and need you mga babes🤗 lam nyo yarns🥰

Tap ♥️ and comment if you do the same 🥹

#AllIThinkAboutIsYou #JuanaBabeAshley #CommentYourThoughts #TagAFriend #Followme #Juanababes #Juan365 #AllInJuanSaSaya #Juan365livestream #JuanaBabeAshley #SweetEnergy #DailyBeautyVibes",13,"12/23/2025 05:01",mixed,https://www.facebook.com/reel/1584258986337315/,1,0,Reels,,,,,Lifetime,17229,13402,1384,1346,24,14,90,90,,66623.841,4.645,0,,0,,,
122124970761011249,61580337497087,"Juana Babe Ashley","Gusto nyo 'yon, babes? 🤣

Drop ♥️ and comment kung agree kang sabay tayo tumanda🥹🥰

#GrowOldWithYou #TaguanMedsJourney #JuanaBabeAshley #CommentYourThoughts #TagAFriend #Followme #Juanababes #Juan365 #AllInJuanSaSaya #Juan365livestream #JuanaBabeAshley #JollyEnergy","Gusto nyo 'yon, babes? 🤣

Drop ♥️ and comment kung agree kang sabay tayo tumanda🥹🥰

#GrowOldWithYou #TaguanMedsJourney #JuanaBabeAshley #CommentYourThoughts #TagAFriend #Followme #Juanababes #Juan365 #AllInJuanSaSaya #Juan365livestream #JuanaBabeAshley #JollyEnergy",3,"12/23/2025 00:27",N/A,https://www.facebook.com/reel/847139141574282/,1,0,Reels,,,,,Lifetime,35171,15427,2006,1941,41,24,139,139,,73199.377,4.484,0,,0,,,
122124969759011249,61580337497087,"Juana Babe Ashley","For me, babes. You're not just a game boy 😚

Leave a♥️ and mag comment ka if you're thinking about me too 🤪🥰

#GameBoy #PlayBoy #ThinkingAboutYou #JuanaBabeAshley #CommentYourThoughts #TagAFriend #Followme #Juanababes #Juan365 #AllInJuanSaSaya #Juan365livestream #JuanaBabeAshley #SweetEnergy #DailyBeautyVibes","For me, babes. You're not just a game boy 😚

Leave a♥️ and mag comment ka if you're thinking about me too 🤪🥰

#GameBoy #PlayBoy #ThinkingAboutYou #JuanaBabeAshley #CommentYourThoughts #TagAFriend #Followme #Juanababes #Juan365 #AllInJuanSaSaya #Juan365livestream #JuanaBabeAshley #SweetEnergy #DailyBeautyVibes",9,"12/23/2025 00:18",N/A,https://www.facebook.com/reel/918237694471986/,0,0,Reels,,,,,Lifetime,63945,49616,4417,4305,42,70,786,786,,254742.607,5.537,0,,0,,,
122124903735011249,61580337497087,"Juana Babe Ashley","Mini vlog with my mini babes 🥰charot 🤣

Hit ♥️, share and comment malay mo makasama ka sa next mini vlog ko 🤭

#MiniVlog #MiniBabes #Foodtrip #JuanaBabeAshley #CommentYourThoughts #TagAFriend #Followme #Juanababes #Juan365 #AllInJuanSaSaya #Juan365livestream #JuanaBabeAshley #DailyBeautyVibes","Mini vlog with my mini babes 🥰charot 🤣

Hit ♥️, share and comment malay mo makasama ka sa next mini vlog ko 🤭

#MiniVlog #MiniBabes #Foodtrip #JuanaBabeAshley #CommentYourThoughts #TagAFriend #Followme #Juanababes #Juan365 #AllInJuanSaSaya #Juan365livestream #JuanaBabeAshley #DailyBeautyVibes",115,"12/22/2025 17:00",mixed,https://www.facebook.com/reel/1401232844960851/,1,0,Reels,,,,,Lifetime,11649,10546,661,631,26,4,70,70,,77861.074,7.097,0,,0,,,
122124864699011249,61580337497087,"Juana Babe Ashley","🎉 10K followers na tayo mga babes!🎉

Thank you so muchie sa lahat ng sumusuporta at non-stop na love mga babes😭🫶🏻

Don't forget to share and comment para sa tuloy-tuloy na pag grow💙

#Juan365Studios
#10KFollowers
#ThankYou #JuanaBabeAshley #CommentYourThoughts #TagAFriend #Followme #Juanababes #Juan365 #AllInJuanSaSaya",,0,"12/22/2025 13:17",N/A,https://www.facebook.com/JuanababeAshley/posts/pfbid02mP1cbmBQ6RB1t1itEDKSaiAsrV4P6i57EBRih42ACqXFQSg49MPKHTY8K6qeD7JAl,0,0,Photos,,,,,Lifetime,6573,3690,230,128,89,13,233,210,23,,,,,,1,,
122124783429011249,61580337497087,"Juana Babe Ashley","Lights on, colors ready! 🎨
abangan Live mamayang 2AM! 🔥

Like and follow Juan365 Studios and don't miss the fun🤩

#Juan365Studios #ColorsAndFun  #JuanaBabeAshley #CommentYourThoughts #TagAFriend #Followme #Juanababes #Juan365 #AllInJuanSaSaya #Juan365livestream #JuanaBabeAshley",,0,"12/22/2025 05:00",N/A,https://www.facebook.com/JuanababeAshley/posts/pfbid02u9ioSAyHUdKFgmtrace1skBJD9Be3d9MmHj7Yu8wcFE7GK6MKV63atysXpwNqKBnl,0,0,Photos,,,,,Lifetime,1478,822,46,34,6,6,12,12,,,,,,,,,
122124721203011249,61580337497087,"Juana Babe Ashley","Diba mga babes? I look too good to be alone 🙃😅Follow and comment kung agree kayo mga babes 😘#Sippin #GoodLooking #JuanaBabeAshley #CommentYourThoughts #TagAFriend #Followme #Juanababes #Juan365 #AllInJuanSaSaya #Juan365livestream #JuanaBabeAshley #SweetEnergy","Diba mga babes? I look too good to be alone 🙃😅Follow and comment kung agree kayo mga babes 😘#Sippin #GoodLooking #JuanaBabeAshley #CommentYourThoughts #TagAFriend #Followme #Juanababes #Juan365 #AllInJuanSaSaya #Juan365livestream #JuanaBabeAshley #SweetEnergy",16,"12/22/2025 00:00",N/A,https://www.facebook.com/reel/753687821089189/,0,0,Reels,,,,,Lifetime,27272,24897,1900,1832,41,27,397,397,,125179.863,5.696,0,,0,,,
122124670809011249,61580337497087,"Juana Babe Ashley","Pwede ba 'kong maging star ng pasko nyo mga babes? 🤩🤭

Drop ♥️ then share and comment kung payag ka🤗🫶🏻

#ChristmasIsNear #StarNgPasko #JuanaBabeAshley #CommentYourThoughts #TagAFriend #Followme #Juanababes #Juan365 #AllInJuanSaSaya #Juan365livestream #JuanaBabeAshley",,0,"12/21/2025 18:11",N/A,https://www.facebook.com/JuanababeAshley/posts/pfbid05wVoquQDu1dTZRLiSDq2Hf6ENVtp9XePk9GVfoFAc3uafGmzzt8vMwVKqPP8wMJRl,0,0,Photos,,,,,Lifetime,3069,1412,88,65,15,8,130,55,75,,,,,,,,
122124497817011249,61580337497087,"Juana Babe Ashley","At least you think I'm pretty🥰

Diba, babes? Hit ♥️ and comment if you think I'm pretty too🫠😘

#Beauty #JuanaBabeAshley #CommentYourThoughts #TagAFriend #Followme #Juanababes #Juan365 #AllInJuanSaSaya #Juan365livestream #JuanaBabeAshley #SweetEnergy #DailyBeautyVibes","At least you think I'm pretty🥰

Diba, babes? Hit ♥️ and comment if you think I'm pretty too🫠😘

#Beauty #JuanaBabeAshley #CommentYourThoughts #TagAFriend #Followme #Juanababes #Juan365 #AllInJuanSaSaya #Juan365livestream #JuanaBabeAshley #SweetEnergy #DailyBeautyVibes",6,"12/20/2025 22:04",N/A,https://www.facebook.com/reel/656185877486535/,0,0,Reels,,,,,Lifetime,25703,17186,1562,1503,46,13,122,122,,71711.18,4.048,0,,0,,,
122124319449011249,61580337497087,"Juana Babe Ashley","Your lips on my lips? 🫣😵 Emeee🤭

Like and Share para Merry talaga ang Christmas mo, babes 🎄🥰

#MerryMerryChristmas #HolidaysWithYou #TagAFriend #Followme #Juanababes #Juan365 #AllInJuanSaSaya #Juan365livestream #JuanaBabeAshley
#ChristmasVibes","Your lips on my lips? 🫣😵 Emeee🤭

Like and Share para Merry talaga ang Christmas mo, babes 🎄🥰

#MerryMerryChristmas #HolidaysWithYou #TagAFriend #Followme #Juanababes #Juan365 #AllInJuanSaSaya #Juan365livestream #JuanaBabeAshley
#ChristmasVibes",12,"12/20/2025 05:00",mixed,https://www.facebook.com/reel/1472532681104093/,1,0,Reels,,,,,Lifetime,77295,61920,5673,5525,85,63,695,695,,311968.729,5.075,0,,0,,,
122124318441011249,61580337497087,"Juana Babe Ashley","1k na tayo mga babes! 🎉 You guys are the best! Let’s keep this journey going! 💙 

Drop ♥️ and tag your friends na hindi pa naka follow🥰

#1KFollowers #ThankYou #Grateful #SupportSystem #JuanaBabeAshley #CommentYourThoughts #TagAFriend #Followme #Juanababes #Juan365 #AllInJuanSaSaya #Juan365livestream",,0,"12/20/2025 04:53",N/A,https://www.facebook.com/JuanababeAshley/posts/pfbid0gBheupmNA2M8kyEc8QBw6xX73nWd8SwvKUjcUWPSWqJAqKS2PYhsa8VLp3jUAXkul,0,0,Photos,,,,,Lifetime,2046,890,115,77,24,14,62,50,12,,,,,,,,
122124258861011249,61580337497087,"Juana Babe Ashley","No more stupid lines, babes🫠

Click ♥️ and Comment below kung Mama mo o Mama natin 😜🤭

#BeMySuperMan #DailyDoseOfBeauty #CommentAndShare #TagAFriend #Followme #Juanababes #Juan365 #AllInJuanSaSaya #Juan365livestream #JuanaBabeAshley","No more stupid lines, babes🫠

Click ♥️ and Comment below kung Mama mo o Mama natin 😜🤭

#BeMySuperMan #DailyDoseOfBeauty #CommentAndShare #TagAFriend #Followme #Juanababes #Juan365 #AllInJuanSaSaya #Juan365livestream #JuanaBabeAshley",5,"12/19/2025 23:00",N/A,https://www.facebook.com/reel/1204452741615399/,1,0,Reels,,,,,Lifetime,27041,23957,1569,1518,34,17,628,628,,61441.087,3.107,0,,0,,,
122124229809011249,61580337497087,"Juana Babe Ashley","Sweet girl lang tayo today, babes😚

Drop a ♥️ and Follow me for more sweetness contents on your feed💁🏻‍♀️🥰

#TagAFriend #Followme #Juanababes #Juan365 #AllInJuanSaSaya #Juan365livestream #JuanaBabeAshley","Sweet girl lang tayo today, babes😚

Drop a ♥️ and Follow me for more sweetness contents on your feed💁🏻‍♀️🥰

#TagAFriend #Followme #Juanababes #Juan365 #AllInJuanSaSaya #Juan365livestream #JuanaBabeAshley",10,"12/19/2025 19:00",mixed,https://www.facebook.com/reel/740675108500335/,1,0,Reels,,,,,Lifetime,13902,9647,845,802,21,22,55,55,,78574.795,7.706,0,,0,,,
122124131499011249,61580337497087,"Juana Babe Ashley","Holiday is near, Juankada!
Ready na ba kayo sa special christmas caroling namin? Don’t miss it, come and join us at SM Mall of Asia! 🥳

Like, follow, share, and tag your friends and family this holiday season. 🫶

#Juanababes #Juan365 #Juan365PH  #JuanaBabeAshley #AllInSaSaya #ReactAndShare #FYP #HolidaySeason2025 #Holiday","Holiday is near, Juankada!
Ready na ba kayo sa special christmas caroling namin? Don’t miss it, come and join us at SM Mall of Asia! 🥳

Like, follow, share, and tag your friends and family this holiday season. 🫶

#Juanababes #Juan365 #Juan365PH  #JuanaBabeAshley #AllInSaSaya #ReactAndShare #FYP #HolidaySeason2025 #Holiday",15,"12/19/2025 07:11",N/A,https://www.facebook.com/reel/860602183567476/,0,0,Reels,,,,,Lifetime,14305,12070,1061,1034,16,11,71,71,,55579.851,4.451,0,,0,,,
122124054387011249,61580337497087,"Juana Babe Ashley","Elegance in every detail na para bang princess siya🤭✨

Don't forget to like, comment, and follow for more fabulous moments, babes!💖

#TagAFriend #Followme #Juanababes #Juan365 #AllInJuanSaSaya #Juan365livestream #JuanaBabeAshley #juanababeashley",,0,"12/19/2025 01:03",N/A,https://www.facebook.com/JuanababeAshley/posts/pfbid0zHkq9EuJbED8jTF1zfSsApQfGJs1jWhh4LhUz6aBv5g9BwEg7Ph34gvNfwPHnFnMl,0,0,Photos,,,,,Lifetime,2481,988,99,79,11,9,154,97,57,,,,,,,,
122124028143011249,61580337497087,"Juana Babe Ashley","Do you mind kahit ganito ka-close mga babes?🫢

I'm just trynna get to know yah, babes. Hit ❤️ and follow for more!😚
#Gettoknowmemore #Tooclose #JuanaBies #TagAFriend #Followme #Juanababes #Juan365 #AllInJuanSaSaya #Juan365livestream #JuanaBabeAshley","Do you mind kahit ganito ka-close mga babes?🫢

I'm just trynna get to know yah, babes. Hit ❤️ and follow for more!😚
#Gettoknowmemore #Tooclose #JuanaBies #TagAFriend #Followme #Juanababes #Juan365 #AllInJuanSaSaya #Juan365livestream #JuanaBabeAshley",12,"12/18/2025 23:00",mixed,https://www.facebook.com/reel/1369351254670357/,1,0,Reels,,,,,Lifetime,133688,87919,7667,7399,154,114,3136,3136,,785187.93,9.007,0,,0,,,
122123421447011249,61580337497087,"Juana Babe Ashley","Hi mga Babes! Kasama ko ngayon ang 2 beautiful ladies. Sinong gustong sumama pa? 💃

Comment Mona yan! 💬 at huwag kalimutang i-follow ang ating page at i-share ang video na ito! ❤

#FYP #TrendingNow #ViralVibes #JuanaBies #LoyalBabes #Juanababes #Juan365 #AllInJuanSaSaya #Juan365livestream #JuanaBabeAshley
#Juan365PH
#juan365studios","Hi mga Babes! Kasama ko ngayon ang 2 beautiful ladies. Sinong gustong sumama pa? 💃

Comment Mona yan! 💬 at huwag kalimutang i-follow ang ating page at i-share ang video na ito! ❤

#FYP #TrendingNow #ViralVibes #JuanaBies #LoyalBabes #Juanababes #Juan365 #AllInJuanSaSaya #Juan365livestream #JuanaBabeAshley
#Juan365PH
#juan365studios",8,"12/16/2025 04:55",N/A,https://www.facebook.com/JuanababeAshley/videos/1889506991916751/,0,0,Videos,,,,,Lifetime,7523,5713,396,363,23,10,34,34,,24080.582,3.958,0,0,0,,,
122123415921011249,61580337497087,"Juana Babe Ashley","Mga babes, matagal na kitang sinusundan 😍

Sino pa dito ang loyal follower? 
Comment ""ME!"" kung kasama ka sa journey natin! 🔥

#FYP #TrendingNow #ViralVibes #JuanaBies #LoyalBabes #Juanababes #Juan365 #AllInJuanSaSaya #Juan365livestream #JuanaBabeAshley
#Juan365PH
#juan365studios","Mga babes, matagal na kitang sinusundan 😍

Sino pa dito ang loyal follower? 
Comment ""ME!"" kung kasama ka sa journey natin! 🔥

#FYP #TrendingNow #ViralVibes #JuanaBies #LoyalBabes #Juanababes #Juan365 #AllInJuanSaSaya #Juan365livestream #JuanaBabeAshley
#Juan365PH
#juan365studios",8,"12/16/2025 04:49",N/A,https://www.facebook.com/JuanababeAshley/videos/1186778970243920/,0,0,Videos,,,,,Lifetime,9368,7219,993,939,39,15,62,62,,28263.858,3.758,0,0,0,,,
122123396343011249,61580337497087,"Juana Babe Ashley","Who’s that sexy thing turning heads? 😍✨
It’s our one and only? 

Don’t forget to drop a ❤️ and tag a friend who needs to see this!

#JuanababeVibes #TooHotToHandle #JuanaBies #TagAFriend #FeelingFabulous #Juanababes #Juan365 #AllInJuanSaSaya #Juan365livestream #JuanaBabeAshley #juanababeashley","Who’s that sexy thing turning heads? 😍✨
It’s our one and only? 

Don’t forget to drop a ❤️ and tag a friend who needs to see this!

#JuanababeVibes #TooHotToHandle #JuanaBies #TagAFriend #FeelingFabulous #Juanababes #Juan365 #AllInJuanSaSaya #Juan365livestream #JuanaBabeAshley #juanababeashley",11,"12/16/2025 02:12",mixed,https://www.facebook.com/JuanababeAshley/videos/1360649202134028/,1,0,Videos,,,,,Lifetime,4721,4010,199,168,22,9,21,21,,10676.231,2.548,0,0,0,,,
122122902339011249,61580337497087,"Juana Babe Ashley","I’m losing my mind, mga babes! 😵‍💫✨
Kayo rin ba? Tell me sa comments 👇
Like, share, at follow for more real vibes 💕

#Juanababes #Juan365 #AllInJuanSaSaya #Juan365livestream #JuanaBabeAshley #Mgababes #SenaVibes #AllInSaSaya #GoodVibesOnly #ReactAndShare #LosingMyMind #RelateMuch #FYP #ForYou #Vibes #MgaBabes","I’m losing my mind, mga babes! 😵‍💫✨
Kayo rin ba? Tell me sa comments 👇
Like, share, at follow for more real vibes 💕

#Juanababes #Juan365 #AllInJuanSaSaya #Juan365livestream #JuanaBabeAshley #Mgababes #SenaVibes #AllInSaSaya #GoodVibesOnly #ReactAndShare #LosingMyMind #RelateMuch #FYP #ForYou #Vibes #MgaBabes",12,"12/14/2025 01:01",mixed,https://www.facebook.com/JuanababeAshley/videos/884909037244794/,1,0,Videos,,,,,Lifetime,6541,5229,520,481,27,12,59,59,,23107.69,4.363,0,0,0,,,
122122865169011249,61580337497087,"Juana Babe Ashley","Mga babes, Ashley here! 🎶✨

🎤 Why you gonna…?
Continue the lyrics sa comments 👇
Drop your user ID, tag your friends, at i-share mo na rin ’tong post!
Follow for more fun challenges 💕

#Juanababes #Juan365 #AllInJuanSaSaya #Juan365livestream #JuanaBabeAshley #Mgababes #SenaVibes #AllInSaSaya #GoodVibesOnly #ReactAndShare #LyricChallenge #ContinueTheLyrics #FYP #ForYou #MgaBabes #AshleyHere","Mga babes, Ashley here! 🎶✨

🎤 Why you gonna…?
Continue the lyrics sa comments 👇
Drop your user ID, tag your friends, at i-share mo na rin ’tong post!
Follow for more fun challenges 💕

#Juanababes #Juan365 #AllInJuanSaSaya #Juan365livestream #JuanaBabeAshley #Mgababes #SenaVibes #AllInSaSaya #GoodVibesOnly #ReactAndShare #LyricChallenge #ContinueTheLyrics #FYP #ForYou #MgaBabes #AshleyHere",16,"12/13/2025 20:00",uploaded,https://www.facebook.com/JuanababeAshley/videos/1892098698400414/,1,0,Videos,,,,,Lifetime,7507,6370,740,709,18,13,43,43,,27081.485,4.084,0,0,0,,,
122122844337011249,61580337497087,"Juana Babe Ashley","Kinikilig ako sa support niyo, mga babes! 🥰✨
Road to 1K na tayo—salamat sa solid love 💖

Share this, comment down, at i-tag niyo na ang friends niyo!
Follow niyo na rin ako ha 👀💬

#Juanababes #Juan365 #AllInJuanSaSaya #Juan365livestream #JuanaBabeAshley #Mgababes #SenaVibes #AllInSaSaya #GoodVibesOnly #ReactAndShare #RoadTo1K #ThankYouBabes #SupportLocal #FYP #ForYou #Viral #MgaBabes","Kinikilig ako sa support niyo, mga babes! 🥰✨
Road to 1K na tayo—salamat sa solid love 💖

Share this, comment down, at i-tag niyo na ang friends niyo!
Follow niyo na rin ako ha 👀💬

#Juanababes #Juan365 #AllInJuanSaSaya #Juan365livestream #JuanaBabeAshley #Mgababes #SenaVibes #AllInSaSaya #GoodVibesOnly #ReactAndShare #RoadTo1K #ThankYouBabes #SupportLocal #FYP #ForYou #Viral #MgaBabes",8,"12/13/2025 16:00",mixed,https://www.facebook.com/JuanababeAshley/videos/1781890169178961/,1,0,Videos,,,,,Lifetime,4994,3642,366,314,18,34,32,32,,11993.154,2.899,0,0,0,,,
122122677711011249,61580337497087,"Juana Babe Ashley","Ashley is here! 💖
Mga babes, sino ba ang pinag-seselosan mo? 👀🔥
Comment mo na yan at i-tag ang kaibigan mo!
Follow our page for more good vibes ✨💬

#Juanababes #Juan365 #AllInJuanSaSaya #Juan365livestream #JuanaBabeAshley #Mgababes #SenaVibes #AllInSaSaya #GoodVibesOnly #ReactAndShare #AshleyIsHere #MgaBabes  #CommentDown #FollowForMore","Ashley is here! 💖
Mga babes, sino ba ang pinag-seselosan mo? 👀🔥
Comment mo na yan at i-tag ang kaibigan mo!
Follow our page for more good vibes ✨💬

#Juanababes #Juan365 #AllInJuanSaSaya #Juan365livestream #JuanaBabeAshley #Mgababes #SenaVibes #AllInSaSaya #GoodVibesOnly #ReactAndShare #AshleyIsHere #MgaBabes  #CommentDown #FollowForMore",16,"12/12/2025 23:00",mixed,https://www.facebook.com/JuanababeAshley/videos/1390764329441871/,1,0,Videos,,,,,Lifetime,10158,8298,1062,1007,32,23,73,73,,46988.501,5.573,0,0,0,,,
122122401297011249,61580337497087,"Juana Babe Ashley",,,0,"12/11/2025 21:49",N/A,https://www.facebook.com/JuanababeAshley/posts/pfbid0JgJaWxBaKKgtg2s1mcyMonsSvVXA9d6iYdBZYCgFSgdVV3Vxnd3gFu8kimiYDktNl,0,1,Photos,,,,,Lifetime,675,312,39,31,4,4,29,25,4,,,,,,,,
122121767199011249,61580337497087,"Juana Babe Ashley","Effortless transition, Effortless Beauty. PERFEEECT! 😘

Like, Share, and Comment “💙💙💙” kung agree ka, at Follow for more and stay tuned. 🥰","Effortless transition, Effortless Beauty. PERFEEECT! 😘

Like, Share, and Comment “💙💙💙” kung agree ka, at Follow for more and stay tuned. 🥰",13,"12/09/2025 08:28",N/A,https://www.facebook.com/JuanababeAshley/videos/1377332650658840/,0,0,Videos,,,,,Lifetime,6715,5165,778,707,54,17,84,84,,32112.949,6.063,0,0,0,,,
122121380067011249,61580337497087,"Juana Babe Ashley",,,0,"12/08/2025 00:24",N/A,https://www.facebook.com/JuanababeAshley/posts/pfbid038PFSMHcGDiUUKMs8ymCxf2CBoMD4i9YSgfTVHMDKTEea59k52zCpMkPUW1VCxYAel,0,1,Live,,,,,Lifetime,,323,20,17,3,0,14,14,,,,,,,,,
122121365235011249,61580337497087,"Juana Babe Ashley","Habang sila sumasali, ikaw nanonood lang? 👀🔥
Don’t miss out! Join the ALL IN SA SayaJUAN Dance Craze challenge.

#juanababes #Juan365livestream #Juan365PH
#AllInJuanSaSaya #JuanKada #tunogngsayajuan365 #allinsayajuan",,0,"12/07/2025 22:19",N/A,https://www.facebook.com/photo.php?fbid=122121365235011249&set=a.122102156577011249&type=3,0,0,Photos,,,,,Lifetime,172,52,43,39,2,2,1,,1,,,,,,,,
122121348171011249,61580337497087,"Juana Babe Ashley",,,0,"12/07/2025 21:18",N/A,https://www.facebook.com/JuanababeAshley/posts/pfbid024jPCcZxkTE99RKFvCGkjqcQnWEhHVGyzBGHR7j4yQZdbYcStCsm9RcBL8M2mMgAXl,0,1,Photos,,,,,Lifetime,568,279,30,27,3,0,13,12,1,,,,,,,,
122121215451011249,61580337497087,"Juana Babe Ashley","Salamat sa solid na views at #Funkulitan with me kanina sa live stream babies. 💙 And also congrats sa mga nanalo sa pa-games natin kanina! 🥳

Like, Share, follow and Comment ""More"" If u want more kulitan with me. 😘

#JuanaBabeAshley #Juanababes #Juan365 #AllInJuanSaSaya #Juan365livestream",,0,"12/07/2025 07:10",N/A,https://www.facebook.com/JuanababeAshley/posts/pfbid09k6s7HxyCt3VSAH4mT28PupdB3M14Wai7SgY8KZVa96MuGuf3QDduRynWjHPaWPNl,0,0,Photos,,,,,Lifetime,1252,555,126,74,37,15,44,38,6,,,,,,,,
122121130839011249,61580337497087,"Juana Babe Ashley",,,0,"12/06/2025 23:30",N/A,https://www.facebook.com/JuanababeAshley/posts/pfbid0t7sj8LGxAQtf1Ui3x8byUBEXqDYdCAThxM9eUynv5ysnFHYsWhLmsjBnu4v8cVjol,0,1,Live,,,,,Lifetime,,307,44,28,16,0,48,48,,,,,,,,,
122120976639011249,61580337497087,"Juana Babe Ashley","Your Video",,11,"12/06/2025 05:38",mixed,https://www.facebook.com/reel/1397280808770082/,0,0,Reels,,,,,Lifetime,4435,3654,198,162,27,9,25,25,,16034.067,4.251,0,,0,,,
122120961501011249,61580337497087,"Juana Babe Ashley",stare,"Don’t stare too long, baka ma-fall ka. HAHA! 🤪

Ready ka na bang ma-“caught off guard”? Comment “YES!"" 😘

#JuanaBabeAshley #Juanababes #Juan365 #AllInJuanSaSaya #Juan365livestream",7,"12/06/2025 04:39",N/A,https://www.facebook.com/JuanababeAshley/videos/1970142836895654/,0,0,Videos,,,,,Lifetime,5921,4097,632,592,31,9,46,46,,20109.612,4.669,0,0,0,,,
122120917275011249,61580337497087,"Juana Babe Ashley","Come join our live stream Juankada! Halina't maki join sa 'ating FUN and Exciting kulitan with ME, Juanababe Zell, And may pa-special guess??? 👀

Like, Share, And Follow our Official pages, Juankada! 🩵

#Juan365PH #Juan365 #JuanKada #AllInJuanSaSaya #Juan365livestream",,0,"12/05/2025 23:43",N/A,https://www.facebook.com/JuanababeAshley/posts/pfbid02eYFWsUEBL6aVL2nabkqDwRgwbmTmkB2KR9KNt2ACPVAmNpoLMjrAFjPaJx7wGgFGl,0,1,Live,,,,,Lifetime,,243,18,15,3,0,27,27,,,,,,,,,
122120913207011249,61580337497087,"Juana Babe Ashley","Mabagal ba kamo? 👀
Ahtisa ang atakech?! 😅
Like, Follow, And comment ""✨"" if you want more slowmo moments with Juanababe Ashley! 💙

#JuanaBabeAshley #Juanababes #Juan365 #AllInJuanSaSaya #Juan365livestream","Mabagal ba kamo? 👀
Ahtisa ang atakech?! 😅
Like, Follow, And comment ""✨"" if you want more slowmo moments with Juanababe Ashley! 💙

#JuanaBabeAshley #Juanababes #Juan365 #AllInJuanSaSaya #Juan365livestream",13,"12/05/2025 22:54",N/A,https://www.facebook.com/JuanababeAshley/videos/1576594703684644/,0,0,Videos,,,,,Lifetime,3642,2784,198,169,18,11,27,27,,16253.306,5.518,0,0,0,,,
122120844963011249,61580337497087,"Juana Babe Ashley","Congratulations sa lahat ng nanalo sa surpresa ni juan V2! 🫶

Follow and comment "" JUANABABE ASH"" if you are ready for more exciting surprises! 🥳🩵

#JuanaBabeAshley #Juanababes #Juan365 #AllInJuanSaSaya #Juan365livestream",,0,"12/05/2025 11:23",N/A,https://www.facebook.com/JuanababeAshley/posts/pfbid0ZupyJuYDrmDZfqTE7YAMqJvPTFw2jJnA3sYdYVoPasnQXSuuMLN7Cc3ob6qwhDDl,0,0,Photos,,,,,Lifetime,1175,465,90,62,20,8,70,44,26,,,,,,,,
122120768241011249,61580337497087,"Juana Babe Ashley","GRAND DRAW HAPPENING TODAY! 🔥
Ito na ang moment of truth — one of our Juankada will IPHONE 17 PROMAX! 
Join the live, comment present, and secure your chance! 💥

#juanababes #Juan365livestream #Juan365PH
#AllInJuanSaSaya #JuanKada #Juan365",,0,"12/05/2025 02:43",N/A,https://www.facebook.com/JuanababeAshley/posts/pfbid02SWQ4kRUK3iNbpiVLbMPM2X2kkrY7jnKRzVN3PrEpLnHPoJi7SC9xpGKvJoWDKirAl,0,0,Text,,,,,Lifetime,,171,15,14,1,0,8,8,,,,,,,,,
122120352933011249,61580337497087,"Juana Babe Ashley","Me + You","Me + You = ""❓""
Comment mo yung first word na pumasok sa isip mo! GO! 😂👇

#JuanaBabeAshley #Juanababes #Juan365 #AllInJuanSaSaya #Juan365livestream",12,"12/03/2025 02:48",N/A,https://www.facebook.com/JuanababeAshley/videos/1556492615772395/,0,0,Videos,,,,,Lifetime,4777,3294,463,406,38,19,60,60,,28268.068,8.338,0,0,0,,,
122120306331011249,61580337497087,"Juana Babe Ashley",,,0,"12/02/2025 18:51",N/A,https://www.facebook.com/JuanababeAshley/posts/pfbid0G3QibDZ6bqhc9e4n5yV9ZAByTwuyJjBHk6RtNrjEPjBgoEidRSKPiSffEye4Q8yhl,0,1,Photos,,,,,Lifetime,516,225,37,31,3,3,11,7,4,,,,,,,,
122120144883011249,61580337497087,"Juana Babe Ashley","Hindi kumpleto ang linggo mo kung? 🤔
comment your answers 👇

#JuanaBabeAshley #Juanababes #Juan365 #AllInJuanSaSaya #Juan365livestream",,0,"12/02/2025 03:30",N/A,https://www.facebook.com/JuanababeAshley/posts/pfbid02XAuqxRx4csCD9g6uzB43Vv3zEpMhKC6GzGnqDGJEQdmbKuZ7ZW2YdyVzrZA5oTeGl,0,1,Photos,,,,,Lifetime,427,213,40,27,9,4,8,7,1,,,,,,,,
122120141067011249,61580337497087,"Juana Babe Ashley","Serving hot girl energy all day, every day. 😘
If you’re vibing with the glow,
Follow the page and drop a ""❤️"" in the comments! 💬

#JuanaBabeAshley #Juanababes #Juan365 #AllInJuanSaSaya #Juan365livestream","Serving hot girl energy all day, every day. 😘
If you’re vibing with the glow,
Follow the page and drop a ""❤️"" in the comments! 💬

#JuanaBabeAshley #Juanababes #Juan365 #AllInJuanSaSaya #Juan365livestream",15,"12/02/2025 03:03",N/A,https://www.facebook.com/JuanababeAshley/videos/2154122415117064/,0,0,Videos,,,,,Lifetime,12579,9268,1183,1121,37,25,108,108,,76704.958,8.033,0,0,0,,,
122117758287013186,61580395595183,"Juana Babe Jam","HELLOOO JAAAAMMIIIEEES!🥳 
2026 LIVE — sama-sama ulit tayo! 

Follow & Share para mas dumami pa ang good energy 💙✨
 
#JuanaBabeJam #Juanababes #Juan365 #AllInJuanSaSaya #Juan365livestream",,0,"12/31/2025 22:01",N/A,https://www.facebook.com/JuanababeJam/posts/pfbid02eijbcvgYT7iu6fKVyM8EsHc9Vv249Lwx9uLMZKnZxP9ed8gDxiGUuTZ3fTWnrFC8l,0,0,Photos,,,,,Lifetime,841,415,67,45,16,6,40,30,10,,,,,
122117663631013186,61580395595183,"Juana Babe Jam","Hello Jammies! 💕

Grabe, matatapos na ang taon na happy in love pa rin ang Juanababes Jam niyo sa inyo 🥰

Ngayong paparating ang bagong taon, patuloy tayo sa mas  maraming tawanan, sayawan at good vibes sa bawat live natin 🎉

Happy New Year sa inyong lahat, Jammies!

Mas marami pang kwento, kilig, at bonding sa 2026 ✨

#JuanaBabeJam #Juanababes #Juan365 #AllInJuanSaSaya #Juan365livestream #Followme #trending #fyp #reels #Jammies","Hello Jammies! 💕

Grabe, matatapos na ang taon na happy in love pa rin ang Juanababes Jam niyo sa inyo 🥰

Ngayong paparating ang bagong taon, patuloy tayo sa mas  maraming tawanan, sayawan at good vibes sa bawat live natin 🎉

Happy New Year sa inyong lahat, Jammies!

Mas marami pang kwento, kilig, at bonding sa 2026 ✨

#JuanaBabeJam #Juanababes #Juan365 #AllInJuanSaSaya #Juan365livestream #Followme #trending #fyp #reels #Jammies",16,"12/31/2025 00:49",N/A,https://www.facebook.com/reel/1172956668284916/,0,0,Videos,,,,,Lifetime,493,326,69,51,14,4,23,23,,2462.201,6.362,0,0,0
122117542431013186,61580395595183,"Juana Babe Jam","Hi Jammies! Nature trip tayo 🌿 

Ready ka na ba mag kape ☕ with me? 

Comment mo!😘

#JuanaBabeJam #Juanababes #Juan365 #AllInJuanSaSaya #Juan365livestream","Hi Jammies! Nature trip tayo 🌿 

Ready ka na ba mag kape ☕ with me? 

Comment mo!😘

#JuanaBabeJam #Juanababes #Juan365 #AllInJuanSaSaya #Juan365livestream",39,"12/29/2025 18:27",N/A,https://www.facebook.com/reel/1587948555544083/,0,0,Videos,,,,,Lifetime,230,185,37,28,7,2,16,16,,1880.644,10.056,0,0,0
122117486973013186,61580395595183,"Juana Babe Jam","Hi Jammies! What's your favorite Ulam??
Comment down below 😍

#JuanaBabeJam #Juanababes #Juan365 #AllInJuanSaSaya #Juan365livestream",,0,"12/29/2025 03:25",N/A,https://www.facebook.com/JuanababeJam/posts/pfbid0Fg1DZVdGdzxFrq8ty3BRLTapA3Q9XABaFSzhkh93XbtmbVbDtot6bgYgyf7JEkn4l,0,0,Photos,,,,,Lifetime,4339,1803,151,101,39,11,274,179,95,,,,,
122117472951013186,61580395595183,"Juana Babe Jam","JUANKADA, LIVE NA! 🔥 Tuloy-tuloy ang tawanan at good vibes with Sena & Ashley!

React ""❤️"" kung di ka aalis hanggang dulo!

#Juan365PH #Juan365 #Juan365livestream #juanababes  #JUANABABESENA #JUANABABEASHLEY #JuanSports #JuanCares #JuanBingo #AllInJuanSaSaya",,0,"12/29/2025 00:35",N/A,https://www.facebook.com/JuanababeJam/posts/pfbid033WivUDkQN6WQVMrbKBHJNWEnUUss8jZ91jkPECBdYN7oXtNGNzrEVGzWy7HienXFl,0,1,Live,,,,,Lifetime,,123,8,8,0,0,20,20,,,,,,
122117467827013186,61580395595183,"Juana Babe Jam","With you this coming 2026🥰

React♥️ Kung Ready na kayo sa 2026🥳

#JuanaBabeJam #Juanababes #Juan365 #AllInJuanSaSaya #Juan365livestream","With you this coming 2026🥰

React♥️ Kung Ready na kayo sa 2026🥳

#JuanaBabeJam #Juanababes #Juan365 #AllInJuanSaSaya #Juan365livestream",16,"12/28/2025 23:17",N/A,https://www.facebook.com/reel/878207554792945/,0,0,Videos,,,,,Lifetime,339,255,47,38,6,3,19,19,,1569.299,5.467,0,0,0
122117447805013186,61580395595183,"Juana Babe Jam","Let's Hit the Floor Jammies, 
Ready for more? Comment mo lang request mo dyan 💋

#JuanaBabeJam #Juanababes #Juan365 #AllInJuanSaSaya #Juan365livestream","Let's Hit the Floor Jammies, 
Ready for more? Comment mo lang request mo dyan 💋

#JuanaBabeJam #Juanababes #Juan365 #AllInJuanSaSaya #Juan365livestream",15,"12/28/2025 15:51",N/A,https://www.facebook.com/reel/1585906775900636/,0,0,Videos,,,,,Lifetime,288,213,34,25,6,3,18,18,,1956.113,8.972,0,0,0
122117372901013186,61580395595183,"Juana Babe Jam","Ready to catch your hearts Jammies! 
Baka meron na nahulog dyaan ah 👀

Drop ❤️ below bago ako madrop sayo 🤭

#JuanaBabeJam #Juanababes #Juan365 #AllInJuanSaSaya #Juan365livestream","Ready to catch your hearts Jammies! 
Baka meron na nahulog dyaan ah 👀

Drop ❤️ below bago ako madrop sayo 🤭

#JuanaBabeJam #Juanababes #Juan365 #AllInJuanSaSaya #Juan365livestream",16,"12/27/2025 23:49",N/A,https://www.facebook.com/reel/799908513106227/,0,0,Videos,,,,,Lifetime,276,241,43,30,7,6,11,11,,1532.835,6.782,0,0,0
122117242779013186,61580395595183,"Juana Babe Jam","Good morning Juankada! Attendance check muna tayo!🥰

Isang ❤️ react at ingay naman ng mga solid Juankada dyan!🥳

#JuanaBabeJam #Juanababes
#Juan365 #AllInJuanSaSaya #Juan365livestream","Good morning Juankada! Attendance check muna tayo!🥰

Isang ❤️ react at ingay naman ng mga solid Juankada dyan!🥳

#JuanaBabeJam #Juanababes
#Juan365 #AllInJuanSaSaya #Juan365livestream",16,"12/26/2025 17:33",N/A,https://www.facebook.com/reel/843268438584561/,0,0,Videos,,,,,Lifetime,651,346,91,55,21,15,23,23,,3926.064,8.371,0,0,0
122117165301013186,61580395595183,"Juana Babe Jam","TGIF feels, ready na ulit mag weekends kahit kaka-holiday lang ❤️

Tag mo yung Friend mo Excited Pag Friday 😁

#JuanaBabeJam #Juanababes
#Juan365 #AllInJuanSaSaya #Juan365livestream","TGIF feels, ready na ulit mag weekends kahit kaka-holiday lang ❤️

Tag mo yung Friend mo Excited Pag Friday 😁

#JuanaBabeJam #Juanababes
#Juan365 #AllInJuanSaSaya #Juan365livestream",19,"12/25/2025 23:18",N/A,https://www.facebook.com/reel/718058334367823/,0,0,Videos,,,,,Lifetime,495,352,61,37,16,8,28,28,,2670.675,6.954,0,0,0
122117054757013186,61580395595183,"Juana Babe Jam","Good morning juankada! ❤️     
     MERRY CHRISTMAS

 Kung nabusog ka kagabi, comment “Blessed”😇

#JuanaBabeJam #Juanababes
#Juan365 #AllInJuanSaSaya #Juan365livestream",,0,"12/24/2025 19:26",N/A,https://www.facebook.com/JuanababeJam/posts/pfbid02YqZbjntcDxSbbrY4fKcsgPjM6cDgESqPx2n4gTvnG5hLqEaXH42H836HfyQj2MBjl,0,0,Photos,,,,,Lifetime,976,450,86,51,22,13,57,30,27,,,,,
122116992615013186,61580395595183,"Juana Babe Jam","Ngayong Pasko, kahit simpleng gift, may meaning. Ano ang pinaka-heartwarming na natanggap mong pamasko 🥰

#JuanaBabeJam#Juanababes
#Juan365#AllInJuanSaSaya#Juan365live","Ngayong Pasko, kahit simpleng gift, may meaning. Ano ang pinaka-heartwarming na natanggap mong pamasko 🥰

#JuanaBabeJam#Juanababes
#Juan365#AllInJuanSaSaya#Juan365live",16,"12/24/2025 05:36",N/A,https://www.facebook.com/reel/2146179399242349/,0,0,Videos,,,,,Lifetime,473,286,68,46,19,3,28,28,,2773.28,8.403,0,0,0
122116949595013186,61580395595183,"Juana Babe Jam","Grabe ang mga hablutan, 
Bardagulan na may konting exchange gift ahahahah 🎁

Nakapag exchange gifts na ba ang lahat???🥰

#JuanaBabeJam#Juanababes
#Juan365#AllInJuanSaSaya#Juan365livestream","Grabe ang mga hablutan, 
Bardagulan na may konting exchange gift ahahahah 🎁

Nakapag exchange gifts na ba ang lahat???🥰

#JuanaBabeJam#Juanababes
#Juan365#AllInJuanSaSaya#Juan365livestream",86,"12/23/2025 19:02",mixed,https://www.facebook.com/reel/801426342945921/,0,0,Videos,,,,,Lifetime,394,348,31,27,3,1,11,11,,5700.428,16.102,0,0,0
122116947165013186,61580395595183,"Juana Babe Jam","Grabe talaga ang lakas ng dating ng isang Juana Babe Jam 🤩

Mention mo yung kaibigan mong mas malakas yun dating 😁

#JuanaBabeJam#Juanababes
#Juan365#AllInJuanSaSaya#Juan365livestream","Grabe talaga ang lakas ng dating ng isang Juana Babe Jam 🤩

Mention mo yung kaibigan mong mas malakas yun dating 😁

#JuanaBabeJam#Juanababes
#Juan365#AllInJuanSaSaya#Juan365livestream",15,"12/23/2025 18:16",N/A,https://www.facebook.com/reel/2064304141091091/,0,0,Videos,,,,,Lifetime,216,162,27,20,6,1,13,13,,1232.453,7.379,0,0,0
122116902117013186,61580395595183,"Juana Babe Jam","Sending Christmas cheer your way, Juankada 🎁",,0,"12/23/2025 06:23",N/A,https://www.facebook.com/photo.php?fbid=122116902117013186&set=a.122097271449013186&type=3,0,0,Photos,,,,,Lifetime,567,243,66,50,14,2,17,17,,,,,,
122116797885013186,61580395595183,"Juana Babe Jam","Ready ka na, Juankada?
Roll the dice, trust the color! 🎲🎨
Masaya, easy, at siguradong may panalo!

⏰ LIVE mamayang 2AM na to'
#Juan365 #Juan365livestream #Juan365Studio #AllInJuanSaSaya #Juankada",,0,"12/22/2025 05:00",N/A,https://www.facebook.com/JuanababeJam/posts/pfbid0n9TgsUFqNjGL8MpX53q6LaANJnXXrjK6FHvmTLEBDWRAAdq5fbdr3Z4YUhhFvjyWl,0,0,Photos,,,,,Lifetime,484,234,43,29,7,7,14,14,,,,,,
122116667547013186,61580395595183,"Juana Babe Jam","Kung napangiti ka nung nakita mo ’to, baka na  miss mo lang ako 😆
 
Miss niyo din ba ko Juankada?🥺
Comment ""Hi"" naman dyan and hit ❤️ react!

#JuanaBabeJam #Juanababes #Juan365 #AllInJuanSaSaya #Juan365livestream","Kung napangiti ka nung nakita mo ’to, baka na  miss mo lang ako 😆
 
Miss niyo din ba ko Juankada?🥺
Comment ""Hi"" naman dyan and hit ❤️ react!

#JuanaBabeJam #Juanababes #Juan365 #AllInJuanSaSaya #Juan365livestream",15,"12/20/2025 22:56",N/A,https://www.facebook.com/reel/849063321067471/,0,0,Videos,,,,,Lifetime,577,355,91,53,28,10,35,35,,5939.295,15.67,0,0,0
122116528701013186,61580395595183,"Juana Babe Jam","Juankada toll call Kitakits bukas, Sa SM MOA 🤗

Comment ‘ANDIYAN AKO’ kung pupunta ka!😘

#JuanaBabeJam #Juanababes #Juan365 #AllInJuanSaSaya #Juan365livestream","Juankada toll call Kitakits bukas, Sa SM MOA 🤗

Comment ‘ANDIYAN AKO’ kung pupunta ka!😘

#JuanaBabeJam #Juanababes #Juan365 #AllInJuanSaSaya #Juan365livestream",15,"12/19/2025 07:48",N/A,https://www.facebook.com/reel/839265642242780/,0,0,Videos,,,,,Lifetime,496,273,83,51,26,6,21,21,,2614.027,6.933,0,0,0
122116517949013186,61580395595183,"Juana Babe Jam","It’s the season of giving! ✨

Tag yung taong gusto mong bigyan ng extra blessing ngayong Pasko 🎁

#JuanaBabeJam #Juanababes #Juan365 #AllInJuanSaSaya #Juan365livestream","It’s the season of giving! ✨

Tag yung taong gusto mong bigyan ng extra blessing ngayong Pasko 🎁

#JuanaBabeJam #Juanababes #Juan365 #AllInJuanSaSaya #Juan365livestream",21,"12/19/2025 05:30",N/A,https://www.facebook.com/reel/10031640760294035/,0,0,Videos,,,,,Lifetime,543,288,72,45,17,10,13,13,,3939.602,9.8,0,0,0
122116399677013186,61580395595183,"Juana Babe Jam","Juankada Im here again, your Juanababe JAM kaya niyo ba makisabay sakin 😘

Kung napangiti ka sa level ko, tag mo na yung kilala mo makakasabay sakin 😏

#JuanaBabeJam #Juanababes #Juan365 #AllInJuanSaSaya #Juan365livestream","Juankada Im here again, your Juanababe JAM kaya niyo ba makisabay sakin 😘

Kung napangiti ka sa level ko, tag mo na yung kilala mo makakasabay sakin 😏

#JuanaBabeJam #Juanababes #Juan365 #AllInJuanSaSaya #Juan365livestream",16,"12/18/2025 02:17",N/A,https://www.facebook.com/reel/899514759167758/,0,0,Videos,,,,,Lifetime,1295,628,148,101,29,18,61,61,,8890.353,9.695,0,0,0
122115283815013186,61580395595183,"Juana Babe Jam","Lights, camera, DANCE! 💃✨
JOIN the  ALL IN SA SayaJUAN Dance Craze Challenge and get a chance to take home the GRAND PRIZE or an iPhone 17 Pro! 📱🔥

#juanababes #Juan365livestream #Juan365PH
#AllInJuanSaSaya #JuanKada #tunogngsayajuan365 #allinsayajuan",,0,"12/07/2025 22:13",N/A,https://www.facebook.com/photo.php?fbid=122115283815013186&set=a.122097272451013186&type=3,0,0,Photos,,,,,Lifetime,175,75,91,65,15,11,3,3,,,,,,
122115267387013186,61580395595183,"Juana Babe Jam",,,0,"12/07/2025 16:40",N/A,https://www.facebook.com/JuanababeJam/posts/pfbid02GDZiHcCsfjS3esB4EjcxL2RidV8wcZEZNWhwqNJQRKikGBLtvG5877Q2kH3hSemcl,0,1,Photos,,,,,Lifetime,929,368,94,62,22,10,25,24,1,,,,,
122115265923013186,61580395595183,"Juana Babe Jam","Join na para di ka left behind sa glow-up storyline. 😉

Ilapag mo na ‘yan dance moves mo sa comment section Juankada.☺️

Malay mo, ikaw na sunod na spotlight! ✨🕺

#AllInJuanSaSaya #Juan365livestream #Juan365PH #JuanKada  #ALLINSAYAJUAN #Juan365  #TunogNgSayaJUAN365 #Juan365JingleChallenge  #JuankadaMoves","Join na para di ka left behind sa glow-up storyline. 😉

Ilapag mo na ‘yan dance moves mo sa comment section Juankada.☺️

Malay mo, ikaw na sunod na spotlight! ✨🕺

#AllInJuanSaSaya #Juan365livestream #Juan365PH #JuanKada  #ALLINSAYAJUAN #Juan365  #TunogNgSayaJUAN365 #Juan365JingleChallenge  #JuankadaMoves",35,"12/07/2025 16:11",N/A,https://www.facebook.com/reel/810740481790989/,0,0,Videos,,,,,Lifetime,2515,1194,376,257,76,43,76,76,,28722.159,14.506,0,0,0
122115184269013186,61580395595183,"Juana Babe Jam","Good morning Juankada!☀️
Sunday blessings to everyone.💙

Marking muna ng steps! Ready na ba kayo makita ang full-out?💃😂

Comment ‘GO!’ sa baba! 👇😉

#Juan365livestream #Juan365PH #JuanKada #JUANABABEJAM","Good morning Juankada!☀️
Sunday blessings to everyone.💙

Marking muna ng steps! Ready na ba kayo makita ang full-out?💃😂

Comment ‘GO!’ sa baba! 👇😉

#Juan365livestream #Juan365PH #JuanKada #JUANABABEJAM",12,"12/06/2025 18:50",N/A,https://www.facebook.com/reel/835460339400708/,0,0,Videos,,,,,Lifetime,944,553,142,80,48,14,41,41,,6784.631,11.049,0,0,0
122115032619013186,61580395595183,"Juana Babe Jam","Hold on tight, Juankada — baka Christmas wish mo na ang matupad!
Tutok lang, don’t miss out, and claim your luck! 🍀

#juanababes #Juan365livestream #Juan365PH
#AllInJuanSaSaya #JuanKada #Juan365",,0,"12/05/2025 02:37",N/A,https://www.facebook.com/JuanababeJam/posts/pfbid0oz3rVGssTqYbj7ppX5U3wPAsD6eFZ8qpeLRThbHSWeWSdUWWz7fsGrzgrkzNE6LNl,0,0,Text,,,,,Lifetime,,280,32,28,4,0,41,41,,,,,,
122117713011015980,61580479407070,"Juana Babe Zell","I miss you muchhh babes! 
Your still the apple of my eye talaga 😩

Did you miss me too? Tag your friends na miss mo na din 💖

#juanababezell #juanababes #Juan365livestream #AllInJuanSaSaya #Juan365PH #JuanKada #Juan365 #juanababies #seeyousoon #Lovelots #Followformore #fyp #reels","I miss you muchhh babes! 
Your still the apple of my eye talaga 😩

Did you miss me too? Tag your friends na miss mo na din 💖

#juanababezell #juanababes #Juan365livestream #AllInJuanSaSaya #Juan365PH #JuanKada #Juan365 #juanababies #seeyousoon #Lovelots #Followformore #fyp #reels",29,"12/29/2025 23:01",N/A,https://www.facebook.com/reel/1563853721431664/,1,0,Videos,,,,,Lifetime,413,320,78,48,22,8,22,22,,2019.204,5.852,0,0,0,,
122117697813015980,61580479407070,"Juana Babe Zell","Christmas is already done pero all I want pa din is kayo babes! 🥰

Tap “❤️” follow and share mo na din kung same tayoo~

#juanababezell #juanababes #Juan365livestream #AllInJuanSaSaya #Juan365PH #JuanKada #Juan365 #juanababies #seeyousoon #Lovelots #Followformore #fyp #reels","Christmas is already done pero all I want pa din is kayo babes! 🥰

Tap “❤️” follow and share mo na din kung same tayoo~

#juanababezell #juanababes #Juan365livestream #AllInJuanSaSaya #Juan365PH #JuanKada #Juan365 #juanababies #seeyousoon #Lovelots #Followformore #fyp #reels",19,"12/29/2025 18:38",N/A,https://www.facebook.com/reel/1552399482466692/,0,0,Videos,,,,,Lifetime,334,239,58,36,15,7,25,25,,2155.576,8.29,0,0,0,,
122117600829015980,61580479407070,"Juana Babe Zell","LIVE NA, JUANKADA! 😆 Kwentuhan, tawanan at kulitan overload kasama sina Juana Babe Sena & Juana Babe Ashley!

Comment “💙” kung andito ka hanggang huli at i-tag na ang tropa!

#Juan365PH #Juan365 #Juan365livestream #juanababes  #juanababesena #juanababeashley #JuanSports #JuanCares #JuanBingo #AllInJuanSaSaya",,0,"12/29/2025 00:33",N/A,https://www.facebook.com/JuanababeZell/posts/pfbid0281X25QxNkCqPe2RyULoYeqLAvsqCCAZRSMkFgJoCW39ZhGFJepHkAKhKne9By43Jl,0,1,Live,,,,,Lifetime,,86,7,6,1,0,5,5,,,,,,,,
122117330637015980,61580479407070,"Juana Babe Zell","City of Dreams by day, your dreams by night 💖

 Dreams or reality? Follow and Comment ""Catch"" to make your dreams real babes 💋

#juanababezell #juanababes #Juan365livestream #AllInJuanSaSaya #Juan365PH #JuanKada #Juan365 #juanababies #seeyousoon #Lovelots #Followformore #CityOfDreams #MeetMeThere","City of Dreams by day, your dreams by night 💖

 Dreams or reality? Follow and Comment ""Catch"" to make your dreams real babes 💋

#juanababezell #juanababes #Juan365livestream #AllInJuanSaSaya #Juan365PH #JuanKada #Juan365 #juanababies #seeyousoon #Lovelots #Followformore #CityOfDreams #MeetMeThere",11,"12/26/2025 18:00",uploaded,https://www.facebook.com/reel/1163607459273000/,1,0,Videos,,,,,Lifetime,972,647,107,64,28,15,21,21,,4835.714,6.706,0,0,0,,
122117297271015980,61580479407070,"Juana Babe Zell","She has that kind of magic ✨
One look at her, and it’s game over

Don’t just scroll, follow now, discover and  Tap ""❤️"" to find out why 😉

#juanababezell #juanababes #Juan365livestream #AllInJuanSaSaya #Juan365PH #JuanKada #Juan365 #juanababies #seeyousoon #Lovelots #Followformore","She has that kind of magic ✨
One look at her, and it’s game over

Don’t just scroll, follow now, discover and  Tap ""❤️"" to find out why 😉

#juanababezell #juanababes #Juan365livestream #AllInJuanSaSaya #Juan365PH #JuanKada #Juan365 #juanababies #seeyousoon #Lovelots #Followformore",15,"12/26/2025 10:10",mixed,https://www.facebook.com/reel/1528348351618244/,0,0,Videos,,,,,Lifetime,651,435,72,45,16,11,10,10,,3720.127,7.337,0,0,0,,
122117116995015980,61580479407070,"Juana Babe Zell","Soft start, strong finish 😏 

Stay till the end! You ready? Watch this and tell me what you think 👇

#juanababezell #juanababes #Juan365livestream #AllInJuanSaSaya #Juan365PH #JuanKada #Juan365 #juanababies #seeyousoon #Lovelots #Followformore","Soft start, strong finish 😏 

Stay till the end! You ready? Watch this and tell me what you think 👇

#juanababezell #juanababes #Juan365livestream #AllInJuanSaSaya #Juan365PH #JuanKada #Juan365 #juanababies #seeyousoon #Lovelots #Followformore",11,"12/25/2025 00:52",N/A,https://www.facebook.com/reel/1377964980737584/,0,0,Videos,,,,,Lifetime,523,331,90,51,27,12,28,28,,2670.294,6.953,0,0,0,,
122117020047015980,61580479407070,"Juana Babe Zell","MERRY CHRISTMAS EVERYONE 🎁🎄",,0,"12/24/2025 08:14",N/A,https://www.facebook.com/JuanababeZell/posts/pfbid0aWm5uPWBuS9FqDUTHzqU5jKprbJdhG2HV8noRA7o9mth313PmrEwh6rxckQKRFdhl,0,0,Text,,,,,Lifetime,479,202,48,27,16,5,12,12,,,,,,,,
122116999041015980,61580479407070,"Juana Babe Zell","Let’s start the countdown, babes! 
Merry Christmas everyJuan 💝

Share this with someone who loves Christmas as much as you do 🎄

#juanababezell #juanababes #Juan365livestream #AllInJuanSaSaya #Juan365PH #JuanKada #Juan365 #juanababies #seeyousoon #Lovelots #FollowForMore #Share #MerryChristmas #HappyHolidays","Let’s start the countdown, babes! 
Merry Christmas everyJuan 💝

Share this with someone who loves Christmas as much as you do 🎄

#juanababezell #juanababes #Juan365livestream #AllInJuanSaSaya #Juan365PH #JuanKada #Juan365 #juanababies #seeyousoon #Lovelots #FollowForMore #Share #MerryChristmas #HappyHolidays",19,"12/24/2025 04:29",N/A,https://www.facebook.com/reel/1218499400190755/,0,0,Videos,,,,,Lifetime,198,217,74,44,18,12,13,13,,1471.37,4.937,0,0,0,,
122116960419015980,61580479407070,"Juana Babe Zell","Need pa ba magpakilala babes? 
You know me more than I do 😉

React 💖 , Follow and invite your friends to know more about me

#juanababezell #juanababes #Juan365livestream #AllInJuanSaSaya #Juan365PH #JuanKada #Juan365 #juanababies #seeyousoon #Lovelots #Followformore","Need pa ba magpakilala babes? 
You know me more than I do 😉

React 💖 , Follow and invite your friends to know more about me

#juanababezell #juanababes #Juan365livestream #AllInJuanSaSaya #Juan365PH #JuanKada #Juan365 #juanababies #seeyousoon #Lovelots #Followformore",14,"12/23/2025 20:00",uploaded,https://www.facebook.com/reel/1211597861039328/,1,0,Videos,,,,,Lifetime,301,181,55,33,10,12,13,13,,1252.019,5.564,0,0,0,,
122116944435015980,61580479407070,"Juana Babe Zell","Christimas vibe is giving, but in my hot snz era 🔥

Christmas season? Or Hot Season? Comment your vibes now 👇💖

#juanababezell #juanababes #Juan365livestream #AllInJuanSaSaya #Juan365PH #JuanKada #Juan365 #juanababies #seeyousoon #HotEra #ChristmasSsason","Christimas vibe is giving, but in my hot snz era 🔥

Christmas season? Or Hot Season? Comment your vibes now 👇💖

#juanababezell #juanababes #Juan365livestream #AllInJuanSaSaya #Juan365PH #JuanKada #Juan365 #juanababies #seeyousoon #HotEra #ChristmasSsason",18,"12/23/2025 15:55",uploaded,https://www.facebook.com/reel/2105155870257516/,0,0,Videos,,,,,Lifetime,571,383,73,41,18,14,28,28,,2868.77,6.196,0,0,0,,
122116906965015980,61580479407070,"Juana Babe Zell","Sending Christmas cheer your way, Juanababies✨

#juanbabes #Juan365livestream #juanababeszell",,0,"12/23/2025 06:21",N/A,https://www.facebook.com/photo.php?fbid=122116906965015980&set=a.122094885051015980&type=3,0,0,Photos,,,,,Lifetime,594,260,70,54,13,3,24,20,4,,,,,,,
122116860951015980,61580479407070,"Juana Babe Zell","kamusta kayo today juanababies?🥺

not at my best today pero ang gaan ng pakiramdam ko dahil sainyo 

mag-comment lang kayo para alam ko kung okay kayo 🤍

#juanababezell #juanababes #Juan365livestream #AllInJuanSaSaya #Juan365PH #JuanKada #Juan365 #juanababies #seeyousoon #gentlereminderr #OKAYLANGKAYO","kamusta kayo today juanababies?🥺

not at my best today pero ang gaan ng pakiramdam ko dahil sainyo 

mag-comment lang kayo para alam ko kung okay kayo 🤍

#juanababezell #juanababes #Juan365livestream #AllInJuanSaSaya #Juan365PH #JuanKada #Juan365 #juanababies #seeyousoon #gentlereminderr #OKAYLANGKAYO",16,"12/22/2025 22:44",mixed,https://www.facebook.com/reel/788107600953748/,0,0,Videos,,,,,Lifetime,350,233,54,37,13,4,26,26,,1634.95,5.966,0,0,0,,
122116769547015980,61580479407070,"Juana Babe Zell","LIVE na LIVE ang saya! 
Classic game na pwede mo na laruin everytime and everywhere 😍

Abang abang na Jaunkada mamayang 2AM na yan 🤩

I-like at i-follow ang Juan365 Studios, huwag palampasin ang lahat ng saya at sorpresa!

#Juan365 #Juan365Studio #AllInJuanSaSaya #JuanKada #Juan365Studio #JuanaBabe #JuanaBabeZell",,0,"12/22/2025 05:00",N/A,https://www.facebook.com/JuanababeZell/posts/pfbid02wJYkYazamD5mQrgnnDGejGvNXgW8iv76m4gWE9KBxzPpXKp7iCbrRDE2tFVC9ZbDl,0,0,Photos,,,,,Lifetime,455,194,71,48,14,9,10,9,1,,,,,,,
122116743699015980,61580479407070,"Juana Babe Zell","𝐉𝐔𝐀𝐍𝐊𝐀𝐃𝐀 𝐓𝐎𝐓𝐎𝐎 𝐀𝐍𝐆 𝐁𝐀𝐋𝐈𝐓𝐀! ‼️📢
𝐁𝐔𝐊𝐀𝐒 𝐍𝐀 ang pinaka-𝐌𝐀𝐒𝐀𝐘𝐀, pinaka-𝐄𝐏𝐈𝐂, at pinaka-𝐂𝐎𝐋𝐎𝐑𝐅𝐔𝐋 na 𝐂𝐎𝐋𝐎𝐑 𝐆𝐀𝐌𝐄 dito lang yan 𝐉𝐮𝐚𝐧𝟑𝟔𝟓 𝐒𝐭𝐮𝐝𝐢𝐨𝐬! 💥
Comment “𝐆𝐀𝐌𝐄 𝐍𝐀!” kung ready ka ng mapapasigaw sa saya at I-tag na ang mga kaibigan mong kakampi o kakalaban mo sa challenge!
Huwag palampasin—ito ang color craze na pinag-uusapan ng buong bayan! 📣
#Juan365 #juan365studios #AllInJuanSaSaya #JuanKada",,0,"12/21/2025 23:52",N/A,https://www.facebook.com/JuanababeZell/posts/pfbid02UAW9cmdz1eWk5EoyAoPYLXdPPLy6LfZxttd86zcW9AXpz5m2ddFVJ4UrZnb47tQkl,0,1,Videos,,,,,Lifetime,,91,22,16,6,0,4,4,,,,,,,,
122116728243015980,61580479407070,"Juana Babe Zell","Good Aftieee Juankada! 😘

Saan nyo ako gusto makita sa susunod? Comment mo lang 👀😍 

#juanababezell #juanababes #Juan365livestream #AllInJuanSaSaya #Juan365PH #JuanKada #Juan365 #seeyousoon","Good Aftieee Juankada! 😘

Saan nyo ako gusto makita sa susunod? Comment mo lang 👀😍 

#juanababezell #juanababes #Juan365livestream #AllInJuanSaSaya #Juan365PH #JuanKada #Juan365 #seeyousoon",9,"12/21/2025 20:27",N/A,https://www.facebook.com/reel/1226721996004133/,0,0,Videos,,,,,Lifetime,620,346,71,46,18,7,21,21,,2952.302,7.325,0,0,0,,
122116656675015980,61580479407070,"Juana Babe Zell","Little white dress energy. ✨ 

Staying busy and loving every second of it! 

Juankada, How’s your weekend? Let me know in the comments! 👇

#juanababezell #juanababes #Juan365livestream #AllInJuanSaSaya #Juan365PH #JuanKada #Juan365 #HappyWeekends",,0,"12/21/2025 06:04",N/A,https://www.facebook.com/JuanababeZell/posts/pfbid0e8E4875vX1L148KNVNkh8HDNShZAXHSFyRFuJuSe2xtCxLCNgxfzHJYaa3TemcUel,0,0,Photos,,,,,Lifetime,706,341,68,50,16,2,39,29,10,,,,,,,1
122116529853015980,61580479407070,"Juana Babe Zell","Just me, my dress, and the night sky. ✨

What’s your fave night spot Juankada?  Double tap if you love this vibe! 💋

#juanababezell #juanababes #Juan365livestream #AllInJuanSaSaya #Juan365PH #JuanKada #Juan365 #CityLights #CityVibes","Just me, my dress, and the night sky. ✨

What’s your fave night spot Juankada?  Double tap if you love this vibe! 💋

#juanababezell #juanababes #Juan365livestream #AllInJuanSaSaya #Juan365PH #JuanKada #Juan365 #CityLights #CityVibes",13,"12/20/2025 02:30",uploaded,https://www.facebook.com/reel/25274483275545835/,1,0,Videos,,,,,Lifetime,530,319,79,55,20,4,18,18,,3226.921,8.027,0,0,0,,
122116509795015980,61580479407070,"Juana Babe Zell","From party to kusina real quick 😅
Comfort food hits different after party 🤍

 Pasado ba, Juankada? Drop a ❤️ kung yes!

#juanababezell #juanababes #Juan365livestream #AllInJuanSaSaya #Juan365PH #JuanKada #Juan365 #CravingSatisfied #ComfortFoodMoments","From party to kusina real quick 😅
Comfort food hits different after party 🤍

 Pasado ba, Juankada? Drop a ❤️ kung yes!

#juanababezell #juanababes #Juan365livestream #AllInJuanSaSaya #Juan365PH #JuanKada #Juan365 #CravingSatisfied #ComfortFoodMoments",27,"12/19/2025 23:06",N/A,https://www.facebook.com/reel/712443794937613/,0,0,Videos,,,,,Lifetime,1003,547,110,60,35,15,26,26,,7725.001,9.692,0,0,0,,
122116401639015980,61580479407070,"Juana Babe Zell","When you show up and glow up ✨

Share this sparkle and tag your glam squad! 💖

#juanababezell #juanababes #Juan365livestream #AllInJuanSaSaya #Juan365PH #JuanKada #Juan365 #ShineBright #TagYourBestie #ShareTheVibe #GlowUpTogether",,0,"12/18/2025 23:00",N/A,https://www.facebook.com/JuanababeZell/posts/pfbid02rjiNgMQDJqpTLPBc2YNQsm6LuR8QgDoa9WPcfMNo9ByefwsfLie4b3S9X4WR75ESl,0,0,Photos,,,,,Lifetime,860,343,125,76,31,18,60,39,21,,,,,,,
122116387683015980,61580479407070,"Juana Babe Zell","Holiday energy is in the air Juankadaaa✨

Drop a ❤️ kung feel mo na rin ang holiday spirit!

#juanababezell #juanababes #Juan365livestream #AllInJuanSaSaya #Juan365PH #JuanKada #Juan365 #ChristmasFeels #HolidayVibes","Holiday energy is in the air Juankadaaa✨

Drop a ❤️ kung feel mo na rin ang holiday spirit!

#juanababezell #juanababes #Juan365livestream #AllInJuanSaSaya #Juan365PH #JuanKada #Juan365 #ChristmasFeels #HolidayVibes",15,"12/18/2025 20:05",N/A,https://www.facebook.com/reel/725161893546285/,0,0,Videos,,,,,Lifetime,753,446,145,87,34,24,29,29,,5225.519,9.859,0,0,0,,
122116371279015980,61580479407070,"Juana Babe Zell","Every pose is a moment — couldn’t look away 😍

Hit ❤️ if you’re feeling the main character energy like me

#juanababezell #juanababes #Juan365livestream #AllInJuanSaSaya #Juan365PH #JuanKada #Juan365 #YearEndVibes","Every pose is a moment — couldn’t look away 😍

Hit ❤️ if you’re feeling the main character energy like me

#juanababezell #juanababes #Juan365livestream #AllInJuanSaSaya #Juan365PH #JuanKada #Juan365 #YearEndVibes",13,"12/18/2025 16:06",N/A,https://www.facebook.com/reel/1598974134876260/,0,0,Videos,,,,,Lifetime,844,511,103,61,25,17,25,25,,4579.942,7.351,0,0,0,,
122116183497015980,61580479407070,"Juana Babe Zell","From the outfit to the vibe — all about celebration ✨
Capturing every glamorous moment 📸

Which pose would you pick? Let me know in the comments 😊

#juanababezell #juanababes #Juan365livestream #Juan365PH #JuanKada #Juan365 #YearEndVibes #RedDressEnergy #PartyModeOn #GlamGoals #MemoriesCaptured #ShineBright #GlowUp #CommentYourFave #DoubleTapIfYouAgree #FavoritePose #PhotoOfTheNight",,0,"12/17/2025 01:23",N/A,https://www.facebook.com/JuanababeZell/posts/pfbid02QShmm4eDiUFiUSgb2CzWHSzhcrzk8cHDLNr6b5djFLZYvAXXfUc3LAaNXHtVsac7l,0,0,Photos,,,,,Lifetime,1070,387,105,72,27,6,86,50,36,,,,,,,
122116057557015980,61580479407070,"Juana Babe Zell","Juankada, request granted! 🥰

Sumasayaw na lahat—ikaw na lang. Entry na!

Tag someone na sasayaw with you! ✨

#juanababezell #juanababes #Juan365livestream #Juan365PH #JuanKada #Juan365 #DanceristModeOn #TunogNgSayaJUAN365 #ALLINSAYAJUAN #JuankadaMoves #Juan365JingleChallenge","Juankada, request granted! 🥰

Sumasayaw na lahat—ikaw na lang. Entry na!

Tag someone na sasayaw with you! ✨

#juanababezell #juanababes #Juan365livestream #Juan365PH #JuanKada #Juan365 #DanceristModeOn #TunogNgSayaJUAN365 #ALLINSAYAJUAN #JuankadaMoves #Juan365JingleChallenge",35,"12/15/2025 21:12",uploaded,https://www.facebook.com/reel/1427773785380818/,0,0,Videos,,,,,Lifetime,769,531,134,91,31,12,55,55,,7794.702,12.778,0,0,0,,
122115921123015980,61580479407070,"Juana Babe Zell","JuanG is here! 😎
Nagkita na ulit kami… coincidence ba ‘to? 🤔👀

Comment “G” kung ready ka + follow 🔔

#juanababezell #juanababes #Juan365livestream #Juan365PH #JuanKada #Juan365 #JuanG #followformore #AllInJuanSaSaya","JuanG is here! 😎
Nagkita na ulit kami… coincidence ba ‘to? 🤔👀

Comment “G” kung ready ka + follow 🔔

#juanababezell #juanababes #Juan365livestream #Juan365PH #JuanKada #Juan365 #JuanG #followformore #AllInJuanSaSaya",5,"12/14/2025 19:47",N/A,https://www.facebook.com/reel/1373946091093788/,0,0,Videos,,,,,Lifetime,1768,898,91,61,22,8,62,62,,6157.737,6.361,0,0,0,,
122115835425015980,61580479407070,"Juana Babe Zell",,,0,"12/14/2025 05:54",N/A,https://www.facebook.com/JuanababeZell/posts/pfbid0t8kQBxK9b9QJyUuPMZxRw2zj53w5EWM25wt5RmyJsHRnH65qCHkVYcExJQ5Vew9Yl,0,1,Photos,,,,,Lifetime,469,213,47,33,11,3,19,17,2,,,,,,,
122115679737015980,61580479407070,"Juana Babe Zell",,,0,"12/13/2025 01:42",N/A,https://www.facebook.com/JuanababeZell/posts/pfbid0pCPbJwXJXZtCRyrSeVnqTpnXjnPJPvVJSpp8qpmpcZUsAZbkxbsxVCupjBnfsnPvl,0,1,Photos,,,,,Lifetime,728,277,94,67,7,20,20,18,2,,,,,,,
122115398913015980,61580479407070,"Juana Babe Zell","Calling all JUANKADA! 💙

Ready na ba sa solid na chikahan at good vibes? Hit that follow button and be part of our growing family!

React ❤️ kapag nakapag-follow na!

#juanababes #juanababezell #Juan365livestream #Juan365PH #AllInJuanSaSaya #JuanKada #Juan365 #followformore",,0,"12/10/2025 20:31",N/A,https://www.facebook.com/JuanababeZell/posts/pfbid02Zyk7icG2pLDq82u1LaX8hofM65soyqME8xaszY7xHpeGE2HD5iDaipAhS9XoLkLZl,0,1,Photos,,,,,Lifetime,778,278,100,68,18,14,25,24,1,,,,,,,
122115397197015980,61580479407070,"Juana Babe Zell","Honestly just loving this look… simple pero ang lakas maka-Kabogera.💙

What do you think Juankada? 
too much ba or just right lang?😅

Comment “Kabog” if this one’s a yes for you!😉

#juanababezell #juanababes #Juan365livestream #Juan365PH #JuanKada #Juan365 #confidencecheck #ootd #kabogera","Honestly just loving this look… simple pero ang lakas maka-Kabogera.💙

What do you think Juankada? 
too much ba or just right lang?😅

Comment “Kabog” if this one’s a yes for you!😉

#juanababezell #juanababes #Juan365livestream #Juan365PH #JuanKada #Juan365 #confidencecheck #ootd #kabogera",22,"12/10/2025 20:07",N/A,https://www.facebook.com/reel/836516579244547/,0,0,Videos,,,,,Lifetime,997,512,260,142,43,75,52,52,,7191.258,9.424,0,0,0,,
122115270357015980,61580479407070,"Juana Babe Zell","15 days before Christmas! 🎄

Ano ang pinaka-prepared mo so far — presents, OOTD, o pang-handaan tummy? 😆

Comment na! ⬇️

#juanababes #juanababezell #Juan365livestream #Juan365PH #AllInJuanSaSaya #JuanKada #Juan365 #christmasiscoming #christmastime",,0,"12/09/2025 20:51",N/A,https://www.facebook.com/JuanababeZell/posts/pfbid07Pb8bxYgjymwHP6GKtgdNR7BkFVkdGtUbq1s8r3f9V3v8RgRYGzipASjurtp9crAl,0,1,Photos,,,,,Lifetime,563,246,55,38,10,7,7,5,2,,,,,,,
122115258915015980,61580479407070,"Juana Babe Zell","💛 Small steps, big glow.

reminder to always put yourself first—kahit gaano ka-busy, deserve mo rin mag-pause at mag-glow. 🌞

Ikaw, paano ka magse-self-love Juankada?

#JuanaBabeZell #Juanababes #Juan365livestream #Juan365PH #JuanKada #Juan365 #PrioritizeYourself #FeelingGoodInsideAndOut","💛 Small steps, big glow.

reminder to always put yourself first—kahit gaano ka-busy, deserve mo rin mag-pause at mag-glow. 🌞

Ikaw, paano ka magse-self-love Juankada?

#JuanaBabeZell #Juanababes #Juan365livestream #Juan365PH #JuanKada #Juan365 #PrioritizeYourself #FeelingGoodInsideAndOut",12,"12/09/2025 17:48",N/A,https://www.facebook.com/reel/1511851036712708/,0,0,Videos,,,,,Lifetime,662,328,118,61,27,30,22,22,,3387.906,7.429,0,0,0,,
122115160617015980,61580479407070,"Juana Babe Zell","💛 1K followers! Grabe kayo — solid! 

What should we do to celebrate? 

Comment mo na yan Juankada! 🥳

#JuanaBabeZell #Juanababes #Juan365livestream #Juan365PH  #Juan365 #ThankYou1K #1KAndCounting #OnToTheNextK",,0,"12/08/2025 23:52",N/A,https://www.facebook.com/JuanababeZell/posts/pfbid02Z573CvUfLxFPztwJh1G63z9Cg9jpb7MGrNBcSAJn6b2Rvq9jHBM2an1F3vPBSgC8l,0,0,Photos,,,,,Lifetime,984,406,131,83,41,7,56,53,3,,,,,,,
122115119739015980,61580479407070,"Juana Babe Zell","✨🎄 16 days before Christmas 🎄✨

Good Morning Juankada, December Feels a little warm, soft and cheerful today. 💞

Excited ka na ba to celebrate your Christmas with me?

Drop that ""❄️"" kung excited ka na

#JuanaBabeZell #Juanababes #Juan365livestream #Juan365PH #JuanKada #Juan365  #16DaysbeforeChristmas #MorningwithZell",,0,"12/08/2025 15:00",N/A,https://www.facebook.com/JuanababeZell/posts/pfbid028TwtiTbqQiZWFHGR6pizXyo3QovA2WbA89yz6GS1tQM2Bf4tDD5LNPnzRhBMKku3l,0,0,Photos,,,,,Lifetime,733,299,128,74,37,17,57,38,19,,,,,,1,
122115029967015980,61580479407070,"Juana Babe Zell","Step into the spotlight and dance for a cause—and a chance to win 1,000,000.
Be part of the  ALL IN SA SayaJUAN Dance Craze Challenge. 💙✨

#juanababes #Juan365livestream #Juan365PH
#AllInJuanSaSaya #JuanKada #tunogngsayajuan365 #allinsayajuan",,0,"12/07/2025 22:21",N/A,https://www.facebook.com/photo.php?fbid=122115029967015980&set=a.122094896613015980&type=3,0,0,Photos,,,,,Lifetime,4,5,33,32,1,0,0,,,,,,,,,
122115022131015980,61580479407070,"Juana Babe Zell","Juankadaaa, ready na ba kayo sa mas pinarami at mas pinasaya na papremyo ni Juan365? Talagang All in Juan sa Saya! 🥳

Sinong excited sa more paparating pa at mas pinabongga na pa-surpresa ni Juan? Mention your friend na always ready🫢🤘🏻

#juanababes #Juan365livestream #Juan365PH #AllInJuanSaSaya #JuanKada #Juan365 #juanababezell",,0,"12/07/2025 20:11",N/A,https://www.facebook.com/JuanababeZell/posts/pfbid02TwwibTquFPm7SJyhnnXdnTrse7FSbtnhK3n1D98MFoRc4PKhho3cshcHkzGZMzn9l,0,1,Photos,,,,,Lifetime,419,205,40,31,7,2,17,14,3,,,,,,,
122114806167015980,61580479407070,"Juana Babe Zell","Surpresa ni Juan version 2 is finally done— Congratulations to our lucky winners 🥳

Hindi na gaanong busy ang sched, makakapag kulitan na ulit with you, 😊

Did you miss me Juankada? Coz' I miss you! xoxo 💋

#juanababezell #Juan365livestream #Juan365PH #JuanKada",,0,"12/05/2025 21:07",N/A,https://www.facebook.com/JuanababeZell/posts/pfbid0xNUJ4ipxaiwsaW5sZLMTGzVvAazbkWJ4nbvLBzNhGe1yAVws2NtL9XxVZriX6qKAl,0,0,Photos,,,,,Lifetime,1767,709,210,130,46,34,116,79,37,,,,,,,
122114721999015980,61580479407070,"Juana Babe Zell","Hello Juankada, nood nood muna kayo ng live baka pangalan mo na ang maswerteng matawag. Level up na ang sorpresa ni Juan, Handa na ba kayo Juankada?  😌🎉

#Juan365 #Juan365PH #AllInJuanSaSaya #JuanKada #surpresanijuanver2",,0,"12/05/2025 02:14",N/A,https://www.facebook.com/JuanababeZell/posts/pfbid029XKjHbQGzatHtWSY5hQiHt8SXv5fi8UcqrqBdeQRWMDanL5k2sxJX1EKhBEjvUsvl,0,0,Text,,,,,Lifetime,,219,32,27,5,0,18,18,,,,,,,,
122114496807015980,61580479407070,"Juana Babe Zell","Juankada, Tara kain tayo! 😊

Cravings satisfied talaga 🍡🥭

Nagutom ka din ba Juankada? Comment mo naman kung anong cravings mo todayy 😉

#juanababezell #Juan365livestream #Juan365PH #JuanKada","Juankada, Tara kain tayo! 😊

Cravings satisfied talaga 🍡🥭

Nagutom ka din ba Juankada? Comment mo naman kung anong cravings mo todayy 😉

#juanababezell #Juan365livestream #Juan365PH #JuanKada",19,"12/02/2025 22:52",N/A,https://www.facebook.com/reel/1434224865370578/,0,0,Videos,,,,,Lifetime,814,609,166,79,48,39,54,54,,7023.005,12.933,0,0,0,,
837103702463694,61580479407070,"Juana Babe Zell","Malayo ka man 🙈😘

#juanababezell #Juan365livestream #Juan365PH #JuanKada","Malayo ka man 🙈😘

#juanababezell #Juan365livestream #Juan365PH #JuanKada",16,"12/02/2025 01:26",auto,https://www.facebook.com/groups/411906971650038/permalink/837103702463694/,1,0,Videos,,,,,Lifetime,467,240,91,49,42,0,21,21,,3710.093,11.63,,,,,
122113990083012033,61580361006776,"Juana Babe Sena","Hanap tayo ng buko! 🥥😋

Sino gusto sumama? Comment ‘ME’ para let’s go! 

Share this post kung trip mo rin mag-buko break!

#Juanababes #Juan365 #AllInJuanSaSaya #Juan365livestream #JuanaBabeSena #BabyGirlSena #FYP #TrendingPH #ForYouPage #ViralPH","Hanap tayo ng buko! 🥥😋

Sino gusto sumama? Comment ‘ME’ para let’s go! 

Share this post kung trip mo rin mag-buko break!

#Juanababes #Juan365 #AllInJuanSaSaya #Juan365livestream #JuanaBabeSena #BabyGirlSena #FYP #TrendingPH #ForYouPage #ViralPH",134,"12/01/2025 01:00",N/A,https://www.facebook.com/reel/1123882586248064/,0,0,Videos,,,,,Lifetime,1831,1737,190,155,22,13,45,45,,16174.738,9.376,0,0,0,,,
122117515935012033,61580361006776,"Juana Babe Sena","4 photos, 1 mood ✨ Swipe ➡️ feel the vibes, ❤️ if you love it! 

#PhotoDump #SwipeRight #VibesOnly #GlowUp #ForYou #TrendingNow #ContentCreator #Juanababesena #Juanabies #Juan356",,0,"12/31/2025 19:03",N/A,https://www.facebook.com/JuanababeSena/posts/pfbid0TNJrAGHUkB2umcHJQsKDTDjERfJHjWk1dPXwGaiE9seUvz9iLnHWLv9d3LFRiSnPl,0,0,Photos,,,,,Lifetime,1622,813,57,45,7,5,53,33,20,,,,,,,,
122117442033012033,61580361006776,"Juana Babe Sena","𝗛𝗶 𝗝𝘂𝗮𝗻𝗮𝗯𝗶𝗲𝘀! 𝗖𝗼𝗻𝗴𝗿𝗮𝘁𝘀 𝘀𝗮 𝟱 𝗹𝘂𝗰𝗸𝘆 𝘄𝗶𝗻𝗻𝗲𝗿𝘀! 𝗘𝗻𝗷𝗼𝘆 𝗮𝗻𝗴 𝘀𝗮𝘆𝗮 𝘀𝗮 𝗝𝘂𝗮𝗻𝟯𝟲𝟱! ❤️

*Jay-ann Lazo Lagrana - 4245235
*Charelyn Legania Mandap - 772870
*Sai Sai - 570795
*Jake Jay Atienza - 376498 
*SanLuis NevesSixtysix Devmelia - 4234649

And Happy New Year, EveryJuan! Let’s start 2026 with good vibes and more fun together! 💖

#Juanababes #Juan365 #AllInJuanSaSaya #Juan365livestream #BabyGirlSena
#SenaBabes #FYP #TrendingPH #ForYouPage #PinoyCreators #ViralPH #Juanabies #LuckyWinners #HappyNewYear2026 #GoodVibesOnly #CelebrateWithUs #TrendingPH","𝗛𝗶 𝗝𝘂𝗮𝗻𝗮𝗯𝗶𝗲𝘀! 𝗖𝗼𝗻𝗴𝗿𝗮𝘁𝘀 𝘀𝗮 𝟱 𝗹𝘂𝗰𝗸𝘆 𝘄𝗶𝗻𝗻𝗲𝗿𝘀! 𝗘𝗻𝗷𝗼𝘆 𝗮𝗻𝗴 𝘀𝗮𝘆𝗮 𝘀𝗮 𝗝𝘂𝗮𝗻𝟯𝟲𝟱! ❤️

*Jay-ann Lazo Lagrana - 4245235
*Charelyn Legania Mandap - 772870
*Sai Sai - 570795
*Jake Jay Atienza - 376498 
*SanLuis NevesSixtysix Devmelia - 4234649

And Happy New Year, EveryJuan! Let’s start 2026 with good vibes and more fun together! 💖

#Juanababes #Juan365 #AllInJuanSaSaya #Juan365livestream #BabyGirlSena
#SenaBabes #FYP #TrendingPH #ForYouPage #PinoyCreators #ViralPH #Juanabies #LuckyWinners #HappyNewYear2026 #GoodVibesOnly #CelebrateWithUs #TrendingPH",59,"12/31/2025 02:00",mixed,https://www.facebook.com/reel/1385714339320889/,1,0,Videos,,,,,Lifetime,854,555,72,47,19,6,46,46,,5149.395,6.829,0,0,0,,,
122117373843012033,61580361006776,"Juana Babe Sena","Showing up glowing up 💕

#GlowUp #GoodVibesOnly #SelfLove #ConfidenceBoost #DailyMood #PhotoVibes #ForYou #TrendingNow #ContentCreator #Juanabies #Juan365 #AllInJuanSaSaya #Juan365livestream #JuanaBabeSena",,0,"12/30/2025 17:53",N/A,https://www.facebook.com/JuanababeSena/posts/pfbid036GAqN7fMnYW1o1xex7UVRdUbgZbdVQeWWvCXMw78Ti2Mc9tXiTJjxpThL3kfey8Rl,0,0,Photos,,,,,Lifetime,884,420,54,46,8,0,38,22,16,,,,,,,,
122117196159012033,61580361006776,"Juana Babe Sena","GAME TIME, Juanabies!! 🔥
Pipili ako ng 5 lucky winners na makakakuha ng FREE CREDITS!!

Screenshot 4 post, i-comment dito with your User ID, at i-share ang post na ito!📸

#GameTime #Juanabies #FreeCredits #GiveawayPH #FYP #ReelsPH #TrendingNow #Juanabies #Juan365 #AllInJuanSaSaya #Juan365livestream #JuanaBabeSena","GAME TIME, Juanabies!! 🔥
Pipili ako ng 5 lucky winners na makakakuha ng FREE CREDITS!!

Screenshot 4 post, i-comment dito with your User ID, at i-share ang post na ito!📸

#GameTime #Juanabies #FreeCredits #GiveawayPH #FYP #ReelsPH #TrendingNow #Juanabies #Juan365 #AllInJuanSaSaya #Juan365livestream #JuanaBabeSena",12,"12/29/2025 22:00",N/A,https://www.facebook.com/reel/1451014266441837/,0,0,Videos,,,,,Lifetime,1689,895,152,79,45,28,109,109,,9770.807,8.149,0,0,0,,,
122117146647012033,61580361006776,"Juana Babe Sena","Pag kasama ka sa kama 🤭❤️

#Juanabies #Juan365 #AllInJuanSaSaya #Juan365livestream #JuanaBabeSena #PrettyBoi #LokoPeroLambing #KiligMoments #CuddleVibes #PinoyFeels #FYP #ReelsPH #TrendingNow #VibesOnly","Pag kasama ka sa kama 🤭❤️

#Juanabies #Juan365 #AllInJuanSaSaya #Juan365livestream #JuanaBabeSena #PrettyBoi #LokoPeroLambing #KiligMoments #CuddleVibes #PinoyFeels #FYP #ReelsPH #TrendingNow #VibesOnly",15,"12/29/2025 17:14",N/A,https://www.facebook.com/reel/3029928013856972/,0,0,Videos,,,,,Lifetime,1373,950,139,121,12,6,49,49,,5431.99,4.769,0,0,0,,,
122117145471012033,61580361006776,"Juana Babe Sena","Juanabies! Ano ang ulam na nag papa complete ng araw mo!

#Juanabies #Juan365 #AllInJuanSaSaya #Juan365livestream #JuanaBabeSena #AdvanceHappyNewYear #NewYearVibes #ThankYouJuanabies #2026Ready #LoveAndGoodVibes",,0,"12/29/2025 04:50",N/A,https://www.facebook.com/JuanababeSena/posts/pfbid0kFVAPPEnWJh59mAAbhrwfS8P5YaFrukVx9W68qMqgxzomShUeZjt7mo8gvKAQf1Ml,0,1,Photos,,,,,Lifetime,730,310,25,16,9,0,40,24,16,,,,,,,,
122117112297012033,61580361006776,"Juana Babe Sena","Juanabies, LIVE na tayo! 🥳🫶🏻

Sama-sama tayo sa kulitan, tawanan, at mga sorpresa!
Tara na, huwag magpahuli 🤗🔥

#Juan365 #AllInJuanSaSaya #Juan365livestream #livenow #livekulitan #tawanan #SamaSamaTayo #TapTheHeart #trendingph #livestreaming",,0,"12/29/2025 00:48",N/A,https://www.facebook.com/JuanababeSena/posts/pfbid02wJ15daDi7vrVWSZx1teqJ6nuJ3EGmhJjqx8iZEHsidmH12bGaMye9GuJj4LHq328l,0,1,Live,,,,,Lifetime,,129,3,3,0,0,4,4,,,,,,,,,
122117105649012033,61580361006776,"Juana Babe Sena","Juanabies, LIVE na tayo mamaya! 🤗🥳
Kulitan, tawanan, at sorpresa lang!
🗓 Dec 29, 2025 | ⏰ 
Hit the ♥️, i-share, at sabay-sabay tayong mag LIVE sa Juan365 Live Stream Page! 🫶🏻🔥

#Juanabies #Juan365Live #LiveKulitan #KitaKitsLive #TapTheHeart #ShareNow #ReelsPH #TrendingPH #LiveStreamPH #Juan365 #AllInJuanSaSaya #Juan365livestream #JuanaBabeSena","Juanabies, LIVE na tayo mamaya! 🤗🥳
Kulitan, tawanan, at sorpresa lang!
🗓 Dec 29, 2025 | ⏰ 
Hit the ♥️, i-share, at sabay-sabay tayong mag LIVE sa Juan365 Live Stream Page! 🫶🏻🔥

#Juanabies #Juan365Live #LiveKulitan #KitaKitsLive #TapTheHeart #ShareNow #ReelsPH #TrendingPH #LiveStreamPH #Juan365 #AllInJuanSaSaya #Juan365livestream #JuanaBabeSena",16,"12/28/2025 23:34",N/A,https://www.facebook.com/reel/1392469389050600/,0,0,Videos,,,,,Lifetime,670,460,54,43,8,3,7,7,,2170.296,3.896,0,0,0,,,
122117093631012033,61580361006776,"Juana Babe Sena","Ito yung laro na di mo aayawan Juanabies!!🥰😋

Tap the ♥️ follow, at sabay tayo sa next game.

#BilliardVibes #GameNightPH #FollowForMore #TapTheHeart #NewHere #ReelsPH #TrendingPH #Juan365 #AllInJuanSaSaya #Juan365livestream #JuanaBabeSena",,0,"12/28/2025 22:32",N/A,https://www.facebook.com/JuanababeSena/posts/pfbid02Hak2Fn2aaLqr1raSfyfsAEiLGfzfP1d7bnQMvNwGj5qLPUVDPQZUAw4GQBLBZ6Hhl,0,0,Photos,,,,,Lifetime,3457,1753,67,46,17,4,212,94,118,,,,,,,,
122117061603012033,61580361006776,"Juana Babe Sena","I’ve been thinking. _ 🤭 Hulaan mo Juanabies!

Drop your guess sa comments + ♥️ right answer may sorpresa sakin 😘

#GuessGame #PlayfulVibes #CommentYourGuess #TapTheHeart #ReelsPH #TrendingPH
#Juan365 #AllInJuanSaSaya #Juan365livestream #JuanaBabeSena","I’ve been thinking. _ 🤭 Hulaan mo Juanabies!

Drop your guess sa comments + ♥️ right answer may sorpresa sakin 😘

#GuessGame #PlayfulVibes #CommentYourGuess #TapTheHeart #ReelsPH #TrendingPH
#Juan365 #AllInJuanSaSaya #Juan365livestream #JuanaBabeSena",13,"12/28/2025 18:11",N/A,https://www.facebook.com/reel/870844629140670/,0,0,Videos,,,,,Lifetime,2593,2363,187,157,24,6,22,22,,8083.208,3.523,0,0,0,,,
122116993053012033,61580361006776,"Juana Babe Sena","On the way na sayo 🫣💖May idea ka ba kung saan?

Hit the ❤️ at hulaan sa comments, Juanabies!

#OnTheWay #GuessWhere #Juanabies #TapTheHeart #CommentYourGuess #ReelsPH #TrendingNow #ViralPH #FYP #ForYou #ForYouPage #FlirtyVibes  #Juan365 #AllInJuanSaSaya #Juan365livestream #JuanaBabeSena",,0,"12/28/2025 02:00",N/A,https://www.facebook.com/JuanababeSena/posts/pfbid022mNHXkNwPznhwUZwSGTVYzhfDUWQCQzR3utt52MHju5Pwbe5HfcHKAY8itmhi32vl,0,0,Photos,,,,,Lifetime,658,308,36,25,9,2,9,8,1,,,,,,,,
122116976277012033,61580361006776,"Juana Babe Sena","Doing my first crime… it’s amazing 😋 How about you Juanabies!

Smash that ♥️ Comment mo na rin ang first crime mo!😏 Follow me for more Videos! 💖

#FlirtyVibes #SweetTrouble #SmileCheck #TapTheHeart #GoodVibesOnly #ChillFeed #SoftFlirty #TrendingPH #Juanabies #Juan365 #AllInJuanSaSaya #Juan365livestream #JuanaBabeSena","Doing my first crime… it’s amazing 😋 How about you Juanabies!

Smash that ♥️ Comment mo na rin ang first crime mo!😏 Follow me for more Videos! 💖

#FlirtyVibes #SweetTrouble #SmileCheck #TapTheHeart #GoodVibesOnly #ChillFeed #SoftFlirty #TrendingPH #Juanabies #Juan365 #AllInJuanSaSaya #Juan365livestream #JuanaBabeSena",13,"12/27/2025 20:27",N/A,https://www.facebook.com/reel/945499368048022/,0,0,Videos,,,,,Lifetime,627,479,76,55,12,9,16,16,,2393.976,4.826,0,0,0,,,
122116967397012033,61580361006776,"Juana Babe Sena","Feeling maangas? 😏✨
Drop your pic sa comments!

Leave a ♥️ at follow baka ikaw ang susunod kong makakasama 💖

#MaangasVibes #FlirtyChallenge #Juankada #NextLevelFun #TapTheHeart #FollowForMore #TrendingPH  #Juanabies #Juan365 #AllInJuanSaSaya #Juan365livestream #JuanaBabeSena","Feeling maangas? 😏✨
Drop your pic sa comments!

Leave a ♥️ at follow baka ikaw ang susunod kong makakasama 💖

#MaangasVibes #FlirtyChallenge #Juankada #NextLevelFun #TapTheHeart #FollowForMore #TrendingPH  #Juanabies #Juan365 #AllInJuanSaSaya #Juan365livestream #JuanaBabeSena",11,"12/27/2025 20:00",N/A,https://www.facebook.com/reel/1670352444373396/,0,0,Videos,,,,,Lifetime,501,328,42,29,10,3,26,26,,2542.197,7.411,0,0,0,,,
122116871751012033,61580361006776,"Juana Babe Sena","Kung nakangiti ka, sign na ito 😋

Follow, comment, at share na 💖

#JuanababeSena #JuanaBies #FlirtyVibes #FBReelsPH #TrendingNow #FYP #ViralPH #PinoyVibes #ForYouPH","Kung nakangiti ka, sign na ito 😋

Follow, comment, at share na 💖

#JuanababeSena #JuanaBies #FlirtyVibes #FBReelsPH #TrendingNow #FYP #ViralPH #PinoyVibes #ForYouPH",8,"12/27/2025 17:00",N/A,https://www.facebook.com/reel/1589382162250842/,0,0,Videos,,,,,Lifetime,463,290,49,39,9,1,11,11,,2109.928,6.614,0,0,0,,,
122116870947012033,61580361006776,"Juana Babe Sena","Hindi na biro to seryosohan na baby. 🤍

Tap the ♥️, mag-comment, at follow para di ka mahuli.

#LikeCommentFollow #TapTheHeart #EngageNow #SeriousVibes #LovePH #TrendingPH #Juanabies #Juan365 #AllInJuanSaSaya #Juan365livestream #JuanaBabeSena","Hindi na biro to seryosohan na baby. 🤍

Tap the ♥️, mag-comment, at follow para di ka mahuli.

#LikeCommentFollow #TapTheHeart #EngageNow #SeriousVibes #LovePH #TrendingPH #Juanabies #Juan365 #AllInJuanSaSaya #Juan365livestream #JuanaBabeSena",16,"12/27/2025 04:00",N/A,https://www.facebook.com/reel/1399696341825113/,0,0,Videos,,,,,Lifetime,325,260,30,21,5,4,9,9,,1445.363,5.474,0,0,0,,,
122116868973012033,61580361006776,"Juana Babe Sena","Ang laki ng bibig!! 😳😂

Double tap ♥️, comment ‘HAHA' at follow for more laughs!

#Juanabies #LaughTrip #FunnyPH #DoubleTap #FollowForMore #ViralReels #Juanabies #Juan365 #AllInJuanSaSaya #Juan365livestream #JuanaBabeSena","Ang laki ng bibig!! 😳😂

Double tap ♥️, comment ‘HAHA' at follow for more laughs!

#Juanabies #LaughTrip #FunnyPH #DoubleTap #FollowForMore #ViralReels #Juanabies #Juan365 #AllInJuanSaSaya #Juan365livestream #JuanaBabeSena",15,"12/27/2025 01:01",N/A,https://www.facebook.com/reel/1518703562725403/,0,0,Videos,,,,,Lifetime,850,476,88,58,24,6,59,59,,6586.923,11.556,0,0,0,,,
122116842645012033,61580361006776,"Juana Babe Sena","Road to 20k Followers na tayo juanabies thank you sa love ♥️

Leave a ♥️ and Follow for your sweet feed upgrade! 😘 

#juanabies #Juan365 #AllInJuanSaSaya #Juan365livestream #juanababesena #juanabies #JuanKada #allinsasaya #commentmona #whereyouat",,0,"12/26/2025 20:56",N/A,https://www.facebook.com/JuanababeSena/posts/pfbid0YGpEGavJFdKvYb2Kx27SpFCoSC94E2Zc7RsH2o4gWGnatdu1jsBVMuXrVUGSC1cl,0,1,Text,,,,,Lifetime,,181,37,26,11,0,13,13,,,,,,,,,
122116822257012033,61580361006776,"Juana Babe Sena","Sa susunod na punta ko. baka ikaw na ang hanapin ko 🥰

Drop a ♥️ if you like a little sweetness with spice 😏 Follow me 💁🏻‍♀️💖

#SweetWithSpice #FlirtyVibes #GoodVibesOnly #TapTheHeart #FollowForMore #DailyFeels #JuicyMood 
#Juanabies #Juan365 #AllInJuanSaSaya #Juan365livestream #JuanaBabeSena","Sa susunod na punta ko. baka ikaw na ang hanapin ko 🥰

Drop a ♥️ if you like a little sweetness with spice 😏 Follow me 💁🏻‍♀️💖

#SweetWithSpice #FlirtyVibes #GoodVibesOnly #TapTheHeart #FollowForMore #DailyFeels #JuicyMood 
#Juanabies #Juan365 #AllInJuanSaSaya #Juan365livestream #JuanaBabeSena",16,"12/26/2025 18:20",N/A,https://www.facebook.com/reel/796579030102484/,0,0,Videos,,,,,Lifetime,465,298,62,38,18,6,22,22,,2542.561,7.434,0,0,0,,,
122116726341012033,61580361006776,"Juana Babe Sena","Juanabies 🤍 Let’s dance, slow and easy ✨
Stay, follow, and vibe with me 💖

#JuanababeSena #JuanaBies #SoftVibes #FBReelsPH #ForYouPH #ViralPH #FYP","Juanabies 🤍 Let’s dance, slow and easy ✨
Stay, follow, and vibe with me 💖

#JuanababeSena #JuanaBies #SoftVibes #FBReelsPH #ForYouPH #ViralPH #FYP",16,"12/26/2025 04:00",N/A,https://www.facebook.com/reel/1941162723474894/,0,0,Videos,,,,,Lifetime,845,593,96,82,11,3,19,19,,5099.682,7.955,0,0,0,,,
122116726287012033,61580361006776,"Juana Babe Sena","Hi baby!! 🥰
Drop a ❤️, comment, at share ✨

#JuanababeSena #JuanaBies #FBReelsPH #ForYouPH #ViralPH #FYP #KiligVibes","Hi baby!! 🥰
Drop a ❤️, comment, at share ✨

#JuanababeSena #JuanaBies #FBReelsPH #ForYouPH #ViralPH #FYP #KiligVibes",16,"12/26/2025 00:00",N/A,https://www.facebook.com/reel/735685529588815/,0,0,Videos,,,,,Lifetime,492,407,45,34,7,4,10,10,,1628.244,3.923,0,0,0,,,
122116715277012033,61580361006776,"Juana Babe Sena","Hi Juanabies! 💖
Mas bagay ba may filter o wala? 👀
Comment down below ⬇️ at follow the page ✨

#JuanababeSena #JuanaBies #FBReelsPH #ForYouPH #TrendingNow #ViralPH #PinoyVibes #FYP #EngagementPost #ReelsPH","Hi Juanabies! 💖
Mas bagay ba may filter o wala? 👀
Comment down below ⬇️ at follow the page ✨

#JuanababeSena #JuanaBies #FBReelsPH #ForYouPH #TrendingNow #ViralPH #PinoyVibes #FYP #EngagementPost #ReelsPH",30,"12/25/2025 20:00",N/A,https://www.facebook.com/reel/1412370173942556/,0,0,Videos,,,,,Lifetime,904,757,82,60,17,5,31,31,,4474.415,5.879,0,0,0,,,
122116720425012033,61580361006776,"Juana Babe Sena","See you!! 🫶🏻🥹",,0,"12/25/2025 19:48",N/A,https://www.facebook.com/JuanababeSena/posts/pfbid025rN3PA2eqKzKShoCzWCcx6K4FR2DNj866CCs6cU3aiP3UXzVB7yQ6KhvLjbX3eQbl,0,1,Photos,,,,,Lifetime,325,177,24,18,5,1,7,7,,,,,,,,,
122116715235012033,61580361006776,"Juana Babe Sena","Need your love, JuanaBies 🤍
Drop a ❤️, follow the page, and stay with me ✨

#JuanababeSena #JuanaBies #FBReelsPH #ForYouPH #TrendingNow #ViralPH #SoftVibes #FYP","Need your love, JuanaBies 🤍
Drop a ❤️, follow the page, and stay with me ✨

#JuanababeSena #JuanaBies #FBReelsPH #ForYouPH #TrendingNow #ViralPH #SoftVibes #FYP",16,"12/25/2025 17:26",N/A,https://www.facebook.com/reel/25016338688048543/,0,0,Videos,,,,,Lifetime,903,681,79,74,5,0,17,17,,4046.727,5.62,0,0,0,,,
122116631493012033,61580361006776,"Juana Babe Sena","Let's dance Juanabies! kaya mo ba!? 😉💫 

Leave a ♥️ Sahre and Follow for your sweet feed upgrade! 😘✨

#Juanababes #Juan365 #AllInJuanSaSaya #Juan365livestream #JuanaBabeSena #fbreels #reelsph #thirsttrapph #genzvibes #FBReelsTrend #LookAtMe","Let's dance Juanabies! kaya mo ba!? 😉💫 

Leave a ♥️ Sahre and Follow for your sweet feed upgrade! 😘✨

#Juanababes #Juan365 #AllInJuanSaSaya #Juan365livestream #JuanaBabeSena #fbreels #reelsph #thirsttrapph #genzvibes #FBReelsTrend #LookAtMe",14,"12/25/2025 02:00",N/A,https://www.facebook.com/reel/1959100684640063/,0,0,Videos,,,,,Lifetime,929,656,95,90,4,1,17,17,,4688.48,6.301,0,0,0,,,
122116625511012033,61580361006776,"Juana Babe Sena","Relax, feel the vibe 😎

Gusto mo pa? Follow Me!!! 💖
Share at comment mo na ang move mo!

#JuanababeSena #JuanaBies #ChillMoves #TrendingPH #FBReels #ForYouPH #FYP #ViralPH #PinoyVibes #DanceChallenge","Relax, feel the vibe 😎

Gusto mo pa? Follow Me!!! 💖
Share at comment mo na ang move mo!

#JuanababeSena #JuanaBies #ChillMoves #TrendingPH #FBReels #ForYouPH #FYP #ViralPH #PinoyVibes #DanceChallenge",12,"12/24/2025 20:00",N/A,https://www.facebook.com/reel/860822533025453/,0,0,Videos,,,,,Lifetime,535,366,39,33,4,2,13,13,,2726.15,6.919,0,0,0,,,
122116625415012033,61580361006776,"Juana Babe Sena","Can we talk now!? 🥰

Comment ka na at i-follow para lagi kang updated!

#JuanababeSena #JuanaBies #TrendingReels #FYP #FBAlgorithm #PinoyVibes #SoftClassy #ViralPH #ForYouPH #ChillMood","Can we talk now!? 🥰

Comment ka na at i-follow para lagi kang updated!

#JuanababeSena #JuanaBies #TrendingReels #FYP #FBAlgorithm #PinoyVibes #SoftClassy #ViralPH #ForYouPH #ChillMood",15,"12/24/2025 17:14",N/A,https://www.facebook.com/reel/876583175334078/,0,0,Videos,,,,,Lifetime,446,342,49,43,5,1,11,11,,1813.078,5.036,0,0,0,,,
122116552251012033,61580361006776,"Juana Babe Sena","Shake the booty, JuanaBies! 🍑✨
Kung napangiti ka, alam mo na 😉
Follow for more good vibes 💖

#JuanaBies #DanceVibes #FBReels #FYP #Juanababes #Juan365 #AllInJuanSaSaya #Juan365livestream #JuanaBabeSena #JuanaBies","Shake the booty, JuanaBies! 🍑✨
Kung napangiti ka, alam mo na 😉
Follow for more good vibes 💖

#JuanaBies #DanceVibes #FBReels #FYP #Juanababes #Juan365 #AllInJuanSaSaya #Juan365livestream #JuanaBabeSena #JuanaBies",15,"12/24/2025 04:00",N/A,https://www.facebook.com/reel/1222419319761489/,0,0,Videos,,,,,Lifetime,340,275,27,25,2,0,5,5,,1443.987,5.066,0,0,0,,,
122116560339012033,61580361006776,"Juana Babe Sena",,,0,"12/24/2025 02:15",N/A,https://www.facebook.com/JuanababeSena/posts/pfbid02B144ngsMm7vGgCrZHvRvh3L69Wohn53KDg2vBmaNTpAcqg95DEoyN79X4XsTqkkjl,0,1,Videos,,,,,Lifetime,,90,9,9,0,0,7,7,,,,,,,,,
122116544889012033,61580361006776,"Juana Babe Sena",,,0,"12/23/2025 21:05",N/A,https://www.facebook.com/JuanababeSena/posts/pfbid0ecHxwRh6wyUBkvQMk7opXiKPUqVVHXpk8FAxKg1NqbEMUsazy4grDkBfyRt6nfB6l,0,1,Text,,,,,Lifetime,,75,9,9,0,0,0,,,,,,,,,,
122116528563012033,61580361006776,"Juana Babe Sena","Juana Babe Sena","Ilang oras na lang bago ang Pasko…
Ano ang wish mo, JuanaBies? 🤍✨

#JuanaBies #ChristmasCountdown #SoftVibes #ReelsPH #Juankadasena",15,"12/23/2025 21:00",N/A,https://www.facebook.com/reel/2024573701669067/,0,0,Videos,,,,,Lifetime,945,608,85,70,9,6,42,42,,4913.067,6.447,0,0,0,,,
122116501749012033,61580361006776,"Juana Babe Sena","Juana Babe Sena","May cause obsession, ma-heart eyes ka 💖

Drop a ♥️ if you’re ready for more adorable content! Don’t forget to Follow! 🥰

#CatchTheseEyes #VibesOnly #EyesOnMe #fbreels #reelsph #thirsttrapph #genzvibes 
#classyflirt #Juanababes #Juan365 #AllInJuanSaSaya #Juan365livestream #JuanaBabeSena #Juanabies",16,"12/23/2025 16:00",N/A,https://www.facebook.com/reel/2280806469106368/,0,0,Videos,,,,,Lifetime,624,449,75,58,15,2,23,23,,2519.963,4.799,0,0,0,,,
122116493349012033,61580361006776,"Juana Babe Sena","Warm Christmas wishes to you, Juanabies! 🎁 Enjoy the festive season!

#Juanababes #Juan365 #Juan365livestream #JuanaBabeSena",,0,"12/23/2025 06:25",N/A,https://www.facebook.com/photo.php?fbid=122116493349012033&set=a.122098127031012033&type=3,0,0,Photos,,,,,Lifetime,590,294,69,50,17,2,29,28,1,,,,,,2,,
122116465149012033,61580361006776,"Juana Babe Sena","Flirty, classy, at konting sassy 😎💖 

♥️ me and Follow, let’s make your feed more fun 💁🏻‍♀️

#Juanababes #Juan365 #AllInJuanSaSaya #Juan365livestream #JuanaBabeSena #JuanabiesVibes #FlirtyMood #FBReels #TooHotToHandle #VibesOnly","Flirty, classy, at konting sassy 😎💖 

♥️ me and Follow, let’s make your feed more fun 💁🏻‍♀️

#Juanababes #Juan365 #AllInJuanSaSaya #Juan365livestream #JuanaBabeSena #JuanabiesVibes #FlirtyMood #FBReels #TooHotToHandle #VibesOnly",15,"12/23/2025 02:00",N/A,https://www.facebook.com/reel/762421609481554/,0,0,Videos,,,,,Lifetime,884,468,97,80,14,3,42,42,,4777.281,7.035,0,0,0,,,
122116442055012033,61580361006776,"Juana Babe Sena","Serving looks and food 😘🍳

Show some love ♥️ and Follow for your daily dose of sweetness! 💕

#CookingVlog #MiniVlogLife #FlirtyFun #TastyTreats #FoodieVibes #fbreels #reelsph #thirsttrapph #genzvibes 
#classyflirt #Juanababes #Juan365 #AllInJuanSaSaya #Juan365livestream #JuanaBabeSena #Juanabies","Serving looks and food 😘🍳

Show some love ♥️ and Follow for your daily dose of sweetness! 💕

#CookingVlog #MiniVlogLife #FlirtyFun #TastyTreats #FoodieVibes #fbreels #reelsph #thirsttrapph #genzvibes 
#classyflirt #Juanababes #Juan365 #AllInJuanSaSaya #Juan365livestream #JuanaBabeSena #Juanabies",108,"12/22/2025 20:00",N/A,https://www.facebook.com/reel/1173777101593952/,0,0,Videos,,,,,Lifetime,815,743,67,41,21,5,37,37,,8149.49,11.117,0,0,0,,,
122116387491012033,61580361006776,"Juana Babe Sena","Merry everything and a little bit of sparkle too ✨🎅

Serving charm 24/7 top ♥️  Tag someone para spread and vibes!!

#ThirstTrapVibes #FBTrending #LookAtMe #fbreels #reelsph #thirsttrapph #genzvibes #classyflirt #softthirst #reelsviral #fyp #fypph #viralreels #fbengagement","Merry everything and a little bit of sparkle too ✨🎅

Serving charm 24/7 top ♥️  Tag someone para spread and vibes!!

#ThirstTrapVibes #FBTrending #LookAtMe #fbreels #reelsph #thirsttrapph #genzvibes #classyflirt #softthirst #reelsviral #fyp #fypph #viralreels #fbengagement",9,"12/22/2025 16:00",N/A,https://www.facebook.com/reel/1191048522563631/,0,0,Videos,,,,,Lifetime,448,290,49,31,11,7,11,11,,1555.495,4.588,0,0,0,,,
122116387047012033,61580361006776,"Juana Babe Sena","Juankada! wag ka ng magpapigil!! 😌🎲
Roll na, trust the color at hayaan mong swerte ang lumapit sayo tulad ko 💖

⏰ LIVE mamayang 2AM!

#Juan365 #Juan365livestream #Juan365Studio #AllInJuanSaSaya #Juankada #LiveNow #RollTheDice #TrustTheColor #FBLivePH #TrendingNow #NightLive #KiligGaming #ViralPH",,0,"12/22/2025 05:00",N/A,https://www.facebook.com/JuanababeSena/posts/pfbid0268XW39jJEH2fWsMgbs2Bb5KvrydX6m3vq3gKry2go6xHix4AGFjYkFkCtQGgimVql,0,0,Photos,,,,,Lifetime,481,235,46,27,13,6,5,4,1,,,,,,,,
122116374291012033,61580361006776,"Juana Babe Sena","Your daily dose of sweetness 😘

Smash that ♥️ if I made you smile, follow me for more little surprises 💕

#Juanababes #Juan365 #AllInJuanSaSaya #Juan365livestream #JuanaBabeSena #Juanabies #BabyGirlSena #fbreels #reelsph #thirsttrapph #genzvibes #classyflirt #softthirst #reelsviral #fyp #fypph #viralreels #fbengagement","Your daily dose of sweetness 😘

Smash that ♥️ if I made you smile, follow me for more little surprises 💕

#Juanababes #Juan365 #AllInJuanSaSaya #Juan365livestream #JuanaBabeSena #Juanabies #BabyGirlSena #fbreels #reelsph #thirsttrapph #genzvibes #classyflirt #softthirst #reelsviral #fyp #fypph #viralreels #fbengagement",16,"12/22/2025 03:00",N/A,https://www.facebook.com/reel/1208247467959481/,0,0,Videos,,,,,Lifetime,486,414,45,39,5,1,9,9,,1468.291,3.422,0,0,0,,,
122116370379012033,61580361006776,"Juana Babe Sena","Feeling bold today? ♥️ Then Follow me… I’ll make your feed a little hotter 😏💫

Tag someone who needs to see this! 

#Juanababes #Juan365 #AllInJuanSaSaya #Juan365livestream #JuanaBabeSena #JuanabiesVibes #fbreels #reelsph #thirsttrapph #genzvibes #classyflirt #softthirst #reelsviral 
#fyp #fypph #viralreels #fbengagement","Feeling bold today? ♥️ Then Follow me… I’ll make your feed a little hotter 😏💫

Tag someone who needs to see this! 

#Juanababes #Juan365 #AllInJuanSaSaya #Juan365livestream #JuanaBabeSena #JuanabiesVibes #fbreels #reelsph #thirsttrapph #genzvibes #classyflirt #softthirst #reelsviral 
#fyp #fypph #viralreels #fbengagement",13,"12/22/2025 00:25",N/A,https://www.facebook.com/reel/1406202987540492/,0,0,Videos,,,,,Lifetime,450,326,37,26,8,3,12,12,,1570.564,4.411,0,0,0,,,
122116270887012033,61580361006776,"Juana Babe Sena","Sneak peek lang ng new obsession mo Juanabies!!😉💫 

React & comment your favorite part! then share this post!! ❤️

#EyesOnMe #ThirstTrapVibes #TrendingOnFB #ReelQueen #Juanababes #Juan365 #AllInJuanSaSaya #Juan365livestream #JuanaBabeSena #Juanabies #BabyGirlSena #ComeHereNa #GoodVibesOnly #TrendingNow #FYP #fbreelsfypシ゚ #reelsph","Sneak peek lang ng new obsession mo Juanabies!!😉💫 

React & comment your favorite part! then share this post!! ❤️

#EyesOnMe #ThirstTrapVibes #TrendingOnFB #ReelQueen #Juanababes #Juan365 #AllInJuanSaSaya #Juan365livestream #JuanaBabeSena #Juanabies #BabyGirlSena #ComeHereNa #GoodVibesOnly #TrendingNow #FYP #fbreelsfypシ゚ #reelsph",17,"12/21/2025 20:00",N/A,https://www.facebook.com/reel/2081155632630830/,0,0,Videos,,,,,Lifetime,492,366,56,35,15,6,31,31,,2979.907,7.64,0,0,0,,,
122116249551012033,61580361006776,"Juana Babe Sena","Not everyone can handle this energy 😎💖 

Hit that ❤️ if you’re ready for more!

#Juanababes #Juan365 #AllInJuanSaSaya #Juan365livestream #JuanaBabeSena  #JuanabiesVibes #FYP #ForYou #TooHotToHandle #flirtyandclassy #ReelMood #FBAlgorithmBoost","Not everyone can handle this energy 😎💖 

Hit that ❤️ if you’re ready for more!

#Juanababes #Juan365 #AllInJuanSaSaya #Juan365livestream #JuanaBabeSena  #JuanabiesVibes #FYP #ForYou #TooHotToHandle #flirtyandclassy #ReelMood #FBAlgorithmBoost",15,"12/21/2025 17:00",N/A,https://www.facebook.com/reel/3893103360820750/,0,0,Videos,,,,,Lifetime,22673,19148,2016,1968,33,15,62,62,,126216.096,6.79,0,0,0,,,
122116289763012033,61580361006776,"Juana Babe Sena",,,0,"12/21/2025 05:16",N/A,https://www.facebook.com/JuanababeSena/posts/pfbid0uW2zfrcRk7Yw256LpdFXbrHFpZrMyrn9fKSBaAETJf74EuoiYtN5Kwuwqk7Espiil,0,1,Photos,,,,,Lifetime,255,122,9,9,0,0,2,1,1,,,,,,,,
122116249317012033,61580361006776,"Juana Babe Sena","Juanabies, sino ang tambay dati sa comshop? 💻🖤
Pag alam mo ang title ng song, wag na mag deny. EMO ka noon 😭🎧
Comment mo sagot mo at tag your EMO friends reunion nato! 😂

#Juanababes #Juan365 #AllInJuanSaSaya #Juan365livestream #JuanaBabeSena #JuanabiesVibes #EmoEra #ComshopMemories #HuwagMagDeny #FYP #ForYou #TrendingNow #ThrowbackLaughs #TagYourFriends","Juanabies, sino ang tambay dati sa comshop? 💻🖤
Pag alam mo ang title ng song, wag na mag deny. EMO ka noon 😭🎧
Comment mo sagot mo at tag your EMO friends reunion nato! 😂

#Juanababes #Juan365 #AllInJuanSaSaya #Juan365livestream #JuanaBabeSena #JuanabiesVibes #EmoEra #ComshopMemories #HuwagMagDeny #FYP #ForYou #TrendingNow #ThrowbackLaughs #TagYourFriends",15,"12/21/2025 02:00",N/A,https://www.facebook.com/reel/1664518517861214/,0,0,Videos,,,,,Lifetime,607,463,65,56,7,2,16,16,,2735.363,5.746,0,0,0,,,
122116238553012033,61580361006776,"Juana Babe Sena","FIRST PRANK ITO, JUANBIES! 😂🔥
Hindi kayo handa sa kalokohang to simula pa lang ito! 👀

Ano ang next prank na na magandang gawin? Comment down ⬇️ at i tag ang tropa!

#Juanababes #Juan365 #AllInJuanSaSaya #Juan365livestream #JuanaBabeSena #JuanaBies #SenaVibes #AllInSaSaya #GoodVibesOnly #ReactAndShare #Juanbies #PrankPH #FirstPrank #ViralPH #LaughTrip #TrendingNow #CommentBelow","FIRST PRANK ITO, JUANBIES! 😂🔥
Hindi kayo handa sa kalokohang to simula pa lang ito! 👀

Ano ang next prank na na magandang gawin? Comment down ⬇️ at i tag ang tropa!

#Juanababes #Juan365 #AllInJuanSaSaya #Juan365livestream #JuanaBabeSena #JuanaBies #SenaVibes #AllInSaSaya #GoodVibesOnly #ReactAndShare #Juanbies #PrankPH #FirstPrank #ViralPH #LaughTrip #TrendingNow #CommentBelow",274,"12/20/2025 20:46",mixed,https://www.facebook.com/reel/1925738694955636/,0,0,Videos,,,,,Lifetime,2007,1516,136,83,31,22,138,138,,46056.006,28.048,0,0,0,,,
122116225737012033,61580361006776,"Juana Babe Sena","Hi, it’s your baby girl Sena 🤍
Choosing to behave today… promise 😌
Ikaw, behave ka ba? 😏
Comment behave kung oo, tag mo bestie mo & follow my page para tuloy-tuloy ang saya ✨💖

#BabyGirlSena #BehaveMuna #SoftGirlEra #ReelsPH #FYP #ForYou #KiligVibes #GoodEnergy #Juanababes #Juan365 #AllInJuanSaSaya #Juan365livestream #JuanaBabeSena","Hi, it’s your baby girl Sena 🤍
Choosing to behave today… promise 😌
Ikaw, behave ka ba? 😏
Comment behave kung oo, tag mo bestie mo & follow my page para tuloy-tuloy ang saya ✨💖

#BabyGirlSena #BehaveMuna #SoftGirlEra #ReelsPH #FYP #ForYou #KiligVibes #GoodEnergy #Juanababes #Juan365 #AllInJuanSaSaya #Juan365livestream #JuanaBabeSena",12,"12/20/2025 18:47",N/A,https://www.facebook.com/reel/1500575074337821/,0,0,Videos,,,,,Lifetime,817,524,67,52,10,5,17,17,,5044.902,8.046,0,0,0,,,
122116225695012033,61580361006776,"Juana Babe Sena","Nagagalit ang babygirl HAHAHAHAHAHA🤣",,0,"12/20/2025 18:46",N/A,https://www.facebook.com/JuanababeSena/posts/pfbid0m3uC5X114fRspTqP38BrZDW6dGKxNG2d7nkeqKLh9d8M3gtMM5XYpQHhNtny81SAl,0,1,Text,,,,,Lifetime,,150,16,12,4,0,4,4,,,,,,,,,
122116140747012033,61580361006776,"Juana Babe Sena","Hi Juanabies! Kamusta kayo? 🤍
na miss ko kayong lahat! 😄
Comment down below & share this post para mas maraming smiles at saya ✨”

#JuanabiesVibes #GoodVibesOnly #SpreadTheJoy #HappyFeels #KiligMoments #TrendingNow #FYP #ForYou #ShareTheLove 
#Juanababes #Juan365 #AllInJuanSaSaya #Juan365livestream #JuanaBabeSena","Hi Juanabies! Kamusta kayo? 🤍
na miss ko kayong lahat! 😄
Comment down below & share this post para mas maraming smiles at saya ✨”

#JuanabiesVibes #GoodVibesOnly #SpreadTheJoy #HappyFeels #KiligMoments #TrendingNow #FYP #ForYou #ShareTheLove 
#Juanababes #Juan365 #AllInJuanSaSaya #Juan365livestream #JuanaBabeSena",7,"12/20/2025 03:00",N/A,https://www.facebook.com/reel/1553930495756327/,0,0,Videos,,,,,Lifetime,612,464,52,41,9,2,20,20,,1776.318,3.763,0,0,0,,,
122116140639012033,61580361006776,"Juana Babe Sena","Where you think you’re going, Juanabies? 😏✨
Comment your answer below & let’s see kung sino ang susunod na madadala sa saya! 🤍”

#Juanababes #Juan365 #AllInJuanSaSaya #Juan365livestream #JuanabiesVibes #FYP #ForYou #TrendingNow #GoodVibesOnly #KwentuhanTime #FunMoments #ShareTheJoy #LetsGoJuanabies","Where you think you’re going, Juanabies? 😏✨
Comment your answer below & let’s see kung sino ang susunod na madadala sa saya! 🤍”

#Juanababes #Juan365 #AllInJuanSaSaya #Juan365livestream #JuanabiesVibes #FYP #ForYou #TrendingNow #GoodVibesOnly #KwentuhanTime #FunMoments #ShareTheJoy #LetsGoJuanabies",16,"12/20/2025 00:00",N/A,https://www.facebook.com/reel/1550755739303945/,0,0,Videos,,,,,Lifetime,478,356,59,47,10,2,16,16,,2150.493,5.704,0,0,0,,,
122116140591012033,61580361006776,"Juana Babe Sena","Hi Juanabies! 😎
If you have a billion anong gagawin mo? 💸
Comment mo nga, curious ako! 🤍✨

#Juanababes #Juan365 #AllInJuanSaSaya #Juan365livestream #JuanaBabeSena #JuanabiesVibes #BillionDreams #FYP #ForYou #TrendingNow #KwentuhanTime #FunQuestion #GoodVibesOnly #ShareYourThoughts","Hi Juanabies! 😎
If you have a billion anong gagawin mo? 💸
Comment mo nga, curious ako! 🤍✨

#Juanababes #Juan365 #AllInJuanSaSaya #Juan365livestream #JuanaBabeSena #JuanabiesVibes #BillionDreams #FYP #ForYou #TrendingNow #KwentuhanTime #FunQuestion #GoodVibesOnly #ShareYourThoughts",13,"12/19/2025 20:00",N/A,https://www.facebook.com/reel/873623961690859/,0,0,Videos,,,,,Lifetime,466,328,69,45,20,4,24,24,,2204.731,6.446,0,0,0,,,
122116132047012033,61580361006776,"Juana Babe Sena","4 pics, 1 word JuanaBies!!!
Think fast! Ano ang iisang word na nagde describe sa lahat ng pics? 🤔✨

Comment your answer down below at i tag ang friends mo 👇
Follow the page for more fun challenges!

#Juanababes #Juan365 #AllInJuanSaSaya #Juan365livestream #JuanaBabeSena #JuanaBies #SenaVibes #AllInSaSaya #GoodVibesOnly #ReactAndShare #FourPicsOneWord #JuanaBies #ChallengeAccepted #FYP #Trending",,0,"12/19/2025 16:36",N/A,https://www.facebook.com/JuanababeSena/posts/pfbid02Q3fHRY2sfjTmwxJhvymUwvBGNbkjBUNzzFuYAXy4JnkfKdq1EzxH5bsXUywE4hBCl,0,0,Photos,,,,,Lifetime,2418,1054,76,53,18,5,222,96,126,,,,,,1,,
122116037427012033,61580361006776,"Juana Babe Sena","JuanaBies! 🔥
Sama sama tayo sa Mall of Asia
📅 Dec 20, 2025 | ⏰ 4PM

Kita kits! Comment GO kung pupunta ka at tag your friends 
👉Follow the page for updates!

#Juanababes #Juan365 #AllInJuanSaSaya #Juan365livestream #JuanaBabeSena #JuanaBies #SenaVibes #AllInSaSaya #GoodVibesOnly #ReactAndShare #JuanaBies #MOA #MeetUp #Dec20 #FYP #Trending","JuanaBies! 🔥
Sama sama tayo sa Mall of Asia
📅 Dec 20, 2025 | ⏰ 4PM

Kita kits! Comment GO kung pupunta ka at tag your friends 
👉Follow the page for updates!

#Juanababes #Juan365 #AllInJuanSaSaya #Juan365livestream #JuanaBabeSena #JuanaBies #SenaVibes #AllInSaSaya #GoodVibesOnly #ReactAndShare #JuanaBies #MOA #MeetUp #Dec20 #FYP #Trending",27,"12/19/2025 02:00",N/A,https://www.facebook.com/reel/845765051696516/,0,0,Videos,,,,,Lifetime,1008,832,110,86,16,8,30,30,,6488.733,8.04,0,0,0,,,
122116036635012033,61580361006776,"Juana Babe Sena","Hi, JuanaBies! 🔥
Chillin with Young Stunna  ibang level ang vibes!

Drop a ❤️ kung ramdam mo ang energy at follow the page para sa more moments like this 👇

#Juanababes #Juan365 #AllInJuanSaSaya #Juan365livestream #JuanaBabeSena #JuanaBies #SenaVibes #AllInSaSaya #GoodVibesOnly #ReactAndShare #JuanaBies #YoungStunna #GoodVibes #FYP #Trending #ForYou",,0,"12/18/2025 22:29",N/A,https://www.facebook.com/JuanababeSena/posts/pfbid03gSnUhifrZnyeDCPW7GNV75RxWmPBJjLzgxAZaDWtMyrUe7bPYFvqnCtNoJ3w8V5l,0,0,Photos,,,,,Lifetime,1063,530,43,31,8,4,58,16,42,,,,,,,,
122116018167012033,61580361006776,"Juana Babe Sena","A night filled with magic ✨
Good vibes, dreamy moments, and memories you’ll never forget.

Drop a Hi  if you felt the vibe and follow for more magical nights 💫

#MagicalNight #GoodVibesOnly #NightVibes #ChillMood #FYP #Trending #ForYou #Juanababes #Juan365 #AllInJuanSaSaya #Juan365livestream #JuanaBabeSena #JuanaBies #SenaVibes #AllInSaSaya #GoodVibesOnly #ReactAndShare",,0,"12/18/2025 18:58",N/A,https://www.facebook.com/JuanababeSena/posts/pfbid0313DoTv2YVEFMDUH81FTAc9ceAzkz4vF5XHTPfAHpRUi5VFXxL9TCmowvaXfkn4m7l,0,0,Photos,,,,,Lifetime,1299,639,68,51,13,4,75,34,41,,,,,,,,
122116017891012033,61580361006776,"Juana Babe Sena","See you later!!! 🤍",,0,"12/18/2025 18:57",N/A,https://www.facebook.com/JuanababeSena/posts/pfbid0zx69wcTJHeNeSfB32Mb9XLqmfcyhaVVhgmxnzfZdBBNiDqvEsjPqZBNfhqPNwdKQl,0,1,Photos,,,,,Lifetime,342,185,21,15,4,2,7,7,,,,,,,,,
122115955497012033,61580361006776,"Juana Babe Sena","JuanaBies, gusto niyo ba ng 1M at 10 iPhone 17 Pro? 💸📱
Sali na kayo sa All In sa Sayaw Dance Craze!💃🔥

Comment “JOIN” kung game kayo at follow the page for full mechanics 👇

#JuanaBies #AllInSaSayaw #DanceCraze #WinBig #FYP #Trending #Juanababes #Juan365 #AllInJuanSaSaya #Juan365livestream #JuanaBabeSena #JuanaBies #SenaVibes #AllInSaSaya #GoodVibesOnly #ReactAndShare",,0,"12/18/2025 02:54",N/A,https://www.facebook.com/JuanababeSena/posts/pfbid0oz3rVGssThZEo25GuJpuPcYMaSD32V8c23cruKTwwBaPPrNp65WzdF2fqayZZaRhl,0,0,Photos,,,,,Lifetime,983,428,60,45,12,3,85,26,59,,,,,,,,
122115915165012033,61580361006776,"Juana Babe Sena","Hala, panis ka boi! 😎

Tag your friends and show your moves sa comment section! Let’s see sino ang pinaka-juicy sa Juankada!

#Juanababes #Juan365 #AllInJuanSaSaya #Juan365livestream #JuanaBabeSena #JuanaBies #Juankada #AllInSaSaya","Hala, panis ka boi! 😎

Tag your friends and show your moves sa comment section! Let’s see sino ang pinaka-juicy sa Juankada!

#Juanababes #Juan365 #AllInJuanSaSaya #Juan365livestream #JuanaBabeSena #JuanaBies #Juankada #AllInSaSaya",14,"12/17/2025 20:54",N/A,https://www.facebook.com/reel/1910961249501149/,0,0,Videos,,,,,Lifetime,894,685,91,73,14,4,28,28,,3840.92,5.371,0,0,0,,,
122115905553012033,61580361006776,"Juana Babe Sena",,,0,"12/17/2025 17:22",N/A,https://www.facebook.com/JuanababeSena/posts/pfbid036WNH8Tn4UWrXM94YQ6cUwQKYDmi4jUCwc9NUtJ4GHrtB9gie5j9EdFA2XUWHRgNcl,0,1,Photos,,,,,Lifetime,368,207,24,16,3,5,12,8,4,,,,,,,,
122115734193012033,61580361006776,"Juana Babe Sena","JuanaBies, always remember to chill, relax, and enjoy life✨🌴
Kayo ba, paano niyo ine-enjoy ang life niyo? 😊

Comment na yan and tag your friends 
👉 Follow the page for more good vibes!

#JuanaBies #ChillLang #EnjoyLife #GoodVibes #FYP #Trending #Juanababes #Juan365 #AllInJuanSaSaya #Juan365livestream #JuanaBabeSena #JuanaBies #SenaVibes #AllInSaSaya #GoodVibesOnly #ReactAndShare",,0,"12/16/2025 00:06",N/A,https://www.facebook.com/JuanababeSena/posts/pfbid022jHxh8gKbTCZXdQL3T719qXMsap5ZBEjLeEae6QqUnpdZ21SuRJFHmK7qWMVdbe5l,0,0,Photos,,,,,Lifetime,3072,1343,119,73,30,16,361,160,201,,,,,,,,
122115704595012033,61580361006776,"Juana Babe Sena","Hi, JuanaBies! 💖
It’s your baby girl Sena! I’m with Juan G and another Juan G 👀✨
Hmm… may aabangan kayong bago👌🏻🔥

Stay tuned, comment if excited kayo, at follow the page para di ma-miss! 👇

#JuanaBies #BabyGirlSena #JuanG #Abangan #ComingSoon #FYP #Trending #Juanababes #Juan365 #AllInJuanSaSaya #Juan365livestream #JuanaBabeSena #JuanaBies #SenaVibes #AllInSaSaya #GoodVibesOnly #ReactAndShare",,0,"12/15/2025 17:03",N/A,https://www.facebook.com/JuanababeSena/posts/pfbid0LLC248UoGP5xFUy5zi7DZs7mW1PfraNMmzbx4RCf99ZEZLjD1naV9PSqqe5pncSTl,0,0,Photos,,,,,Lifetime,4507,1852,116,84,20,12,524,209,315,,,,,,,,
122115703383012033,61580361006776,"Juana Babe Sena",,,0,"12/15/2025 16:35",N/A,https://www.facebook.com/JuanababeSena/posts/pfbid03QHJPUNvckSn1UXCq3DmXihnXueaGbxc33PRuixaH2WMDDFSHdc91n4DkT4EPzCHl,0,1,Photos,,,,,Lifetime,618,302,46,30,11,5,14,12,2,,,,,,,,
122115562137012033,61580361006776,"Juana Babe Sena","JuanaBies, you’re way too beautiful!✨💖
Drop a ❤️ if you feel the love and tag someone who needs to hear this today 👇

👉 Follow the page for more good vibes!

#Juanababes #Juan365 #AllInJuanSaSaya #Juan365livestream #JuanaBabeSena #JuanaBies #SenaVibes #AllInSaSaya #GoodVibesOnly #ReactAndShare #JuanaBies #TooBeautiful #SelfLove #GoodVibes #FYP #Trending","JuanaBies, you’re way too beautiful!✨💖
Drop a ❤️ if you feel the love and tag someone who needs to hear this today 👇

👉 Follow the page for more good vibes!

#Juanababes #Juan365 #AllInJuanSaSaya #Juan365livestream #JuanaBabeSena #JuanaBies #SenaVibes #AllInSaSaya #GoodVibesOnly #ReactAndShare #JuanaBies #TooBeautiful #SelfLove #GoodVibes #FYP #Trending",16,"12/14/2025 20:00",N/A,https://www.facebook.com/reel/1387084416452180/,0,0,Videos,,,,,Lifetime,1982,1711,182,158,19,5,21,21,,9243.841,5.327,0,0,0,,,
122115538245012033,61580361006776,"Juana Babe Sena","Hi, JuanaBies! 💖
It’s your baby girl Sena! Kamusta kayo today? 😊

Comment na yan at tag your friends 👇✨
👉 Follow the page for more fun vibes!

#Juanababes #Juan365 #AllInJuanSaSaya #Juan365livestream #JuanaBabeSena #JuanaBies #SenaVibes #AllInSaSaya #GoodVibesOnly #ReactAndShare #JuanaBies #BabyGirlSena #GoodVibes #FYP #Trending","Hi, JuanaBies! 💖
It’s your baby girl Sena! Kamusta kayo today? 😊

Comment na yan at tag your friends 👇✨
👉 Follow the page for more fun vibes!

#Juanababes #Juan365 #AllInJuanSaSaya #Juan365livestream #JuanaBabeSena #JuanaBies #SenaVibes #AllInSaSaya #GoodVibesOnly #ReactAndShare #JuanaBies #BabyGirlSena #GoodVibes #FYP #Trending",16,"12/14/2025 16:09",N/A,https://www.facebook.com/reel/1526839082342159/,0,0,Videos,,,,,Lifetime,1261,1133,98,82,12,4,17,17,,3719.445,3.315,0,0,0,,,
122115452037012033,61580361006776,"Juana Babe Sena","💖 It’s your baby girl Sena! Here’s your request, Juanabies ✨
Got more requests? Drop them below! ⬇️
Don’t forget to share and tap that heart! 💕🔥

#Juanababes #Juan365 #AllInJuanSaSaya #Juan365livestream #JuanaBabeSena #JuanaBies #SenaVibes #AllInSaSaya #GoodVibesOnly #ReactAndShare #Juanabies #BabyGirlSena #RequestDone #FYP","💖 It’s your baby girl Sena! Here’s your request, Juanabies ✨
Got more requests? Drop them below! ⬇️
Don’t forget to share and tap that heart! 💕🔥

#Juanababes #Juan365 #AllInJuanSaSaya #Juan365livestream #JuanaBabeSena #JuanaBies #SenaVibes #AllInSaSaya #GoodVibesOnly #ReactAndShare #Juanabies #BabyGirlSena #RequestDone #FYP",16,"12/14/2025 02:00",N/A,https://www.facebook.com/reel/1373065764525511/,0,0,Videos,,,,,Lifetime,1401,829,113,97,10,6,53,53,,7624.99,6.789,0,0,0,,,
122115358473012033,61580361006776,"Juana Babe Sena","Hi, JuanaBies! 💖
Pinagpala ako sa pagmamahal niyo—kayo ba? ✨

Comment down below kung bakit kayo grateful today 👇
👉 Like, follow, at share para sa more good vibes!

#JuanaBies #GratefulHeart #Blessed #GoodVibesOnly #FYP #Trending #ForYou","Hi, JuanaBies! 💖
Pinagpala ako sa pagmamahal niyo—kayo ba? ✨

Comment down below kung bakit kayo grateful today 👇
👉 Like, follow, at share para sa more good vibes!

#JuanaBies #GratefulHeart #Blessed #GoodVibesOnly #FYP #Trending #ForYou",16,"12/13/2025 16:00",N/A,https://www.facebook.com/reel/1243601300947936/,0,0,Videos,,,,,Lifetime,1797,1180,244,179,14,51,28,28,,8251.739,5.632,0,0,0,,,
122115358545012033,61580361006776,"Juana Babe Sena","Juanabies, pano kung?🎶
Continue the lyrics sa comment section at ipakita ang inyong creativity!✨

👉 Like, follow, at share para di ma-miss ang next fun fam.

#Juanababes #Juan365 #AllInJuanSaSaya #Juan365livestream #JuanaBabeSena #JuanaBies #SenaVibes #AllInSaSaya #GoodVibesOnly #ReactAndShare #Juanabies #PanoKung #SingWithUs #FYP #Trending #ForYou","Juanabies, pano kung?🎶
Continue the lyrics sa comment section at ipakita ang inyong creativity!✨

👉 Like, follow, at share para di ma-miss ang next fun fam.

#Juanababes #Juan365 #AllInJuanSaSaya #Juan365livestream #JuanaBabeSena #JuanaBies #SenaVibes #AllInSaSaya #GoodVibesOnly #ReactAndShare #Juanabies #PanoKung #SingWithUs #FYP #Trending #ForYou",16,"12/13/2025 08:00",N/A,https://www.facebook.com/reel/883875424070685/,0,0,Videos,,,,,Lifetime,849,707,90,72,9,9,15,15,,4483.035,6.413,0,0,0,,,
122115342393012033,61580361006776,"Juana Babe Sena","JuanaBies, JuanG is here!🔥
Gusto niyo na ba ulit kaming mag-LIVE? 👀🎥

Comment “LIVE” kung game kayo at follow the page para di kayo ma-miss! 💬👇

#Juanababes #Juan365 #AllInJuanSaSaya #Juan365livestream #JuanaBabeSena #JuanaBies #SenaVibes #AllInSaSaya #GoodVibesOnly #ReactAndShare
#JuanaBies #JuanG #LiveAgain #FYP #Trending","JuanaBies, JuanG is here!🔥
Gusto niyo na ba ulit kaming mag-LIVE? 👀🎥

Comment “LIVE” kung game kayo at follow the page para di kayo ma-miss! 💬👇

#Juanababes #Juan365 #AllInJuanSaSaya #Juan365livestream #JuanaBabeSena #JuanaBies #SenaVibes #AllInSaSaya #GoodVibesOnly #ReactAndShare
#JuanaBies #JuanG #LiveAgain #FYP #Trending",6,"12/13/2025 02:00",N/A,https://www.facebook.com/reel/4193150514269374/,0,0,Videos,,,,,Lifetime,2309,982,77,55,11,11,61,61,,7771.646,5.559,0,0,0,,,
122115337131012033,61580361006776,"Juana Babe Sena","JuanaBies, na-miss niyo ba si JuanG? 😄
Don’t worry—buhay pa siya! 😂

Comment down below kung na-miss niyo siya at ano ang gusto niyong sabihin sa kanya 💬👇
Like, follow, at share para sa more updates!

#Juanababes #Juan365 #AllInJuanSaSaya #Juan365livestream #JuanaBabeSena #JuanaBies #SenaVibes #AllInSaSaya #GoodVibesOnly #ReactAndShare #JuanG #MissMoBa #FYP #Trending #Viral #ForYou",,0,"12/12/2025 23:00",N/A,https://www.facebook.com/JuanababeSena/posts/pfbid0sXh8Ju3Vakh7i27ApFfKrFYHT7NsfEWppCeqmwfw3RuU17fYhiXZW79oefoPGdNxl,0,0,Photos,,,,,Lifetime,2373,1041,79,56,13,10,197,121,76,,,,,,,,
122115336957012033,61580361006776,"Juana Babe Sena","See you!!! 💙🧡",,0,"12/12/2025 22:15",N/A,https://www.facebook.com/JuanababeSena/posts/pfbid02yU2kpgpjJGrZq35ghLh5ePwGtXFg5FjTd7wGkpcUuzsoTqMy7QB8SC7jWydQQWFrl,0,1,Photos,,,,,Lifetime,672,343,52,39,8,5,24,22,2,,,,,,,,
122115314277012033,61580361006776,"Juana Babe Sena","💖 JuanaBies, let’s bounce and enjoy the day with good vibes! ✨
Don’t forget to follow and share the fun! 💕🔥

#Juanababes #Juan365 #AllInJuanSaSaya #Juan365livestream #JuanaBabeSena #JuanaBies #SenaVibes #AllInSaSaya #GoodVibesOnly #ReactAndShare  #LetsBounce","💖 JuanaBies, let’s bounce and enjoy the day with good vibes! ✨
Don’t forget to follow and share the fun! 💕🔥

#Juanababes #Juan365 #AllInJuanSaSaya #Juan365livestream #JuanaBabeSena #JuanaBies #SenaVibes #AllInSaSaya #GoodVibesOnly #ReactAndShare  #LetsBounce",15,"12/12/2025 20:00",N/A,https://www.facebook.com/reel/1370922064505294/,0,0,Videos,,,,,Lifetime,866,794,66,59,7,0,9,9,,2724.953,3.516,0,0,0,,,
122115306375012033,61580361006776,"Juana Babe Sena","Good day, JuanaBies! It’s your baby girl Sena — let’s start our day with good vibes and pure positivity! 🌞💖
Join me and spread the energy—follow for more daily feels! ✨💕

#Juanababes #Juan365 #AllInJuanSaSaya #Juan365livestream #JuanaBabeSena #JuanaBies #SenaVibes #AllInSaSaya #GoodVibesOnly #ReactAndShare #GoodVibesOnly","Good day, JuanaBies! It’s your baby girl Sena — let’s start our day with good vibes and pure positivity! 🌞💖
Join me and spread the energy—follow for more daily feels! ✨💕

#Juanababes #Juan365 #AllInJuanSaSaya #Juan365livestream #JuanaBabeSena #JuanaBies #SenaVibes #AllInSaSaya #GoodVibesOnly #ReactAndShare #GoodVibesOnly",10,"12/12/2025 16:06",N/A,https://www.facebook.com/reel/1408639964159037/,0,0,Videos,,,,,Lifetime,1408,1131,130,114,13,3,23,23,,5630.946,4.926,0,0,0,,,
122115232401012033,61580361006776,"Juana Babe Sena","JuanaBies, naka-sali ka na ba?
Kung hindi pa… JOIN NA! 😱
1 MILLION CASH + 10 iPhone 17 Pro ang naghihintay sa’yo! 📱💸
Don’t miss out — be part of the fun! don't forget to follow and share the fun💖✨

#JuanaBies #GiveawayPH #iPhone17Pro #CashGiveaway #TrendingNow #JoinNow #FYP #ViralPH",,0,"12/12/2025 04:24",N/A,https://www.facebook.com/JuanababeSena/posts/pfbid0DAyRCMLZmTMECMQK3RrzaWSnmYJZJje6uv6mswropcJTxf4udqaKgVk91vmDQvpml,0,1,Text,,,,,Lifetime,,257,20,20,0,0,12,12,,,,,,,,,
122115154725012033,61580361006776,"Juana Babe Sena","Feeling the vibes, feeling the joy! 😎💫
JuanaBies, it’s time to move, chill, and just be happy!

💬 Comment your mood today! and Share this and tag your squad!

#Juanababes #Juan365 #AllInJuanSaSaya #Juan365livestream #JuanaBabeSena #JuanaVibes #MoveChillSmile #JuanaBies #SpreadHappiness","Feeling the vibes, feeling the joy! 😎💫
JuanaBies, it’s time to move, chill, and just be happy!

💬 Comment your mood today! and Share this and tag your squad!

#Juanababes #Juan365 #AllInJuanSaSaya #Juan365livestream #JuanaBabeSena #JuanaVibes #MoveChillSmile #JuanaBies #SpreadHappiness",16,"12/12/2025 02:00",N/A,https://www.facebook.com/reel/1176359321289951/,0,0,Videos,,,,,Lifetime,1475,1184,135,106,24,5,39,39,,8451.931,7.108,0,0,0,,,
122115184017012033,61580361006776,"Juana Babe Sena",,,0,"12/11/2025 21:03",N/A,https://www.facebook.com/JuanababeSena/posts/pfbid0TuKkspdUQFwgN11E4njiDLPHKEiDsq2sCGPZCn8eXkBdWnDaK55RkbBuRjykQzC7l,0,1,Photos,,,,,Lifetime,851,343,94,46,37,11,30,24,6,,,,,,,,
122115150075012033,61580361006776,"Juana Babe Sena","𝟏,𝟎𝟎𝟎,𝟎𝟎𝟎 GRAND PRIZE up for grabs! Kaya mo bang makuha ‘to? 😱 Plus, 10 lucky Juankada will walk away with a brand-new iPhone 17 Pro each! 📱🔥 Time to move, groove, at ipakita ang all-out saya mo sa ALL IN SA SayaJUAN: The Juan365 Dance Craze Challenge! ✨

𝐉𝐨𝐢𝐧 𝐧𝐨𝐰, 𝐢-𝐭𝐚𝐠 𝐚𝐧𝐠 𝐭𝐫𝐨𝐩𝐚 𝐬𝐚 𝐜𝐨𝐦𝐦𝐞𝐧𝐭 𝐬𝐞𝐜𝐭𝐢𝐨𝐧, at ihataw na ang moves mo sa biggest dance challenge of the year! 💃🕺

#Juan365 #Juan365PH #AllInJuanSaSaya #JuanKada #tunogngsayajuan365","𝟏,𝟎𝟎𝟎,𝟎𝟎𝟎 GRAND PRIZE up for grabs! Kaya mo bang makuha ‘to? 😱 Plus, 10 lucky Juankada will walk away with a brand-new iPhone 17 Pro each! 📱🔥 Time to move, groove, at ipakita ang all-out saya mo sa ALL IN SA SayaJUAN: The Juan365 Dance Craze Challenge! ✨

𝐉𝐨𝐢𝐧 𝐧𝐨𝐰, 𝐢-𝐭𝐚𝐠 𝐚𝐧𝐠 𝐭𝐫𝐨𝐩𝐚 𝐬𝐚 𝐜𝐨𝐦𝐦𝐞𝐧𝐭 𝐬𝐞𝐜𝐭𝐢𝐨𝐧, at ihataw na ang moves mo sa biggest dance challenge of the year! 💃🕺

#Juan365 #Juan365PH #AllInJuanSaSaya #JuanKada #tunogngsayajuan365",35,"12/11/2025 20:00",N/A,https://www.facebook.com/reel/1360279445047343/,0,0,Videos,,,,,Lifetime,1619,1081,252,122,102,28,74,74,,10500.508,7.614,0,0,0,,,
122115143847012033,61580361006776,"Juana Babe Sena","Good day, JuanaBies! 💖
It’s your baby girl Sena — let’s dance, vibe, and enjoy the moment! ✨💃

👉 Hit follow and share with your friends!

#Juanababes #Juan365 #AllInJuanSaSaya #Juan365livestream #JuanaBabeSena #JuanaBies #SenaVibes #AllInSaSaya #GoodVibesOnly #ReactAndShare","Good day, JuanaBies! 💖
It’s your baby girl Sena — let’s dance, vibe, and enjoy the moment! ✨💃

👉 Hit follow and share with your friends!

#Juanababes #Juan365 #AllInJuanSaSaya #Juan365livestream #JuanaBabeSena #JuanaBies #SenaVibes #AllInSaSaya #GoodVibesOnly #ReactAndShare",10,"12/11/2025 17:00",N/A,https://www.facebook.com/reel/881547294483654/,0,0,Videos,,,,,Lifetime,1553,1148,166,117,38,11,19,19,,5612.844,4.615,0,0,0,,,
122115068421012033,61580361006776,"Juana Babe Sena","Na-in love na ’ko sa inyo, JuanaBies 💙
Sa vibes niyo? Sa kulit? O sa good energy ng community natin? 👀

💬 Comment na kung bakit kayo na-in love sa Juanabies fam!
👥 Bago ka lang dito? Follow us and be part of the good vibes!
📲 Like & share para mas dumami pa tayo!

#Juanababes #Juan365 #AllInJuanSaSaya #Juan365livestream #JuanaBabeSena #JuanaBies #InLoveSaVibes #GoodEnergy #TrendingNow #FYP #ForYou #CommunityLove","Na-in love na ’ko sa inyo, JuanaBies 💙
Sa vibes niyo? Sa kulit? O sa good energy ng community natin? 👀

💬 Comment na kung bakit kayo na-in love sa Juanabies fam!
👥 Bago ka lang dito? Follow us and be part of the good vibes!
📲 Like & share para mas dumami pa tayo!

#Juanababes #Juan365 #AllInJuanSaSaya #Juan365livestream #JuanaBabeSena #JuanaBies #InLoveSaVibes #GoodEnergy #TrendingNow #FYP #ForYou #CommunityLove",16,"12/11/2025 02:34",N/A,https://www.facebook.com/reel/1735615383801068/,0,0,Videos,,,,,Lifetime,884,751,95,74,14,7,10,10,,4141.849,5.744,0,0,0,,,
122115068181012033,61580361006776,"Juana Babe Sena",,,0,"12/11/2025 02:33",N/A,https://www.facebook.com/JuanababeSena/posts/pfbid0KgJ2nZwuHSQgVexRuaT3RmWE8hMqLF4wJPxznhoKR756ebxtiFGb1WpHkVLMq7Dml,0,1,Photos,,,,,Lifetime,410,220,17,13,3,1,10,8,2,,,,,,,,
122115054297012033,61580361006776,"Juana Babe Sena","See you JuanaBies!!! ☺️",,0,"12/10/2025 23:10",N/A,https://www.facebook.com/JuanababeSena/posts/pfbid02obzHh7XEVqBvxxkag35ESXj1iLJ9WQt3U5VK18yfRwhEiuwesEw9hPU3zf64XhUJl,0,1,Photos,,,,,Lifetime,446,249,25,19,3,3,16,15,1,,,,,,,,
122115046725012033,61580361006776,"Juana Babe Sena","Hi JuanaBies! 💼 Back to work na again!

React ❤️ if productive ka rin today, comment kung anong task mo, at tag your work buddy para sabay-sabay tayo sa grind!

#Juanababes #Juan365 #AllInJuanSaSaya #Juan365livestream #JuanaBabeSena #JuanaBies #BackToWork #AllInSaSaya #GoodVibesOnly #ReactCommentTag",,0,"12/10/2025 21:22",N/A,https://www.facebook.com/JuanababeSena/posts/pfbid0kNoXbjAasGrykkgSs1wBiVJYTb8W2qZ2jCsf1P6A9Vi3w68KHfa9sSTNDdHyEzEAl,0,0,Photos,,,,,Lifetime,1084,515,74,55,16,3,53,34,19,,,,,,,,
122114965017012033,61580361006776,"Juana Babe Sena","Hi JuanaBies! It’s your girl Sena! 💖

React ❤️, comment something fun, at tag your friends para sabay-sabay tayo sa good vibes!

#Juanababes #Juan365 #AllInJuanSaSaya #Juan365livestream #JuanaBabeSena #JuanaBies #SpreadTheLove #AllInSaSaya #ReactShareTag #GoodVibesOnly #CommentMoNa #WhereYouAt","Hi JuanaBies! It’s your girl Sena! 💖

React ❤️, comment something fun, at tag your friends para sabay-sabay tayo sa good vibes!

#Juanababes #Juan365 #AllInJuanSaSaya #Juan365livestream #JuanaBabeSena #JuanaBies #SpreadTheLove #AllInSaSaya #ReactShareTag #GoodVibesOnly #CommentMoNa #WhereYouAt",6,"12/10/2025 16:00",N/A,https://www.facebook.com/reel/860255549706780/,0,0,Videos,,,,,Lifetime,2214,1641,191,178,9,4,24,24,,6290.878,3.88,0,0,0,,,
122114938605012033,61580361006776,"Juana Babe Sena","Just chill, moves muna, JuanaBies! 💙

React ❤️, comment kung game ka, at share sa friends mo para sabay-sabay tayo sa good vibes!”

#Juanababes #Juan365 #AllInJuanSaSaya #Juan365livestream #JuanaBabeSena #JuanaBies #ChillMoves #GoodVibesOnly #DanceWithMe #AllInSaSaya","Just chill, moves muna, JuanaBies! 💙

React ❤️, comment kung game ka, at share sa friends mo para sabay-sabay tayo sa good vibes!”

#Juanababes #Juan365 #AllInJuanSaSaya #Juan365livestream #JuanaBabeSena #JuanaBies #ChillMoves #GoodVibesOnly #DanceWithMe #AllInSaSaya",9,"12/10/2025 02:15",N/A,https://www.facebook.com/reel/1586305679353916/,0,0,Videos,,,,,Lifetime,94702,70726,11859,11755,55,49,325,325,,394779.87,5.826,0,0,0,,,
122114923737012033,61580361006776,"Juana Babe Sena","Nahulog nako sa inyo, JuanaBies 😘

React ❤️ kung pareho tayo, share para ramdam ng friends niyo!

#Juanababes #Juan365 #AllInJuanSaSaya #Juan365livestream #JuanaBabeSena #JuanaBies #SpreadTheLove #AllInSaSaya #ReactShareTag #GoodVibesOnly #CommentMoNa #WhereYouAt","Nahulog nako sa inyo, JuanaBies 😘

React ❤️ kung pareho tayo, share para ramdam ng friends niyo!

#Juanababes #Juan365 #AllInJuanSaSaya #Juan365livestream #JuanaBabeSena #JuanaBies #SpreadTheLove #AllInSaSaya #ReactShareTag #GoodVibesOnly #CommentMoNa #WhereYouAt",16,"12/09/2025 23:00",N/A,https://www.facebook.com/reel/863718752727170/,0,0,Videos,,,,,Lifetime,1085,936,116,102,11,3,14,14,,4207.979,4.514,0,0,0,,,
122114914347012033,61580361006776,"Juana Babe Sena","Para sa’yo 💖

React this post, share, and tag your friends para spread ang love, JuanaBies! 😍”

#Juanababes #Juan365 #AllInJuanSaSaya #Juan365livestream #JuanaBabeSena #JuanaBies #SpreadTheLove #AllInSaSaya #ReactShareTag #GoodVibesOnly #CommentMoNa #WhereYouAt","Para sa’yo 💖

React this post, share, and tag your friends para spread ang love, JuanaBies! 😍”

#Juanababes #Juan365 #AllInJuanSaSaya #Juan365livestream #JuanaBabeSena #JuanaBies #SpreadTheLove #AllInSaSaya #ReactShareTag #GoodVibesOnly #CommentMoNa #WhereYouAt",15,"12/09/2025 19:06",N/A,https://www.facebook.com/reel/3234342723395999/,0,0,Videos,,,,,Lifetime,1183,932,96,80,5,11,13,13,,3974.797,3.912,0,0,0,,,
122114826729012033,61580361006776,"Juana Babe Sena","Hi JuanaBies! It’s your girl Sena!! 💃✨
Let’s dance and chill together!

React 😲, comment something fun, tag your friends, and thank me later 💖”

#Juanababes #Juan365 #AllInJuanSaSaya #Juan365livestream #JuanaBabeSena #JuanaBies #DanceWithSena #ChillVibes #AllInSaSaya #FunTimes","Hi JuanaBies! It’s your girl Sena!! 💃✨
Let’s dance and chill together!

React 😲, comment something fun, tag your friends, and thank me later 💖”

#Juanababes #Juan365 #AllInJuanSaSaya #Juan365livestream #JuanaBabeSena #JuanaBies #DanceWithSena #ChillVibes #AllInSaSaya #FunTimes",16,"12/09/2025 04:00",N/A,https://www.facebook.com/reel/822266273628690/,0,0,Videos,,,,,Lifetime,1368,1000,140,124,13,3,39,39,,8303.647,7.946,0,0,0,,,
122114832009012033,61580361006776,"Juana Babe Sena","10K followers na tayo, JuanaBies! Thank you sa love at support ❤️ Road to 20K!

Tap ❤️, tag friends, share this post 🎁

#Juanababes #Juan365 #AllInJuanSaSaya #Juan365livestream #JuanaBabeSena
#JuanaBies #RoadTo20K #GCashGiveaway #AllInSaSayaJuan",,0,"12/09/2025 01:56",N/A,https://www.facebook.com/JuanababeSena/posts/pfbid02VDswKSADv5SYDGN6TKEtaMJtAQa7vnYfifLMAkvxWk4e21cabbDEgeexzEsynyyjl,0,0,Photos,,,,,Lifetime,4649,1608,248,187,40,21,54,48,6,,,,,,,1,
122114814831012033,61580361006776,"Juana Babe Sena","Juanabies! Kung may gusto kang sabihin sakin, ano ito at bakit? 🤔

Drop your comment, heart this post, at don’t forget to tag your friends! 💖

#Juanababes #Juan365 #AllInJuanSaSaya #Juan365livestream #JuanaBabeSena #CommentMoNa #ShareTheLove #FunWithFriends","Juanabies! Kung may gusto kang sabihin sakin, ano ito at bakit? 🤔

Drop your comment, heart this post, at don’t forget to tag your friends! 💖

#Juanababes #Juan365 #AllInJuanSaSaya #Juan365livestream #JuanaBabeSena #CommentMoNa #ShareTheLove #FunWithFriends",16,"12/08/2025 23:37",N/A,https://www.facebook.com/reel/2347700098999822/,0,0,Videos,,,,,Lifetime,1201,1043,106,93,12,1,23,23,,3836.245,3.681,0,0,0,,,
122114734017012033,61580361006776,"Juana Babe Sena","Juanabies, TikTok muna before matulog! ✨😴

Kamusta kayo today? Comment n’yo na yan!
Don’t forget to share this post!

#Juanababes #Juan365 #AllInJuanSaSaya #Juan365livestream #JuanaBabeSena #JuanaBies #SenaVibes #AllInSaSaya #GoodVibesOnly #ReactAndShare","Juanabies, TikTok muna before matulog! ✨😴

Kamusta kayo today? Comment n’yo na yan!
Don’t forget to share this post!

#Juanababes #Juan365 #AllInJuanSaSaya #Juan365livestream #JuanaBabeSena #JuanaBies #SenaVibes #AllInSaSaya #GoodVibesOnly #ReactAndShare",16,"12/08/2025 04:00",N/A,https://www.facebook.com/reel/868369665914714/,0,0,Videos,,,,,Lifetime,1665,1436,97,87,5,5,11,11,,5436.376,3.77,0,0,0,,,
122114733759012033,61580361006776,"Juana Babe Sena","Baby girl Sena here… feeling a bit incomplete today 😢💖

Comment ka naman para maging complete ako!
Tag your friends and follow for more baby cuteness! 👶✨”

#Juanababes #Juan365 #AllInJuanSaSaya #Juan365livestream #JuanaBabeSena #JuanaBies #SenaVibes #GoodVibesOnly #ReactAndShare #FeelingIncomplete #BabyVibes #CuteBabiesPH #TagYourFriends #FollowForMore","Baby girl Sena here… feeling a bit incomplete today 😢💖

Comment ka naman para maging complete ako!
Tag your friends and follow for more baby cuteness! 👶✨”

#Juanababes #Juan365 #AllInJuanSaSaya #Juan365livestream #JuanaBabeSena #JuanaBies #SenaVibes #GoodVibesOnly #ReactAndShare #FeelingIncomplete #BabyVibes #CuteBabiesPH #TagYourFriends #FollowForMore",16,"12/08/2025 02:49",N/A,https://www.facebook.com/reel/4145557045774190/,0,0,Videos,,,,,Lifetime,2040,1621,200,183,10,7,32,32,,8656.046,5.085,0,0,0,,,
122114720019012033,61580361006776,"Juana Babe Sena","JuanaBies, happy 5K followers sa atin! 🧡💙
Maraming salamat sa solid n’yong pagmamahal at suporta.
Road to 10K na tayo!”

#Juanababes #Juan365 #AllInJuanSaSaya #Juan365livestream #JuanaBabeSena #JuanaBies #SenaVibes #AllInSaSaya #GoodVibesOnly #ReactAndShare #JuanaBies #5KFollowers #ThankYouFam #SolidSupport #CommunityLove #RoadTo10K #Grateful #PinoyCreators #VibesOnly",,0,"12/08/2025 00:45",N/A,https://www.facebook.com/JuanababeSena/posts/pfbid0yQeTRdKsxG1DgAaNvFqNfFHqwncKb7ZWWQ5ooJQZktsxVmTVJgq28fd7Xm5p3sAKl,0,0,Photos,,,,,Lifetime,4274,1823,142,80,51,11,158,147,10,,,,,,,,1
122114716503012033,61580361006776,"Juana Babe Sena","Hello JuanaBies! 🎉
Tara, hanapin natin kung sino ang deserving sa surprise! ✨🎁

#PamaskoNiJuana + taga-saan kayo? And share this post!

#Juanababes #Juan365 #AllInJuanSaSaya #Juan365livestream #JuanaBabeSena #JuanaBies #SenaVibes #AllInSaSaya #GoodVibesOnly #ReactAndShare #FollowForMore #Whereyouat #Commentmona","Hello JuanaBies! 🎉
Tara, hanapin natin kung sino ang deserving sa surprise! ✨🎁

#PamaskoNiJuana + taga-saan kayo? And share this post!

#Juanababes #Juan365 #AllInJuanSaSaya #Juan365livestream #JuanaBabeSena #JuanaBies #SenaVibes #AllInSaSaya #GoodVibesOnly #ReactAndShare #FollowForMore #Whereyouat #Commentmona",6,"12/07/2025 23:33",N/A,https://www.facebook.com/reel/1415831583299493/,0,0,Videos,,,,,Lifetime,1891,1382,86,59,14,13,38,38,,4419.577,2.862,0,0,0,,,
122114708493012033,61580361006776,"Juana Babe Sena","Join the ALL IN SA SayaJUAN Dance Craze Challenge and show the world your moves.

Sali na, Juankada!💃💙

#juanababes #Juan365livestream #Juan365PH
#AllInJuanSaSaya #JuanKada #tunogngsayajuan365 #allinsayajuan",,0,"12/07/2025 22:08",N/A,https://www.facebook.com/photo.php?fbid=122114708493012033&set=a.122098128093012033&type=3,0,0,Photos,,,,,Lifetime,992,408,75,66,3,6,3,3,,,,,,,,,
122114692377012033,61580361006776,"Juana Babe Sena","JuanaBies! Sena here 😢
Lonely vibes today… Comment kung gusto mong sumama sakin!
React 😍 at share this post 💖”

#Juanababes #Juan365 #AllInJuanSaSaya #Juan365livestream #JuanaBabeSena #JuanaBies #SenaVibes #AllInSaSaya #GoodVibesOnly #ReactAndShare","JuanaBies! Sena here 😢
Lonely vibes today… Comment kung gusto mong sumama sakin!
React 😍 at share this post 💖”

#Juanababes #Juan365 #AllInJuanSaSaya #Juan365livestream #JuanaBabeSena #JuanaBies #SenaVibes #AllInSaSaya #GoodVibesOnly #ReactAndShare",11,"12/07/2025 16:57",N/A,https://www.facebook.com/reel/850476147564381/,0,0,Videos,,,,,Lifetime,1141,898,76,67,7,2,18,18,,3397.219,3.652,0,0,0,,,
122114621787012033,61580361006776,"Juana Babe Sena","Our baby girl Sena is here! Plus Juanababe Zell 😘
Tiramisu cake makes everything better 

React ❤️, drop your favorite dessert sa comments, and tag your sweet buddy!”

#Juanababes #Juan365 #AllInJuanSaSaya #Juan365livestream #JuanaBabeSenaJuanabies #SenaSquad #DessertGoals #TiramisuMood #AllInSaSaya","Our baby girl Sena is here! Plus Juanababe Zell 😘
Tiramisu cake makes everything better 

React ❤️, drop your favorite dessert sa comments, and tag your sweet buddy!”

#Juanababes #Juan365 #AllInJuanSaSaya #Juan365livestream #JuanaBabeSenaJuanabies #SenaSquad #DessertGoals #TiramisuMood #AllInSaSaya",16,"12/07/2025 04:00",N/A,https://www.facebook.com/reel/1823820971881404/,0,0,Videos,,,,,Lifetime,2112,1675,132,110,17,5,33,33,,10061.201,5.775,0,0,0,,,
122114621601012033,61580361006776,"Juana Babe Sena",,,0,"12/07/2025 02:40",N/A,https://www.facebook.com/JuanababeSena/posts/pfbid0mjSAetDR8Yqw7wSGXJzGjGwLaVCLGvvxNL7MtTgszzVrspP5uNMR564mB7vcbGDbl,0,1,Videos,,,,,Lifetime,,201,13,13,0,0,5,5,,,,,,,,,
122114529057012033,61580361006776,"Juana Babe Sena","Tatlong oras na ko nagpa-cute, JuanaBies! 😎

Click ❤️, share this post, at tag kaagad ang bestie mo sa comment section! Let’s spread the love

#Juanababes #Juan365 #AllInJuanSaSaya #Juan365livestream #JuanaBabeSena #JuanaBies #Juankada #AllInSaSaya #TagYourBestie #ShareMoNa”","Tatlong oras na ko nagpa-cute, JuanaBies! 😎

Click ❤️, share this post, at tag kaagad ang bestie mo sa comment section! Let’s spread the love

#Juanababes #Juan365 #AllInJuanSaSaya #Juan365livestream #JuanaBabeSena #JuanaBies #Juankada #AllInSaSaya #TagYourBestie #ShareMoNa”",14,"12/06/2025 20:00",N/A,https://www.facebook.com/reel/4853931871499860/,0,0,Videos,,,,,Lifetime,18351,16181,2121,2082,29,10,57,57,,70363.719,4.469,0,0,0,,,
122114528937012033,61580361006776,"Juana Babe Sena","Hi JuanaBies! 😎 Where you at?

Comment na at let’s connect with the Juankada fam—let’s see who’s in the vibe today!

#Juanababes #Juan365 #AllInJuanSaSaya #Juan365livestream #JuanaBabeSena #JuanaBies #Juankada #AllInSaSaya #CommentMoNa #WhereYouAt”","Hi JuanaBies! 😎 Where you at?

Comment na at let’s connect with the Juankada fam—let’s see who’s in the vibe today!

#Juanababes #Juan365 #AllInJuanSaSaya #Juan365livestream #JuanaBabeSena #JuanaBies #Juankada #AllInSaSaya #CommentMoNa #WhereYouAt”",13,"12/06/2025 16:00",N/A,https://www.facebook.com/reel/722181097592929/,0,0,Videos,,,,,Lifetime,103601,88099,11875,11738,53,84,515,515,,416552.334,4.842,0,0,0,,,
122114528433012033,61580361006776,"Juana Babe Sena","JuanaBies, help! Hindi ko na alam kung makakaya ko pa! 😵

Ano sa tingin niyo ang next? Dugtungan niyo sa comment tag your friends and i-drop ang User ID niyo!

#Juanababes #Juan365 #AllInJuanSaSaya #Juan365livestream #JuanaBabeSena #JuanaBies #Juankada #AllInSaSaya #FunMoments #DropYourID”","JuanaBies, help! Hindi ko na alam kung makakaya ko pa! 😵

Ano sa tingin niyo ang next? Dugtungan niyo sa comment tag your friends and i-drop ang User ID niyo!

#Juanababes #Juan365 #AllInJuanSaSaya #Juan365livestream #JuanaBabeSena #JuanaBies #Juankada #AllInSaSaya #FunMoments #DropYourID”",16,"12/06/2025 04:00",N/A,https://www.facebook.com/reel/1944720356446511/,0,0,Videos,,,,,Lifetime,1366,1090,114,84,20,10,61,61,,6296.668,5.617,0,0,0,,,
122114528115012033,61580361006776,"Juana Babe Sena","Hi Juanabies! 
Sino ang cool tita para sa inyo juankada? Si Tita Felicia o si Tita Daniela? Drop down your vote sa comment section!🤗

#Juanababes #Juan365 #AllInJuanSaSaya #Juan365livestream #JuanaBabeSena #LakasNgDating #GoodVibesOnly","Hi Juanabies! 
Sino ang cool tita para sa inyo juankada? Si Tita Felicia o si Tita Daniela? Drop down your vote sa comment section!🤗

#Juanababes #Juan365 #AllInJuanSaSaya #Juan365livestream #JuanaBabeSena #LakasNgDating #GoodVibesOnly",16,"12/06/2025 01:40",N/A,https://www.facebook.com/reel/1490646488691664/,0,0,Videos,,,,,Lifetime,877,697,62,43,15,4,28,28,,3533.632,4.914,0,0,0,,,
122114513097012033,61580361006776,"Juana Babe Sena","Hello JuanaBies… may something ako sa isip ko today 👀

React ❤️ and comment your guess — sino kaya ang tatama?
Hype nyo na rin, share this post!

#Juanababes #Juan365 #AllInJuanSaSaya #Juan365livestream #JuanaBabeSena
#Juanabies #GuessMoNa","Hello JuanaBies… may something ako sa isip ko today 👀

React ❤️ and comment your guess — sino kaya ang tatama?
Hype nyo na rin, share this post!

#Juanababes #Juan365 #AllInJuanSaSaya #Juan365livestream #JuanaBabeSena
#Juanabies #GuessMoNa",15,"12/05/2025 20:34",N/A,https://www.facebook.com/reel/1618002596296015/,0,0,Videos,,,,,Lifetime,773,588,69,45,19,5,22,22,,2715.224,4.196,0,0,0,,,
122114434689012033,61580361006776,"Juana Babe Sena","Bagay ba tayo, JuanaBies? 👀✨

Comment mo nga… tapos share this post para malaman natin kung team Bagay ka rin! 😉💛

Let’s see kung sino ang kakampi mo today! 💬🔁

#Juanababes #Juan365 #AllInJuanSaSaya #Juan365livestream #JuanaBabeSena
#Juanabies #JuanaBies #AllInSaSaya #ShareMoNa","Bagay ba tayo, JuanaBies? 👀✨

Comment mo nga… tapos share this post para malaman natin kung team Bagay ka rin! 😉💛

Let’s see kung sino ang kakampi mo today! 💬🔁

#Juanababes #Juan365 #AllInJuanSaSaya #Juan365livestream #JuanaBabeSena
#Juanabies #JuanaBies #AllInSaSaya #ShareMoNa",14,"12/05/2025 03:59",N/A,https://www.facebook.com/reel/815773227999861/,0,0,Videos,,,,,Lifetime,977,720,93,73,15,5,29,29,,3664.337,4.74,0,0,0,,,
122114427669012033,61580361006776,"Juana Babe Sena","Ready ka na bang manalo? Keep your eyes on the live!

#juanababes #Juan365livestream #Juan365PH
#AllInJuanSaSaya #JuanKada #Juan365",,0,"12/05/2025 02:35",N/A,https://www.facebook.com/JuanababeSena/posts/pfbid02GRMq4jMdmcL97fSCd5EXqHhDXKEwfsBYoQJGdGsiUSa7UzBcsSMyJRHK67FQrvXyl,0,0,Text,,,,,Lifetime,,142,7,7,0,0,12,12,,,,,,,,,
122114414625012033,61580361006776,"Juana Babe Sena","Hello JuanaBies! 💛 Na-miss ko kayo sobra!
Comment nga if na-miss niyo rin ako — tapos i-heart niyo na rin para makita ko kung sino ang all-out support today! ⭐️

Let’s go, JuanaBies! Drop your comments now! 💬🔥

#Juanababes #Juan365 #AllInJuanSaSaya #Juan365livestream #JuanaBabeSena
#Juanabies #JuanaBies #AllInSaSaya #StayEngaged","Hello JuanaBies! 💛 Na-miss ko kayo sobra!
Comment nga if na-miss niyo rin ako — tapos i-heart niyo na rin para makita ko kung sino ang all-out support today! ⭐️

Let’s go, JuanaBies! Drop your comments now! 💬🔥

#Juanababes #Juan365 #AllInJuanSaSaya #Juan365livestream #JuanaBabeSena
#Juanabies #JuanaBies #AllInSaSaya #StayEngaged",10,"12/04/2025 22:48",N/A,https://www.facebook.com/reel/874904398548909/,0,0,Videos,,,,,Lifetime,1336,967,121,90,26,5,31,31,,5667.813,5.662,0,0,0,,,
122114316747012033,61580361006776,"Juana Babe Sena","HI JuanaBies! 🌟 Sena here! 
Kamusta ang day nyo? Comment na and let’s chika-chika! 💬

#Juanababes #Juan365 #AllInJuanSaSaya #Juan365livestream #JuanaBabeSena
#Juanabies #ItsYourGirlSena #JuanaBiesVibes #ChikaWithSena","HI JuanaBies! 🌟 Sena here! 
Kamusta ang day nyo? Comment na and let’s chika-chika! 💬

#Juanababes #Juan365 #AllInJuanSaSaya #Juan365livestream #JuanaBabeSena
#Juanabies #ItsYourGirlSena #JuanaBiesVibes #ChikaWithSena",13,"12/04/2025 01:00",N/A,https://www.facebook.com/reel/848220294456560/,0,0,Videos,,,,,Lifetime,921,773,76,53,15,8,12,12,,4324.666,5.372,0,0,0,,,
122114298873012033,61580361006776,"Juana Babe Sena",,,0,"12/03/2025 18:18",N/A,https://www.facebook.com/JuanababeSena/posts/pfbid0241msmMQck5n7aiMYvzqxhvPeXjtfSVuPLkzcupFtcQr4Fu7ckuzc7s9cRQkb2yeul,0,1,Photos,,,,,Lifetime,365,176,27,18,5,4,13,10,3,,,,,,,,
122114296755012033,61580361006776,"Juana Babe Sena","Hello Juanabies! 💛

Medyo under the weather tayo ngayon, kaya sana mapasama ako sa healing vibes n’yo. 🙏✨
Your support means a lot!

Kindly react “CARE” to wish me a fast recovery.
Tap CARE now, Juankada — let’s spread good energy! 💛✨

#Juanababes #Juan365 #AllInJuanSaSaya #Juan365livestream #JuanaBabeSena #Juanabies #HealingVibes #FastRecovery","Hello Juanabies! 💛

Medyo under the weather tayo ngayon, kaya sana mapasama ako sa healing vibes n’yo. 🙏✨
Your support means a lot!

Kindly react “CARE” to wish me a fast recovery.
Tap CARE now, Juankada — let’s spread good energy! 💛✨

#Juanababes #Juan365 #AllInJuanSaSaya #Juan365livestream #JuanaBabeSena #Juanabies #HealingVibes #FastRecovery",10,"12/03/2025 18:03",N/A,https://www.facebook.com/reel/1537979560820393/,0,0,Videos,,,,,Lifetime,1033,675,93,65,23,5,47,47,,4667.66,6.411,0,0,0,,,
122114237133012033,61580361006776,"Juana Babe Sena","Hello, Juanabies! 👋💖
Hold the ❤️ reaction twice on this post… thank me later! 😎✨

💬 Comment “Done!” if you followed the challenge!
🔄 Share this with your Juanabies and spread the love!

#Juanababes #Juan365 #AllInJuanSaSaya #Juan365livestream #JuanaBabeSena #JuanabiesLove #DoubleHeartChallenge #SpreadGoodVibes",,0,"12/03/2025 02:12",N/A,https://www.facebook.com/JuanababeSena/posts/pfbid037DybygLCBT2Eu79tKxqxouqf2YdHk5SnkEHcUDy7vzo2WPbSyqBxkjyoWBwdUXgbl,0,0,Photos,,,,,Lifetime,2928,1196,273,172,83,18,139,104,35,,,,,,,,
122114218755012033,61580361006776,"Juana Babe Sena","Good morning, Juanabies! 🌞💖
Spread love and good vibes—watch this video and share the ❤️!

💬 Tag a Juanabies who needs this today!

#Juanababes #Juan365 #AllInJuanSaSaya #Juan365livestream #JuanaBabeSena #JuanabiesLove #SpreadGoodVibes #MorningMood","Good morning, Juanabies! 🌞💖
Spread love and good vibes—watch this video and share the ❤️!

💬 Tag a Juanabies who needs this today!

#Juanababes #Juan365 #AllInJuanSaSaya #Juan365livestream #JuanaBabeSena #JuanabiesLove #SpreadGoodVibes #MorningMood",13,"12/02/2025 21:17",N/A,https://www.facebook.com/reel/719878300819247/,0,0,Videos,,,,,Lifetime,1358,909,77,57,14,6,28,28,,8052.055,8.092,0,0,0,,,
122114127339012033,61580361006776,"Juana Babe Sena","Chill move muna tayo 😌

Relax lang, Juanabies! Comment ‘CHILL’ kung pahinga mode ka rin. 💬

Like & share para spread natin ang good vibes!

#Juanababes #Juan365 #AllInJuanSaSaya #Juan365livestream #JuanaBabeSena #BabyGirlSena #FYP #TrendingPH #ForYouPage #ViralPH","Chill move muna tayo 😌

Relax lang, Juanabies! Comment ‘CHILL’ kung pahinga mode ka rin. 💬

Like & share para spread natin ang good vibes!

#Juanababes #Juan365 #AllInJuanSaSaya #Juan365livestream #JuanaBabeSena #BabyGirlSena #FYP #TrendingPH #ForYouPage #ViralPH",14,"12/02/2025 02:00",N/A,https://www.facebook.com/reel/1111947040831145/,0,0,Videos,,,,,Lifetime,968,841,91,63,17,11,23,23,,4468.112,5.743,0,0,0,,,
122114132355012033,61580361006776,"Juana Babe Sena",,,0,"12/02/2025 01:35",N/A,https://www.facebook.com/JuanababeSena/posts/pfbid0Bqm9Z4juQctWVfq8iQaYXgtPP4ENJB6TUXP587dydaRv2YJFF6RvPShnQ1U122TYl,0,1,Photos,,,,,Lifetime,262,147,22,16,3,3,4,4,,,,,,,,,
122114090931012033,61580361006776,"Juana Babe Sena","Tikitokieeee! 🎶💃

Sino gusto ng quick vibes break? Drop a ‘🔥’ sa comments!
Like & share para mas dumami ang kasayahan!”

#Juanababes #Juan365 #AllInJuanSaSaya #Juan365livestream #JuanaBabeSena #BabyGirlSena #FYP #TrendingPH #ForYouPage #ViralPH","Tikitokieeee! 🎶💃

Sino gusto ng quick vibes break? Drop a ‘🔥’ sa comments!
Like & share para mas dumami ang kasayahan!”

#Juanababes #Juan365 #AllInJuanSaSaya #Juan365livestream #JuanaBabeSena #BabyGirlSena #FYP #TrendingPH #ForYouPage #ViralPH",9,"12/01/2025 23:00",N/A,https://www.facebook.com/reel/1250426826926443/,0,0,Videos,,,,,Lifetime,942,700,73,60,10,3,14,14,,3518.145,4.872,0,0,0,,,
122114088663012033,61580361006776,"Juana Babe Sena","Hi Juanabies! 👋

Share this post para mas dumami pa tayo at mas lumakas ang community! 💙🧡

Hit that share button — let’s grow together! 👇

#Juanababes #Juan365 #AllInJuanSaSaya #Juan365livestream #JuanaBabeSena #BabyGirlSena #FYP #TrendingPH #ForYouPage #ViralPH","Hi Juanabies! 👋

Share this post para mas dumami pa tayo at mas lumakas ang community! 💙🧡

Hit that share button — let’s grow together! 👇

#Juanababes #Juan365 #AllInJuanSaSaya #Juan365livestream #JuanaBabeSena #BabyGirlSena #FYP #TrendingPH #ForYouPage #ViralPH",16,"12/01/2025 17:00",N/A,https://www.facebook.com/reel/1404934074612753/,0,0,Videos,,,,,Lifetime,640,478,63,41,16,6,24,24,,3101.661,5.83,0,0,0,,,
