Post ID,Page ID,Page name,Title,Description,Duration (sec),Publish time,Caption type,Permalink,Is crosspost,Is share,Post type,Languages,Custom labels,Funded content status,Data comment,Date,Views,Reach,"Reactions, Comments and Shares",Reactions,Comments,Shares,Total clicks,Other Clicks,Matched Audience Targeting Consumption (Photo Click),Link Clicks,Seconds viewed,Average Seconds viewed,Estimated earnings (USD),Ad CPM (USD),Ad impressions,Negative feedback from users: Hide all,Matched Audience Targeting Consumption (Video Click)
1.22188E+17,6.15615E+13,JUANKada Host Ikay,"I wanna… LOVE YOU! 😋

#Juan365Studios #ALLINJUANLIVE #Juan365 #ColorGameLive #JuankadaIkay #Kikays","I wanna… LOVE YOU! 😋

#Juan365Studios #ALLINJUANLIVE #Juan365 #ColorGameLive #JuankadaIkay #Kikays",18,2/2/2026 3:42,N/A,https://www.facebook.com/reel/894506406528525/,0,0,Videos,,,,,Lifetime,817,284,81,71,6,4,35,35,,,4918.975,7.946,0,0,0,,
1.22187E+17,6.15615E+13,JUANKada Host Ikay,"I got you, babe 💋

#Juan365Studios #ALLINJUANLIVE #Juan365 #ColorGameLive #JuankadaIkay #Kikays","I got you, babe 💋

#Juan365Studios #ALLINJUANLIVE #Juan365 #ColorGameLive #JuankadaIkay #Kikays",15,2/1/2026 3:07,N/A,https://www.facebook.com/reel/2137974016608757/,0,0,Videos,,,,,Lifetime,827,372,76,70,4,2,26,26,,,5629.187,8.646,0,0,0,,
1.22187E+17,6.15615E+13,JUANKada Host Ikay,❤️,,0,1/31/2026 22:43,N/A,https://www.facebook.com/JUANKadaHostIkayOfficialPage/posts/pfbid0jNW4auixhbJQXgVxBTKK9AVezanfs5jEB9pMVXgof3e8m1HNFYsMzqJDrHkd6YmXl,0,1,Photos,,,,,Lifetime,257,113,7,7,0,0,8,3,5,,,,,,,,
1.22187E+17,6.15615E+13,JUANKada Host Ikay,JUANKada Host Ikay updated their cover photo.,,0,1/31/2026 22:41,N/A,https://www.facebook.com/photo.php?fbid=122187456146383179&set=a.122140909430383179&type=3,0,0,Photos,,,,,Lifetime,1,1,14,12,2,0,0,,,,,,,,,,
1.22187E+17,6.15615E+13,JUANKada Host Ikay,Lets continue the goodvibes kikays.❤️,,0,1/31/2026 22:38,N/A,https://www.facebook.com/photo.php?fbid=122187455960383179&set=a.122102184470383179&type=3,0,0,Photos,,,,,Lifetime,229,112,14,13,1,0,8,7,1,,,,,,,,
1.22187E+17,6.15615E+13,JUANKada Host Ikay,JUANKada Host Ikay's Video,,11,1/31/2026 3:06,N/A,https://www.facebook.com/reel/1440787857457409/,1,0,Videos,,,,,Lifetime,1365,731,71,65,2,4,18,18,,,5923.081,5.603,0,0,0,,
1.22187E+17,6.15615E+13,JUANKada Host Ikay,"Dancing like Shakira, stealing hearts like always 🔥

#Juan365Studios #ALLINJUANLIVE #Juan365 #ColorGameLive #JuankadaIkay #Kikays","Dancing like Shakira, stealing hearts like always 🔥

#Juan365Studios #ALLINJUANLIVE #Juan365 #ColorGameLive #JuankadaIkay #Kikays",15,1/30/2026 19:02,N/A,https://www.facebook.com/reel/1549524326351489/,0,0,Videos,,,,,Lifetime,920,398,75,66,6,3,46,46,,,5488.849,7.644,0,0,0,,
1.22187E+17,6.15615E+13,JUANKada Host Ikay,#Juan365Studios #ALLINJUANLIVE #Juan365 #ColorGameLive #JuankadaIkay #Kikays,#Juan365Studios #ALLINJUANLIVE #Juan365 #ColorGameLive #JuankadaIkay #Kikays,15,1/30/2026 4:06,N/A,https://www.facebook.com/reel/1435167158215272/,0,0,Videos,,,,,Lifetime,889,396,78,67,9,2,40,40,,,5255.086,7.716,0,0,0,,
1.22187E+17,6.15615E+13,JUANKada Host Ikay,"Rest day mood: music on, worries off 🎶

#Juan365Studios #ALLINJUANLIVE #Juan365 #ColorGameLive #JuankadaIkay #Kikays","Rest day mood: music on, worries off 🎶

#Juan365Studios #ALLINJUANLIVE #Juan365 #ColorGameLive #JuankadaIkay #Kikays",15,1/29/2026 20:54,N/A,https://www.facebook.com/reel/3730376783760419/,0,0,Videos,,,,,Lifetime,1061,296,73,59,12,2,71,71,,,7443.048,9.91,0,0,0,,
1.22187E+17,6.15615E+13,JUANKada Host Ikay,"Nilalamig din ba kayo, Kikays? Painitin muna natin 🔥

#Juan365Studios #ALLINJUANLIVE #Juan365 #ColorGameLive #JuankadaIkay #Kikays","Nilalamig din ba kayo, Kikays? Painitin muna natin 🔥

#Juan365Studios #ALLINJUANLIVE #Juan365 #ColorGameLive #JuankadaIkay #Kikays",15,1/29/2026 2:57,uploaded,https://www.facebook.com/reel/1432024291882506/,0,0,Videos,,,,,Lifetime,2064,1194,89,80,7,2,59,59,,,13978.411,8.785,0,0,0,,
1.22187E+17,6.15615E+13,JUANKada Host Ikay,"Wait ’til the end, Kikays 😉

#Juan365Studios #ALLINJUANLIVE #Juan365 #ColorGameLive #JuankadaIkay #Kikays","Wait ’til the end, Kikays 😉

#Juan365Studios #ALLINJUANLIVE #Juan365 #ColorGameLive #JuankadaIkay #Kikays",15,1/28/2026 19:27,N/A,https://www.facebook.com/reel/953319173788030/,0,0,Videos,,,,,Lifetime,1380,608,83,69,12,2,73,73,,,9315.635,9.223,0,0,0,,
1.22187E+17,6.15615E+13,JUANKada Host Ikay,"Ayt Pataka! 

#Juan365Studios #ALLINJUANLIVE #Juan365 #ColorGameLive #JuankadaIkay #Kikays","Ayt Pataka! 

#Juan365Studios #ALLINJUANLIVE #Juan365 #ColorGameLive #JuankadaIkay #Kikays",15,1/28/2026 2:58,N/A,https://www.facebook.com/reel/870997119328656/,0,0,Videos,,,,,Lifetime,1199,495,103,89,11,3,62,62,,,7065.008,7.704,0,0,0,,
1.22187E+17,6.15615E+13,JUANKada Host Ikay,"Tinitigan sino? 🤭

#Juan365Studios #ALLINJUANLIVE #Juan365 #ColorGameLive #JuankadaIkay #Kikays","Tinitigan sino? 🤭

#Juan365Studios #ALLINJUANLIVE #Juan365 #ColorGameLive #JuankadaIkay #Kikays",15,1/27/2026 19:31,N/A,https://www.facebook.com/reel/4382663695302653/,1,0,Videos,,,,,Lifetime,1180,588,89,70,15,4,41,41,,,6908.312,7.404,0,0,0,,
1.22187E+17,6.15615E+13,JUANKada Host Ikay,"Magtiwala ka lang 😘

#Juan365Studios #ALLINJUANLIVE #Juan365 #ColorGameLive #JuankadaIkay #Kikays","Magtiwala ka lang 😘

#Juan365Studios #ALLINJUANLIVE #Juan365 #ColorGameLive #JuankadaIkay #Kikays",15,1/27/2026 3:08,mixed,https://www.facebook.com/reel/1174448624769640/,0,0,Videos,,,,,Lifetime,1336,362,87,68,13,6,93,93,,,8091.825,8.385,0,0,0,,
1.22187E+17,6.15615E+13,JUANKada Host Ikay,"Dedma mag mukang t*nga basta kasama ko kayo juankada 🥰🫣

#Juan365Studios #ALLINJUANLIVE #Juan365 #ColorGameLive #JuankadaIkay #Kikays","Dedma mag mukang t*nga basta kasama ko kayo juankada 🥰🫣

#Juan365Studios #ALLINJUANLIVE #Juan365 #ColorGameLive #JuankadaIkay #Kikays",15,1/26/2026 19:30,N/A,https://www.facebook.com/reel/5158914754334091/,1,0,Videos,,,,,Lifetime,4037,1166,179,150,22,7,323,323,,,26430.731,9.206,0,0,0,,
1.22187E+17,6.15615E+13,JUANKada Host Ikay,"Ngayon alam niyo na 😋🌸

#Juan365Studios #ALLINJUANLIVE #Juan365 #ColorGameLive #JuankadaIkay #Kikays","Ngayon alam niyo na 😋🌸

#Juan365Studios #ALLINJUANLIVE #Juan365 #ColorGameLive #JuankadaIkay #Kikays",16,1/25/2026 21:18,N/A,https://www.facebook.com/reel/877231568540633/,0,0,Videos,,,,,Lifetime,1465,646,95,78,15,2,58,58,,,9653.481,8.889,0,0,0,,
1.22187E+17,6.15615E+13,JUANKada Host Ikay,🤍,🤍,15,1/25/2026 6:15,N/A,https://www.facebook.com/reel/1180648704058401/,0,0,Videos,,,,,Lifetime,1506,621,117,102,12,3,50,50,,,8972.892,7.857,0,0,0,,
1.22187E+17,6.15615E+13,JUANKada Host Ikay,"Siya'y magandang babae na lalake pumorma 😎

Comment “present!” sa mga Kikays kong magaganda pero astig din kung pumorma! 

#Juan365Studios #ALLINJUANLIVE #Juan365 #ColorGameLive #JuankadaIkay #Kikays","Siya'y magandang babae na lalake pumorma 😎

Comment “present!” sa mga Kikays kong magaganda pero astig din kung pumorma! 

#Juan365Studios #ALLINJUANLIVE #Juan365 #ColorGameLive #JuankadaIkay #Kikays",22,1/24/2026 19:36,N/A,https://www.facebook.com/reel/899800145871995/,0,0,Videos,,,,,Lifetime,2106,776,112,91,13,8,80,80,,,22861.646,14.552,0,0,0,,
1.22187E+17,6.15615E+13,JUANKada Host Ikay,"Baby, I like your style 🎶

Nagustuhan niyo rin ba ang style ko today, Kikays? Heart this if yes! 🥰🩷

#Juan365Studios #ALLINJUANLIVE #Juan365 #ColorGameLive #JuankadaIkay #Kikays","Baby, I like your style 🎶

Nagustuhan niyo rin ba ang style ko today, Kikays? Heart this if yes! 🥰🩷

#Juan365Studios #ALLINJUANLIVE #Juan365 #ColorGameLive #JuankadaIkay #Kikays",12,1/24/2026 2:59,N/A,https://www.facebook.com/reel/887589417500124/,0,0,Videos,,,,,Lifetime,2439,951,134,111,18,5,98,98,,,14754.345,8.435,0,0,0,,
1.22187E+17,6.15615E+13,JUANKada Host Ikay,"Hindi ko maipaliwanag 🎶

Kung bakit palagi ko kayong hinahanap, Kikays! Kaya dapat lagi tayong magkasama sa LIVE para walang miss-miss 😘✨

#Juan365Studios #ALLINJUANLIVE #Juan365 #ColorGameLive #JuankadaIkay #Kikays","Hindi ko maipaliwanag 🎶

Kung bakit palagi ko kayong hinahanap, Kikays! Kaya dapat lagi tayong magkasama sa LIVE para walang miss-miss 😘✨

#Juan365Studios #ALLINJUANLIVE #Juan365 #ColorGameLive #JuankadaIkay #Kikays",23,1/23/2026 2:55,mixed,https://www.facebook.com/reel/1632292444427492/,0,0,Videos,,,,,Lifetime,1526,632,121,100,18,3,74,74,,,11485.451,9.515,0,0,0,,
1.22187E+17,6.15615E+13,JUANKada Host Ikay,"Week’s OOTD Recap!

Which outfit deserves a round two, Kikays? 😍",,0,1/22/2026 20:50,N/A,https://www.facebook.com/JUANKadaHostIkayOfficialPage/posts/pfbid0UfgRhWdzuBadQoj5dhe9K9eH5yZUNZFQ8H74zG1nbVPjNDq1zj1C6Dg1odJ6VBMxl,0,0,Photos,,,,,Lifetime,1213,494,44,31,7,6,114,53,61,,,,,,,,
1.22187E+17,6.15615E+13,JUANKada Host Ikay,🥰❤️,,0,1/22/2026 19:37,N/A,https://www.facebook.com/JUANKadaHostIkayOfficialPage/posts/pfbid0xDkaH9g7jZF5YW1J2y7CssYhNqfcwpawVp35bmdvY995pmSZHJ6hZi5TfbyPgBzyl,0,1,Text,,,,,Lifetime,198,164,10,8,2,0,3,3,,,,,,,,,
1.22187E+17,6.15615E+13,JUANKada Host Ikay,"Kapag naririnig niyo 'to nasa kabilang banda kami ng hinahanap niyo 🎶😜

Drop a “🧡” kung napahataw ka rin nung nakita mo ’to!

#Juan365Studios #ALLINJUANLIVE #Juan365 #ColorGameLive #JuankadaStar #StarBabies","Kapag naririnig niyo 'to nasa kabilang banda kami ng hinahanap niyo 🎶😜

Drop a “🧡” kung napahataw ka rin nung nakita mo ’to!

#Juan365Studios #ALLINJUANLIVE #Juan365 #ColorGameLive #JuankadaStar #StarBabies",14,1/22/2026 3:02,N/A,https://www.facebook.com/reel/2272510593232016/,0,0,Videos,,,,,Lifetime,1646,713,80,70,7,3,40,40,,,9778.42,7.797,0,0,0,,
1.22187E+17,6.15615E+13,JUANKada Host Ikay,"On Thursdays, we wear white! Fresh look, fresh vibes 🤍✨

#Juan365Studios #ALLINJUANLIVE #Juan365 #ColorGameLive #JuankadaStar #StarBabie",,0,1/21/2026 21:30,N/A,https://www.facebook.com/JUANKadaHostIkayOfficialPage/posts/pfbid02Bks1ptpowZfMkdnCXYq5UvkYEmjYbV2LjsCoPgjnejMDnihYNtpJeaYWgpcPN4bsl,0,0,Photos,,,,,Lifetime,995,423,49,37,11,1,77,28,49,,,,,,,,
1.22186E+17,6.15615E+13,JUANKada Host Ikay,"Hataw kung hataw! Sabayan niyo ‘ko, Kikays! 

Kung ready kayo sa saya, alam niyo na… watch and support niyo ako sa Color Game! 💯🌸

#Juan365Studios #ALLINJUANLIVE #Juan365 #ColorGameLive #JuankadaStar #StarBabies","Hataw kung hataw! Sabayan niyo ‘ko, Kikays! 

Kung ready kayo sa saya, alam niyo na… watch and support niyo ako sa Color Game! 💯🌸

#Juan365Studios #ALLINJUANLIVE #Juan365 #ColorGameLive #JuankadaStar #StarBabies",14,1/21/2026 2:50,N/A,https://www.facebook.com/reel/746824325163140/,0,0,Videos,,,,,Lifetime,3973,1828,184,155,22,7,503,503,,,28341.286,11.525,0,0,0,,
1.22186E+17,6.15615E+13,JUANKada Host Ikay,"It’s giving Wednesday vibes 🌤️

Kamusta, Kikays? Surviving the week so far? 🥰

#Juan365Studios #ALLINJUANLIVE #Juan365 #ColorGameLive #JuankadaStar #StarBabies",,0,1/20/2026 20:42,N/A,https://www.facebook.com/JUANKadaHostIkayOfficialPage/posts/pfbid0NvvAHyxiABdLwih2LgFjbZLTdUM8r5KQifByeiLsNa2N1mfZ2DwTwVZFcMPvnAtUl,0,0,Photos,,,,,Lifetime,2367,920,79,66,10,3,149,63,86,,,,,,,,
1.22186E+17,6.15615E+13,JUANKada Host Ikay,"Ikaw na lang ang katabi 🎶💕

Heart this if gusto niyo rin akong katabi, Kikays 🥰

#Juan365Studios #ALLINJUANLIVE #Juan365 #ColorGameLive #JuankadaIkay #Kikays","Ikaw na lang ang katabi 🎶💕

Heart this if gusto niyo rin akong katabi, Kikays 🥰

#Juan365Studios #ALLINJUANLIVE #Juan365 #ColorGameLive #JuankadaIkay #Kikays",15,1/20/2026 2:50,uploaded,https://www.facebook.com/reel/920087397343191/,1,0,Videos,,,,,Lifetime,3399,759,158,124,27,7,142,142,,,25544.442,12.06,0,0,0,,
1.22186E+17,6.15615E+13,JUANKada Host Ikay,"Blue never looked this sexy! 💙

Nanonood ka ba ng Color Game palagi? If yes, drop a 💙 and stay tuned lagi! 

#Juan365Studios #ALLINJUANLIVE #Juan365 #ColorGameLive #JuankadaIkay #Kikays",,0,1/19/2026 20:12,N/A,https://www.facebook.com/JUANKadaHostIkayOfficialPage/posts/pfbid0UT7yEyCpJCkfBd7jpEQcbyXdP6LYx8rCnidXxZrUtnNyb4dCcj5C8fjSczMckXigl,0,0,Photos,,,,,Lifetime,3381,1253,93,65,19,9,374,151,223,,,,,,,,
1.22186E+17,6.15615E+13,JUANKada Host Ikay,"Maki-dance muna with me, Kikays! 

Start your week right with confidence, consistency, and the mindset to win! 💪

#Juan365Studios #ALLINJUANLIVE #Juan365 #ColorGameLive #JuankadaIkay #Kikays","Maki-dance muna with me, Kikays! 

Start your week right with confidence, consistency, and the mindset to win! 💪

#Juan365Studios #ALLINJUANLIVE #Juan365 #ColorGameLive #JuankadaIkay #Kikays",14,1/19/2026 2:20,N/A,https://www.facebook.com/reel/4178504942401185/,0,0,Videos,,,,,Lifetime,2759,1054,137,116,19,2,93,93,,,17751.351,9.197,0,0,0,,
1.22186E+17,6.15615E+13,JUANKada Host Ikay,"Gawin nating fun at makulay ang gabi niyo! 🥰🌸
Seeyou later again 10pm-5am

#Juan365Studios #ALLINJUANLIVE #Juan365 #ColorGameLive #JuankadaIkay #Kikays",,0,1/18/2026 19:51,N/A,https://www.facebook.com/JUANKadaHostIkayOfficialPage/posts/pfbid027nYEvhjDrGkSoyQ6KRreWqxKd169C8nRmNifeyr5quSL9Tdn46vqSfMes1uDw1P6l,0,0,Photos,,,,,Lifetime,2894,1150,99,79,16,4,215,54,161,,,,,,,,
1.22186E+17,6.15615E+13,JUANKada Host Ikay,"Impossibleng hindi niyo alam ‘tong sikat na dance craze na ‘to 10 years ago 😱🥰

Pusuan niyo nga ‘to kung alam niyo rin ‘to 🩷

#Juan365Studios #ALLINJUANLIVE #Juan365 #ColorGameLive #JuankadaIkay #Kikays","Impossibleng hindi niyo alam ‘tong sikat na dance craze na ‘to 10 years ago 😱🥰

Pusuan niyo nga ‘to kung alam niyo rin ‘to 🩷

#Juan365Studios #ALLINJUANLIVE #Juan365 #ColorGameLive #JuankadaIkay #Kikays",15,1/18/2026 2:55,N/A,https://www.facebook.com/reel/846009598263652/,0,0,Videos,,,,,Lifetime,2503,840,132,105,21,6,146,146,,,15423.313,8.265,0,0,0,,
1.22186E+17,6.15615E+13,JUANKada Host Ikay,"Kikays! Kung hanap niyo ay saya at excitement, nasa Color Game na lahat yan! 🥳

Panoorin ako palagi LIVE at maki-kulay na sa kasiyahan! 🌸

#Juan365Studios #ALLINJUANLIVE #Juan365 #ColorGameLive #JuankadaIkay #Kikays",,0,1/17/2026 21:05,N/A,https://www.facebook.com/JUANKadaHostIkayOfficialPage/posts/pfbid0RjkS4AGgMqSAicL93y98QUVg5QNqpAf7YhaCJfEasDd8CPBgEhdcPDrgQmfr4Xw4l,0,0,Photos,,,,,Lifetime,3806,1468,95,73,15,7,352,120,232,,,,,,,,
1.22186E+17,6.15615E+13,JUANKada Host Ikay,"Mahal niyo naman ako diba, Kikays? 🥰

If yes, samahan niyo ako palagi sa Color Game! Your love + support means everything 🥹🩷
 
#Juan365Studios #ALLINJUANLIVE #Juan365 #ColorGameLive #JuankadaIkay #Kikays","Mahal niyo naman ako diba, Kikays? 🥰

If yes, samahan niyo ako palagi sa Color Game! Your love + support means everything 🥹🩷
 
#Juan365Studios #ALLINJUANLIVE #Juan365 #ColorGameLive #JuankadaIkay #Kikays",8,1/17/2026 2:56,mixed,https://www.facebook.com/reel/2341608916354732/,0,0,Videos,,,,,Lifetime,952,471,45,30,13,2,37,37,,,3689.879,5.801,0,0,0,,
1.22186E+17,6.15615E+13,JUANKada Host Ikay,"Just come be the man I need 🎶

Don’t be shy Kikays, heart this post if you also know your worth 🌸🩷

SEEYOU AGAIN LATER 10pm-5am

#Juan365Studios #ALLINJUANLIVE #Juan365 #ColorGameLive #JuankadaIkay #Kikays","Just come be the man I need 🎶

Don’t be shy Kikays, heart this post if you also know your worth 🌸🩷

SEEYOU AGAIN LATER 10pm-5am

#Juan365Studios #ALLINJUANLIVE #Juan365 #ColorGameLive #JuankadaIkay #Kikays",25,1/16/2026 20:00,N/A,https://www.facebook.com/reel/1376967053676452/,1,0,Videos,,,,,Lifetime,1399,540,89,73,11,5,56,56,,,10504.648,9.455,0,0,0,,
1.22186E+17,6.15615E+13,JUANKada Host Ikay,"My big guy sa likod 👀🏍️ TARA MAMAYA COLOR GAME 10pm-5am 

#Juan365Studios #ALLINJUANLIVE #Juan365 #ColorGameLive #JuankadaIkay #Kikays","My big guy sa likod 👀🏍️ TARA MAMAYA COLOR GAME 10pm-5am 

#Juan365Studios #ALLINJUANLIVE #Juan365 #ColorGameLive #JuankadaIkay #Kikays",15,1/15/2026 20:41,N/A,https://www.facebook.com/reel/1196608699324022/,0,0,Videos,,,,,Lifetime,3763,1414,152,131,16,5,165,165,,,28893.108,11.384,0,0,0,,
1.22186E+17,6.15615E+13,JUANKada Host Ikay,"Time to unwind 🏍️✨

Pahinga muna, breathe in, let go ng stress sa bawat takbo.

Kayo ba, paano kayo nagre-relieve ng stress? Comment below!

#Juan365Studios #ALLINJUANLIVE #Juan365 #ColorGameLive #JuankadaIkay #Kikays","Time to unwind 🏍️✨

Pahinga muna, breathe in, let go ng stress sa bawat takbo.

Kayo ba, paano kayo nagre-relieve ng stress? Comment below!

#Juan365Studios #ALLINJUANLIVE #Juan365 #ColorGameLive #JuankadaIkay #Kikays",41,1/14/2026 22:21,N/A,https://www.facebook.com/reel/894551869725857/,0,0,Videos,,,,,Lifetime,1021,502,61,45,14,2,28,28,,,7072.117,8.242,0,0,0,,
1.22186E+17,6.15615E+13,JUANKada Host Ikay,"Bigla kong namiss mag-rides 🏍️

Kayo ba Kikays, may nag rirides din ba sa inyo? Kailan last ride niyo? Share niyo naman dito 🌸",,0,1/14/2026 17:57,N/A,https://www.facebook.com/JUANKadaHostIkayOfficialPage/posts/pfbid0ncftbLmk7zdhss9U3LgJBu4J7Prf6Cso7mmJpupCNDJVbtzceT1hjT4f4Yw3s2E4l,0,0,Photos,,,,,Lifetime,2057,779,50,45,4,1,165,54,111,,,,,,,,
1.22186E+17,6.15615E+13,JUANKada Host Ikay,"Dressed in black, powered by confidence 🖤

Which look should I rock next, Kikays? Comment below! 👇

#Juan365Studios #ALLINJUANLIVE #Juan365 #ColorGameLive #JuankadaIkay #Kikays","Dressed in black, powered by confidence 🖤

Which look should I rock next, Kikays? Comment below! 👇

#Juan365Studios #ALLINJUANLIVE #Juan365 #ColorGameLive #JuankadaIkay #Kikays",15,1/13/2026 21:40,N/A,https://www.facebook.com/reel/1891182855122516/,0,0,Videos,,,,,Lifetime,1403,686,73,61,9,3,26,26,,,6453.237,5.71,0,0,0,,
1.22186E+17,6.15615E+13,JUANKada Host Ikay,"OOTD recap of the week✨

Thank you sa laging pang-subaybay sakin,Kikays! 🌸

Kitakits ulit sa Color Game, 10PM–5AM! See you!

#Juan365Studios #ALLINJUANLIVE #Juan365 #ColorGameLive #JuankadaIkay #Kikays",,0,1/13/2026 17:19,N/A,https://www.facebook.com/JUANKadaHostIkayOfficialPage/posts/pfbid02X61mhUw8asuKs4yVEviKXQcENCJ6h8GJASDeMeE21nhMwPMnaVzFK1T4wKXtUt4Rl,0,0,Photos,,,,,Lifetime,3491,1309,108,90,12,6,370,123,247,,,,,,,,
1.22186E+17,6.15615E+13,JUANKada Host Ikay,"Just here, doing my thing ✨

Hope this brightens your feed, Kikays! 🌸

#Juan365Studios #ALLINJUANLIVE #Juan365 #ColorGameLive #JuankadaIkay #Kikays","Just here, doing my thing ✨

Hope this brightens your feed, Kikays! 🌸

#Juan365Studios #ALLINJUANLIVE #Juan365 #ColorGameLive #JuankadaIkay #Kikays",16,1/12/2026 20:21,N/A,https://www.facebook.com/reel/1590438222291331/,0,0,Videos,,,,,Lifetime,2358,819,147,129,13,5,63,63,,,13501.577,7.5,0,0,0,,
1.22186E+17,6.15615E+13,JUANKada Host Ikay,"Attention, Kikays! 🚨

Color Game na! 🕕 6AM–2PM

Exclusive fun, exciting prizes, at good vibes lang! See you!

#Juan365Studios #ALLINJUANLIVE #Juan365 #ColorGameLive #JuankadaIkay #Kikays",,0,1/12/2026 17:56,N/A,https://www.facebook.com/JUANKadaHostIkayOfficialPage/posts/pfbid037H3vfXQovCnjYJQHE84P8gfq7nZfu9s7CTxRAZihX95XgCioCdW548K3LbwerJMVl,0,0,Photos,,,,,Lifetime,4079,1606,136,98,19,19,112,77,35,,,,,,,,
1.22186E+17,6.15615E+13,JUANKada Host Ikay,"Drop a “💖” if you’re choosing confidence today, Kikays!

#Juan365Studios #ALLINJUANLIVE #Juan365 #ColorGameLive #JuankadaIkay #Kikays","Drop a “💖” if you’re choosing confidence today, Kikays!

#Juan365Studios #ALLINJUANLIVE #Juan365 #ColorGameLive #JuankadaIkay #Kikays",24,1/11/2026 22:02,N/A,https://www.facebook.com/reel/1969683400262042/,0,0,Videos,,,,,Lifetime,3693,1251,150,121,23,6,84,84,,,30567.902,11.205,0,0,0,,
1.22186E+17,6.15615E+13,JUANKada Host Ikay,"CATCH ME LIVE NOW, Kikays! 

Kasama sina Juankada Charm, Lance & Ellise 🌸

Don’t miss the fun! See you sa live!🔥

#Juan365Studios #ALLINJUANLIVE #Juan365 #ColorGameLive #JuankadaIkay #Kikays #JuankadaLance #JuankadaCharm #JuankadaEllise",,0,1/11/2026 18:11,N/A,https://www.facebook.com/JUANKadaHostIkayOfficialPage/posts/pfbid0xW2NKM8Y4NAYgAomE8WbF8BLvgNBxueBBUtnCjc9FBXHnDUoQwZHHvRzHWSrXFiWl,0,0,Photos,,,,,Lifetime,1106,441,39,26,10,3,52,10,42,,,,,,,,
1.22186E+17,6.15615E+13,JUANKada Host Ikay,"Hindi niyo mapipigil ‘yon… at alam niyo ‘yon, sa akin pa rin kayo uuwi..

Talagang dito lang kayo uuwi sa’kin, Kikays! Sama sama tayo palagi sa Color Game😘🌸

#Juan365Studios #ALLINJUANLIVE #Juan365 #ColorGameLive #JuankadaIkay #Kikays","Hindi niyo mapipigil ‘yon… at alam niyo ‘yon, sa akin pa rin kayo uuwi..

Talagang dito lang kayo uuwi sa’kin, Kikays! Sama sama tayo palagi sa Color Game😘🌸

#Juan365Studios #ALLINJUANLIVE #Juan365 #ColorGameLive #JuankadaIkay #Kikays",15,1/10/2026 21:05,N/A,https://www.facebook.com/reel/4032273647064179/,0,0,Videos,,,,,Lifetime,4270,955,174,151,17,6,101,101,,,29927.52,10.811,0,0,0,,
1.22186E+17,6.15615E+13,JUANKada Host Ikay,"Slayin’ in shades of orange 🍊

Kamusta Kikays? How’s your 2026 so far? 

#Juan365Studios #ALLINJUANLIVE #Juan365 #ColorGameLive #JuankadaIkay #Kikays",,0,1/10/2026 18:21,N/A,https://www.facebook.com/JUANKadaHostIkayOfficialPage/posts/pfbid02Jdb8SqMyRQ5hkfrBXWn7wU5nWtkvZbBcaxQQCAiRpVXWgjVxY62QK59mCJmc2HeKl,0,0,Photos,,,,,Lifetime,3747,1384,64,59,4,1,299,77,222,,,,,,,,
1.22185E+17,6.15615E+13,JUANKada Host Ikay,"Na-LSS na rin ba kayo sa trend na ’to, Kikays? 😆

Hop the trend na rin at ipakita niyo naman yung mga Kikays na saksakan din ng  ganda! 💖

#Juan365Studios #ALLINJUANLIVE #Juan365 #ColorGameLive #JuankadaIkay #Kikays","Na-LSS na rin ba kayo sa trend na ’to, Kikays? 😆

Hop the trend na rin at ipakita niyo naman yung mga Kikays na saksakan din ng  ganda! 💖

#Juan365Studios #ALLINJUANLIVE #Juan365 #ColorGameLive #JuankadaIkay #Kikays",13,1/9/2026 22:29,mixed,https://www.facebook.com/reel/25348380054804394/,0,0,Videos,,,,,Lifetime,2258,731,80,64,14,2,44,44,,,10260.606,6.096,0,0,0,,
1.22185E+17,6.15615E+13,JUANKada Host Ikay,"Feeling fierce in maroon 🍷✨

Catch me live, Kikays! Naka-tune in na ba kayo?

#Juan365Studios #ALLINJUANLIVE #Juan365 #ColorGameLive #JuankadaIkay #Kikays",,0,1/9/2026 20:37,N/A,https://www.facebook.com/JUANKadaHostIkayOfficialPage/posts/pfbid02hvC32TotQSN3FnMV5EDdpN359qaGuFga75F7aR4Sn1rAeZj77Fr1pq4j7AMHrKixl,0,0,Photos,,,,,Lifetime,2473,1019,35,30,4,1,89,26,63,,,,,,,,
1.22185E+17,6.15615E+13,JUANKada Host Ikay,🫶🏻🫶🏻,,0,1/9/2026 2:26,N/A,https://www.facebook.com/JUANKadaHostIkayOfficialPage/posts/pfbid0yfWttbZFo1htDojpbn4s6Y6YHK982Nm7ApoN47RASN9J2LRFjtuLKQ1hqh6oc9Jpl,0,1,Photos,,,,,Lifetime,642,320,8,6,2,0,14,5,3,6,,,,,,,
1.22185E+17,6.15615E+13,JUANKada Host Ikay,"Kikays, make sure maganda ang araw niyo! 😘 Spread love and good vibes! 🌸 Bukas uli 6am-2pm ☺️

#Juan365Studios #ALLINJUANLIVE #Juan365 #ColorGameLive #JuankadaIkay","Kikays, make sure maganda ang araw niyo! 😘 Spread love and good vibes! 🌸 Bukas uli 6am-2pm ☺️

#Juan365Studios #ALLINJUANLIVE #Juan365 #ColorGameLive #JuankadaIkay",27,1/8/2026 23:07,N/A,https://www.facebook.com/reel/1205261424435257/,0,0,Videos,,,,,Lifetime,2276,733,81,66,10,5,43,43,,,17236.956,9.193,0,0,0,,
1.22185E+17,6.15615E+13,JUANKada Host Ikay,"Kikays, Kamusta kayo? 🌸

Join na sa Color Game, pumili ng tamang kulay at ipakita ang inyong Kikay power! 💅💖

#Juan365Studios #ALLINJUANLIVE #Juan365 #ColorGameLive #JuankadaIkay",,0,1/8/2026 19:49,N/A,https://www.facebook.com/JUANKadaHostIkayOfficialPage/posts/pfbid025L8TkRZ7FnrQKXs5PvhnbQSvcM6WK6K8q51uoyC5VSQTVmehY1uAWWN7doMgnufQl,0,0,Photos,,,,,Lifetime,3134,1236,63,47,14,2,264,123,141,,,,,,,,
1.22185E+17,6.15615E+13,JUANKada Host Ikay,Juankada Alexchoozy Juankada host Drae,,0,1/8/2026 15:17,N/A,https://www.facebook.com/JUANKadaHostIkayOfficialPage/posts/pfbid0hus4uqodDKgPhYxXb9x5Ac9DoC1GEXNyuaEyY2ZEJBJe6cuhyuvj3Tmmhez1q3Lal,0,1,Photos,,,,,Lifetime,623,301,20,13,6,1,36,15,21,,,,,,,,
1.22185E+17,6.15615E+13,JUANKada Host Ikay,🤗,,0,1/7/2026 23:14,N/A,https://www.facebook.com/JUANKadaHostIkayOfficialPage/posts/pfbid0WG587jWETjM7dTMPnmM2M4kjhEz1jj5c61SGGDd8ora93V7CnycQGVgMwrnguBkul,0,1,Text,,,,,Lifetime,355,278,17,13,4,0,16,16,,,,,,,,,
1.22185E+17,6.15615E+13,JUANKada Host Ikay,"Kikay’s, set your alarms na! ⏰‼️

Abangan niyo ako bukas sa Color Game! 6am-2pm 🤗🫶🏼

See you! 🌸

#Juan365Studios #ALLINJUANLIVE #Juan365 #ColorGameLive #JuankadaIkay","Kikay’s, set your alarms na! ⏰‼️

Abangan niyo ako bukas sa Color Game! 6am-2pm 🤗🫶🏼

See you! 🌸

#Juan365Studios #ALLINJUANLIVE #Juan365 #ColorGameLive #JuankadaIkay",14,1/7/2026 20:51,N/A,https://www.facebook.com/reel/1538065327450829/,0,0,Videos,,,,,Lifetime,1622,567,70,52,16,2,34,34,,,9181.402,7.507,0,0,0,,
1.22185E+17,6.15615E+13,JUANKada Host Ikay,"To all my marilag kikays out there, never stop sparkling! 🌸✨

#Juan365Studios #ALLINJUANLIVE #Juan365 #ColorGameLive #JuankadaIkay #Kikays","To all my marilag kikays out there, never stop sparkling! 🌸✨

#Juan365Studios #ALLINJUANLIVE #Juan365 #ColorGameLive #JuankadaIkay #Kikays",36,1/6/2026 22:35,N/A,https://www.facebook.com/reel/894560389655814/,0,0,Videos,,,,,Lifetime,2979,926,135,119,12,4,107,107,,,33411.691,14.445,0,0,0,,
1.22185E+17,6.15615E+13,JUANKada Host Ikay,"Ayaw kong nabibitin 🎶

Kaya watch me sa Color Game LIVE! Siguradong hindi ka mabibitin sa saya at premyo! 🎁

Download the Juan365 App sa Play Store and App Store na! 🎮

#Juan365Studios #ALLINJUANLIVE #Juan365 #ColorGameLive #JuankadaIkay #Kikays","Ayaw kong nabibitin 🎶

Kaya watch me sa Color Game LIVE! Siguradong hindi ka mabibitin sa saya at premyo! 🎁

Download the Juan365 App sa Play Store and App Store na! 🎮

#Juan365Studios #ALLINJUANLIVE #Juan365 #ColorGameLive #JuankadaIkay #Kikays",16,1/6/2026 2:55,N/A,https://www.facebook.com/reel/1217464026992525/,0,0,Videos,,,,,Lifetime,1676,603,61,48,9,4,49,49,,,8781.52,6.627,0,0,0,,
1.22185E+17,6.15615E+13,JUANKada Host Ikay,"Still me, just in different moods ✨

How’s your year so far, Kikays? So far so good? Drop a “💖” if yes!

#Juan365Studios #ALLINJUANLIVE #Juan365 #ColorGameLive #JuankadaIkay #Kikays",,0,1/6/2026 0:13,N/A,https://www.facebook.com/JUANKadaHostIkayOfficialPage/posts/pfbid0riXkLkat7DWrf8N4AauGWvezEaJFrPfqHWf2ZQUvWf8mCHPFH48bALvRHY2KjTBjl,0,0,Photos,,,,,Lifetime,2202,996,34,31,1,2,121,34,87,,,,,,,,
1.22185E+17,6.15615E+13,JUANKada Host Ikay,"Shawty, I don’t mind 🎧

Don’t mind what they say, Kikays. Your glow, your rules. Be confident ✨🌸

#Juan365Studios #ALLINJUANLIVE #Juan365 #ColorGameLive #JuankadaIkay #Kikays","Shawty, I don’t mind 🎧

Don’t mind what they say, Kikays. Your glow, your rules. Be confident ✨🌸

#Juan365Studios #ALLINJUANLIVE #Juan365 #ColorGameLive #JuankadaIkay #Kikays",15,1/5/2026 4:15,N/A,https://www.facebook.com/reel/4167437183516019/,0,0,Videos,,,,,Lifetime,2542,878,76,70,2,4,45,45,,,15623.837,8.249,0,0,0,,
1.22185E+17,6.15615E+13,JUANKada Host Ikay,"Heads up, Kikays! 👀 

Live na ako now until 10PM!

Stay tuned and samahan ako sa saya! ✨

#Juan365Studios #ALLINJUANLIVE #Juan365 #ColorGameLive #JuankadaIkay #Kikays",,0,1/5/2026 0:21,N/A,https://www.facebook.com/JUANKadaHostIkayOfficialPage/posts/pfbid0fQBHgidNcFpgAJvaTR16ELSkxE3g2ot31G1NsUPVm7z3ueec62N5MbaVAVbnAMYBl,0,0,Photos,,,,,Lifetime,3013,1260,68,61,4,3,166,92,74,,,,,,,,
1.22185E+17,6.15615E+13,JUANKada Host Ikay,"And I'mma be your number one girl, always making time for you, Kikays! 🌸✨

Catch me LIVE NOW sa Color Game From 2PM to 10PM!

Don’t miss the fun, Kikays!

#Juan365Studios #ALLINJUANLIVE #Juan365 #ColorGameLive #JuankadaIkay #Kikays","And I'mma be your number one girl, always making time for you, Kikays! 🌸✨

Catch me LIVE NOW sa Color Game From 2PM to 10PM!

Don’t miss the fun, Kikays!

#Juan365Studios #ALLINJUANLIVE #Juan365 #ColorGameLive #JuankadaIkay #Kikays",15,1/3/2026 23:21,N/A,https://www.facebook.com/reel/862805923201086/,0,0,Videos,,,,,Lifetime,2051,711,91,75,15,1,40,40,,,10650.893,6.514,0,0,0,,
1.22185E+17,6.15615E+13,JUANKada Host Ikay,"LIVE na ako, Kikays! 🌸

Watch me NOW para good vibes from afternoon hanggang gabi niyo ✨

Hihintayin ko kayo sa live ha! 😉

#Juan365Studios #ALLINJUANLIVE #Juan365 #ColorGameLive #JuankadaIkay #Kikays",,0,1/2/2026 23:44,N/A,https://www.facebook.com/JUANKadaHostIkayOfficialPage/posts/pfbid02s5prX3rmi5MMBW8cQwkZsR7UwaybuEqA6gws7ayCLkqzdKdpGVqPSb7xGhW7TxU3l,0,0,Photos,,,,,Lifetime,2697,1008,73,55,13,5,104,76,28,,,,,,,,
1.22185E+17,6.15615E+13,JUANKada Host Ikay,JUANKada Host Ikay updated their cover photo.,,0,1/2/2026 18:39,N/A,https://www.facebook.com/photo.php?fbid=122184669344383179&set=a.122140909430383179&type=3,0,0,Photos,,,,,Lifetime,2,1,19,17,1,1,0,,,,,,,,,,
1.22185E+17,6.15615E+13,JUANKada Host Ikay,"Don't leave me dancin' alone 🎶🫶

Good thing sinamahan ako ni Juankada Lance sa trend na ‘to! 

Kanino mas bagay yung trend na 'to? Comment na, Kikays! 🌸

#Juan365Studios
#ALLINJUANLIVE #Juan365 #ColorGameLive #JuankadaIkay","Don't leave me dancin' alone 🎶🫶

Good thing sinamahan ako ni @[61584243275518:2048:Juankada Lance] sa trend na ‘to! 

Kanino mas bagay yung trend na 'to? Comment na, Kikays! 🌸

#Juan365Studios
#ALLINJUANLIVE #Juan365 #ColorGameLive #JuankadaIkay",15,1/1/2026 20:14,N/A,https://www.facebook.com/reel/856971900558109/,0,0,Videos,,,,,Lifetime,3133,1182,58,54,1,3,53,53,,,21870.887,9.431,0,0,0,,
1.22184E+17,6.15615E+13,JUANKada Host Ikay,"A year older today! 🎉

Thankful for all the blessings, the lessons, and every little moment that made me stronger.

Super grateful din sa inyo, Kikays — salamat sa love, support, at kulitan everyday! 🥰

To more smiles, wins, and good vibes ahead. Manifesting happier days and new beginnings! ✨

Comment “🎂” to wish me a happy birthday!

#Juan365Studios #ALLINJUANLIVE #Juan365 #ColorGameLive #JuankadaIkay","A year older today! 🎉

Thankful for all the blessings, the lessons, and every little moment that made me stronger.

Super grateful din sa inyo, Kikays — salamat sa love, support, at kulitan everyday! 🥰

To more smiles, wins, and good vibes ahead. Manifesting happier days and new beginnings! ✨

Comment “🎂” to wish me a happy birthday!

#Juan365Studios #ALLINJUANLIVE #Juan365 #ColorGameLive #JuankadaIkay",18,12/31/2025 23:22,N/A,https://www.facebook.com/reel/1549172982956367/,0,0,Videos,,,,,Lifetime,2346,716,86,81,3,2,26,26,,,20255.278,12.179,0,0,0,,
1.22103E+17,6.15856E+13,JuanKada Star,"Despite all the challenges and tough decisions, I’m grateful I made it through this year. 🤍

Samahan niyo ako, my Star Babies, sa 2026 na puno ng saya, ngiti, at pag-asa.

Here’s to making 2026 our year! ⭐️

#Juan365Studios #ALLINJUANLIVE #Juan365 #ColorGameLive #JuankadaStar",,0,12/31/2025 1:00,N/A,https://www.facebook.com/JuanKadaStarOfficialPage/posts/pfbid0tNJq4VVEHkBEN8kF8Nhe8JD2s1QzQACJ1bo6rLErfqhRQaiaGvVrmbtjuEiNnfgCl,0,0,Photos,,,,,Lifetime,222,109,7,6,0,1,4,4,,,,,,,,,
1.22112E+17,6.15856E+13,JuanKada Star,"What’s going on, Star Babies? 🤭

#Juan365Studios #ALLINJUANLIVE #Juan365 #ColorGameLive #JuankadaStar #StarBabies","What’s going on, Star Babies? 🤭

#Juan365Studios #ALLINJUANLIVE #Juan365 #ColorGameLive #JuankadaStar #StarBabies",24,2/2/2026 20:07,N/A,https://www.facebook.com/reel/1585346642783747/,1,0,Videos,,,,,Lifetime,1541,380,32,21,5,6,27,27,,,4472.877,7.179,0,0,0,,
1.22112E+17,6.15856E+13,JuanKada Star,"Always shining and smiling ✨

How’s your day, Star Babies? Heart this if you’re feeling the good vibes today 💫

#Juan365Studios #ALLINJUANLIVE #Juan365 #ColorGameLive #JuankadaStar #StarBabies #highlight #fypviralシ #reelsfypシ","Always shining and smiling ✨

How’s your day, Star Babies? Heart this if you’re feeling the good vibes today 💫

#Juan365Studios #ALLINJUANLIVE #Juan365 #ColorGameLive #JuankadaStar #StarBabies #highlight #fypviralシ #reelsfypシ",25,2/2/2026 6:51,N/A,https://www.facebook.com/reel/1133130572125904/,0,0,Videos,,,,,Lifetime,2313,222,23,16,3,4,8,8,,,2128.602,3.234,0,0,0,,
1.22112E+17,6.15856E+13,JuanKada Star,💜,"Why’re you so obsessed with me? 😌

#Juan365Studios #ALLINJUANLIVE #Juan365 #ColorGameLive #JuankadaStar #StarBabies #fypシ゚viralシ #highlights #reelschallenge",36,2/1/2026 19:29,N/A,https://www.facebook.com/reel/1661842341895020/,0,0,Videos,,,,,Lifetime,1341,295,24,16,2,6,15,15,,,1868.432,3.767,0,0,0,,
1.22112E+17,6.15856E+13,JuanKada Star,"With your Juankada Hosts! 🫶🏻

#Juan365Studios #ALLINJUANLIVE #Juan365 #ColorGameLive #JuankadaStar #StarBabies",,0,2/1/2026 3:00,N/A,https://www.facebook.com/JuanKadaStarOfficialPage/posts/pfbid02pnUngMgrLDWuoDx99t5YVzY99Xtw7StDk9zgJNFFzeXjAWioHh5uWyfQZFckPU5Tl,0,0,Photos,,,,,Lifetime,1764,879,26,21,0,5,156,41,115,,,,,,,,
1.22112E+17,6.15856E+13,JuanKada Star,#Juan365Studios #ALLINJUANLIVE #Juan365 #ColorGameLive #JuankadaStar #StarBabies,,0,1/31/2026 19:11,N/A,https://www.facebook.com/photo.php?fbid=122111567013185509&set=a.122101646277185509&type=3,0,0,Photos,,,,,Lifetime,1,1,291,286,1,4,0,,,,,,,,,,
1.22112E+17,6.15856E+13,JuanKada Star,Winning feels brighter with STAR ✨💫⭐️,,0,1/31/2026 19:09,N/A,https://www.facebook.com/photo.php?fbid=122111566017185509&set=a.122098993131185509&type=3,0,0,Photos,,,,,Lifetime,232,107,303,297,2,4,10,8,2,,,,,,,,
1.22112E+17,6.15856E+13,JuanKada Star,"It’s officially the month of love, Starbabies! 🩷

Ready na ba kayo sa kilig at swerte? Watch me lang palagi Color Game LIVE! See you there!

#Juan365Studios #ALLINJUANLIVE #Juan365 #ColorGameLive #JuankadaStar #StarBabies #fypviralシ #highlights",,0,1/31/2026 17:09,N/A,https://www.facebook.com/JuanKadaStarOfficialPage/posts/pfbid0z7j5L144m5x2XMbetgkKH98uAaTG4XdyVj4xe2jYJ3g6GADXi5CKmyq8isidADoQl,0,0,Photos,,,,,Lifetime,618,226,33,25,3,5,44,18,26,,,,,,,,
1.22112E+17,6.15856E+13,JuanKada Star,Let's go star babies! 😍❤️,,0,1/31/2026 15:43,N/A,https://www.facebook.com/JuanKadaStarOfficialPage/posts/pfbid0YWgqPMondb97KZqFBf415Pja79Ma2XV6xyjLGqaD5vvQHZAvVoY2VQbCCRcGHLuCl,0,1,Text,,,,,Lifetime,38,46,7,6,1,0,3,3,,,,,,,,,
1.22111E+17,6.15856E+13,JuanKada Star,February na agad ❤️,,0,1/31/2026 7:27,N/A,https://www.facebook.com/JuanKadaStarOfficialPage/posts/pfbid02J7fZZJZj3Zo6Ps34E35KA4iU53eMDxn9qY4hB4J8rc85qmvtNjYh7kJ8PMzxjvZvl,0,1,Text,,,,,Lifetime,49,50,4,4,0,0,2,2,,,,,,,,,
1.22111E+17,6.15856E+13,JuanKada Star,Join now Star babies 🫶,,0,1/31/2026 4:35,N/A,https://www.facebook.com/JuanKadaStarOfficialPage/posts/pfbid01EhyZp28a9d16i4gTEBuiN3TjYp4Ztg9MuHn1PDaBUov8iGk9CpEpXdydyaXuLn6l,0,1,Photos,,,,,Lifetime,109,51,5,5,0,0,4,2,2,,,,,,,,
1.22111E+17,6.15856E+13,JuanKada Star,Quick Escape 🫶🏻,"Wag kalimutang mag take ng break, Star Babies!

#Juan365Studios #ALLINJUANLIVE #Juan365 #ColorGameLive #JuankadaStar #StarBabies #fypviralシ #reelsfypシ #highlightsシ゚ #followersreels",11,1/31/2026 4:27,N/A,https://www.facebook.com/reel/4266532373625883/,0,0,Videos,,,,,Lifetime,1342,227,294,288,1,5,15,15,,,1433.439,3.235,0,0,0,,
1.22111E+17,6.15856E+13,JuanKada Star,Star babies samahan niyo kami until 10pm 🫰🫶☺️,,0,1/31/2026 2:02,N/A,https://www.facebook.com/JuanKadaStarOfficialPage/posts/pfbid02gg7SwU3XqsZKHH6jJyn7bfKi6Hi7ErLZWvSNEyBShE9s51q1bGs6ZbvjFZNNMiYdl,0,1,Text,,,,,Lifetime,87,76,5,5,0,0,15,15,,,,,,,,,
1.22111E+17,6.15856E+13,JuanKada Star,💜,,0,1/31/2026 0:05,N/A,https://www.facebook.com/JuanKadaStarOfficialPage/posts/pfbid0241gWMKbmZKJhfWt7a7hsdtqo2ZUpfbVpN8rYTu7VDhDJd2cLDHR3LXnENL1Qvdydl,0,1,Photos,,,,,Lifetime,167,70,10,8,1,1,13,3,10,,,,,,,,
1.22111E+17,6.15856E+13,JuanKada Star,"Slayin’ in Purple 💜

Don’t miss it, watch me 𝐋𝐈𝐕𝐄 𝐍𝐎𝐖 sa 𝐂𝐨𝐥𝐨𝐫 𝐆𝐚𝐦𝐞! 👀

#Juan365Studios #ALLINJUANLIVE #Juan365 #ColorGameLive #JuankadaStar #StarBabies",,0,1/31/2026 0:04,N/A,https://www.facebook.com/JuanKadaStarOfficialPage/posts/pfbid02E8U6AFnqgwvPSnmR9GNzUHjxUp7ppcUZXWsuBGNuyPHd92Lqn2ef8bRFPsz2LJgal,0,0,Photos,,,,,Lifetime,2283,1071,60,48,6,6,168,41,127,,,,,,,,
1.22111E+17,6.15856E+13,JuanKada Star,❤️,"Last day of the month na, Star Babies!

Samahan nyo pa rin ako sa 𝐂𝐨𝐥𝐨𝐫 𝐆𝐚𝐦𝐞 sa Month of Love! 💖

#Juan365Studios #ALLINJUANLIVE #Juan365 #ColorGameLive #JuankadaStar #StarBabies #fypシ #reelschallenge #highlights #followersreels #foryoupageシ",31,1/30/2026 17:49,N/A,https://www.facebook.com/reel/2026496581609557/,0,0,Videos,,,,,Lifetime,1343,264,313,301,6,6,15,15,,,1881.71,3.879,0,0,0,,
1.22111E+17,6.15856E+13,JuanKada Star,"Friday hits different kapag may Color Game! 💖

#Juan365Studios #ALLINJUANLIVE #Juan365 #ColorGameLive #JuankadaStar #StarBabies",,0,1/30/2026 5:49,N/A,https://www.facebook.com/JuanKadaStarOfficialPage/posts/pfbid02dFtvarqghAnHDu9aZwvdZ337xBiGipvVqrxJM5A6Z4z4mYL79c2mxajFvCnoYAFyl,0,0,Photos,,,,,Lifetime,229,99,15,9,1,5,8,6,2,,,,,,,,
1.22111E+17,6.15856E+13,JuanKada Star,"Star Babies, watch me live now!

Sabay-sabay tayong mag-chill at mag-enjoy! ⭐️

#Juan365Studios #ALLINJUANLIVE #Juan365 #ColorGameLive #JuankadaStar #StarBabies",,0,1/29/2026 23:49,N/A,https://www.facebook.com/JuanKadaStarOfficialPage/posts/pfbid0P41rjvNxfPTAN65bakvMcBHnMjzqAK5aDcXv9sJr27aJFME4WYhPoeEhKn6ZCPx6l,0,0,Photos,,,,,Lifetime,677,324,32,19,7,6,61,20,41,,,,,,,,
1.22111E+17,6.15856E+13,JuanKada Star,Recap ✨💫,"Mid-shift but main character energy 💖✨
Here’s a peek from the live!

#Juan365Studios #ALLINJUANLIVE #Juan365 #ColorGameLive #JuankadaStar #StarBabies #fypシ #reelschallenge #highlights #followersreels #foryoupageシ",28,1/29/2026 18:35,N/A,https://www.facebook.com/reel/913157667842168/,0,0,Videos,,,,,Lifetime,1396,334,301,294,1,6,7,7,,,2430.777,4.518,0,0,0,,
1.22111E+17,6.15856E+13,JuanKada Star,Falling 🫶🏻,"Would you let me try? 🥹

#Juan365Studios #ALLINJUANLIVE #Juan365 #ColorGameLive #JuankadaStar #StarBabies",14,1/29/2026 4:29,N/A,https://www.facebook.com/reel/1436025664585752/,0,0,Videos,,,,,Lifetime,2273,122,307,299,4,4,14,14,,,1282.788,2.286,0,0,0,,
1.22111E+17,6.15856E+13,JuanKada Star,Small to tall 🤭,,0,1/29/2026 1:43,N/A,https://www.facebook.com/JuanKadaStarOfficialPage/posts/pfbid0aTih9tKReqaJHGhskFCgQRBrPf2hKtne4eH5RK3RFBmx6vmi5S1Syj2ZGJ4g2tsml,0,1,Photos,,,,,Lifetime,194,79,5,5,0,0,6,,6,,,,,,,,
1.22111E+17,6.15856E+13,JuanKada Star,"Outfit check: on point 😎 

#Juan365Studios #ALLINJUANLIVE #Juan365 #ColorGameLive #JuankadaStar #StarBabies",,0,1/29/2026 0:05,N/A,https://www.facebook.com/JuanKadaStarOfficialPage/posts/pfbid0fDushfgZLipW8wFrNSzqBPMS1iH2qW17NoFiCaKYSkDuWTaJtyXQbyfEHb3h7WzGl,0,0,Photos,,,,,Lifetime,1828,709,51,40,4,7,168,54,114,,,,,,,,
1.22111E+17,6.15856E+13,JuanKada Star,"To be loveddd, Thank you star babies~ 🥰

#Juan365Studios #ALLINJUANLIVE #Juan365 #ColorGameLive #JuankadaStar #StarBabies #fypシ #reelschallenge #highlights #followersreels #foryoupageシ","To be loveddd, Thank you star babies~ 🥰

#Juan365Studios #ALLINJUANLIVE #Juan365 #ColorGameLive #JuankadaStar #StarBabies #fypシ #reelschallenge #highlights #followersreels #foryoupageシ",7,1/28/2026 2:00,N/A,https://www.facebook.com/reel/1422540526134060/,1,0,Videos,,,,,Lifetime,1243,150,16,12,0,4,1,1,,,846.298,2.203,0,0,0,,
1.22111E+17,6.15856E+13,JuanKada Star,"Ano ba gusto mo gawin ko 🫣

Chill with Pretty Juankada Zia, sabayan nyo kami lagi sa kulitan 💕

#Juan365Studios #ALLINJUANLIVE #Juan365 #ColorGameLive #JuankadaStar #JuankadaZia #fyp","Ano ba gusto mo gawin ko 🫣

Chill with Pretty Juankada Zia, sabayan nyo kami lagi sa kulitan 💕

#Juan365Studios #ALLINJUANLIVE #Juan365 #ColorGameLive #JuankadaStar #JuankadaZia #fyp",15,1/27/2026 20:00,N/A,https://www.facebook.com/reel/1416932793099483/,1,0,Videos,,,,,Lifetime,1663,495,33,26,2,5,16,16,,,3834.265,5.16,0,0,0,,
1.22111E+17,6.15856E+13,JuanKada Star,"Blues clues here we goo~ 🦋

Pretty in blue with Juankada Zia 💙

#Juan365Studios #ALLINJUANLIVE #Juan365 #ColorGameLive #JuankadaStar #StarBabies",,0,1/27/2026 16:53,N/A,https://www.facebook.com/JuanKadaStarOfficialPage/posts/pfbid0j6mxtxgWraTNwddVNRZWJM5aSps36permdjDq5Sdu87erVLxS2jbyPv7AqvHyPhGl,0,0,Photos,,,,,Lifetime,1297,707,27,19,1,7,83,24,59,,,,,,,,
1.22111E+17,6.15856E+13,JuanKada Star,"Gusto ko... 🫶🏻

#Juan365Studios #ALLINJUANLIVE #Juan365 #ColorGameLive #JuankadaStar #StarBabies","Gusto ko... 🫶🏻

#Juan365Studios #ALLINJUANLIVE #Juan365 #ColorGameLive #JuankadaStar #StarBabies",23,1/27/2026 3:00,mixed,https://www.facebook.com/reel/1989630601594066/,1,0,Videos,,,,,Lifetime,1283,232,28,21,2,5,15,15,,,2044.088,4.593,0,0,0,,
1.22111E+17,6.15856E+13,JuanKada Star,Tahanan mo ako ✨,"Tahanan mo ako. Haligi nalang kulang 🤭

#Juan365Studios #ALLINJUANLIVE #Juan365 #ColorGameLive #JuankadaStar #reelsvideoシ #fypシ #nocopyrightinfringementintendedmusicbelongstotherightfulowner",38,1/26/2026 23:33,N/A,https://www.facebook.com/reel/912201854621883/,0,0,Videos,,,,,Lifetime,2210,131,26,17,2,7,8,8,,,1303.086,2.201,0,0,0,,
1.2211E+17,6.15856E+13,JuanKada Star,"Outfit check: on point 😎

#Juan365Studios #ALLINJUANLIVE #Juan365 #ColorGameLive #JuankadaStar #StarBabies #fypシ゚viralシfypシ゚ #foryoupageシ",,0,1/26/2026 11:28,N/A,https://www.facebook.com/JuanKadaStarOfficialPage/posts/pfbid024bKSFk4MVfkfp7s9rEX5EpX6UZvDXGr29SLM1Zdc3VakLsfy5tAF64wEP3e8tiBYl,0,0,Photos,,,,,Lifetime,531,261,19,14,0,5,23,4,19,,,,,,,,
1.2211E+17,6.15856E+13,JuanKada Star,"Ganito pala epekto pag night shift, nakakaganda 🫣🤭

#Juan365Studios #ALLINJUANLIVE #Juan365 #ColorGameLive #JuankadaStar #StarBabies","Ganito pala epekto pag night shift, nakakaganda 🫣🤭

#Juan365Studios #ALLINJUANLIVE #Juan365 #ColorGameLive #JuankadaStar #StarBabies",15,1/26/2026 2:00,N/A,https://www.facebook.com/reel/1221453409361768/,0,0,Videos,,,,,Lifetime,1347,321,25,19,1,5,16,16,,,2381.924,4.443,0,0,0,,
1.2211E+17,6.15856E+13,JuanKada Star,"𝐋𝐢𝐭𝐞𝐫𝐚𝐥 𝐧𝐚 𝐛𝐞𝐚𝐮𝐭𝐲 𝐠𝐥𝐨𝐰 𝐲𝐚𝐫𝐧? 😍

Abang lang sa next fit check natin starbabiess~ 😘

#Juan365Studios #ALLINJUANLIVE #Juan365 #ColorGameLive #JuankadaStar #StarBabies",,0,1/25/2026 20:40,N/A,https://www.facebook.com/JuanKadaStarOfficialPage/posts/pfbid0AN3n29DkP2RyyEfzyCjwnEaUukjjxDgRgRVUauct9vGqNDeTm6bp3F3LS5xsiewNl,0,0,Photos,,,,,Lifetime,321,141,18,14,0,4,15,1,14,,,,,,,,
1.2211E+17,6.15856E+13,JuanKada Star,STAR RECAP,"𝐏𝐨𝐰𝐞𝐫𝐞𝐝 𝐭𝐡𝐫𝐨𝐮𝐠𝐡 𝐭𝐡𝐞 𝐧𝐢𝐠𝐡𝐭 𝐰𝐢𝐭𝐡 𝐠𝐨𝐨𝐝 𝐯𝐢𝐛𝐞𝐬🔥
Recap from last night’s live!

#Juan365Studios #ALLINJUANLIVE #Juan365 #ColorGameLive #JuankadaStar #StarBabies",21,1/25/2026 20:04,N/A,https://www.facebook.com/reel/2635713990121506/,0,0,Videos,,,,,Lifetime,1349,177,306,298,3,5,14,14,,,2268.685,5.179,0,0,0,,
1.2211E+17,6.15856E+13,JuanKada Star,"𝐁𝐫𝐞𝐞𝐳𝐲 𝐍𝐢𝐠𝐡𝐭 𝐰𝐢𝐭𝐡 𝐭𝐡𝐞 𝐠𝐚𝐧𝐠! ❄️

Ramdam na ba ang lamig Juankada? 🌬

#Juan365Studios #ALLINJUANLIVE #Juan365 #ColorGameLive #JuankadaEvo #JuankadaZia #JuankadaStar #StarBabies",,0,1/25/2026 9:00,N/A,https://www.facebook.com/JuanKadaStarOfficialPage/posts/pfbid02cGLor46TSSemT7uwEg7n18wqYNtja47EfZ2o25YLVYVskv3dfCdMEBvxLZzpmde4l,0,0,Photos,,,,,Lifetime,1366,550,67,56,1,10,61,21,40,,,,,,,,
1.2211E+17,6.15856E+13,JuanKada Star,"And I need you,  and I miss you 🫶🏻","𝐈 𝐧𝐞𝐞𝐝 𝐲𝐨𝐮𝐮𝐮, 𝐚𝐧𝐝 𝐈 𝐦𝐢𝐬𝐬 𝐲𝐨𝐮 𝐚𝐥𝐫𝐞𝐚𝐝𝐲 𝐬𝐭𝐚𝐫𝐬𝐬𝐬 🥺💕

#Juan365Studios #ALLINJUANLIVE #Juan365 #ColorGameLive #JuankadaStar #StarBabies",12,1/25/2026 2:10,N/A,https://www.facebook.com/reel/4167363173478101/,1,0,Videos,,,,,Lifetime,1293,164,306,296,5,5,4,4,,,1482.719,3.48,0,0,0,,
1.2211E+17,6.15856E+13,JuanKada Star,"𝓜𝓲𝓻𝓻𝓸𝓻, 𝓜𝓲𝓻𝓻𝓸𝓻 𝓸𝓷 𝓽𝓱𝓮 𝔀𝓪𝓵𝓵,

Who’s the prettiest 𝓢𝓽𝓪𝓻 of us all? 🪞💛

#Juan365Studios #ALLINJUANLIVE #Juan365 #ColorGameLive #JuankadaStar #StarBabies",,0,1/24/2026 20:00,N/A,https://www.facebook.com/JuanKadaStarOfficialPage/posts/pfbid0t2sKVBWFCYEzsKgMv7JKKEHbZCuNmYpF9Ja8kGX8xpSuouLniutd2M94sgzuQgWsl,0,0,Photos,,,,,Lifetime,304,115,286,280,1,5,14,5,9,,,,,,,,
1.2211E+17,6.15856E+13,JuanKada Star,💫✨,"𝐁𝐫𝐢𝐠𝐡𝐭 𝐭𝐨 𝐲𝐨𝐮𝐫 𝐍𝐢𝐠𝐡𝐭 ✨

Here’s a cute recap last night 💕

#Juan365Studios #ALLINJUANLIVE #Juan365 #ColorGameLive #JuankadaStar #StarBabies #fypシ #reelschallenge #fbreelsvideo",28,1/24/2026 17:53,N/A,https://www.facebook.com/reel/857424043938721/,0,0,Videos,,,,,Lifetime,3779,992,358,345,7,6,27,27,,,13526.805,7.206,0,0,0,,
1.2211E+17,6.15856E+13,JuanKada Star,,,0,1/24/2026 8:14,N/A,https://www.facebook.com/JuanKadaStarOfficialPage/posts/pfbid0oe5fQMi3K4iyMP1eqFwKP4jfkTQHaydLSizTKG9xJE3dR7ZitNG36AiM37HotKZ8l,0,1,Photos,,,,,Lifetime,207,85,7,7,0,0,3,3,,,,,,,,,
1.2211E+17,6.15856E+13,JuanKada Star,"Proof na pwede maging maganda kahit puyat 🥰💫✨
Night shift outfit check! 💛

#Juan365Studios #ALLINJUANLIVE #Juan365 #ColorGameLive #JuankadaStar #StarBabies #fypviralシ",,0,1/24/2026 8:05,N/A,https://www.facebook.com/JuanKadaStarOfficialPage/posts/pfbid032y4yRcpgtBcJmB4ZDTWD7kjzpWq23aK7FUiwcsBkCurgpH9BigRT541UZ6N97Qc6l,0,0,Photos,,,,,Lifetime,2884,1307,55,50,0,5,292,63,229,,,,,,,,
1.2211E+17,6.15856E+13,JuanKada Star,Star babies samahan niyo kami until 5am! 🫶🏻,,0,1/24/2026 7:59,N/A,https://www.facebook.com/JuanKadaStarOfficialPage/posts/pfbid0ULEv8Cf1ozDQsaQWi4iuFZwicFpRQNt62o7NctBDha2opoiUywSwQNje6e52pokQl,0,1,Photos,,,,,Lifetime,287,118,10,10,0,0,24,7,17,,,,,,,,
1.2211E+17,6.15856E+13,JuanKada Star,"𝐊𝐔𝐘𝐀 𝐖𝐈𝐋𝐋?? 😜

Oh naurrr, Im with our Juankada Evo - ng sobrang gwapoo 🤭

#Juan365Studios #ALLINJUANLIVE #Juan365 #ColorGameLive #JuankadaEvo #JuankadaStar #StarBabies","𝐊𝐔𝐘𝐀 𝐖𝐈𝐋𝐋?? 😜

Oh naurrr, Im with our Juankada Evo - ng sobrang gwapoo 🤭

#Juan365Studios #ALLINJUANLIVE #Juan365 #ColorGameLive #JuankadaEvo #JuankadaStar #StarBabies",15,1/24/2026 2:00,mixed,https://www.facebook.com/reel/901063556192410/,1,0,Videos,,,,,Lifetime,2684,1360,322,317,1,4,10,10,,,9653.024,6.014,0,0,0,,
1.2211E+17,6.15856E+13,JuanKada Star,"𝐀𝐧𝐨𝐭𝐡𝐞𝐫 𝐧𝐢𝐠𝐡𝐭, 𝐚𝐧𝐨𝐭𝐡𝐞𝐫 𝐟𝐮𝐧-𝐟𝐢𝐥𝐥𝐞𝐝 𝐬𝐡𝐢𝐟𝐭 💖
Quick recap from last night!

#Juan365Studios #ALLINJUANLIVE #Juan365 #ColorGameLive #JuankadaStar #StarBabies #reelsvideoシ #fypシ゚","𝐀𝐧𝐨𝐭𝐡𝐞𝐫 𝐧𝐢𝐠𝐡𝐭, 𝐚𝐧𝐨𝐭𝐡𝐞𝐫 𝐟𝐮𝐧-𝐟𝐢𝐥𝐥𝐞𝐝 𝐬𝐡𝐢𝐟𝐭 💖
Quick recap from last night!

#Juan365Studios #ALLINJUANLIVE #Juan365 #ColorGameLive #JuankadaStar #StarBabies #reelsvideoシ #fypシ゚",16,1/23/2026 20:00,N/A,https://www.facebook.com/reel/867834746035743/,1,0,Videos,,,,,Lifetime,1749,518,321,313,2,6,13,13,,,4163.693,5.471,0,0,0,,
1.2211E+17,6.15856E+13,JuanKada Star,"𝐋𝐚𝐭𝐞 𝐬𝐡𝐢𝐟𝐭, 𝐞𝐚𝐫𝐥𝐲 𝐬𝐥𝐚𝐲 💕✨
Night shift fit reveal!

#Juan365Studios #ALLINJUANLIVE #Juan365 #ColorGameLive #JuankadaStar #StarBabies #reelsvideoシ #fypシ゚",,0,1/23/2026 6:36,N/A,https://www.facebook.com/JuanKadaStarOfficialPage/posts/pfbid028axGcqVSQfFrWwAcNjqZjgUPdJyrbmhC8jtEPm2aA9rTeRGANhphLTgtHwTBewKQl,0,0,Photos,,,,,Lifetime,1289,524,55,43,5,7,85,22,63,,,,,,,,
1.2211E+17,6.15856E+13,JuanKada Star,Pakaaaaa 👐🏻,"𝐄𝐘𝐘𝐘𝐘~ 😂

Choose your fighter sa palambutan ng katawan, sino ba yan sya sila? 🫣

#Juan365Studios #ALLINJUANLIVE #Juan365 #ColorGameLive #JuankadaEvo #JuankadaStar #StarBabies #reelsvideoシ #fypシ゚",15,1/23/2026 3:02,N/A,https://www.facebook.com/reel/25700506006226310/,0,0,Videos,,,,,Lifetime,1387,254,27,20,1,6,19,19,,,2576.649,5.424,0,0,0,,
1.2211E+17,6.15856E+13,JuanKada Star,🫶🏻,"𝐆𝐮𝐬𝐭𝐨 𝐤𝐨 𝐥𝐚𝐧𝐠 𝐦𝐚𝐥𝐚𝐦𝐚𝐧 𝐧𝐲𝐨 𝐬𝐭𝐚𝐫 𝐛𝐚𝐛𝐢𝐞𝐬 👀

Night shift? No problem, eto hataw tayo dyan 🤭

#Juan365Studios #ALLINJUANLIVE #Juan365 #ColorGameLive #JuankadaStar #StarBabies #reelsvideoシ #fypシ゚",25,1/23/2026 0:50,N/A,https://www.facebook.com/reel/1392894855898070/,0,0,Videos,,,,,Lifetime,1241,141,307,298,2,7,15,15,,,1919.459,5.051,0,0,0,,
1.2211E+17,6.15856E+13,JuanKada Star,🩶,,0,1/22/2026 19:57,N/A,https://www.facebook.com/JuanKadaStarOfficialPage/posts/pfbid02hAwfzyJ2w6xY6CkAP4HAze9sqxcwKwKngAvviFVrEWecAAHZEGCoeWhwD52DhcFDl,0,1,Text,,,,,Lifetime,118,87,7,6,1,0,16,16,,,,,,,,,
1.2211E+17,6.15856E+13,JuanKada Star,🩶,"𝑻𝑬𝑳𝑳 𝑴𝑬 𝑾𝑯𝑨𝑻 𝒀𝑶𝑼 𝑾𝑨𝑵𝑻 𝑾𝑯𝑨𝑻 𝒀𝑶𝑼 𝑹𝑬𝑨𝑳𝑳𝒀 𝑹𝑬𝑨𝑳𝑳𝒀 𝑾𝑨𝑵𝑻 𝑺𝑻𝑨𝑹𝑺𝑺𝑺✨💖

Last night shift moments! Napapa macarena na ba ang lahat? 

#Juan365Studios #ALLINJUANLIVE #Juan365 #ColorGameLive #JuankadaStar #StarBabies #reelsvideoシ #fypシ゚",27,1/22/2026 19:55,N/A,https://www.facebook.com/reel/855765113961759/,0,0,Videos,,,,,Lifetime,1193,127,306,295,2,9,9,9,,,1294.786,3.606,0,0,0,,
1.2211E+17,6.15856E+13,JuanKada Star,"𝐋𝐚𝐭𝐞 𝐡𝐨𝐮𝐫𝐬, 𝐥𝐨𝐮𝐝 𝐨𝐮𝐭𝐟𝐢𝐭 ✨🌙

Night shift OOTD check! with Juankada Zia  and Juankada Evo! Samahan ang Slayable Trio now sa ating LIVE 🤭

#Juan365Studios #ALLINJUANLIVE #Juan365 #ColorGameLive #JuankadaZia #JuankadaEvo #JuankadaStar #StarBabies",,0,1/22/2026 7:01,N/A,https://www.facebook.com/JuanKadaStarOfficialPage/posts/pfbid038H9iKLvup26U4ZtHY73dK2ZSW6m6e1oHwrCbmSg1YoE2QAv7nu1C5KVwP3f1yUPxl,0,0,Photos,,,,,Lifetime,390,158,20,12,2,6,21,5,16,,,,,,,,
1.22109E+17,6.15856E+13,JuanKada Star,"𝐒𝐡𝐢𝐧𝐞 𝐛𝐫𝐢𝐠𝐡𝐭 𝐥𝐢𝐤𝐞 𝐚 𝐒𝐓𝐀𝐑 🌟

Catch me on LIVE star babiesss~

#Juan365Studios #ALLINJUANLIVE #Juan365 #ColorGameLive #JuankadaStar #StarBabies",,0,1/22/2026 2:14,N/A,https://www.facebook.com/JuanKadaStarOfficialPage/posts/pfbid02dGDuJETudtkGLAqYAxyjQfckqKpnpaVrYHdKvVPxNCiu9E3nkGiVRujDAgup5w2Gl,0,0,Photos,,,,,Lifetime,602,291,41,28,7,6,33,20,13,,,,,,,,
1.22109E+17,6.15856E+13,JuanKada Star,Stolen shots 📸,"𝙔𝙤𝙪𝙧 𝙨𝙩𝙖𝙧 𝙡𝙤𝙤𝙠𝙨 𝙨𝙤 𝙥𝙧𝙚𝙩𝙩𝙮...

Pretty in a dangerously charming way. ✨🔥

#Juan365Studios #ALLINJUANLIVE #Juan365 #ColorGameLive #JuankadaStar #StarBabies #fypviralシ #reelschallenge #foryouシ",12,1/21/2026 20:00,N/A,https://www.facebook.com/reel/893290313191330/,1,0,Videos,,,,,Lifetime,1438,173,40,32,2,6,6,6,,,1813.801,3.262,0,0,0,,
1.22109E+17,6.15856E+13,JuanKada Star,"Kalma guys, ako lang 'to 
The one and only STARRR 💫

#Juan365Studios #ALLINJUANLIVE #Juan365 #ColorGameLive #JuankadaStar #StarBabies","Kalma guys, ako lang 'to 
The one and only STARRR 💫

#Juan365Studios #ALLINJUANLIVE #Juan365 #ColorGameLive #JuankadaStar #StarBabies",21,1/21/2026 6:57,N/A,https://www.facebook.com/reel/740705032426444/,0,0,Videos,,,,,Lifetime,1179,158,28,17,3,8,8,8,,,1639.253,3.959,0,0,0,,
1.22109E+17,6.15856E+13,JuanKada Star,"𝐂𝐡𝐢𝐥𝐥 𝐥𝐨𝐨𝐤𝐬 𝐟𝐨𝐫 𝐚 𝐜𝐡𝐢𝐥𝐥 𝐝𝐚𝐲 ☀️

Any thoughts star babies? 💭

#Juan365Studios #ALLINJUANLIVE #Juan365 #ColorGameLive #JuankadaStar #StarBabies #reelsvideoシ #fypシ゚",,0,1/21/2026 2:39,N/A,https://www.facebook.com/JuanKadaStarOfficialPage/posts/pfbid0vaxW1EZjufPper4ePePjq3b46FSLriXNoyVuU1yrbP4mMQGRwegDKdQTqaek6JsKl,0,0,Photos,,,,,Lifetime,564,204,34,24,6,4,34,12,22,,,,,,,1,
1.22109E+17,6.15856E+13,JuanKada Star,Mamimiss kita ng 1 week Juankada Shann 🥺,,0,1/20/2026 21:45,N/A,https://www.facebook.com/JuanKadaStarOfficialPage/posts/pfbid09VGQT8ueXXC1ZYCjRRjUoQP9uqZxJ1zabmj9F9SqLivxpceVsWE1epSG9BaJPfWzl,0,1,Photos,,,,,Lifetime,339,130,19,16,3,0,17,10,7,,,,,,,,
1.22109E+17,6.15856E+13,JuanKada Star,𝑨 𝒈𝒍𝒊𝒎𝒑𝒔𝒆 𝒐𝒇 𝒘𝒉𝒂𝒕 𝒎𝒂𝒌𝒆𝒔 𝒎𝒆 𝒃𝒖𝒔𝒚 😊,"𝑨 𝒈𝒍𝒊𝒎𝒑𝒔𝒆 𝒐𝒇 𝒘𝒉𝒂𝒕 𝒎𝒂𝒌𝒆𝒔 𝒎𝒆 𝒃𝒖𝒔𝒚 😊
Stay tuned for more star babies 🌟

#Juan365Studios #ALLINJUANLIVE #Juan365 #ColorGameLive #JuankadaStar #StarBabies #reelschallenge #foryoupageシ",21,1/20/2026 20:20,N/A,https://www.facebook.com/reel/4287933884860541/,0,0,Videos,,,,,Lifetime,2464,140,590,576,5,9,10,10,,,2994.708,4.041,0,0,0,,
1.22109E+17,6.15856E+13,JuanKada Star,4 pics 1 word,"𝐖𝐞 𝐫𝐮𝐧 𝐭𝐡𝐞 𝐰𝐨𝐫𝐥𝐝, 𝐬𝐭𝐚𝐫 𝐛𝐚𝐛𝐢𝐞𝐬 ⭐️

#Juan365Studios #ALLINJUANLIVE #Juan365 #ColorGameLive #JuankadaStar #StarBabies

#nocopyrightinfringementintendedmusicbelongstotherightfulowner #fypシ #foryouシ #reelsvideoシ #reelsvideoシ",27,1/20/2026 6:00,N/A,https://www.facebook.com/reel/25791903183761935/,1,0,Videos,,,,,Lifetime,1720,240,600,583,6,11,13,13,,,3336.237,4.614,0,0,0,,
1.22109E+17,6.15856E+13,JuanKada Star,"TUES it. Wear it. Own it. 🖤

Team Denim black ang atake ng Morning Shift kanina with JuanKada Alex, Juankada Papa Joe at Juankada Zia!

#Juan365Studios #ALLINJUANLIVE #Juan365 #ColorGameLive #JuankadaStar #StarBabies #JuankadaAlexChoosy #JuankadaPapaJoe #JuankadaZia",,0,1/19/2026 22:53,N/A,https://www.facebook.com/JuanKadaStarOfficialPage/posts/pfbid0XDmanL4PmZmMeFAdg1Rnn6tRodBSgHntUuaWTRAmWud7ofMqC3H81uA4kF2ZSVHWl,0,0,Photos,,,,,Lifetime,632,262,30,19,3,8,35,8,27,,,,,,,,
1.22109E+17,6.15856E+13,JuanKada Star,"𝐂𝐨𝐧𝐟𝐢𝐝𝐞𝐧𝐜𝐞 𝐢𝐬 𝐭𝐡𝐞 𝐛𝐞𝐬𝐭 𝐚𝐜𝐜𝐞𝐬𝐬𝐨𝐫𝐲 ✨
Bet niyo rin ba? 💖

#Juan365Studios #ALLINJUANLIVE #Juan365 #ColorGameLive #JuankadaStar #StarBabies",,0,1/19/2026 17:59,N/A,https://www.facebook.com/JuanKadaStarOfficialPage/posts/pfbid02h6FKyVUprJbecw6XL8KoNccWd4xypaYhUFSbPRZxL9ejAK175WZN84qY4wKjF2Eul,0,0,Photos,,,,,Lifetime,2390,1297,74,61,2,11,93,31,62,,,,,,,,
1.22109E+17,6.15856E+13,JuanKada Star,Live 6am-2pm see you star babies 🫶🏻🫰🏻,,0,1/19/2026 16:24,N/A,https://www.facebook.com/JuanKadaStarOfficialPage/posts/pfbid02AGG2hQxdayh48QPcE86DpCFFBoQnKf1W4SdymJ9rJQpGajSaDgajo6iRj53oZW5xl,0,1,Photos,,,,,Lifetime,236,90,10,9,1,0,8,6,2,,,,,,,,
1.22109E+17,6.15856E+13,JuanKada Star,Love yourself 💞,"Star babies love yourself like I love you ~ 🫶🏻💘

Wag kayo magsawang sumuporta at mag enjoy sa ating color game 🥰

#Juan365Studios #ALLINJUANLIVE #Juan365 #ColorGameLive #JuankadaStar #StarBabies 

#nocopyrightinfringementintendedmusicbelongstotherightfulowner #fbreels #fypシ",9,1/19/2026 6:00,N/A,https://www.facebook.com/reel/1414776103470903/,1,0,Videos,,,,,Lifetime,1266,137,39,22,7,10,11,11,,,971.792,2.485,0,0,0,,
1.22109E+17,6.15856E+13,JuanKada Star,Pink and White 🩷🤍,"𝑺𝒑𝒊𝒏𝒏𝒊𝒏𝒈 𝒕𝒉𝒆 𝒔𝒑𝒐𝒕𝒍𝒊𝒈𝒉𝒕 𝒊𝒏 𝒑𝒊𝒏𝒌 💖

sparkle vibes and a white flare, ready to steal the show! ✨

#Juan365Studios #ALLINJUANLIVE #Juan365 #ColorGameLive #JuankadaStar #StarBabies #fbreelsfypシ゚viralシ #foryoupageシ #reelschallenge",16,1/19/2026 2:26,N/A,https://www.facebook.com/reel/1550970116647863/,0,0,Videos,,,,,Lifetime,1566,201,61,40,11,10,17,17,,,2613.514,4.026,0,0,0,,
1.22109E+17,6.15856E+13,JuanKada Star,Trio 🩷,,0,1/19/2026 1:46,N/A,https://www.facebook.com/JuanKadaStarOfficialPage/posts/pfbid04w61StCpoZTqyN9LuDvp1Z7xFkffetENvJtQweEmUNSU7vARvpuhkj5zDvjz6hcAl,0,1,Photos,,,,,Lifetime,243,83,11,10,1,0,3,1,2,,,,,,,,
1.22109E+17,6.15856E+13,JuanKada Star,Ivana na nararamdaman 🫶🏻,"𝘼 𝙡𝙞𝙩𝙩𝙡𝙚 𝙜𝙡𝙞𝙢𝙥𝙨𝙚 𝙤𝙛 𝙢𝙚 𝙞𝙣 𝙖𝙘𝙩𝙞𝙤𝙣 💖✨ 

Watch me host the Color Game LIVE on the Juana365 app & website!

#Juan365Studios #ALLINJUANLIVE #Juan365 #ColorGameLive #JuankadaStar #StarBabies

#nocopyrightinfringementintendedmusicbelongstotherightfulowner #fypviralシ #fypageシ",28,1/18/2026 20:00,N/A,https://www.facebook.com/reel/1522466682183670/,1,0,Videos,,,,,Lifetime,1766,178,1135,1120,4,11,13,13,,,5833.019,7.654,0,0,0,,
1.22109E+17,6.15856E+13,JuanKada Star,💚,"𝑨 𝒍𝒊𝒕𝒕𝒍𝒆 𝒈𝒓𝒐𝒐𝒗𝒆 𝒊𝒏 𝒈𝒓𝒆𝒆𝒏 💚🕺
Maybe green is the color for today? 👀

#Juan365Studios #ALLINJUANLIVE #Juan365 #ColorGameLive #JuankadaStar #StarBabies",15,1/18/2026 3:15,N/A,https://www.facebook.com/reel/1235976145119655/,0,0,Videos,,,,,Lifetime,1521,252,47,33,5,9,12,12,,,3305.312,5.748,0,0,0,,
1.22109E+17,6.15856E+13,JuanKada Star,"𝙎𝙤𝙛𝙩 𝙝𝙚𝙖𝙧𝙩, 𝙨𝙝𝙖𝙧𝙥 𝙚𝙙𝙜𝙚𝙨 🌸

Samahan nyo kami now star babies sa aming Live dito lang yan sa color game 🥰

#Juan365Studios #ALLINJUANLIVE #Juan365 #ColorGameLive #JuankadaStar #StarBabies",,0,1/18/2026 1:48,N/A,https://www.facebook.com/JuanKadaStarOfficialPage/posts/pfbid02nKrNAueHimei7KkKp8tch8rx15NLaRXX481RnR71RCRYdnduHK6imfS9a3tCKFLhl,0,0,Photos,,,,,Lifetime,2117,873,66,46,6,14,183,71,112,,,,,,,,
1.22109E+17,6.15856E+13,JuanKada Star,Grey 🩶,"𝑪𝒉𝒊𝒍𝒍 𝒐𝒏 𝒕𝒉𝒆 𝒔𝒄𝒆𝒏𝒆, 𝒃𝒖𝒕 𝒎𝒚 𝒔𝒕𝒂𝒓’𝒔 𝒔𝒖𝒑𝒓𝒆𝒎𝒆 🩶

Caught a quick replay yesterday, watch me LIVE now mamayang 2pm Star babiess!

#Juan365Studios #ALLINJUANLIVE #Juan365 #ColorGameLive #JuankadaStar #StarBabies 

#nocopyrightinfringementintendedmusicbelongstotherightfulowner",33,1/17/2026 19:18,N/A,https://www.facebook.com/reel/1288212456450678/,0,0,Videos,,,,,Lifetime,1792,218,1143,1125,5,13,8,8,,,4314.255,6.234,0,0,0,,
1.22108E+17,6.15856E+13,JuanKada Star,Gray 🩶,,0,1/17/2026 1:22,N/A,https://www.facebook.com/JuanKadaStarOfficialPage/posts/pfbid0qQQpXVXy2xsgzs5jZLKfdt1MAbgkDiQgGWgKyH8otPt7LB7qpNPWL3mu9sSHCSS4l,0,1,Photos,,,,,Lifetime,423,145,29,17,10,2,11,8,3,,,,,,,,
1.22108E+17,6.15856E+13,JuanKada Star,"Grey on my frame, all eyes on the flame ❤️‍🔥

#Juan365Studios #ALLINJUANLIVE #Juan365 #ColorGameLive #JuankadaStar #StarBabies",,0,1/17/2026 1:09,N/A,https://www.facebook.com/JuanKadaStarOfficialPage/posts/pfbid0Zd1eRVhwbn8qo6hTNHm4CnWyyCAFcU4HyFJvb93EKpx1J4x4NuNJxD1eUw4NqMe7l,0,0,Photos,,,,,Lifetime,761,385,48,26,11,11,35,25,10,,,,,,,,
1.22108E+17,6.15856E+13,JuanKada Star,Chinita Girl 💫,"𝑳𝒂𝒔𝒕 𝑫𝒂𝒚: 𝑨𝒍𝒍 𝒕𝒉𝒆 𝑭𝒆𝒆𝒍𝒔 💫

Sabay sabay tayo na mahulog sa tingin ng ating lucky chinita girl 👀😍

#Juan365Studios #ALLINJUANLIVE #Juan365 #ColorGameLive #JuankadaStar #StarBabies

#nocopyrightinfringementintendedmusicbelongstotherightfulowner #fypviralシ #fypageシ",31,1/16/2026 19:31,N/A,https://www.facebook.com/reel/1437818961340503/,0,0,Videos,,,,,Lifetime,1726,341,128,102,16,10,18,18,,,18452.103,14.517,0,0,0,,
1.22108E+17,6.15856E+13,JuanKada Star,"Tara na Star babies, makisaya, makikulit at manalo kasama ang team Midshift 💚",,0,1/16/2026 0:11,N/A,https://www.facebook.com/JuanKadaStarOfficialPage/posts/pfbid0v4bbatkPpboSNHmP2aELzx1wvP6VFaULuDNQhFxdfHop7pdeMC5mNNGbUaCghoakl,0,1,Photos,,,,,Lifetime,419,158,33,19,11,3,13,7,6,,,,,,,,
1.22108E+17,6.15856E+13,JuanKada Star,"Game on na Star Babies! 

Catch me LIVE NOW hanggang 10PM sa Color Game 🎲
Step into the spotlight, Star Babies 💖

#Juan365Studios #ALLINJUANLIVE #Juan365 #ColorGameLive #JuankadaStar #StarBabies",,0,1/15/2026 22:16,N/A,https://www.facebook.com/JuanKadaStarOfficialPage/posts/pfbid032JdN7Wo7wChE6dr4RmZwwpFvMKbiFtWFP19b1jKecRkmGuf7LKvxxz4crAA2iiA8l,0,0,Photos,,,,,Lifetime,3254,1117,166,125,26,15,316,144,172,,,,,,,,
1.22108E+17,6.15856E+13,JuanKada Star,"𝗜 𝗺𝗮𝗸𝗲 𝗶𝘁 𝘀𝗼 𝗲𝗮𝘀𝘆 𝘁𝗼 𝗳𝗮𝗹𝗹 𝗶𝗻 𝗹𝗼𝘃𝗲 𝘄𝗶𝘁𝗵 𝗺𝗲 𝗦𝘁𝗮𝗿 𝗕𝗮𝗯𝗶𝗲𝘀~ 🌟

Araw araw magbibigay sainyo ng ngiti! Abang na sa LIVE mamayang 2PM na yan 💖

#Juan365Studios #ALLINJUANLIVE #Juan365 #ColorGameLive #JuankadaStar #StarBabies

#nocopyrightinfringementintendedmusicbelongstotherightfulowner #fypageシfypviralシ","𝗜 𝗺𝗮𝗸𝗲 𝗶𝘁 𝘀𝗼 𝗲𝗮𝘀𝘆 𝘁𝗼 𝗳𝗮𝗹𝗹 𝗶𝗻 𝗹𝗼𝘃𝗲 𝘄𝗶𝘁𝗵 𝗺𝗲 𝗦𝘁𝗮𝗿 𝗕𝗮𝗯𝗶𝗲𝘀~ 🌟

Araw araw magbibigay sainyo ng ngiti! Abang na sa LIVE mamayang 2PM na yan 💖

#Juan365Studios #ALLINJUANLIVE #Juan365 #ColorGameLive #JuankadaStar #StarBabies

#nocopyrightinfringementintendedmusicbelongstotherightfulowner #fypageシfypviralシ",30,1/15/2026 20:01,N/A,https://www.facebook.com/reel/1571326294112283/,1,0,Videos,,,,,Lifetime,1321,214,62,37,20,5,15,15,,,2164.038,4.694,0,0,0,,
1.22108E+17,6.15856E+13,JuanKada Star,"Pretty in yellow 💛 kasama sina Juankada Shann, Zia, at Ligaya!

Napanood niyo ba live namin kahapon? If you want more fun moments, tutok lang palagi! ✨

#Juan365Studios #ALLINJUANLIVE #Juan365 #ColorGameLive #JuankadaStar #StarBabies #JuankadaShann #JuankadaZia #JuankadaLigaya",,0,1/15/2026 18:01,N/A,https://www.facebook.com/JuanKadaStarOfficialPage/posts/pfbid02HKaZT1hw7VUSxvmFv5oFLz5Z7ofG8PTNgnBQdmqJVmYyexuJuF2bpQwfL8h8RYU7l,0,0,Photos,,,,,Lifetime,468,180,35,22,8,5,9,7,2,,,,,,,,
1.22108E+17,6.15856E+13,JuanKada Star,I like me better 🫶🏻,"I like me better when I’m with you my Star Babies! ⭐️

Kaya sana palagi niyo akong suportahan at subaybayan sa Color Game! 🫶🏻

#Juan365Studios #ALLINJUANLIVE #Juan365 #ColorGameLive #JuankadaStar #StarBabies",7,1/15/2026 6:28,N/A,https://www.facebook.com/reel/732510049562284/,0,0,Videos,,,,,Lifetime,351,193,36,27,3,6,10,10,,,1279.586,5.687,0,0,0,,
1.22108E+17,6.15856E+13,JuanKada Star,See you star babies 2pm - 10pm 🌠💛,,0,1/14/2026 23:43,N/A,https://www.facebook.com/JuanKadaStarOfficialPage/posts/pfbid0gGxfFiwUTY4qEsoFQYCpftKSEYrtfrdyh2kTwJ2YUUoDb5nYwZvZkxgg181mAKDAl,0,1,Photos,,,,,Lifetime,278,128,31,23,3,5,8,,4,4,,,,,,,
1.22108E+17,6.15856E+13,JuanKada Star,"All-in na agad! ⭐️

Watch me live NOW hanggang mamayang 10PM sa Color Game! 

Don’t miss it, Star Babies!

#Juan365Studios #ALLINJUANLIVE #Juan365 #ColorGameLive #JuankadaStar #StarBabies",,0,1/14/2026 23:25,N/A,https://www.facebook.com/JuanKadaStarOfficialPage/posts/pfbid0m6YBEZ4X5svZ8gX61bi4caJ8zZiRLtgoHxbphrSXCzLrVxh6nCk6yk4sujH6z1HXl,0,0,Photos,,,,,Lifetime,789,396,58,40,7,11,32,13,19,,,,,,,,
1.22108E+17,6.15856E+13,JuanKada Star,Mt.Kulis ⛰️,"Sino mahilig mag-hike, star babies? ⭐️⛰️

Ang pag-akyat ng bundok ay parang buhay, may hirap, pagod, at pagsubok. Minsan gusto mo nang sumuko, pero tuloy lang. Kasi pag nasa tuktok ka na, marerealize mo na worth it lahat. 💪💛

#Juan365Studios #ALLINJUANLIVE #Juan365 #ColorGameLive #JuankadaStar #StarBabies

#nocopyrightinfringementintendedmusicbelongstotherightfulowner #fypシ゚viralシfypシ゚",49,1/14/2026 17:24,N/A,https://www.facebook.com/reel/848405078072195/,0,0,Videos,,,,,Lifetime,1483,183,99,80,9,10,21,21,,,3235.011,5.329,0,0,0,,
1.22108E+17,6.15856E+13,JuanKada Star,Star babies makihula na 🤭,,0,1/14/2026 4:45,N/A,https://www.facebook.com/JuanKadaStarOfficialPage/posts/pfbid02c413b9ovXxxM38ZdMtxyjcMUfVG6PnB9HUgQoZwfob8CWh4utpMnXBL9GNnHHwyul,0,1,Photos,,,,,Lifetime,288,122,30,20,8,2,17,15,2,,,,,,,,
1.22108E+17,6.15856E+13,JuanKada Star,"Keeping it simple in blue 💙

#Juan365Studios #ALLINJUANLIVE #Juan365 #ColorGameLive #JuankadaStar #StarBabies

#nocopyrightinfringementintendedmusicbelongstotherightfulowner #fypシ゚viralシfypシ゚","Keeping it simple in blue 💙

#Juan365Studios #ALLINJUANLIVE #Juan365 #ColorGameLive #JuankadaStar #StarBabies

#nocopyrightinfringementintendedmusicbelongstotherightfulowner #fypシ゚viralシfypシ゚",41,1/13/2026 21:50,N/A,https://www.facebook.com/reel/883758720732020/,0,0,Videos,,,,,Lifetime,274,184,45,31,7,7,4,4,,,1032.27,4.449,0,0,0,,
1.22108E+17,6.15856E+13,JuanKada Star,"Day off muna! Wag niyo ko masyadong mamiss, Star babies ha 😌

Eto muna hopping sa trend ng Eenie Meenie with Juankada Jedi ✌️

#Juan365Studios #ALLINJUANLIVE #Juan365 #ColorGameLive #JuankadaStar #StarBabies #JuankadaJedi

#nocopyrightinfringementintendedmusicbelongstotherightfulowner","Day off muna! Wag niyo ko masyadong mamiss, Star babies ha 😌

Eto muna hopping sa trend ng Eenie Meenie with Juankada Jedi ✌️

#Juan365Studios #ALLINJUANLIVE #Juan365 #ColorGameLive #JuankadaStar #StarBabies #JuankadaJedi

#nocopyrightinfringementintendedmusicbelongstotherightfulowner",15,1/13/2026 3:00,N/A,https://www.facebook.com/reel/1174157391369471/,0,0,Videos,,,,,Lifetime,327,248,46,29,10,7,13,13,,,2655.147,8.094,0,0,0,,
1.22108E+17,6.15856E+13,JuanKada Star,🩵,"Nabitin din ba kayo sa concert ng SexBomb Star Babies? 

Dito sa’kin, siguradong hindi kayo mabibitin! Abangan niyo ako lagi sa Color Game at mapanood ang mala-SexBomb energy ko! 🔥

#Juan365Studios #ALLINJUANLIVE #Juan365 #ColorGameLive #JuankadaStar #StarBabies

#nocopyrightinfringementintendedmusicbelongstotherightfulowner #fypviralシ #fypageシ",40,1/12/2026 22:57,N/A,https://www.facebook.com/reel/4154248064905867/,0,0,Videos,,,,,Lifetime,1173,343,83,63,12,8,21,21,,,11570.303,12.913,0,0,0,,
1.22107E+17,6.15856E+13,JuanKada Star,"Gabi na naman na puno ng saya! ⭐️

Star Babies, kita-kits sa Color Game LIVE mula 10PM–6AM!

#Juan365Studios #ALLINJUANLIVE #Juan365 #ColorGameLive #JuankadaStar #StarBabies #fypシ゚",,0,1/12/2026 8:23,N/A,https://www.facebook.com/JuanKadaStarOfficialPage/posts/pfbid0NpunEqT76c3Jemb5sgy23H5dhBJw5wR3dCoKpakUSDznNd6ixy5qch2aaQxfUL5Ll,0,0,Photos,,,,,Lifetime,1312,539,82,62,8,12,78,35,43,,,,,,,,
1.22107E+17,6.15856E+13,JuanKada Star,See you Star babies ✨️⭐️🫶🫰,,0,1/12/2026 8:21,N/A,https://www.facebook.com/JuanKadaStarOfficialPage/posts/pfbid025Px8iHL7ukqwSkpxtKcyStE1kRTN9kfqZUxdikHvH3JgEqssQ6PerRJi1gc6M1rFl,0,1,Photos,,,,,Lifetime,273,115,11,11,0,0,13,6,6,1,,,,,,,
1.22107E+17,6.15856E+13,JuanKada Star,"Cause I don’t wanna let you go, never 🩷

Walang iwanan, Star Babies! Kaya wag niyo rin akong iiwan, subaybayan niyo ako lagi 24/7 sa Color Game live! ⭐️

#Juan365Studios #ALLINJUANLIVE #Juan365 #ColorGameLive #JuankadaStar #StarBabies

#nocopyrightinfringementintendedmusicbelongstotherightfulowner #fypシ゚","Cause I don’t wanna let you go, never 🩷

Walang iwanan, Star Babies! Kaya wag niyo rin akong iiwan, subaybayan niyo ako lagi 24/7 sa Color Game live! ⭐️

#Juan365Studios #ALLINJUANLIVE #Juan365 #ColorGameLive #JuankadaStar #StarBabies

#nocopyrightinfringementintendedmusicbelongstotherightfulowner #fypシ゚",13,1/12/2026 2:52,N/A,https://www.facebook.com/reel/1246995417490524/,0,0,Videos,,,,,Lifetime,282,162,35,22,8,5,2,2,,,1048.316,4.679,0,0,0,,
1.22107E+17,6.15856E+13,JuanKada Star,Neutral 🖤🩶🤍,,0,1/12/2026 0:13,N/A,https://www.facebook.com/JuanKadaStarOfficialPage/posts/pfbid02WLSTPrSA1HUv8saa8GVfiyBpY6aLQccnDsM4emnnkumjiiVMypmkTq5BsSmkbiFDl,0,1,Photos,,,,,Lifetime,261,114,14,10,1,3,12,2,10,,,,,,,,
1.22107E+17,6.15856E+13,JuanKada Star,"With our Direk Dee! 🎬✨ 

Game na naman? Join the COLOR GAME fun live mamaya na yan! 

#Juan365Studios #ALLINJUANLIVE #Juan365 #ColorGameLive #JuankadaStar #StarBabies",,0,1/11/2026 17:00,N/A,https://www.facebook.com/JuanKadaStarOfficialPage/posts/pfbid0dMaLXPM2ZKG5X22Xvr4AtwqZwEjCmeBuwy48MVKaR86qMBiGqJvz9EQo43NGy8mgl,0,0,Photos,,,,,Lifetime,463,167,24,15,3,6,32,4,28,,,,,,,,
1.22107E+17,6.15856E+13,JuanKada Star,"Late night hanggang madaling-araw? Game! 🌙✨

Star Babies, sama-sama tayo sa Color Game LIVE from 10PM–6AM!

#Juan365Studios #ALLINJUANLIVE #Juan365 #ColorGameLive #JuankadaStar #StarBabies #fypシ゚",,0,1/11/2026 3:35,N/A,https://www.facebook.com/JuanKadaStarOfficialPage/posts/pfbid0y5Dxgxa2HQADJjpAdNTk4pBS3VD9tuFotHbWjxxLwT5wjNm3StHdutU2rrr211vWl,0,0,Photos,,,,,Lifetime,446,174,24,19,1,4,22,8,14,,,,,,,,
1.22107E+17,6.15856E+13,JuanKada Star,"Cause you know I love the players, and you love the game… 🎶

Pero mas mamahalin mo ang laro dito sa Color Game! Kaya DOWNLOAD THE APP na at abangan ako lagi! ⭐

#Juan365Studios #ALLINJUANLIVE #Juan365 #ColorGameLive #JuankadaStar #StarBabies

#nocopyrightinfringementintendedmusicbelongstotherightfulowner #reelsvideoシ #fypシ゚","Cause you know I love the players, and you love the game… 🎶

Pero mas mamahalin mo ang laro dito sa Color Game! Kaya DOWNLOAD THE APP na at abangan ako lagi! ⭐

#Juan365Studios #ALLINJUANLIVE #Juan365 #ColorGameLive #JuankadaStar #StarBabies

#nocopyrightinfringementintendedmusicbelongstotherightfulowner #reelsvideoシ #fypシ゚",23,1/11/2026 3:10,mixed,https://www.facebook.com/reel/1263778645576731/,1,0,Videos,,,,,Lifetime,3370,628,393,380,7,6,27,27,,,17705.631,8.813,0,0,0,,
1.22107E+17,6.15856E+13,JuanKada Star,"Your swerte starts here. Star Babies! ✨ 

I-ikot ang roleta, piliin ang kulay mo!

Game na? Tara na sa Color Game!

#Juan365Studios #ALLINJUANLIVE #Juan365 #ColorGameLive #JuankadaStar #StarBabies #fypシ゚",,0,1/10/2026 22:10,N/A,https://www.facebook.com/JuanKadaStarOfficialPage/posts/pfbid0Y6LK2AW3cAXcLhGmfocgPQT7mcnc7zXCX7HUoTAYFzV6V6Yny7idG7DpomBPE48Ul,0,0,Photos,,,,,Lifetime,439,208,29,21,2,6,8,6,2,,,,,,,,
1.22107E+17,6.15856E+13,JuanKada Star,🫶🫰,,0,1/10/2026 13:33,N/A,https://www.facebook.com/JuanKadaStarOfficialPage/posts/pfbid023Vec5b3kFsTwjp2RnA37DE7HvpVSFXnvwZ7q19s3AhV8FJLcGCz5S7rDMtKvV3kal,0,1,Photos,,,,,Lifetime,238,128,13,13,0,0,10,3,7,,,,,,,,
1.22107E+17,6.15856E+13,JuanKada Star,"⏰ Counting down, Star Babies!

Sama-sama tayo sa Color Game LIVE! 10PM–6AM!

Don't miss the exciting games, exclusive prizes, at ultimate fun! ✨

#Juan365Studios #ALLINJUANLIVE #Juan365 #ColorGameLive #JuankadaStar #StarBabies #fypシ゚",,0,1/10/2026 6:19,N/A,https://www.facebook.com/JuanKadaStarOfficialPage/posts/pfbid02tGdNFVhgk2TY2ChbG98QFYAEv1mfcVDc5KG6852hJpUrgKsn1dz7t4GCAHpWo1mJl,0,0,Photos,,,,,Lifetime,581,273,41,25,9,7,21,7,14,,,,,,,,
1.22107E+17,6.15856E+13,JuanKada Star,"Yes, I’m the baddest alive 💅

Pero mas baddest pa rin ang mga Star Babies ko d’yan! 

Drop a ""⭐️"" if isa ka sa kanila!

#Juan365Studios #ALLINJUANLIVE #Juan365 #ColorGameLive #JuankadaStar #StarBabies","Yes, I’m the baddest alive 💅

Pero mas baddest pa rin ang mga Star Babies ko d’yan! 

Drop a ""⭐️"" if isa ka sa kanila!

#Juan365Studios #ALLINJUANLIVE #Juan365 #ColorGameLive #JuankadaStar #StarBabies",11,1/10/2026 3:01,mixed,https://www.facebook.com/reel/1241272821270462/,1,0,Videos,,,,,Lifetime,277,185,23,18,1,4,7,7,,,1006.066,4.573,0,0,0,,
1.22107E+17,6.15856E+13,JuanKada Star,"Pag natagpuan, ’wag pakawalan minsan lang makahanap ng isang kakai-babe! ✨

Kaya manood na kayo palagi ng Color Game at abangan n’yo ako doon. ’Wag n’yo na ’ko pakawalan, Star Babies! 💫

#Juan365Studios #ALLINJUANLIVE #Juan365 #ColorGameLive #JuankadaStar #StarBabies #fypシ゚ 

#nocopyrightinfringementintendedmusicbelongstotherightfulowner","Pag natagpuan, ’wag pakawalan minsan lang makahanap ng isang kakai-babe! ✨

Kaya manood na kayo palagi ng Color Game at abangan n’yo ako doon. ’Wag n’yo na ’ko pakawalan, Star Babies! 💫

#Juan365Studios #ALLINJUANLIVE #Juan365 #ColorGameLive #JuankadaStar #StarBabies #fypシ゚ 

#nocopyrightinfringementintendedmusicbelongstotherightfulowner",40,1/9/2026 22:10,mixed,https://www.facebook.com/reel/714805088140405/,1,0,Videos,,,,,Lifetime,459,359,39,27,6,6,12,12,,,3888.158,9.529,0,0,0,,
1.22107E+17,6.15856E+13,JuanKada Star,"Solid talaga ang saya at tawanan kapag kasama sina Juankada Shann at Juankada Papa Joe! 

Napatawa rin ba namin kayo sa live kanina? 😆✨ 

#Juan365Studios #ALLINJUANLIVE #Juan365 #ColorGameLive #JuankadaStar #StarBabies #JuankadaShann #JuankadaPapaJoe",,0,1/9/2026 18:12,N/A,https://www.facebook.com/JuanKadaStarOfficialPage/posts/pfbid02Dw7bF98sy3UVPvBnrUm2JnC8HHd3WrqPTcS6PUaM6PUuckzJiG3d7bqQ8oyJh8Cl,0,0,Photos,,,,,Lifetime,357,147,21,12,4,5,18,8,10,,,,,,,,
1.22107E+17,6.15856E+13,JuanKada Star,"Star Babies! 🌟

Ready na ba kayo? Mamaya, 10PM–6AM, sumali na at manood sa Color Game LIVE!

Kita-kits! 

#Juan365Studios #ALLINJUANLIVE #Juan365 #ColorGameLive #JuankadaStar #StarBabies",,0,1/9/2026 7:08,N/A,https://www.facebook.com/JuanKadaStarOfficialPage/posts/pfbid0xYyPepWT8ESoFKzfWdfh8CcEoEC4bCRiuhn68jWDR1ykCBSAqAAGqsLBYsvUcFyVl,0,0,Photos,,,,,Lifetime,736,317,42,28,8,6,57,15,42,,,,,,,,
1.22107E+17,6.15856E+13,JuanKada Star,"Star Babies! Nag-enjoy ba kayo sa live namin ni Juankada Host Shann kanina?

Drop a ""⭐️"" kung naka-nood kayo ng live kanina 👀✨

#Juan365 #Juan365Studios  #AllInJuanSaSaya #Juankada #JuankadaStar #JuankadaShann #StarBabies",,0,1/9/2026 3:00,N/A,https://www.facebook.com/JuanKadaStarOfficialPage/posts/pfbid02PRJxvDerGACVvYdmKesZhrifA8zgMEiMEwteJRh2KFvB2gRVohFFjawNsqZhMj2bl,0,0,Photos,,,,,Lifetime,323,144,28,16,5,7,16,4,12,,,,,,,,
1.22107E+17,6.15856E+13,JuanKada Star,"With my bestie, like everything fun 🎶

TikTok muna with Juankada host Shann! Join the trend na rin, Star babies ✨

#Juan365Studios #ALLINJUANLIVE #Juan365 #ColorGameLive #JuankadaStar #StarBabies #JuankadaShann","With my bestie, like everything fun 🎶

TikTok muna with Juankada host Shann! Join the trend na rin, Star babies ✨

#Juan365Studios #ALLINJUANLIVE #Juan365 #ColorGameLive #JuankadaStar #StarBabies #JuankadaShann",21,1/8/2026 22:00,mixed,https://www.facebook.com/reel/2629348157461898/,1,0,Videos,,,,,Lifetime,414,259,38,29,5,4,20,20,,,3261.401,10.623,0,0,0,,
1.22106E+17,6.15856E+13,JuanKada Star,"⭐️ 𝐒𝐭𝐚𝐫 𝐁𝐚𝐛𝐢𝐞𝐬! ⭐️
𝐎𝐌𝐆 𝐠𝐮𝐲𝐬… 𝐤𝐮𝐧𝐠 𝐤𝐚𝐦𝐢 𝐚𝐧𝐠 𝐬𝐞𝐚𝐭𝐦𝐚𝐭𝐞 𝐦𝐨, 𝐚𝐛𝐬𝐞𝐧𝐭 𝐤𝐚 𝐛𝐚? 😱
comment “𝐘𝐄𝐒” or “𝐍𝐎”! 👀💥

Live ang 𝐂𝐨𝐥𝐨𝐫 𝐆𝐚𝐦𝐞 till 5AM sa Juan365 app & website! 🎨",,0,1/8/2026 11:30,N/A,https://www.facebook.com/JuanKadaStarOfficialPage/posts/pfbid02LjU76FHZKSerXen7xSXR4JTeofhwTUpyEoWo1HrbCa42uJsibLJCcahkFtH1jwSzl,0,0,Photos,,,,,Lifetime,2415,918,58,47,4,7,172,65,107,,,,,,,,
1.22106E+17,6.15856E+13,JuanKada Star,"Star Babies! Kita-kits tayo mamaya sa LIVE ng Color Game from 10PM–6AM! ⭐️

See you there! 

#Juan365Studios #ALLINJUANLIVE #Juan365 #ColorGameLive #JuankadaStar #StarBabies",,0,1/8/2026 7:05,N/A,https://www.facebook.com/JuanKadaStarOfficialPage/posts/pfbid0ZgqLpb846Y8xrsqwYHYz3iRoYbeTZXkDgxMn2YdTAQBQyCJCZySyTjmzS4Tv1MqJl,0,0,Photos,,,,,Lifetime,1323,546,56,44,4,8,42,18,24,,,,,,,,
1.22106E+17,6.15856E+13,JuanKada Star,"Some people leave, some people stay… pero ako... gutom lang ako 😂

Tara samgyup, Star Babies!

#Juan365Studios #ALLINJUANLIVE #Juan365 #ColorGameLive #JuankadaStar #StarBabies","Some people leave, some people stay… pero ako... gutom lang ako 😂

Tara samgyup, Star Babies!

#Juan365Studios #ALLINJUANLIVE #Juan365 #ColorGameLive #JuankadaStar #StarBabies",14,1/8/2026 3:01,mixed,https://www.facebook.com/reel/852659351107222/,1,0,Videos,,,,,Lifetime,591,207,24,20,1,3,8,8,,,2713.709,5.606,0,0,0,,
1.22106E+17,6.15856E+13,JuanKada Star,"Sip, relax, repeat ☕💛

Kayo rin ba, Star babies, mahilig sa coffee?

#Juan365Studios #ALLINJUANLIVE #Juan365 #ColorGameLive #JuankadaStar #StarBabies","Sip, relax, repeat ☕💛

Kayo rin ba, Star babies, mahilig sa coffee?

#Juan365Studios #ALLINJUANLIVE #Juan365 #ColorGameLive #JuankadaStar #StarBabies",25,1/7/2026 22:00,mixed,https://www.facebook.com/reel/1196601555384497/,1,0,Videos,,,,,Lifetime,292,168,25,18,3,4,11,11,,,1561.01,6.345,0,0,0,,
1.22106E+17,6.15856E+13,JuanKada Star,Follow Juan365 Studios for more updates ✨️⭐️🫰🫰,,0,1/7/2026 17:00,N/A,https://www.facebook.com/JuanKadaStarOfficialPage/posts/pfbid028LRoGeUK6NYDQASuKwi75hGuQfRsMKKMcCytA8ahQZR9bYJMRNgRQBBJJEESXUjVl,0,1,Photos,,,,,Lifetime,238,108,7,7,0,0,8,7,1,,,,,,,,
1.22106E+17,6.15856E+13,JuanKada Star,"Hindi lang kami babae.

BABAE kami — may boses, may pangarap, may lakas. 

Drop a “⭐️” kung proud din kayong maging babae, Star Babies!

#Juan365Studios #ALLINJUANLIVE #Juan365 #ColorGameLive #JuankadaStar #StarBabies","Hindi lang kami babae.

BABAE kami — may boses, may pangarap, may lakas. 

Drop a “⭐️” kung proud din kayong maging babae, Star Babies!

#Juan365Studios #ALLINJUANLIVE #Juan365 #ColorGameLive #JuankadaStar #StarBabies",29,1/7/2026 17:00,mixed,https://www.facebook.com/reel/1636849521065349/,1,0,Videos,,,,,Lifetime,550,195,57,41,10,6,12,12,,,2803.928,5.978,0,0,0,,
1.22106E+17,6.15856E+13,JuanKada Star,Eenie Meenie 🎶,"You seem like the type to love ’em and leave ’e 🎶

Pero ako? Hindi ko kayo iiwan! Sama-sama tayo sa Color Game, kaya huwag palampasin ang saya!

#Juan365Studios #ALLINJUANLIVE #Juan365 #ColorGameLive #JuankadaStar #StarBabies@",11,1/7/2026 6:48,N/A,https://www.facebook.com/reel/1069929268595721/,0,0,Videos,,,,,Lifetime,341,230,25,21,1,3,11,11,,,1079.344,3.854,0,0,0,,
1.22106E+17,6.15856E+13,JuanKada Star,"Me, myself and I 🫶","Learning to love myself more every day ✨

You should too, Star Babies!⭐

#Juan365Studios #ALLINJUANLIVE #Juan365 #ColorGameLive #JuankadaStar #StarBabies",17,1/7/2026 3:02,N/A,https://www.facebook.com/reel/1933268847286240/,0,0,Videos,,,,,Lifetime,784,277,67,57,4,6,12,12,,,3620.457,5.518,0,0,0,,
1.22106E+17,6.15856E+13,JuanKada Star,Follow na Star babies ✨️⭐️🫶🫰,,0,1/7/2026 1:27,N/A,https://www.facebook.com/JuanKadaStarOfficialPage/posts/pfbid02UYoHgHYw98XkrHGccw5GxqPsDSLQvfohpz2iH4YcpatikAPWSLCpGGtstwbKbBxYl,0,1,Photos,,,,,Lifetime,202,102,7,5,0,2,1,1,,,,,,,,,
1.22106E+17,6.15856E+13,JuanKada Star,Beautiful Girls ✨️🫶,"Shoutout to all my beautiful girls out there! ✨

Keep shining, queens! 💫

Like, follow & drop a ""💖"" if you feel this!

#Juan365Studios #ALLINJUANLIVE #Juan365 #ColorGameLive #JuankadaStar #StarBabies",21,1/6/2026 17:25,N/A,https://www.facebook.com/reel/1239649934250454/,0,0,Videos,,,,,Lifetime,544,336,30,24,2,4,7,7,,,3795.009,9.035,0,0,0,,
1.22106E+17,6.15856E+13,JuanKada Star,"Senti muna! 

Star Babies, bagay ba sakin ang emote era? 🤣🤣

#Juan365Studios #ALLINJUANLIVE #Juan365 #ColorGameLive #JuankadaStar #StarBabies","Senti muna! 

Star Babies, bagay ba sakin ang emote era? 🤣🤣

#Juan365Studios #ALLINJUANLIVE #Juan365 #ColorGameLive #JuankadaStar #StarBabies",16,1/6/2026 6:56,N/A,https://www.facebook.com/reel/1977967359601304/,0,0,Reels,,,,,Lifetime,4357,1196,1557,1512,39,6,88,88,,,28868.508,9.366,0,,0,,
1.22106E+17,6.15856E+13,JuanKada Star,"Food trip time! With Juankada Jedi and Marco 🥰

Kumain na rin ba kayo, Star Babies? ⭐️

#Juan365Studios #ALLINJUANLIVE #Juan365 #ColorGameLive #JuankadaStar #StarBabies","Food trip time! With Juankada Jedi and Marco 🥰

Kumain na rin ba kayo, Star Babies? ⭐️

#Juan365Studios #ALLINJUANLIVE #Juan365 #ColorGameLive #JuankadaStar #StarBabies",12,1/6/2026 3:00,mixed,https://www.facebook.com/reel/1374712500328362/,1,0,Videos,,,,,Lifetime,690,305,19,15,1,3,17,17,,,4340.163,9.156,0,0,0,,
1.22106E+17,6.15856E+13,JuanKada Star,"Trying the cutest trend 🥰

Kayo na lang kulang, Star Babies!Sumali din kayo 😁

#Juan365Studios #ALLINJUANLIVE #Juan365 #ColorGameLive #JuankadaStar #StarBabies","Trying the cutest trend 🥰

Kayo na lang kulang, Star Babies!Sumali din kayo 😁

#Juan365Studios #ALLINJUANLIVE #Juan365 #ColorGameLive #JuankadaStar #StarBabies",6,1/5/2026 22:00,N/A,https://www.facebook.com/reel/1420020165786870/,1,0,Videos,,,,,Lifetime,564,268,16,14,0,2,6,6,,,1693.007,5.145,0,0,0,,
1.22106E+17,6.15856E+13,JuanKada Star,Perfect talaga 🔥❤️,,0,1/5/2026 18:51,N/A,https://www.facebook.com/JuanKadaStarOfficialPage/posts/pfbid0yboXshtvEG2MSK6L3oxwFya3oWe8oT1aextpeLN2rqfSoPUEFKgoksjM9E8SR6XWl,0,1,Photos,,,,,Lifetime,282,126,9,5,1,3,2,1,1,,,,,,,,
1.22106E+17,6.15856E+13,JuanKada Star,"If you see this, it’s your sign to join the fun! ✨

Abangan niyo ko sa Color Game!
Download the Juan365 App sa Play Store and App Store — then watch me live! 📲

#Juan365Studios #ALLINJUANLIVE #Juan365 #ColorGameLive #JuankadaStar #StarBabies","If you see this, it’s your sign to join the fun! ✨

Abangan niyo ko sa Color Game!
Download the Juan365 App sa Play Store and App Store — then watch me live! 📲

#Juan365Studios #ALLINJUANLIVE #Juan365 #ColorGameLive #JuankadaStar #StarBabies",12,1/5/2026 17:00,mixed,https://www.facebook.com/reel/1373359894569140/,1,0,Videos,,,,,Lifetime,981,352,50,44,2,4,14,14,,,4277.653,5.665,0,0,0,,
1.22105E+17,6.15856E+13,JuanKada Star,"Stop scrolling at mag-join na, Star Babies! ✨

Color Game LIVE na! Catch me from 6AM–2PM at sabay-sabay tayong mag-ALL IN sa SAYA! 🔥

Wala pa ang app? Download na ang Juan365 now sa App Store & Play Store!","Stop scrolling at mag-join na, Star Babies! ✨

Color Game LIVE na! Catch me from 6AM–2PM at sabay-sabay tayong mag-ALL IN sa SAYA! 🔥

Wala pa ang app? Download na ang Juan365 now sa App Store & Play Store!",10,1/4/2026 16:48,N/A,https://www.facebook.com/reel/1424385785877905/,0,0,Videos,,,,,Lifetime,363,226,11,11,0,0,2,2,,,1407.15,4.972,0,0,0,,
1.22105E+17,6.15856E+13,JuanKada Star,Live now at 6am-2pm. See you Star Babies 🫶🫰❤️,,0,1/4/2026 15:05,N/A,https://www.facebook.com/JuanKadaStarOfficialPage/posts/pfbid04nEv1ERymL9GFvfg29bKsNbAScrujezDsh2pC2PZ2pxptcw6ijCHZFvhZuZfdNKKl,0,1,Photos,,,,,Lifetime,305,143,11,10,1,0,13,4,9,,,,,,,,
1.22105E+17,6.15856E+13,JuanKada Star,,,0,1/4/2026 14:19,N/A,https://www.facebook.com/JuanKadaStarOfficialPage/posts/pfbid0TnThATfhVpgePo3EN7tXKGC6do9txrT5P5mNT7q1sm2Pf8cYLxV7tCfgmq8vyH8Zl,0,1,Photos,,,,,Lifetime,188,106,6,6,0,0,0,,,,,,,,,,
1.22105E+17,6.15856E+13,JuanKada Star,"Star Babies! Sana nag-enjoy kayo sa Color Game Live kanina kasama sina JuankadaPapa Joe at Juankada Jedi! ✨

Masaya ba kayo habang naglaro? 🥰

#Juan365Studios #ALLINJUANLIVE #Juan365 #ColorGameLive #JuankadaStar #StarBabies",,0,1/4/2026 2:00,N/A,https://www.facebook.com/JuanKadaStarOfficialPage/posts/pfbid09LXfpvXgFwC5TezbX2aS9mmYJdHAz1QWtyKvMZ3oGjXwjVxu2MJvfm9UpVyCAuFgl,0,0,Photos,,,,,Lifetime,449,187,14,12,1,1,21,8,13,,,,,,,,
1.22105E+17,6.15856E+13,JuanKada Star,🔥,"Sino ba naman nga ang ’di mahuhumaling sa ganda ko at gaan sa loob, diba Star babies? 💫⭐️

Heart react niyo nga 'to if you agree 🥰

#Juan365Studios #ALLINJUANLIVE #Juan365 #ColorGameLive #JuankadaStar #StarBabies #fypシ #reelschallenge #highlights #followersreels #foryoupageシ",21,1/4/2026 1:04,N/A,https://www.facebook.com/reel/2058033188264950/,0,0,Videos,,,,,Lifetime,10454,890,1608,1577,22,9,59,59,,,42666.196,9.122,0,0,0,,
1.22105E+17,6.15856E+13,JuanKada Star,"Star Babies! 🌟 Checking in—kamusta kayo diyan?

Sending you light, love, and shining moments today 💖

#Juan365Studios #ALLINJUANLIVE #Juan365 #ColorGameLive #JuankadaStar #StarBabies","Star Babies! 🌟 Checking in—kamusta kayo diyan?

Sending you light, love, and shining moments today 💖

#Juan365Studios #ALLINJUANLIVE #Juan365 #ColorGameLive #JuankadaStar #StarBabies",7,1/4/2026 0:23,N/A,https://www.facebook.com/reel/821548457603598/,0,0,Videos,,,,,Lifetime,530,273,25,18,6,1,14,14,,,1749.236,4.899,0,0,0,,
1.22105E+17,6.15856E+13,JuanKada Star,Iba ang saya at kulitan kapag kasama c Juankada Shann 😊🫶🫰❤️,,0,1/3/2026 23:12,N/A,https://www.facebook.com/JuanKadaStarOfficialPage/posts/pfbid0MwoMekbUnEwhhrX2o3kGyxHJBiZDhS6NfVisVXZARQmDR51dmivrsr155Y13naWbl,0,1,Photos,,,,,Lifetime,230,124,8,8,0,0,8,1,7,,,,,,,,
1.22105E+17,6.15856E+13,JuanKada Star,🫰🫶❤️,,0,1/3/2026 19:09,N/A,https://www.facebook.com/JuanKadaStarOfficialPage/posts/pfbid0mgPoLcfkincdF13sJ3JScQ97WtcqHKPhVZRa5NeeALE7xJAzjvZtVvqAbBWaEtpTl,0,1,Photos,,,,,Lifetime,181,106,6,6,0,0,3,1,2,,,,,,,,
1.22105E+17,6.15856E+13,JuanKada Star,🫶🫰❤️,,0,1/3/2026 19:09,N/A,https://www.facebook.com/JuanKadaStarOfficialPage/posts/pfbid0immnrTidUbNQT3USr6tbKFgkzfDVrYbhTkZn77HE3esxKiNpvFkpJkREDQW9NdChl,0,1,Photos,,,,,Lifetime,179,107,7,6,0,1,4,3,1,,,,,,,,
1.22105E+17,6.15856E+13,JuanKada Star,"Set your alarms na para hindi mahuli sa fun! 🌟

What’s up, Star Babies?! 🎉 Color Game LIVE is on! 

Catch me 6AM–2PM for colors, fun, and prizes!

#Juan365Studios #ALLINJUANLIVE #Juan365 #ColorGameLive #JuankadaStar #StarBabies",,0,1/3/2026 14:35,N/A,https://www.facebook.com/JuanKadaStarOfficialPage/posts/pfbid0ZJmrvtJgQQUtUxXFsK2tkaXBL4ndesfSvLb6hvNhNL2keQxhpJzEcbNnnt96W3R7l,0,0,Photos,,,,,Lifetime,1189,535,33,29,0,4,46,16,30,,,,,,,,
1.22105E+17,6.15856E+13,JuanKada Star,"Pink mood, pretty vibe, confident heart 🌸

Sabay-sabay tayong mag-glow, Star Babies! ⭐️

#Juan365Studios #ALLINJUANLIVE #Juan365 #ColorGameLive #JuankadaStar #StarBabies",,0,1/2/2026 23:36,N/A,https://www.facebook.com/JuanKadaStarOfficialPage/posts/pfbid0NUbbbuRvahtPKqvBmbMGLiF4f5hcjhRUHLvWv6cN8TibCeSAo2WLNDExceC8zPiwl,0,0,Photos,,,,,Lifetime,456,178,37,27,7,3,40,15,25,,,,,,,,
1.22105E+17,6.15856E+13,JuanKada Star,⭐️,"Serving looks, serving energy, and maybe stealing your attention too! 🥰

Strong, fearless, unstoppable — that’s how we do it, Star Babies! Own your power every single day ⭐️🩷

#Juan365Studios #ALLINJUANLIVE #Juan365 #ColorGameLive #JuankadaStar #StarBabies",14,1/2/2026 20:07,N/A,https://www.facebook.com/reel/1574867356880699/,0,0,Videos,,,,,Lifetime,536,239,28,24,1,3,7,7,,,1726.028,3.768,0,0,0,,
1.22105E+17,6.15856E+13,JuanKada Star,JuanKada Star updated their cover photo.,,0,1/2/2026 18:38,N/A,https://www.facebook.com/photo.php?fbid=122104867689185509&set=a.122101646277185509&type=3,0,0,Photos,,,,,Lifetime,693,326,25,23,1,1,1,1,,,,,,,,,
1.22105E+17,6.15856E+13,JuanKada Star,"Star Babies! Abangan niyo ako sa Color Game from 6AM–2PM! ⭐️✨ 

Marami pang shining moments ang mangyayari kaya stay tuned! 😎

#Juan365Studios #ALLINJUANLIVE #Juan365 #ColorGameLive #JuankadaStar #StarBabies",,0,1/2/2026 14:17,N/A,https://www.facebook.com/JuanKadaStarOfficialPage/posts/pfbid02hh5ueubqAJ6WcxwQG6S1tq2MbdMCbRHxsEFUYBmks8Usp43JKdGB85hpP7TByrcjl,0,0,Photos,,,,,Lifetime,619,310,18,16,0,2,20,8,12,,,,,,,,
1.22105E+17,6.15856E+13,JuanKada Star,"Salamat sa lahat ng sumama sa amin nina Juankada Alexchoozy, at Juankada Papa Joe sa live kanina! 😎

Nag-enjoy ba kayo, Star Babies? 🌟 Abangan niyo lang kami palagi sa Color Game para sa mas maraming fun, tawa, at syempre surpresa pa rin sa inyo!

#Juan365Studios #ALLINJUANLIVE #Juan365 #ColorGameLive #JuankadaStar #StarBabies",,0,1/2/2026 2:11,N/A,https://www.facebook.com/JuanKadaStarOfficialPage/posts/pfbid02z3aKK5UU44QzUWjFCQXCfMASLgH8ezk6wzPerxj1gonAjXnYY1fHPpA4u4ekARVil,0,0,Photos,,,,,Lifetime,405,190,22,19,2,1,31,20,11,,,,,,,,
1.22105E+17,6.15856E+13,JuanKada Star,"Star Babies, nasaan na kayo? 👀🔥

Tara na! Live na live ako now sa Color Game!

See you there! 😍

#Juan365Studios #ALLINJUANLIVE #Juan365 #ColorGameLive #JuankadaStar #StarBabies",,0,1/1/2026 16:52,N/A,https://www.facebook.com/JuanKadaStarOfficialPage/posts/pfbid0wVhuu86tJzKtKtKL6hvK7vtbJ6RzanHZ2gLuJyhXJ8HCjF89L47hofVVRMPorQbhl,0,0,Photos,,,,,Lifetime,1302,540,38,35,0,3,104,51,53,,,,,,,,
1.22104E+17,6.15856E+13,JuanKada Star,"Kamusta, Star Babies? ⭐️

Sana masaya at puno ng good energy ang simula ng 2026 niyo! Sama-sama tayong mag shine this year 🥰

#Juan365Studios #ALLINJUANLIVE #Juan365 #ColorGameLive #JuankadaIkay",,0,12/31/2025 21:14,N/A,https://www.facebook.com/JuanKadaStarOfficialPage/posts/pfbid03K4FR9jmdvC6tyn12RWJjQEF3aXdFdnCgUPTVKo2nMid1BVdqV2HWPpXuppQFdyrl,0,0,Photos,,,,,Lifetime,311,139,10,9,0,1,5,2,3,,,,,,,,
1.22104E+17,6.15856E+13,JuanKada Star,"Good morning! 🌞 It’s your Juankada star ✨ Join me with Juankada Shann  and Sabbie—watch now on the Juan365 app and website!

#Juan365 #Juan365Studios #ALLINJUANLIVE #Juan365ColorGame",,0,12/31/2025 16:50,N/A,https://www.facebook.com/JuanKadaStarOfficialPage/posts/pfbid0gx4JJH8npETCwHuLqKUVuuPd8iD6PrUJVRWHrTj1a3eMb5ayMkZXvR9hMSYzLtbsl,0,0,Photos,,,,,Lifetime,1050,433,37,33,2,2,53,23,30,,,,,,,,
1.2211E+17,6.15843E+13,Juankada Alexchoozy,𝑱𝒖𝒂𝒏𝒌𝒂𝒅𝒂 𝑯𝒐𝒔𝒕𝒔 𝑵𝒆𝒘 𝒀𝒆𝒂𝒓’𝒔 𝑹𝒆𝒔𝒐𝒍𝒖𝒕𝒊𝒐𝒏𝒔 (𝑷𝒂𝒓𝒕 𝑰𝑰)✨,"EP4: 𝑱𝒖𝒂𝒏𝒌𝒂𝒅𝒂 𝑯𝒐𝒔𝒕𝒔 𝑵𝒆𝒘 𝒀𝒆𝒂𝒓’𝒔 𝑹𝒆𝒔𝒐𝒍𝒖𝒕𝒊𝒐𝒏𝒔 (𝑷𝒂𝒓𝒕 𝑰𝑰)✨

Mga Ka-Chooziness, ano ang New Year’s resolution mo this 2026? 📝
Comment below 💬 and let’s inspire each other!

#NewYearNewGoals #EP4 #JuankadaVibes #Juan365Studios #Juan365 #JuankadaHosts #KaChooziness",168,12/31/2025 2:00,N/A,https://www.facebook.com/reel/25657644713929795/,0,0,Videos,,,,,Lifetime,196,106,18,15,3,0,6,6,,,1935.936,12.571,0,0,0,,
1.22115E+17,6.15843E+13,Juankada Alexchoozy,Catch us today from 6am to 2pm! Don’t miss this chance 🥰,,0,2/2/2026 16:30,N/A,https://www.facebook.com/JuankadaAlexchoozyOfficialPage/posts/pfbid0CtHFbWoyU6LMUvaXpyWxeEK8iouaTPAJsY2rzCFpzd4FJ3RMY6HpVDQvcJuVzWL6l,0,1,Text,,,,,Lifetime,73,43,10,9,1,0,4,4,,,,,,,,,
1.22115E+17,6.15843E+13,Juankada Alexchoozy,Raining of Money? PLEASEE 🤣,"Raining in Manila? No! Raining of Money? YES! Colorgame Live na 𝗖𝗵𝗼𝗼𝘇𝗲𝗿𝘀! See you today from 6am to 2pm 🧡💙

#KamustaKayo #JuankadaAlexchoozy #Choozers #Followme #CommentYourThoughts #PositiveEnergy",22,2/2/2026 16:00,N/A,https://www.facebook.com/reel/1225986478914365/,0,0,Videos,,,,,Lifetime,113,76,13,10,2,1,6,6,,,477.43,5.967,0,0,0,,
1.22115E+17,6.15843E+13,Juankada Alexchoozy,"Choozers, Simulan natin ang FEBibig kasama ang Team Morning Shift! ❤️ Kasama sina Juankada Jedi and Juankada Ligaya. Catch us today from 6am to 2pm.

#JuankadaAlexchoozy #Choozers #Followme #CommentYourThoughts #PositiveEnergy",,0,2/2/2026 15:11,N/A,https://www.facebook.com/JuankadaAlexchoozyOfficialPage/posts/pfbid0WVHasVU4df9B1Bg9QeSskMEQVCoQxc7Xwjt77NM8LwCUEARLPVPYSFpUfkYbZ7DRl,0,0,Photos,,,,,Lifetime,508,251,22,15,4,3,25,15,10,,,,,,,,
1.22115E+17,6.15843E+13,Juankada Alexchoozy,𝗝𝗼𝘆 𝗽𝗲𝗿𝗼 𝗺𝗮𝗹𝘂𝗻𝗴𝗸𝗼𝘁 𝗸𝗮 🤣,"𝗝𝗼𝘆 𝗽𝗲𝗿𝗼 𝗺𝗮𝗹𝘂𝗻𝗴𝗸𝗼𝘁 𝗸𝗮 🤣

#JuankadaAlexchoozy #Choozers #Followme #CommentYourThoughts #PositiveEnergy #FeelsLang",8,2/2/2026 6:00,N/A,https://www.facebook.com/reel/1353862669819588/,0,0,Videos,,,,,Lifetime,122,82,13,13,0,0,0,,,,344.207,3.585,0,0,0,,
1.22115E+17,6.15843E+13,Juankada Alexchoozy,"Ganda ng 𝗯𝘂𝘄𝗮𝗻 ngayong gabi tapos 𝗯𝘂𝗸𝗮𝘀 ng 𝘂𝗺𝗮𝗴𝗮, magkikita na tayo choozers!

See you tom, 6am to 2pm! 🧡💙

#JuankadaAlexchoozy #Choozers #Followme #CommentYourThoughts #PositiveEnergy",,0,2/2/2026 4:12,N/A,https://www.facebook.com/JuankadaAlexchoozyOfficialPage/posts/pfbid0vfsYEMXbgm55S1hDLZpsBTTmF3qbKNo8MraeAafaetri3cP3UcCap1mNRvUXV1aEl,0,0,Photos,,,,,Lifetime,333,164,16,14,1,1,5,3,2,,,,,,,,
1.22115E+17,6.15843E+13,Juankada Alexchoozy,Parang gusto ko na ng 𝗯𝗮𝗯𝘆? 𝗣𝗮𝗮𝗻𝗼? 🤣,"Parang gusto ko na ng 𝗯𝗮𝗯𝘆? 𝗣𝗮𝗮𝗻𝗼? 🤣

#JuankadaAlexchoozy #Choozers #Followme #CommentYourThoughts #PositiveEnergy",8,2/1/2026 6:00,N/A,https://www.facebook.com/reel/2140742686688818/,0,0,Videos,,,,,Lifetime,172,123,14,13,1,0,1,1,,,590.304,4.722,0,0,0,,
1.22115E+17,6.15843E+13,Juankada Alexchoozy,Serving vibes mula sa 𝗝𝘂𝗮𝗻𝟯𝟲𝟱 ✨,"Serving vibes mula sa 𝗝𝘂𝗮𝗻𝟯𝟲𝟱 ✨

#JuankadaAlexchoozy #Choozers #Followme #CommentYourThoughts #PositiveEnergy",11,2/1/2026 3:00,N/A,https://www.facebook.com/reel/902160548852504/,0,0,Videos,,,,,Lifetime,211,159,20,17,1,2,6,6,,,797.828,4.748,0,0,0,,
1.22115E+17,6.15843E+13,Juankada Alexchoozy,"𝗝𝗮𝗻𝘂𝗮𝗿𝘆 𝗥𝗲𝗰𝗮𝗽 ✨

Thanks for this January Choozers! Let’s see each other this FEBibig-February! 🥰

#JuankadaAlexchoozy #Choozers #Followme #CommentYourThoughts #PositiveEnergy","𝗝𝗮𝗻𝘂𝗮𝗿𝘆 𝗥𝗲𝗰𝗮𝗽 ✨

Thanks for this January Choozers! Let’s see each other this FEBibig-February! 🥰

#JuankadaAlexchoozy #Choozers #Followme #CommentYourThoughts #PositiveEnergy",31,2/1/2026 0:38,N/A,https://www.facebook.com/reel/1226692248889079/,0,0,Videos,,,,,Lifetime,152,135,14,12,1,1,2,2,,,467.982,3.319,0,0,0,,
1.22115E+17,6.15843E+13,Juankada Alexchoozy,Ang galing 😭😂,"Ang galing 😭😂

#JuankadaAlexchoozy #Choozers #Followme #CommentYourThoughts #PositiveEnergy",19,1/31/2026 23:03,N/A,https://www.facebook.com/reel/1579772926395900/,0,0,Videos,,,,,Lifetime,200,145,15,14,1,0,9,9,,,925.322,5.608,0,0,0,,
1.22115E+17,6.15843E+13,Juankada Alexchoozy,Juankada Alexchoozy updated his cover photo.,,0,1/31/2026 16:51,N/A,https://www.facebook.com/photo.php?fbid=122115011685144249&set=a.122095215045144249&type=3,0,0,Photos,,,,,Lifetime,0,0,14,12,1,1,0,,,,,,,,,,
1.22115E+17,6.15843E+13,Juankada Alexchoozy,"𝐓𝐡𝐞 𝐊𝐈𝐍𝐆 𝐎𝐅 𝐓𝐀𝐋𝐊 𝐨𝐟 𝐭𝐡𝐞 𝐒𝐎𝐔𝐓𝐇.
Ang inyong 𝐇𝐎𝐒𝐓 na 𝐖𝐈𝐓𝐓𝐘 na magbibigay sa inyo ng 𝐒𝐖𝐄𝐑𝐓𝐘🥰",,0,1/31/2026 16:51,N/A,https://www.facebook.com/photo.php?fbid=122115011607144249&set=a.122095214151144249&type=3,0,0,Photos,,,,,Lifetime,225,106,25,21,2,2,11,8,3,,,,,,,,
1.22115E+17,6.15843E+13,Juankada Alexchoozy,"Miss kaba? 🤭

#JuankadaAlexchoozy #Choozers #Followme #CommentYourThoughts #PositiveEnergy","Miss kaba? 🤭

#JuankadaAlexchoozy #Choozers #Followme #CommentYourThoughts #PositiveEnergy",16,1/31/2026 5:47,N/A,https://www.facebook.com/reel/797599220021115/,0,0,Videos,,,,,Lifetime,437,324,20,17,3,0,6,6,,,2748.158,8.252,0,0,0,,
1.22115E+17,6.15843E+13,Juankada Alexchoozy,Colorgame Live only here at Juan365 Juan365 Studios 💙🧡 #Juan365 #Juan365Studios #ColorgameLive,,0,1/30/2026 22:19,N/A,https://www.facebook.com/JuankadaAlexchoozyOfficialPage/posts/pfbid08sZ8Gs7Lx9jhVhjh1hQVVnhMzHthVu6bozwyRpDDP9BFVjHrujVwijCNcVZA16tsl,0,1,Photos,,,,,Lifetime,312,155,10,10,0,0,7,5,2,,,,,,,,
1.22115E+17,6.15843E+13,Juankada Alexchoozy,"I love you, you love me 🎶. Di kami si Barney but we are the Team Mid Shift!

Catch us today from 2pm to 10pm 💜

#JuankadaAlexchoozy #Choozers #Followme #CommentYourThoughts #PositiveEnergy",,0,1/30/2026 22:04,N/A,https://www.facebook.com/JuankadaAlexchoozyOfficialPage/posts/pfbid02UTZGjnxrRPYDpkZceEozpuKtz68vn4VzeaGpizwuxnax41DBW2gdYw8YRHaoyF8Ll,0,0,Photos,,,,,Lifetime,968,392,36,27,4,5,46,17,29,,,,,,,,
1.22115E+17,6.15843E+13,Juankada Alexchoozy,"𝗔𝗿𝗮𝘆 𝗸𝗼𝗼𝗼, 𝗣𝗔𝗞𝗔𝗞! 😂","𝗔𝗿𝗮𝘆 𝗸𝗼𝗼𝗼, 𝗣𝗔𝗞𝗔𝗞! 😂

#JuankadaAlexchoozy #Choozers #Followme #CommentYourThoughts #TawangTawa #PakakMoment",15,1/30/2026 16:00,N/A,https://www.facebook.com/reel/837341496007603/,0,0,Videos,,,,,Lifetime,244,179,18,15,3,0,12,12,,,1583.016,8.244,0,0,0,,
1.22115E+17,6.15843E+13,Juankada Alexchoozy,𝗣𝗮𝗻𝗼 𝗻𝗴𝗮𝗻𝗶??? 🤣,"𝗣𝗮𝗻𝗼 𝗻𝗴𝗮𝗻𝗶??? 🤣

#JuankadaAlexchoozy #Choozers #Followme #CommentYourThoughts #JuankadaZia",18,1/30/2026 5:00,N/A,https://www.facebook.com/reel/1103908081794382/,0,0,Videos,,,,,Lifetime,279,212,15,13,2,0,6,6,,,1769.955,8.348,0,0,0,,
1.22115E+17,6.15843E+13,Juankada Alexchoozy,"Kung hanap mo ang ALL IN sa 𝗦𝗔𝗬𝗔, dito lang yan sa 𝗝𝘂𝗮𝗻𝟯𝟲𝟱! 😎

#JuankadaAlexchoozy #Choozers #Followme #CommentYourThoughts #ColorGameLive","Kung hanap mo ang ALL IN sa 𝗦𝗔𝗬𝗔, dito lang yan sa 𝗝𝘂𝗮𝗻𝟯𝟲𝟱! 😎

#JuankadaAlexchoozy #Choozers #Followme #CommentYourThoughts #ColorGameLive",29,1/30/2026 2:18,N/A,https://www.facebook.com/reel/1963628991198902/,0,0,Videos,,,,,Lifetime,162,138,13,11,2,0,4,4,,,876.367,6.396,0,0,0,,
1.22115E+17,6.15843E+13,Juankada Alexchoozy,"Choozers, Catch us today Team Mid Shift from 2pm to 10pm.

#JuankadaAlexchoozy #Choozers #Followme #CommentYourThoughts #PositiveEnergy",,0,1/29/2026 22:30,N/A,https://www.facebook.com/JuankadaAlexchoozyOfficialPage/posts/pfbid0xYD3yQE2dRCX1WDPZsgAfTdLigsroViChKRW3BE2Y61tAjxQzJUpuvdakVcsR9UFl,0,0,Photos,,,,,Lifetime,401,188,12,10,0,2,14,1,13,,,,,,,,
1.22115E+17,6.15843E+13,Juankada Alexchoozy,"𝗖𝗵𝗼𝗼𝘇𝗲𝗿𝘀, live na live ang saya sa 𝗝𝘂𝗮𝗻𝟯𝟲𝟱 𝗖𝗼𝗹𝗼𝗿 𝗚𝗮𝗺𝗲!🎨💙

Huwag palampasin, join na at makisaya! 😎✨

#JuankadaAlexchoozy #Choozers #Followme #CommentYourThoughts #JuankadaZia #JuankadaStar",,0,1/29/2026 2:12,N/A,https://www.facebook.com/JuankadaAlexchoozyOfficialPage/posts/pfbid04uLfKe8Rx58ibrL4qjoSJWWi9jTwm2cKdRv8cGXDpUJQh3RYW3PBHjXdd2DoAAuPl,0,0,Photos,,,,,Lifetime,455,208,12,12,0,0,13,5,8,,,,,,,,
1.22115E+17,6.15843E+13,Juankada Alexchoozy,𝗕𝗲𝗮𝘂𝘁𝘆 𝗰𝗵𝗲𝗰𝗸! 🫅,"𝗕𝗲𝗮𝘂𝘁𝘆 𝗰𝗵𝗲𝗰𝗸!

Magpaganda na mala-beauty queen! 👸 

#JuankadaAlexchoozy #Choozers #Followme #CommentYourThoughts #PositiveEnergy #GlowCheck",41,1/28/2026 23:07,N/A,https://www.facebook.com/reel/1218134480418721/,0,0,Videos,,,,,Lifetime,265,136,26,23,1,2,18,18,,,1649.124,8.544,0,0,0,,
1.22114E+17,6.15843E+13,Juankada Alexchoozy,I’m almost over you…,"I’m almost over you…

Kantahan muna tayo Choozers! 🎶

#JuankadaAlexchoozy #Choozers #Followme #CommentYourThoughts #PositiveEnergy",217,1/28/2026 3:00,N/A,https://www.facebook.com/reel/1225192972362289/,0,0,Videos,,,,,Lifetime,167,109,12,12,0,0,7,7,,,2368.42,16.562,0,0,0,,
1.22114E+17,6.15843E+13,Juankada Alexchoozy,"𝗕𝗮𝗴𝘂𝗶𝗼 𝘁𝗿𝗶𝗽! Fresh air, fun vibes, zero stress 😎

#JuankadaAlexchoozy #Choozers #Followme #CommentYourThoughts #PositiveEnergy #ExploringBaguio",,0,1/27/2026 22:18,N/A,https://www.facebook.com/JuankadaAlexchoozyOfficialPage/posts/pfbid02XaqzkzBdg7mRfn6MpTKxxw137SFtGqBL7XbbfLLv54MuNK6EoFL1frw1bQCExDvVl,0,0,Photos,,,,,Lifetime,601,315,20,19,1,0,21,11,10,,,,,,,,
1.22114E+17,6.15843E+13,Juankada Alexchoozy,"Serye: 𝗡𝘂𝗸 𝗻𝘂𝗸𝗮𝗻!

#JuankadaAlexchoozy #Choozers #Followme #CommentYourThoughts #PositiveEnergy #AllOutLang","Serye: 𝗡𝘂𝗸 𝗻𝘂𝗸𝗮𝗻!

#JuankadaAlexchoozy #Choozers #Followme #CommentYourThoughts #PositiveEnergy #AllOutLang",10,1/27/2026 3:01,mixed,https://www.facebook.com/reel/909549581431754/,1,0,Videos,,,,,Lifetime,167,98,14,11,2,1,5,5,,,1042.021,7.954,0,0,0,,
1.22114E+17,6.15843E+13,Juankada Alexchoozy,"𝗖𝗿𝗮𝘃𝗶𝗻𝗴𝘀 𝘀𝗮𝘁𝗶𝘀𝗳𝗶𝗲𝗱! 🥰

#JuankadaAlexchoozy #Choozers #Followme #CommentYourThoughts #FoodTrip","𝗖𝗿𝗮𝘃𝗶𝗻𝗴𝘀 𝘀𝗮𝘁𝗶𝘀𝗳𝗶𝗲𝗱! 🥰

#JuankadaAlexchoozy #Choozers #Followme #CommentYourThoughts #FoodTrip",69,1/26/2026 22:00,N/A,https://www.facebook.com/reel/1160513992626348/,1,0,Videos,,,,,Lifetime,167,112,18,15,3,0,6,6,,,1252.492,8.946,0,0,0,,
1.22114E+17,6.15843E+13,Juankada Alexchoozy,"𝗧𝗼𝗱𝗼 ko muna bago 𝗯𝗮𝘄𝗮𝘀𝗮𝗻! 🤣

#JuankadaAlexchoozy #Choozers #Followme #CommentYourThoughts #PositiveEnergy #AllOutLang","𝗧𝗼𝗱𝗼 ko muna bago 𝗯𝗮𝘄𝗮𝘀𝗮𝗻! 🤣

#JuankadaAlexchoozy #Choozers #Followme #CommentYourThoughts #PositiveEnergy #AllOutLang",10,1/25/2026 20:00,mixed,https://www.facebook.com/reel/911292391343631/,1,0,Videos,,,,,Lifetime,219,134,17,14,3,0,5,5,,,806.439,5.169,0,0,0,,
1.22114E+17,6.15843E+13,Juankada Alexchoozy,"𝗧𝗼𝗱𝗼 ko muna bago 𝗯𝗮𝘄𝗮𝘀𝗮𝗻! 🤣

#JuankadaAlexchoozy #Choozers #Followme #CommentYourThoughts #PositiveEnergy #AllOutLang","𝗧𝗼𝗱𝗼 ko muna bago 𝗯𝗮𝘄𝗮𝘀𝗮𝗻! 🤣

#JuankadaAlexchoozy #Choozers #Followme #CommentYourThoughts #PositiveEnergy #AllOutLang",60,1/25/2026 17:01,mixed,https://www.facebook.com/reel/1402182351388568/,1,0,Videos,,,,,Lifetime,198,135,13,12,1,0,9,9,,,1337.219,8.104,0,0,0,,
1.22114E+17,6.15843E+13,Juankada Alexchoozy,"Totoo lahat to 𝗖𝗵𝗼𝗼𝘇𝗲𝗿𝘀. 🥹🫶

#JuankadaAlexchoozy #Choozers #Followme #CommentYourThoughts #PositiveEnergy #RealFeels #Grateful #MusicusedbelongstoitsrightfulownerNocopyrightinfringementintended.","Totoo lahat to 𝗖𝗵𝗼𝗼𝘇𝗲𝗿𝘀. 🥹🫶

#JuankadaAlexchoozy #Choozers #Followme #CommentYourThoughts #PositiveEnergy #RealFeels #Grateful #MusicusedbelongstoitsrightfulownerNocopyrightinfringementintended.",23,1/25/2026 0:01,mixed,https://www.facebook.com/reel/1395259784874068/,1,0,Videos,,,,,Lifetime,223,174,10,10,0,0,4,4,,,917.357,4.704,0,0,0,,
1.22114E+17,6.15843E+13,Juankada Alexchoozy,"When the 𝗺𝘂𝘀𝗶𝗰 is so 𝗴𝗼𝗼𝗱, pati 𝗺𝗼𝗼𝗱 mo sumasabay 💃

#JuankadaAlexchoozy #Choozers #Followme #CommentYourThoughts #PositiveEnergy #MusicMood #JuankadaStar","When the 𝗺𝘂𝘀𝗶𝗰 is so 𝗴𝗼𝗼𝗱, pati 𝗺𝗼𝗼𝗱 mo sumasabay 💃

#JuankadaAlexchoozy #Choozers #Followme #CommentYourThoughts #PositiveEnergy #MusicMood #JuankadaStar",15,1/24/2026 20:01,N/A,https://www.facebook.com/reel/1258044419523948/,1,0,Videos,,,,,Lifetime,400,231,32,23,7,2,16,16,,,2728.015,9.003,0,0,0,,
1.22114E+17,6.15843E+13,Juankada Alexchoozy,"𝗡𝗮𝗴-𝘁𝗮𝘁𝗮𝗻𝗼𝗻𝗴 𝗹𝗮𝗻𝗴 𝗻𝗮𝗺𝗮𝗻 😅

#JuankadaAlexchoozy #Choozers #Followme #CommentYourThoughts #PositiveEnergy #NagtatanongLang","𝗡𝗮𝗴-𝘁𝗮𝘁𝗮𝗻𝗼𝗻𝗴 𝗹𝗮𝗻𝗴 𝗻𝗮𝗺𝗮𝗻 😅

#JuankadaAlexchoozy #Choozers #Followme #CommentYourThoughts #PositiveEnergy #NagtatanongLang",21,1/24/2026 16:01,mixed,https://www.facebook.com/reel/1976099979956089/,1,0,Videos,,,,,Lifetime,264,160,20,17,3,0,20,20,,,2077.529,10.708,0,0,0,,
1.22114E+17,6.15843E+13,Juankada Alexchoozy,"It’s SHOTurday Night choozers! Isama nyo kami sa mga table nyo at sa bonding nyo. Catch us tonight from 10pm to 5am.

#JuankadaAlexchoozy #Choozers #Followme #CommentYourThoughts #PositiveEnergy",,0,1/24/2026 7:00,N/A,https://www.facebook.com/JuankadaAlexchoozyOfficialPage/posts/pfbid02rvS6APK42dqSBy8D74RU8GLG9niht8SxSCkUJNV9BL6nRxEWuGv1ELD1FcfED4G5l,0,0,Photos,,,,,Lifetime,1164,438,29,24,2,3,79,25,54,,,,,,,,
1.22114E+17,6.15843E+13,Juankada Alexchoozy,"𝗪𝗮𝗴 𝗺𝗼𝗻𝗴 𝗶𝗯𝗮𝗯𝗮 🤣

#JuankadaAlexchoozy #Choozers #Followme #CommentYourThoughts #PositiveEnergy #RelateMuch","𝗪𝗮𝗴 𝗺𝗼𝗻𝗴 𝗶𝗯𝗮𝗯𝗮 🤣

#JuankadaAlexchoozy #Choozers #Followme #CommentYourThoughts #PositiveEnergy #RelateMuch",15,1/24/2026 3:00,N/A,https://www.facebook.com/reel/1370346681786428/,0,0,Videos,,,,,Lifetime,106,130,17,14,3,0,9,9,,,1131.971,6.288,0,0,0,,
1.22114E+17,6.15843E+13,Juankada Alexchoozy,"Ang inyong 𝐇𝐎𝐒𝐓 na 𝐖𝐈𝐓𝐓𝐘 🥰

na magbibigay sa inyo ng 𝐒𝐖𝐄𝐑𝐓𝐘 ✨

#JuankadaAlexchoozy #Choozers #Followme #CommentYourThoughts #PositiveEnergy #RelateMuch #MusicusedbelongstoitsrightfulownerNocopyrightinfringementintended.","Ang inyong 𝐇𝐎𝐒𝐓 na 𝐖𝐈𝐓𝐓𝐘 🥰

na magbibigay sa inyo ng 𝐒𝐖𝐄𝐑𝐓𝐘 ✨

#JuankadaAlexchoozy #Choozers #Followme #CommentYourThoughts #PositiveEnergy #RelateMuch #MusicusedbelongstoitsrightfulownerNocopyrightinfringementintended.",25,1/23/2026 23:00,mixed,https://www.facebook.com/reel/693156687096696/,1,0,Videos,,,,,Lifetime,198,121,13,10,3,0,5,5,,,945.08,6.217,0,0,0,,
1.22114E+17,6.15843E+13,Juankada Alexchoozy,"𝗧𝗲𝗮𝗺 𝗡𝗶𝗴𝗵𝘁 𝗦𝗵𝗶𝗳𝘁! 🌙

Gising ang saya 😎

#JuankadaAlexchoozy #Choozers #Followme #CommentYourThoughts #JuanakdaEvo #JuankadaStar #JuankadaZia #MusicusedbelongstoitsrightfulownerNocopyrightinfringementintended","𝗧𝗲𝗮𝗺 𝗡𝗶𝗴𝗵𝘁 𝗦𝗵𝗶𝗳𝘁! 🌙

Gising ang saya 😎

#JuankadaAlexchoozy #Choozers #Followme #CommentYourThoughts #JuanakdaEvo #JuankadaStar #JuankadaZia #MusicusedbelongstoitsrightfulownerNocopyrightinfringementintended",21,1/23/2026 20:00,N/A,https://www.facebook.com/reel/918687523843268/,1,0,Videos,,,,,Lifetime,333,222,16,13,3,0,11,11,,,2271.066,8.836,0,0,0,,
1.22114E+17,6.15843E+13,Juankada Alexchoozy,"Friyey Night!!! Namiss ko kayo choozers! Tara naaa! Samahan nyo ko from 10pm to 5am tonight! 🩷

#JuankadaAlexchoozy #Choozers #Followme #CommentYourThoughts #PositiveEnergy",,0,1/23/2026 7:33,N/A,https://www.facebook.com/JuankadaAlexchoozyOfficialPage/posts/pfbid02H9kTZY97iqCCcFwC61AnygpHUf6nfVnFTvLMsEhu7ip7rXiPSvBgCYGtsmuYLhuDl,0,0,Photos,,,,,Lifetime,518,224,21,17,4,0,21,16,5,,,,,,,,
1.22114E+17,6.15843E+13,Juankada Alexchoozy,"𝐏𝐮𝐥𝐥 𝐨𝐮𝐭! 😎✨

Ready na ba Choozers? 

#JuankadaAlexchoozy #Choozers #Followme #CommentYourThoughts #PositiveEnergy","𝐏𝐮𝐥𝐥 𝐨𝐮𝐭! 😎✨

Ready na ba Choozers? 

#JuankadaAlexchoozy #Choozers #Followme #CommentYourThoughts #PositiveEnergy",16,1/22/2026 22:50,N/A,https://www.facebook.com/reel/1723051505347090/,0,0,Videos,,,,,Lifetime,177,114,12,9,3,0,9,9,,,928.271,6.726,0,0,0,,
1.22114E+17,6.15843E+13,Juankada Alexchoozy,"𝐍𝐞𝐰 𝐉𝐮𝐚𝐧𝟑𝟔𝟓 𝐀𝐦𝐛𝐚𝐬𝐬𝐚𝐝𝐨𝐫? 𝐒𝐈𝐍𝐎? 🥰

#JuankadaAlexchoozy #Choozers #Followme #CommentYourThoughts #PositiveEnergy","𝐍𝐞𝐰 𝐉𝐮𝐚𝐧𝟑𝟔𝟓 𝐀𝐦𝐛𝐚𝐬𝐬𝐚𝐝𝐨𝐫? 𝐒𝐈𝐍𝐎? 🥰

#JuankadaAlexchoozy #Choozers #Followme #CommentYourThoughts #PositiveEnergy",17,1/21/2026 16:00,mixed,https://www.facebook.com/reel/2163825481116284/,1,0,Videos,,,,,Lifetime,202,100,27,20,6,1,15,15,,,1185.678,7.957,0,0,0,,
1.22114E+17,6.15843E+13,Juankada Alexchoozy,"𝐑𝐚𝐦𝐞𝐧 🍜✨

#JuankadaAlexchoozy #Choozers #Followme #CommentYourThoughts #PositiveEnergy #FoodTrip #RamenLovers #ComfortFood","𝐑𝐚𝐦𝐞𝐧 🍜✨

#JuankadaAlexchoozy #Choozers #Followme #CommentYourThoughts #PositiveEnergy #FoodTrip #RamenLovers #ComfortFood",92,1/21/2026 3:00,N/A,https://www.facebook.com/reel/910069678026234/,1,0,Videos,,,,,Lifetime,607,465,71,54,12,5,90,90,,,10774.098,21.987,0,0,0,,
1.22113E+17,6.15843E+13,Juankada Alexchoozy,"𝐌𝐚𝐬𝐚𝐫𝐚𝐩 𝐛𝐚 𝐡𝐨𝐭𝐝𝐨𝐠 𝐦𝐨? 𝐏𝐞𝐧𝐠𝐞 🤣🌭

#JuankadaAlexchoozy #Choozers #Followme #CommentYourThoughts #PositiveEnergy #FoodTrip #HotdogTime","𝐌𝐚𝐬𝐚𝐫𝐚𝐩 𝐛𝐚 𝐡𝐨𝐭𝐝𝐨𝐠 𝐦𝐨? 𝐏𝐞𝐧𝐠𝐞 🤣🌭

#JuankadaAlexchoozy #Choozers #Followme #CommentYourThoughts #PositiveEnergy #FoodTrip #HotdogTime",18,1/20/2026 20:01,mixed,https://www.facebook.com/reel/1621991325626322/,1,0,Videos,,,,,Lifetime,691,516,47,34,11,2,15,15,,,5438.896,10.166,0,0,0,,
1.22113E+17,6.15843E+13,Juankada Alexchoozy,"𝐍𝐚𝐧𝐠𝐡𝐚𝐡𝐚𝐧𝐮 𝐤𝐚 𝐞𝐡𝐡𝐡

#JuankadaAlexchoozy #Choozers #Followme #CommentYourThoughts #PositiveEnergy #FunMoments #RelateMuch","𝐍𝐚𝐧𝐠𝐡𝐚𝐡𝐚𝐧𝐮 𝐤𝐚 𝐞𝐡𝐡𝐡

#JuankadaAlexchoozy #Choozers #Followme #CommentYourThoughts #PositiveEnergy #FunMoments #RelateMuch",21,1/20/2026 16:00,mixed,https://www.facebook.com/reel/1573069753628555/,1,0,Videos,,,,,Lifetime,249,153,30,21,7,2,24,24,,,1865.216,10.907,0,0,0,,
1.22113E+17,6.15843E+13,Juankada Alexchoozy,"𝐌𝐚𝐫𝐮𝐧𝐨𝐧𝐠 𝐩𝐚𝐥𝐚 𝐦𝐚𝐠 𝐭𝐚𝐠𝐚𝐥𝐨𝐠 😄

#JuankadaAlexchoozy #Choozers #Followme #CommentYourThoughts #PositiveEnergy #FunMoments #RelateMuch #JuankadaZia","𝐌𝐚𝐫𝐮𝐧𝐨𝐧𝐠 𝐩𝐚𝐥𝐚 𝐦𝐚𝐠 𝐭𝐚𝐠𝐚𝐥𝐨𝐠 😄

#JuankadaAlexchoozy #Choozers #Followme #CommentYourThoughts #PositiveEnergy #FunMoments #RelateMuch #JuankadaZia",27,1/19/2026 23:30,mixed,https://www.facebook.com/reel/2083788249141224/,1,0,Videos,,,,,Lifetime,1065,723,58,36,16,6,28,28,,,9582.27,11.671,0,0,0,,
1.22113E+17,6.15843E+13,Juankada Alexchoozy,𝐀𝐲𝐲𝐲𝐚𝐲𝐚𝐲𝐚𝐲𝐚𝐚𝐚𝐲𝐲𝐲 😂,"𝐀𝐲𝐲𝐲𝐚𝐲𝐚𝐲𝐚𝐲𝐚𝐚𝐚𝐲𝐲𝐲 😂

#JuankadaAlexchoozy #Choozers #Followme #CommentYourThoughts #PositiveEnergy #FunMoments",19,1/19/2026 18:20,N/A,https://www.facebook.com/reel/1223609153061603/,0,0,Videos,,,,,Lifetime,304,205,35,29,5,1,15,15,,,1706.082,7.685,0,0,0,,
1.22113E+17,6.15843E+13,Juankada Alexchoozy,"𝐇𝐢𝐠𝐡𝐥𝐢𝐠𝐡𝐭𝐬 𝐟𝐫𝐨𝐦 𝐲𝐞𝐬𝐭𝐞𝐫𝐝𝐚𝐲! ✨

#JuankadaAlexchoozy #Choozers #Followme #CommentYourThoughts #PositiveEnergy #FunMoments #RelateMuch #MusicusedbelongstoitsrightfulownerNocopyrightinfringementintended.","𝐇𝐢𝐠𝐡𝐥𝐢𝐠𝐡𝐭𝐬 𝐟𝐫𝐨𝐦 𝐲𝐞𝐬𝐭𝐞𝐫𝐝𝐚𝐲! ✨

#JuankadaAlexchoozy #Choozers #Followme #CommentYourThoughts #PositiveEnergy #FunMoments #RelateMuch #MusicusedbelongstoitsrightfulownerNocopyrightinfringementintended.",39,1/19/2026 18:14,N/A,https://www.facebook.com/reel/1220512276876879/,0,0,Videos,,,,,Lifetime,215,164,30,22,4,4,4,4,,,1072.939,5.647,0,0,0,,
1.22113E+17,6.15843E+13,Juankada Alexchoozy,"𝑪𝒉𝒐𝒐𝒛𝒆𝒓𝒔, simulan na natin ang 𝐓𝐫𝐢𝐩𝐥𝐞 𝐬𝐚 𝐒𝐚𝐲𝐚, 𝐓𝐫𝐢𝐩𝐥𝐞 𝐬𝐚 𝐊𝐮𝐥𝐢𝐭𝐚𝐧 𝐚𝐭 𝐓𝐫𝐢𝐩𝐥𝐞 𝐬𝐚 𝐏𝐚𝐧𝐚𝐥𝐨! Catch us today from 6am to 2pm!

#JuankadaAlexchoozy #Choozers #Followme #CommentYourThoughts #PositiveEnergy",,0,1/19/2026 15:31,N/A,https://www.facebook.com/JuankadaAlexchoozyOfficialPage/posts/pfbid0bdkte9X22eqN6gC3YEhYQrpvazbfN9yLSwcFxgk3pcb3VcEFoLHJnDtQXuLiXKFDl,0,0,Photos,,,,,Lifetime,411,178,19,18,0,1,14,9,5,,,,,,,,
1.22113E+17,6.15843E+13,Juankada Alexchoozy,"𝐆𝐨𝐨𝐝 𝐝𝐚𝐲, 𝐂𝐡𝐨𝐨𝐳𝐞𝐫𝐬! 🌈","𝐆𝐨𝐨𝐝 𝐝𝐚𝐲, 𝐂𝐡𝐨𝐨𝐳𝐞𝐫𝐬! 🌈

Welcome to Color Game Live here at Juan365! 🎨✨

#JuankadaAlexchoozy #Choozers #Followme #CommentYourThoughts #PositiveEnergy",57,1/18/2026 22:54,N/A,https://www.facebook.com/reel/2157289804808668/,0,0,Videos,,,,,Lifetime,345,147,29,23,4,2,11,11,,,2927.33,10.963,0,0,0,,
1.22113E+17,6.15843E+13,Juankada Alexchoozy,𝐁𝐢𝐭𝐢𝐧?🤭,"𝐁𝐢𝐭𝐢𝐧?🤭

Watch us in Color Game Live sa Juan365! 🎨

#JuankadaAlexchoozy #Choozers #Followme #CommentYourThoughts #PositiveEnergy #Bitin #JuankadaLigaya #JuankadaGeoff @JuankadaZia",9,1/18/2026 17:17,N/A,https://www.facebook.com/reel/1441292964293236/,0,0,Videos,,,,,Lifetime,409,211,27,20,7,0,26,26,,,1660.279,6.288,0,0,0,,
1.22113E+17,6.15843E+13,Juankada Alexchoozy,"𝑱𝒖𝒂𝒏𝒌𝒂𝒅𝒂, let’s start our Monday with a Bang! Join us Morning Shift from 6am to 2pm only here in 𝑪𝒐𝒍𝒐𝒓𝒈𝒂𝒎𝒆 𝑳𝒊𝒗𝒆 exclusively on 𝑱𝒖𝒂𝒏365.

#JuankadaAlexchoozy #Choozers #Followme #CommentYourThoughts #PositiveEnergy",,0,1/18/2026 15:36,N/A,https://www.facebook.com/JuankadaAlexchoozyOfficialPage/posts/pfbid02Xbq1Coyc2iz9Rsa5VnKxgBGrEuNx76dZ25wcFEtEwSvSxDpavbUh4LbSuTFFiCjCl,0,0,Photos,,,,,Lifetime,663,319,22,17,2,3,31,12,19,,,,,,,,
1.22113E+17,6.15843E+13,Juankada Alexchoozy,𝗣𝗮𝗻𝗴𝗮𝗿𝗮𝗽 𝗸𝗼 𝗮𝗻𝗴 𝗜𝗯𝗶𝗴𝗶𝗻 𝗞𝗮 🥰,"𝗣𝗮𝗻𝗴𝗮𝗿𝗮𝗽 𝗸𝗼 𝗮𝗻𝗴 𝗜𝗯𝗶𝗴𝗶𝗻 𝗞𝗮 🥰

#JuankadaAlexchoozy #Choozers #Followme #CommentYourThoughts #PositiveEnergy #PangarapKo",271,1/17/2026 20:11,N/A,https://www.facebook.com/reel/869440032668367/,0,0,Videos,,,,,Lifetime,306,181,34,23,7,4,19,19,,,3325.39,13.517,0,0,0,,
1.22113E+17,6.15843E+13,Juankada Alexchoozy,𝐍𝐚𝐬𝐚𝐤𝐬𝐢𝐡𝐚𝐧 𝐧𝐲𝐨 𝐚𝐧𝐠 𝐢𝐛𝐚𝐧𝐠 𝐤𝐚𝐫𝐚𝐤𝐭𝐞𝐫 𝐤𝐨 𝐤𝐚𝐧𝐢𝐧𝐚🤣,"𝐍𝐚𝐬𝐚𝐤𝐬𝐢𝐡𝐚𝐧 𝐧𝐲𝐨 𝐚𝐧𝐠 𝐢𝐛𝐚𝐧𝐠 𝐤𝐚𝐫𝐚𝐤𝐭𝐞𝐫 𝐤𝐨 𝐤𝐚𝐧𝐢𝐧𝐚🤣

Thank you Choozers for today! See you on Monday! 🖤

#JuankadaAlexchoozy #Choozers #Followme #CommentYourThoughts #PositiveEnergy",19,1/17/2026 0:00,N/A,https://www.facebook.com/reel/4243384862543513/,0,0,Videos,,,,,Lifetime,292,198,64,31,29,4,19,19,,,1552.823,6.78,0,0,0,,
1.22113E+17,6.15843E+13,Juankada Alexchoozy,Araw Gabi nasa isip ka 🥰,"Can i come with you tonight? 😜 Pang-gabi lang ba ako? 💦

#JuankadaAlexchoozy #Choozers #Followme #CommentYourThoughts #PositiveEnergy",16,1/16/2026 16:00,N/A,https://www.facebook.com/reel/1194589518976886/,0,0,Videos,,,,,Lifetime,341,242,61,32,26,3,15,15,,,2003.225,8.11,0,0,0,,
1.22113E+17,6.15843E+13,Juankada Alexchoozy,"𝑩𝒍𝒂𝒄𝒌 𝒊𝒔 🖤

Come and join us tonight as we color the night! Chill, Relax and let’s play Choozers it’s Freaking Friday Night at Juan365 Colorgame Live!

#JuankadaAlexchoozy #Choozers #Followme #CommentYourThoughts #PositiveEnergy",,0,1/16/2026 7:39,N/A,https://www.facebook.com/JuankadaAlexchoozyOfficialPage/posts/pfbid0o5s5Ua4XSq3CNbZs2dh9qjR8wZeRnjNYgTfcLwRNhVezRdDmfZvrMidEjnMTo5xul,0,0,Photos,,,,,Lifetime,1025,404,95,57,31,7,31,21,10,,,,,,,1,
1.22113E+17,6.15843E+13,Juankada Alexchoozy,𝟏𝟎𝐩𝐦 𝐭𝐨 𝟓𝐚𝐦 𝐬𝐚 𝐂𝐨𝐥𝐨𝐫𝐠𝐚𝐦𝐞 𝐋𝐢𝐯𝐞 𝐞𝐱𝐜𝐥𝐮𝐬𝐢𝐯𝐞𝐥𝐲 𝐢𝐧 𝐉𝐮𝐚𝐧𝟑𝟔𝟓.,"Choozers, magkita kita ulit tayo mamaya bago ako mag restday! 𝟏𝟎𝐩𝐦 𝐭𝐨 𝟓𝐚𝐦 𝐬𝐚 𝐂𝐨𝐥𝐨𝐫𝐠𝐚𝐦𝐞 𝐋𝐢𝐯𝐞 𝐞𝐱𝐜𝐥𝐮𝐬𝐢𝐯𝐞𝐥𝐲 𝐢𝐧 𝐉𝐮𝐚𝐧𝟑𝟔𝟓.

#JuankadaAlexchoozy #Choozers #Followme #CommentYourThoughts #PositiveEnergy",26,1/16/2026 4:00,N/A,https://www.facebook.com/reel/25675665705419281/,0,0,Videos,,,,,Lifetime,134,86,16,13,0,3,4,4,,,563.863,5.37,0,0,0,,
1.22113E+17,6.15843E+13,Juankada Alexchoozy,𝐏𝐨𝐫𝐝𝐚 𝐚𝐜𝐭𝐢𝐧𝐠 𝐚𝐧𝐠 𝐟𝐞𝐫𝐬𝐨𝐧! 𝐏𝐚𝐬𝐥𝐚𝐤 𝐧𝐚𝐛𝐚 𝐦𝐚𝐠-𝐚𝐫𝐭𝐢𝐬𝐭𝐚 𝐜𝐡𝐨𝐨𝐳𝐞𝐫𝐬? 🤣,"𝐏𝐨𝐫𝐝𝐚 𝐚𝐜𝐭𝐢𝐧𝐠 𝐚𝐧𝐠 𝐟𝐞𝐫𝐬𝐨𝐧! 𝐏𝐚𝐬𝐥𝐚𝐤 𝐧𝐚𝐛𝐚 𝐦𝐚𝐠-𝐚𝐫𝐭𝐢𝐬𝐭𝐚 𝐜𝐡𝐨𝐨𝐳𝐞𝐫𝐬? 🤣

#JuankadaAlexchoozy #KaChooziness #Followme #CommentYourThoughts #MakulayNaSaya #FunTimes",48,1/16/2026 0:00,N/A,https://www.facebook.com/reel/1430697818699684/,0,0,Videos,,,,,Lifetime,209,154,28,20,7,1,22,22,,,1468.949,9.067,0,0,0,,
1.22113E+17,6.15843E+13,Juankada Alexchoozy,"Mahal kong Maynila, sayo’y hindi mawawalay! Sing 🎶 EME 🤣. Salamat sa aking mga constituents sa pagsama at pakikisaya.

See you all again later! 10pm to 5am.

#JuankadaAlexchoozy #Choozers #Followme #CommentYourThoughts #PositiveEnergy",,0,1/15/2026 21:53,N/A,https://www.facebook.com/JuankadaAlexchoozyOfficialPage/posts/pfbid02jRn43178xa5EJgLrGcxdbYHz8885KdY18426ZBxFtN21rndUwVEkVn47JxFQxEi5l,0,0,Photos,,,,,Lifetime,471,218,23,16,5,2,12,9,3,,,,,,,,
1.22113E+17,6.15843E+13,Juankada Alexchoozy,"Throwback Thursday? Na-ah! Harapin naten ang swerte nyo tonight kasama kaming Team Night Shift!

Sama-sama nating kulayan ang inyong Gabi. Kasama ko si Juankada host Drae at Juankada Jedi! Dito lang sa COLORGAME LIVE on JUAN365. Lezzgo Choozers!

#JuankadaAlexchoozy #Choozers #Followme #CommentYourThoughts #PositiveEnergy",,0,1/15/2026 8:11,N/A,https://www.facebook.com/JuankadaAlexchoozyOfficialPage/posts/pfbid026hk5pAkp3BRH6jrBqbXC6huVXGXvCaVnYKyyBMGw27AKGKgjPiCzSSVHY6UbDFJtl,0,0,Photos,,,,,Lifetime,523,222,28,23,3,2,21,9,12,,,,,,,1,
1.22113E+17,6.15843E+13,Juankada Alexchoozy,𝐋𝐚𝐤𝐢𝐧𝐠 𝐒𝐄𝐗𝐁𝐎𝐌𝐁! 💣💥,"𝐋𝐚𝐤𝐢𝐧𝐠 𝐒𝐄𝐗𝐁𝐎𝐌𝐁! 💣💥

Makisabay tayo sa Trend! Here’s my version of Sexbomb Dance Craze! Get, Get, Aww!

#JuankadaAlexchoozy #Choozers #Followme #CommentYourThoughts #PositiveEnergy",60,1/14/2026 23:34,N/A,https://www.facebook.com/reel/2056765838458486/,0,0,Videos,,,,,Lifetime,509,312,55,32,16,7,39,39,,,5176.24,12.594,0,0,0,,
1.22113E+17,6.15843E+13,Juankada Alexchoozy,"It’s 𝑾𝒆𝒅𝒏𝒆𝒔𝒅𝒂𝒚 𝑮𝒓𝒐𝒐𝒗𝒆 𝑪𝒉𝒐𝒐𝒛𝒆𝒓𝒔! See you tonight 10pm to 5am! 𝐂𝐎𝐋𝐎𝐑𝐆𝐀𝐌𝐄 𝐋𝐈𝐕𝐄 on 𝐉𝐔𝐀𝐍𝟑𝟔𝟓.

#JuankadaAlexchoozy #Choozers #Followme #CommentYourThoughts #PositiveEnergy",,0,1/14/2026 6:21,N/A,https://www.facebook.com/JuankadaAlexchoozyOfficialPage/posts/pfbid022E3N4zMeXw3AtFgp5XBtzUPgybpD9WHdNHRA19QXAVkis5yNuCSTfrg4sY5rxjfVl,0,0,Photos,,,,,Lifetime,573,261,32,27,2,3,18,10,8,,,,,,,,
1.22112E+17,6.15843E+13,Juankada Alexchoozy,𝗢𝗩𝗘𝗥𝗡𝗜𝗚𝗛𝗧 𝗣𝗔𝗝𝗔𝗠𝗔 𝗣𝗔𝗥𝗧𝗬 Highlights,"𝑪𝒉𝒐𝒐𝒛𝒆𝒓𝒔, salamat sa pagsama sa ating 𝗢𝗩𝗘𝗥𝗡𝗜𝗚𝗛𝗧 𝗣𝗔𝗝𝗔𝗠𝗔 𝗣𝗔𝗥𝗧𝗬! Here’s the recap on what happened earlier. See you again later, 10pm to 5am only here at 𝑪𝑶𝑳𝑶𝑹𝑮𝑨𝑴𝑬 𝑳𝑰𝑽𝑬 exclusively in 𝑱𝒖𝒂𝒏365.

#JuankadaAlexchoozy #Choozers #Followme #CommentYourThoughts #PositiveEnergy",30,1/13/2026 18:00,N/A,https://www.facebook.com/reel/1315696963699769/,0,0,Videos,,,,,Lifetime,228,170,23,19,3,1,4,4,,,1169.395,6.059,0,0,0,,
1.22112E+17,6.15843E+13,Juankada Alexchoozy,𝐓𝐞𝐚𝐦 𝐏𝐚𝐣𝐚𝐦𝐚,"Makisabay sa PAJAMA PARTY at maki-overnight sa saya, tawanan at kwentuhan sa TEAM NIGHT SHIFT!

Gawin nating makulay ang inyong gabi kasama sina Drae, Jedi, Papa Joe at inyong lingkod Alexchoozy! Catch us tonight from 10pm to 5am. Lezzgo!

#Followme #CommentYourThoughts #PositiveEnergy #JuankadaJedi #JuankadaDrae #JuankadaPapaJoe #JuankadaAlexchoozy #Choozers",22,1/13/2026 9:18,N/A,https://www.facebook.com/reel/826092330466251/,0,0,Videos,,,,,Lifetime,396,158,34,31,1,2,9,9,,,2879.157,9.502,0,0,0,,
1.22112E+17,6.15843E+13,Juankada Alexchoozy,"It’s 𝑷𝑨𝑱𝑨𝑴𝑨 𝑵𝑰𝑮𝑯𝑻 here at 𝑪𝑶𝑳𝑶𝑹𝑮𝑨𝑴𝑬 𝑳𝑰𝑽𝑬! Pagod maghapon sa work? Tara, ngumiti muna kasama ako. Gawin nateng masaya ang gabi mo bago ka matulog!

Choozers, see you tonight from 10pm to 5am ❤️🥰

#JuankadaAlexchoozy #Choozers #Followme #CommentYourThoughts #PositiveEnergy",,0,1/13/2026 6:41,N/A,https://www.facebook.com/JuankadaAlexchoozyOfficialPage/posts/pfbid0MANLQSdEadpNm7vbRqn1CQhf5eebcqWfkpFjd44pN1XMAT7tYD52HygdH6NvY4LTl,0,0,Photos,,,,,Lifetime,459,213,20,17,1,2,12,10,2,,,,,,,,
1.22112E+17,6.15843E+13,Juankada Alexchoozy,𝑾𝒓𝒐𝒏𝒈 𝑪𝒂𝒍𝒍 𝒑𝒂 𝒏𝒈𝒂𝒏𝒊𝒊𝒊 📞 😂,"𝑾𝒓𝒐𝒏𝒈 𝑪𝒂𝒍𝒍 𝒑𝒂 𝒏𝒈𝒂𝒏𝒊𝒊𝒊 📞 😂

#JuankadaAlexchoozy #Choozers #Followme #CommentYourThoughts #PositiveEnergy",24,1/12/2026 23:00,N/A,https://www.facebook.com/reel/850062291279431/,0,0,Videos,,,,,Lifetime,444,301,23,19,2,2,12,12,,,2847.154,8.3,0,0,0,,
1.22112E+17,6.15843E+13,Juankada Alexchoozy,𝐉𝐚𝐧𝐮𝐚𝐫𝐲 𝟏𝟐 𝐇𝐢𝐠𝐡𝐥𝐢𝐠𝐡𝐭𝐬,"𝐌𝐚𝐫𝐚𝐦𝐢𝐧𝐠 𝐒𝐚𝐥𝐚𝐦𝐚𝐭 sa nakisaya, nakikanta at nakisayaw sa ating Monday Night! Mamaya ulit choozers! 10pm to 5am! See you!

#JuankadaAlexchoozy #Choozers #Followme #CommentYourThoughts #PositiveEnergy",38,1/12/2026 18:00,N/A,https://www.facebook.com/reel/806540359076894/,0,0,Videos,,,,,Lifetime,120,98,16,15,1,0,5,5,,,777.252,7.62,0,0,0,,
1.22112E+17,6.15843E+13,Juankada Alexchoozy,HAHAHAHAHAHA,,0,1/12/2026 15:18,N/A,https://www.facebook.com/JuankadaAlexchoozyOfficialPage/posts/pfbid0t2kz6ykUGeaBeDfQZaMrBKtp4q7bgoApEuzbYkwNRxzyBz6asKiEiwY1wwJygnDtl,0,1,Text,,,,,Lifetime,80,64,18,17,1,0,10,10,,,,,,,,,
1.22112E+17,6.15843E+13,Juankada Alexchoozy,"𝐂𝐨𝐥𝐨𝐫 𝐆𝐚𝐦𝐞 𝐋𝐈𝐕𝐄 🚨 
𝐑𝐞𝐚𝐥-𝐭𝐢𝐦𝐞. 𝐑𝐞𝐚𝐥 𝐰𝐢𝐧𝐬. 𝐑𝐞𝐚𝐥 𝐡𝐲𝐩𝐞. 🔥

Subukan tonight ang iyong swerte 🍀
Kasama ang Juankada hosts: 
JuanKada Star, Juankada Jedi, Juankada Alexchoozy & Juankada Papa Joe🥳

👉 Join now sa Juan365 app & website bago ka mahuli! 👀

#Juan365 #Juan365Studios #ALLINJUANLIVE #AllInJuanSaSaya #Juan365ColorGame #JuankadaStar #JuankadaJedi #JuankadaAlexchoozy #JuankadaPapaJoe",,0,1/12/2026 8:20,N/A,https://www.facebook.com/JuankadaAlexchoozyOfficialPage/posts/pfbid02ZuijxWvQ3n5P5BQTkzwzZWwVociQTgESPMmzMNyLtFFJbYLjQgLxSDaA697mTnKCl,0,1,Photos,,,,,Lifetime,208,97,12,12,0,0,7,2,3,2,,,,,,,
1.22112E+17,6.15843E+13,Juankada Alexchoozy,"Simulan na kaagad naten ang Monday Night ng puno ng saya, kulitan at kasiyahan.

Catch us tonight 10pm to 5am only here in 𝑪𝒐𝒍𝒐𝒓𝒈𝒂𝒎𝒆 𝑳𝒊𝒗𝒆 exclusively on 𝑱𝒖𝒂𝒏365.

#JuankadaAlexchoozy #Choozers #Followme #CommentYourThoughts #PositiveEnergy",,0,1/12/2026 6:31,N/A,https://www.facebook.com/JuankadaAlexchoozyOfficialPage/posts/pfbid0AEx5aCoVspFwg9qSFWRKTTTQLifVRxarjcVBAs9mUQhipxf7M4yNRjDR5hjVmibil,0,0,Photos,,,,,Lifetime,480,203,14,12,1,1,8,6,2,,,,,,,,
1.22112E+17,6.15843E+13,Juankada Alexchoozy,𝐆𝐮𝐭𝐨𝐦 𝐧𝐠𝐚𝐧𝐢𝐢𝐢𝐢! 😂,"𝐆𝐮𝐭𝐨𝐦 𝐧𝐠𝐚𝐧𝐢𝐢𝐢𝐢! 😂

#JuankadaAlexchoozy #Choozers #Followme #CommentYourThoughts #PositiveEnergy #RelateMuch",13,1/12/2026 2:00,N/A,https://www.facebook.com/reel/1542790950162950/,0,0,Videos,,,,,Lifetime,277,170,20,17,2,1,13,13,,,1375.142,7.162,0,0,0,,
1.22112E+17,6.15843E+13,Juankada Alexchoozy,"𝐒𝐚𝐧 𝐤𝐚 𝐧𝐚?

Hintayin kita choozers! See you all later!
10pm to 6am🧡💙✨

#JuankadaAlexchoozy  #CommentYourThoughts #TagAFriend #Followme #Choozers #Juan365 #AllInJuanSaSaya #Juan365Studios #SweetEnergy #DailyBeautyVibes #GoodVibesOnly #MakulayNaSaya",,0,1/12/2026 0:06,N/A,https://www.facebook.com/JuankadaAlexchoozyOfficialPage/posts/pfbid02Sh1SrFdNqksrAuz45zJ9zHJD8QLmw5Pyi2z6X3KyTqxi1KxXqGtepH6B3Tu3BLY9l,0,0,Photos,,,,,Lifetime,697,329,22,18,2,2,15,14,1,,,,,,,,
1.22112E+17,6.15843E+13,Juankada Alexchoozy,𝐬𝐚𝐦𝐚𝐡𝐚𝐧 𝐧𝐲𝐨 𝐚𝐤𝐨𝐧𝐠 𝐛𝐢𝐬𝐢𝐭𝐚𝐡𝐢𝐧 𝐚𝐧𝐠 𝐢𝐬𝐚 𝐬𝐚 𝐩𝐢𝐧𝐚𝐤𝐚-𝐢𝐦𝐩𝐨𝐫𝐭𝐚𝐧𝐭𝐞𝐧𝐭 𝐭𝐚𝐨,"𝐂𝐡𝐨𝐨𝐳𝐞𝐫𝐬, 𝐬𝐚𝐦𝐚𝐡𝐚𝐧 𝐧𝐲𝐨 𝐚𝐤𝐨𝐧𝐠 𝐛𝐢𝐬𝐢𝐭𝐚𝐡𝐢𝐧 𝐚𝐧𝐠 𝐢𝐬𝐚 𝐬𝐚 𝐩𝐢𝐧𝐚𝐤𝐚-𝐢𝐦𝐩𝐨𝐫𝐭𝐚𝐧𝐭𝐞𝐧𝐭 𝐭𝐚𝐨 𝐬𝐚 𝐛𝐮𝐡𝐚𝐲 𝐤𝐨. 𝐋𝐞𝐳𝐳𝐳𝐳𝐠𝐨!

#Juan365 #Juan365PH #AllInJuanSaSaya #JuanKada #JuanSports #SpecialMoments",151,1/11/2026 7:00,N/A,https://www.facebook.com/reel/1370475184776981/,0,0,Videos,,,,,Lifetime,158,117,18,18,0,0,6,6,,,1719.827,13.028,0,0,0,,
1.22112E+17,6.15843E+13,Juankada Alexchoozy,𝐊𝐚𝐥𝐚 𝐧𝐲𝐨 𝐛𝐚 𝐝𝐢 𝐚𝐤𝐨 𝐧𝐚𝐬𝐚𝐬𝐚𝐤𝐭𝐚𝐧? 𝐌𝐚𝐬𝐚𝐤𝐢𝐭 𝐧𝐚!,"𝐊𝐚𝐥𝐚 𝐧𝐲𝐨 𝐛𝐚 𝐝𝐢 𝐚𝐤𝐨 𝐧𝐚𝐬𝐚𝐬𝐚𝐤𝐭𝐚𝐧? 𝐌𝐚𝐬𝐚𝐤𝐢𝐭 𝐧𝐚! 𝐋𝐮𝐦𝐚𝐛𝐚𝐬 𝐤𝐚𝐧𝐚! 𝐄𝐦𝐞! 𝐒𝐡𝐚𝐫𝐢𝐧𝐠 𝐠𝐨𝐨𝐝𝐯𝐢𝐛𝐞𝐬 𝐨𝐧 𝐚 𝐒𝐮𝐧𝐝𝐚𝐲! 🥰 𝐇𝐚𝐯𝐞 𝐚 𝐁𝐥𝐞𝐬𝐬𝐞𝐝 𝐎𝐧𝐞! 🙏🏻

#JuankadaAlexchoozy #choozers #Followme #CommentYourThoughts #JuankadaVibes #BlessedSunday",27,1/11/2026 6:00,N/A,https://www.facebook.com/reel/1134149168615067/,0,0,Videos,,,,,Lifetime,209,145,24,21,2,1,9,9,,,1368.21,8.551,0,0,0,,
1.22112E+17,6.15843E+13,Juankada Alexchoozy,Double the Fun. Triple the wins! Lezzgo choozers!,,0,1/11/2026 3:53,N/A,https://www.facebook.com/JuankadaAlexchoozyOfficialPage/posts/pfbid0UH5E2KmYtZk5gnTRm5Utargimywmw46mZEEKFRDWzxbgB1s2Dv9UoN8hAdpZp1eHl,0,1,Photos,,,,,Lifetime,154,67,16,16,0,0,2,2,,,,,,,,,
1.22112E+17,6.15843E+13,Juankada Alexchoozy,"𝐀𝐧𝐠 𝐠𝐮𝐬𝐭𝐨 𝐤𝐨 𝐥𝐚𝐧𝐠 𝐧𝐚𝐦𝐚𝐧, 𝐦𝐚𝐠𝐥𝐢𝐧𝐢𝐬 𝐧𝐠 𝐛𝐚𝐡𝐚𝐲. 𝐦𝐚𝐥𝐢𝐢𝐢 😩","𝐀𝐧𝐠 𝐠𝐮𝐬𝐭𝐨 𝐤𝐨 𝐥𝐚𝐧𝐠 𝐧𝐚𝐦𝐚𝐧, 𝐦𝐚𝐠𝐥𝐢𝐧𝐢𝐬 𝐧𝐠 𝐛𝐚𝐡𝐚𝐲. 𝐦𝐚𝐥𝐢𝐢𝐢 😩

#JuankadaAlexchoozy #choozers #Followme #CommentYourThoughts #RelateMuch",22,1/11/2026 3:00,N/A,https://www.facebook.com/reel/899138072623752/,0,0,Videos,,,,,Lifetime,269,162,27,23,3,1,18,18,,,1791.936,9.189,0,0,0,,
1.22112E+17,6.15843E+13,Juankada Alexchoozy,𝐍𝐚𝐧𝐝𝐢𝐭𝐨 𝐚𝐤𝐨 𝐚𝐭 𝐧𝐚𝐠𝐡𝐢𝐡𝐢𝐧𝐭𝐚𝐲 𝐦𝐚𝐠 𝐦𝐨𝐧𝐝𝐚𝐲 𝐩𝐚𝐫𝐚 𝐦𝐚𝐠𝐤𝐚𝐬𝐚𝐦𝐚-𝐬𝐚𝐦𝐚 𝐧𝐚 𝐭𝐚𝐲𝐨! 🥰,"𝐍𝐚𝐧𝐝𝐢𝐭𝐨 𝐚𝐤𝐨 𝐚𝐭 𝐧𝐚𝐠𝐡𝐢𝐡𝐢𝐧𝐭𝐚𝐲 𝐦𝐚𝐠 𝐦𝐨𝐧𝐝𝐚𝐲 𝐩𝐚𝐫𝐚 𝐦𝐚𝐠𝐤𝐚𝐬𝐚𝐦𝐚-𝐬𝐚𝐦𝐚 𝐧𝐚 𝐭𝐚𝐲𝐨! 𝐒𝐞𝐞 𝐲𝐨𝐮 𝐭𝐨𝐦𝐨𝐫𝐫𝐨𝐰, 𝟏𝟎𝐩𝐦 𝐭𝐨 𝟔𝐚𝐦 𝐜𝐡𝐨𝐨𝐳𝐞𝐫𝐬! 🥰

#JuankadaAlexchoozy #choozers #Followme #CommentYourThoughts #SeeYouTomorrow",179,1/10/2026 23:00,N/A,https://www.facebook.com/reel/855309414076773/,0,0,Videos,,,,,Lifetime,187,137,21,17,3,1,11,11,,,1672.219,10.517,0,0,0,,
1.22112E+17,6.15843E+13,Juankada Alexchoozy,"𝐈𝐬𝐚𝐧𝐠 𝐚𝐫𝐚𝐰, 𝐠𝐢𝐠𝐢𝐬𝐢𝐧𝐠 𝐤𝐚 𝐧𝐚 𝐥𝐚𝐧𝐠 𝐧𝐚 𝐧𝐚𝐭𝐮𝐩𝐚𝐝 𝐧𝐚 𝐚𝐧𝐠 𝐦𝐠𝐚 𝐩𝐚𝐧𝐠𝐚𝐫𝐚𝐩 𝐦𝐨. ✨

#SaturdayMotivation #InspirationalQuote #JuankadaAlexchoozy #KaChooziness #RestMode #Followme",,0,1/9/2026 23:22,N/A,https://www.facebook.com/JuankadaAlexchoozyOfficialPage/posts/pfbid02WYLrgi4VMemuTdNaa94tqf5yHm5W7s1w1x1ACtDmEwYaZ9LcuvaLG4T95wtK398rl,0,0,Photos,,,,,Lifetime,483,232,38,27,7,4,16,13,3,,,,,,,,
1.22112E+17,6.15843E+13,Juankada Alexchoozy,"𝐈𝐭’𝐬 𝐢𝐧𝐝𝐞𝐞𝐝 𝐚 𝐥𝐮𝐜𝐤𝐲 𝐝𝐚𝐲!

Madaming good vibes kay Alexchoozy 7 Triple, Minor Jackpot + X150 yesterday! 😎✨

𝑪𝒉𝒐𝒐𝒛𝒆𝒓𝒔 See you this Monday, 10PM 6AM! 🎉

#JuankadaAlexchoozy #Choozers #Followme #CommentYourThoughts","𝐈𝐭’𝐬 𝐢𝐧𝐝𝐞𝐞𝐝 𝐚 𝐥𝐮𝐜𝐤𝐲 𝐝𝐚𝐲!

Madaming good vibes kay Alexchoozy 7 Triple, Minor Jackpot + X150 yesterday! 😎✨

𝑪𝒉𝒐𝒐𝒛𝒆𝒓𝒔 See you this Monday, 10PM 6AM! 🎉

#JuankadaAlexchoozy #Choozers #Followme #CommentYourThoughts",24,1/9/2026 21:11,N/A,https://www.facebook.com/reel/1277145441216160/,0,0,Videos,,,,,Lifetime,249,163,23,15,5,3,2,2,,,1287.951,6.708,0,0,0,,
1.22112E+17,6.15843E+13,Juankada Alexchoozy,"𝐓𝐢𝐦𝐞 𝐭𝐨 𝐫𝐞𝐬𝐭, 𝐫𝐞𝐟𝐫𝐞𝐬𝐡, 𝐚𝐧𝐝 𝐫𝐞𝐥𝐚𝐱. 🥰","𝐓𝐢𝐦𝐞 𝐭𝐨 𝐫𝐞𝐬𝐭, 𝐫𝐞𝐟𝐫𝐞𝐬𝐡, 𝐚𝐧𝐝 𝐫𝐞𝐥𝐚𝐱. 🥰

#JuankadaAlexchoozy #KaChooziness #RestMode #Followme #Motivational",130,1/9/2026 19:00,N/A,https://www.facebook.com/reel/2208994996290579/,0,0,Videos,,,,,Lifetime,129,99,14,10,3,1,3,3,,,873.708,8.482,0,0,0,,
1.22112E+17,6.15843E+13,Juankada Alexchoozy,"𝐓𝐡𝐚𝐧𝐤 𝐲𝐨𝐮, 𝐊𝐚-𝐂𝐡𝐨𝐨𝐳𝐢𝐧𝐞𝐬𝐬, 𝐟𝐨𝐫 𝐚𝐧 𝐚𝐦𝐚𝐳𝐢𝐧𝐠 𝐝𝐚𝐲!","𝐓𝐡𝐚𝐧𝐤 𝐲𝐨𝐮, 𝐊𝐚-𝐂𝐡𝐨𝐨𝐳𝐢𝐧𝐞𝐬𝐬, 𝐟𝐨𝐫 𝐚𝐧 𝐚𝐦𝐚𝐳𝐢𝐧𝐠 𝐝𝐚𝐲!

#JuankadaAlexchoozy  #CommentYourThoughts #TagAFriend #Followme #KaChooziness! #Juan365 #AllInJuanSaSaya #Juan365Studios #SweetEnergy #DailyBeautyVibes",9,1/9/2026 5:12,N/A,https://www.facebook.com/reel/907663715254393/,0,0,Videos,,,,,Lifetime,140,85,15,13,2,0,6,6,,,482.6,4.826,0,0,0,,
1.22112E+17,6.15843E+13,Juankada Alexchoozy,"𝐇𝐚𝐛𝐚𝐧𝐠 𝐦𝐚𝐲 𝐛𝐮𝐡𝐚𝐲, 𝐦𝐚𝐲 𝐩𝐚…","𝐇𝐚𝐛𝐚𝐧𝐠 𝐦𝐚𝐲 𝐛𝐮𝐡𝐚𝐲, 𝐦𝐚𝐲 𝐩𝐚…

Pader naman! Nilaro nyo kami! Hahaha

#JuankadaAlexchoozy  #CommentYourThoughts #TagAFriend #Followme #KaChooziness! #Juan365 #AllInJuanSaSaya #Juan365Studios #SweetEnergy #DailyBeautyVibes",100,1/9/2026 0:00,N/A,https://www.facebook.com/reel/3198781290301619/,0,0,Videos,,,,,Lifetime,123,80,17,15,2,0,6,6,,,1820.031,19.158,0,0,0,,
1.22112E+17,6.15843E+13,Juankada Alexchoozy,"Like what i have said “Not so pretty but yummy at magbibigay sa inyo ng swerty, my name is Alexchoozy”

Congratulations Bossril! 👏🏻",,0,1/8/2026 22:29,N/A,https://www.facebook.com/JuankadaAlexchoozyOfficialPage/posts/pfbid06gS7FixaVRJFrXD9VQMfKtqAWRZ6wmw6m9sxU3ghG9LaGV52sdhSneuFx69saTd6l,0,1,Photos,,,,,Lifetime,164,71,9,9,0,0,6,3,3,,,,,,,,
1.22112E+17,6.15843E+13,Juankada Alexchoozy,"𝐋𝐞𝐭’𝐬 𝐦𝐚𝐤𝐞 𝐨𝐮𝐫 𝐝𝐚𝐲 𝐞𝐱𝐭𝐫𝐚 𝐬𝐩𝐞𝐜𝐢𝐚𝐥!

Maki-denim party na sa’kin, mga Ka-Chooziness! 😎✨
Kasama n’yo ako 6AM–2PM. Tara, habol at Game na!

#JuankadaAlexchoozy  #CommentYourThoughts #TagAFriend #Followme #KaChooziness! #Juan365 #AllInJuanSaSaya #Juan365Studios #SweetEnergy #DailyBeautyVibes",,0,1/8/2026 20:01,N/A,https://www.facebook.com/JuankadaAlexchoozyOfficialPage/posts/pfbid02dnaoiaHFj1Pte8dDbRVKxHjMYPu5zYzbcKKoSCjAiA8GJ8Cywed4z4qyBjUQ5bfpl,0,0,Photos,,,,,Lifetime,180,91,18,13,3,2,6,5,1,,,,,,,,
1.22112E+17,6.15843E+13,Juankada Alexchoozy,"𝑮𝒐𝒐𝒅 𝒎𝒐𝒓𝒏𝒊𝒏𝒈, 𝑲𝒂-𝑪𝒉𝒐𝒐𝒛𝒊𝒏𝒆𝒔𝒔! ✨

Yes! It’s Denim Friyey from your Morning Team! Catch us today from 6am to 2pm at 𝐂𝐨𝐥𝐨𝐫𝐠𝐚𝐦𝐞 𝐋𝐢𝐯𝐞 on 𝐉𝐮𝐚𝐧𝟑𝟔𝟓..

👉 Drop your comments if you are ready! ⬇️

#JuankadaAlexchoozy  #CommentYourThoughts #TagAFriend #Followme #KaChooziness #Juan365 #AllInJuanSaSaya #Juan365Studios #SweetEnergy #DailyBeautyVibes #TeamMorning",,0,1/8/2026 14:23,N/A,https://www.facebook.com/JuankadaAlexchoozyOfficialPage/posts/pfbid02KtKiq3eyYzLn7Z5HkjJHNQvt7QAchPDwV4t2NELUcBqLwXkFEfP1sjn3oCszFbaql,0,0,Photos,,,,,Lifetime,1894,757,61,44,11,6,67,29,38,,,,,,,,
1.22112E+17,6.15843E+13,Juankada Alexchoozy,Yehey!!! Salamat juankada and chooziness! 🥰,,0,1/8/2026 13:45,N/A,https://www.facebook.com/JuankadaAlexchoozyOfficialPage/posts/pfbid02WxoiS781KBH31F77iyD4A34Rs51bDypxJTDZUkn1X9mm9enqZQiGTGWeATS4rFHUl,0,1,Photos,,,,,Lifetime,199,95,15,15,0,0,9,6,3,,,,,,,,
1.22111E+17,6.15843E+13,Juankada Alexchoozy,𝐓𝐡𝐢𝐧𝐠𝐬 𝐭𝐡𝐚𝐭 𝐡𝐚𝐩𝐩𝐞𝐧𝐞𝐝 𝐭𝐨𝐝𝐚𝐲!,"𝐓𝐡𝐢𝐧𝐠𝐬 𝐭𝐡𝐚𝐭 𝐡𝐚𝐩𝐩𝐞𝐧𝐞𝐝 𝐭𝐨𝐝𝐚𝐲!

Maraming salamat chooziness sa pakikipaglaro, kulitan at chikahan kanina. See you tomorrow!

Comment and follow for more! 

#JuankadaAlexchoozy  #CommentYourThoughts #TagAFriend #Followme #KaChooziness! #Juan365 #AllInJuanSaSaya #Juan365Studios #SweetEnergy #DailyBeautyVibes",24,1/8/2026 6:00,N/A,https://www.facebook.com/reel/25627793076884117/,0,0,Videos,,,,,Lifetime,191,134,16,15,1,0,10,10,,,1245.573,8.531,0,0,0,,
1.22111E+17,6.15843E+13,Juankada Alexchoozy,"📲 Download the 𝐉𝐮𝐚𝐧𝟑𝟔𝟓 𝐀𝐩𝐩 sa 𝐆𝐨𝐨𝐠𝐥𝐞 𝐏𝐥𝐚𝐲 𝐒𝐭𝐨𝐫𝐞 o 𝐀𝐩𝐩 𝐒𝐭𝐨𝐫𝐞 para tuloy-tuloy ang saya!

#Juan365Studios #Juan365 #ALLINJUANLIVE #JuankadaHosts #JuankadaAlexchoozy #KaChooziness",,0,1/8/2026 4:40,N/A,https://www.facebook.com/JuankadaAlexchoozyOfficialPage/posts/pfbid02F5jBrogoSavyM8KC9u9rAbREsNNUAkWmeomC3hrkwT3kB3hDrmL1Vw3M27tE9jtPl,0,1,Photos,,,,,Lifetime,194,78,13,11,0,2,10,8,2,,,,,,,,
1.22111E+17,6.15843E+13,Juankada Alexchoozy,𝐖𝐡𝐞𝐧 𝐛𝐨𝐫𝐞𝐝𝐨𝐦 𝐝𝐮𝐫𝐢𝐧𝐠 𝐛𝐫𝐞𝐚𝐤 𝐬𝐭𝐫𝐢𝐤𝐞𝐬 𝐚𝐠𝐚𝐢𝐧,"𝐖𝐡𝐞𝐧 𝐛𝐨𝐫𝐞𝐝𝐨𝐦 𝐝𝐮𝐫𝐢𝐧𝐠 𝐛𝐫𝐞𝐚𝐤 𝐬𝐭𝐫𝐢𝐤𝐞𝐬 𝐚𝐠𝐚𝐢𝐧

Pasensya na po, mga Chooziness, dansur-dansuran tayo! 

#JuankadaAlexchoozy  #CommentYourThoughts #TagAFriend #Followme #KaChooziness! #Juan365 #AllInJuanSaSaya #Juan365Studios #SweetEnergy #DailyBeautyVibes",21,1/8/2026 2:00,N/A,https://www.facebook.com/reel/1780979619257158/,0,0,Videos,,,,,Lifetime,181,115,17,14,3,0,8,8,,,828.33,6.275,0,0,0,,
1.22111E+17,6.15843E+13,Juankada Alexchoozy,"𝟕 𝐓𝐢𝐦𝐞𝐬 𝐭𝐫𝐢𝐩𝐥𝐞 𝐚𝐧𝐝 𝐜𝐨𝐮𝐧𝐭𝐢𝐧𝐠! 🔥

Hanggang 2PM pa ako, tara COLOR GAME na Chooziness! 🧡💙

#JuankadaAlexchoozy  #CommentYourThoughts #TagAFriend #Followme #KaChooziness! #Juan365 #AllInJuanSaSaya #Juan365Studios #SweetEnergy #DailyBeautyVibes",,0,1/7/2026 19:50,N/A,https://www.facebook.com/JuankadaAlexchoozyOfficialPage/posts/pfbid0THC8a9Q6h3cjPWLQLmjsp6XzBQjwwtT4kHMxLFb19bJ8wucyLwZGU6LvxEwXtA32l,0,0,Photos,,,,,Lifetime,392,184,31,22,6,3,6,3,3,,,,,,,,
1.22111E+17,6.15843E+13,Juankada Alexchoozy,𝐁𝐚𝐤𝐢𝐭 𝐛𝐚 𝐤𝐚𝐬𝐢 𝐦𝐚𝐲 𝐛𝐨𝐝𝐲 𝐬𝐡𝐚𝐦𝐢𝐧𝐠?😂,"𝐁𝐚𝐤𝐢𝐭 𝐛𝐚 𝐤𝐚𝐬𝐢 𝐦𝐚𝐲 𝐛𝐨𝐝𝐲 𝐬𝐡𝐚𝐦𝐢𝐧𝐠?

Chooziness, love yourself and your vibes! follow for more!

#JuankadaAlexchoozy  #CommentYourThoughts #TagAFriend #Followme #Chooziness! #Juan365 #AllInJuanSaSaya #Juan365Studios #SweetEnergy #DailyBeautyVibes #SelfLove #NoToBodyShaming",11,1/7/2026 18:00,N/A,https://www.facebook.com/reel/1181028074195890/,0,0,Videos,,,,,Lifetime,221,162,18,15,2,1,8,8,,,815.653,4.797,0,0,0,,
1.22111E+17,6.15843E+13,Juankada Alexchoozy,"𝑮𝒐𝒐𝒅 𝒎𝒐𝒓𝒏𝒊𝒏𝒈, 𝑲𝒂-𝑪𝒉𝒐𝒐𝒛𝒊𝒏𝒆𝒔𝒔! ✨

Throwback Thursday? No no! Dito tayo sa 𝐋𝐢𝐯𝐞, 𝐂𝐨𝐥𝐨𝐫𝐠𝐚𝐦𝐞 𝐋𝐢𝐯𝐞 sa 𝐉𝐮𝐚𝐧𝟑𝟔𝟓. Catch us today from 6am to 2pm. Kasama Team Morning Juankada host Drae & Juankada Jedi 🩷💙💚

👉 Comment HERE kung present ka na at game na makilaro ⬇️

#JuankadaAlexchoozy  #CommentYourThoughts #TagAFriend #Followme #KaChooziness #Juan365 #AllInJuanSaSaya #Juan365Studios #SweetEnergy #DailyBeautyVibes #TeamMorning",,0,1/7/2026 15:22,N/A,https://www.facebook.com/JuankadaAlexchoozyOfficialPage/posts/pfbid02YTQizpdHWQpdBS7wzJHCB7SYQTU2vZKcR3UVdmzLL2kdNKsb6HhHMxGbkKUu1aL9l,0,0,Photos,,,,,Lifetime,706,319,25,21,1,3,16,4,12,,,,,,,,
1.22111E+17,6.15843E+13,Juankada Alexchoozy,𝑻𝑶𝑫𝑨𝒀’𝒔 𝑴𝑶𝑴𝑬𝑵𝑻: Balikan natin ang mga kaganapan kanina Juankada.,"𝑻𝑶𝑫𝑨𝒀’𝒔 𝑴𝑶𝑴𝑬𝑵𝑻: Balikan natin ang mga kaganapan kanina Juankada.

𝐓𝐡𝐞 𝐍𝐄𝐖𝐄𝐒𝐓 𝐆𝐀𝐌𝐄 𝐨𝐟𝐟𝐞𝐫𝐢𝐧𝐠 𝐨𝐟 𝐉𝐔𝐀𝐍𝟑𝟔𝟓, 𝐂𝐎𝐋𝐎𝐑𝐆𝐀𝐌𝐄 𝐋𝐈𝐕𝐄

#JuankadaAlexchoozy  #CommentYourThoughts #TagAFriend #Followme #KaChooziness! #Juan365 #AllInJuanSaSaya #Juan365Studios #SweetEnergy #DailyBeautyVibes",23,1/7/2026 4:00,N/A,https://www.facebook.com/reel/1387801529495112/,0,0,Videos,,,,,Lifetime,198,158,19,17,2,0,3,3,,,1176.013,7.686,0,0,0,,
1.22111E+17,6.15843E+13,Juankada Alexchoozy,𝐄𝐏𝟕: 𝐀𝐥𝐞𝐱𝐜𝐡𝐨𝐨𝐳𝐲 𝐚𝐬 𝐚 𝐒𝐢𝐧𝐠𝐞𝐫 🥰🤣,"𝐄𝐏𝟕: 𝐀𝐥𝐞𝐱𝐜𝐡𝐨𝐨𝐳𝐲 𝐚𝐬 𝐚 𝐒𝐢𝐧𝐠𝐞𝐫 🥰🤣

Smash that ❤️ if I made you smile! 😆✨

#JuankadaAlexchoozy  #CommentYourThoughts #TagAFriend #Followme #KaChooziness! #Juan365 #AllInJuanSaSaya #Juan365Studios #SweetEnergy #DailyBeautyVibes #JuankadaVibes #GoodVibesOnly #AllInJuan #Juan365PH",128,1/7/2026 0:00,N/A,https://www.facebook.com/reel/1877206239567220/,0,0,Videos,,,,,Lifetime,167,120,22,11,11,0,6,6,,,1426.251,11.595,0,0,0,,
1.22111E+17,6.15843E+13,Juankada Alexchoozy,𝐘𝐮𝐧𝐠 𝐬𝐢𝐧𝐚𝐩𝐢𝐚𝐧 𝐤𝐚 𝐧𝐢 𝐖𝐡𝐢𝐭𝐧𝐞𝐲 𝐇𝐨𝐮𝐬𝐭𝐨𝐧,"𝐘𝐮𝐧𝐠 𝐬𝐢𝐧𝐚𝐩𝐢𝐚𝐧 𝐤𝐚 𝐧𝐢 𝐖𝐡𝐢𝐭𝐧𝐞𝐲 𝐇𝐨𝐮𝐬𝐭𝐨𝐧

Tap that ♥️ and comment para hindi ka masapian! 

Music used belongs to its rightful owner. No copyright infringement intended.
#BreakTimeVibes #FeelingSinger #JuankadaAlexchoozy  #CommentYourThoughts #TagAFriend #Followme #KaChooziness! #Juan365 #AllInJuanSaSaya #Juan365Studios #SweetEnergy #DailyBeautyVibes",58,1/6/2026 20:30,N/A,https://www.facebook.com/reel/1586408845814713/,0,0,Videos,,,,,Lifetime,250,160,22,15,6,1,14,14,,,1844.207,9.267,0,0,0,,
1.22111E+17,6.15843E+13,Juankada Alexchoozy,𝐖𝐡𝐞𝐧 𝐛𝐨𝐫𝐞𝐝𝐨𝐦 𝐬𝐭𝐫𝐢𝐤𝐞𝐬 𝐝𝐮𝐫𝐢𝐧𝐠 𝐛𝐫𝐞𝐚𝐤 🤣,"𝐖𝐡𝐞𝐧 𝐛𝐨𝐫𝐞𝐝𝐨𝐦 𝐬𝐭𝐫𝐢𝐤𝐞𝐬 𝐝𝐮𝐫𝐢𝐧𝐠 𝐛𝐫𝐞𝐚𝐤 🤣

Tara, 𝐂𝐡𝐨𝐨𝐳𝐢𝐧𝐞𝐬𝐬, join the fun at Juan365! 🧡💙

#JuankadaAlexchoozy  #CommentYourThoughts #TagAFriend #Followme #KaChooziness! #Juan365 #AllInJuanSaSaya #Juan365Studios #SweetEnergy #DailyBeautyVibes #BreakTimeFun #GoodVibesOnly #MakulayNaSaya",15,1/6/2026 18:00,N/A,https://www.facebook.com/reel/2116962832409436/,0,0,Videos,,,,,Lifetime,281,177,26,15,11,0,13,13,,,1372.702,6.898,0,0,0,,
1.22111E+17,6.15843E+13,Juankada Alexchoozy,"𝑮𝒐𝒐𝒅 𝒎𝒐𝒓𝒏𝒊𝒏𝒈, 𝑲𝒂-𝑪𝒉𝒐𝒐𝒛𝒊𝒏𝒆𝒔𝒔! ✨

Wednesday Energy! 𝐂𝐨𝐥𝐨𝐫𝐠𝐚𝐦𝐞 𝐋𝐢𝐯𝐞 sa 𝐉𝐮𝐚𝐧𝟑𝟔𝟓. Catch us today from 6am to 2pm. Kasama Team Morning Juankada host Drae and Juankada Jedi 🧡💙

👉 Comment HERE kung present ka na at game na makilaro ⬇️

#JuankadaAlexchoozy  #CommentYourThoughts #TagAFriend #Followme #KaChooziness #Juan365 #AllInJuanSaSaya #Juan365Studios #SweetEnergy #DailyBeautyVibes #TeamMorning",,0,1/6/2026 15:41,N/A,https://www.facebook.com/JuankadaAlexchoozyOfficialPage/posts/pfbid028od32M3J6gZfUbczgLusd5M9JHr9PUrY95oUEAQ5LbtLs1qqWQMcz3J8suF2XjbMl,0,0,Photos,,,,,Lifetime,477,207,16,12,2,2,12,6,6,,,,,,,,
1.22111E+17,6.15843E+13,Juankada Alexchoozy,𝐇𝐢𝐧𝐝𝐢 𝐦𝐚𝐰𝐚𝐰𝐚𝐥𝐚𝐧 𝐧𝐠 𝐩𝐚𝐠 𝐚𝐬𝐚 𝐤𝐚𝐩𝐚𝐠 𝐧𝐚𝐧𝐝𝐲𝐚𝐧 𝐤𝐚𝐲𝐨 𝐦𝐠𝐚 𝐊𝐚-𝐜𝐡𝐨𝐨𝐳𝐢𝐧𝐞𝐬,"𝐇𝐢𝐧𝐝𝐢 𝐦𝐚𝐰𝐚𝐰𝐚𝐥𝐚𝐧 𝐧𝐠 𝐩𝐚𝐠 𝐚𝐬𝐚 𝐤𝐚𝐩𝐚𝐠 𝐧𝐚𝐧𝐝𝐲𝐚𝐧 𝐤𝐚𝐲𝐨 𝐦𝐠𝐚 𝐊𝐚-𝐜𝐡𝐨𝐨𝐳𝐢𝐧𝐞𝐬

Click ♥️, mag-comment, at i-share para malaman rin ng iba!

#JuankadaAlexchoozy  #CommentYourThoughts #TagAFriend #Followme #KaChooziness! #Juan365 #AllInJuanSaSaya #Juan365Studios #SweetEnergy #DailyBeautyVibes #GoodVibesOnly #SpreadTheLove #MakulayNaSaya #PositiveVibes",15,1/6/2026 3:00,N/A,https://www.facebook.com/reel/1180392924305002/,0,0,Videos,,,,,Lifetime,184,106,33,18,14,1,1,1,,,819.863,7.129,0,0,0,,
1.22111E+17,6.15843E+13,Juankada Alexchoozy,"𝐁𝐞𝐬𝐭 𝐛𝐥𝐞𝐬𝐬𝐢𝐧𝐠 𝐰𝐞 𝐡𝐚𝐯𝐞 𝐢𝐬 𝐨𝐮𝐫 𝐌𝐨𝐦.

Always love and appreciate your parents, mga Ka-Chooziness! Date muna kami today! 😎✨

#JuankadaAlexchoozy  #CommentYourThoughts #TagAFriend #Followme #KaChooziness! #Juan365 #AllInJuanSaSaya #Juan365Studios #SweetEnergy #DailyBeautyVibes #GoodVibesOnly #Blessed #LoveYourParents",,0,1/6/2026 0:06,N/A,https://www.facebook.com/JuankadaAlexchoozyOfficialPage/posts/pfbid02uo64Kf38irXayYDcaa4TJggjcDMgrnwVBsY2mhPEECU6bqtvDshBpqA1sJRK28m5l,0,0,Photos,,,,,Lifetime,641,288,34,26,7,1,36,21,15,,,,,,,,
1.22111E+17,6.15843E+13,Juankada Alexchoozy,"It's your Juankada, 𝐀𝐥𝐞𝐱𝐜𝐡𝐨𝐨𝐳𝐲! Ang inyong 𝐇𝐎𝐒𝐓 na 𝐖𝐈𝐓𝐓𝐘 at magbibigay ng 𝐒𝐖𝐄𝐑𝐓𝐘. 😎✨","It's your Juankada, 𝐀𝐥𝐞𝐱𝐜𝐡𝐨𝐨𝐳𝐲! Ang inyong 𝐇𝐎𝐒𝐓 na 𝐖𝐈𝐓𝐓𝐘 at magbibigay ng 𝐒𝐖𝐄𝐑𝐓𝐘. 😎✨

Leave a ♥️ and Follow para swertehin kana!!

#JuankadaAlexchoozy  #CommentYourThoughts #TagAFriend #Followme #KaChooziness! #Juan365 #AllInJuanSaSaya #Juan365Studios #SweetEnergy #DailyBeautyVibes #KaChooziness #FunVibes #HostWithTheMost",18,1/5/2026 22:05,N/A,https://www.facebook.com/reel/1406266457901282/,0,0,Videos,,,,,Lifetime,209,162,11,10,0,1,5,5,,,751.166,4.196,0,0,0,,
1.22111E+17,6.15843E+13,Juankada Alexchoozy,"𝐌𝐚𝐢𝐭𝐢𝐦. 𝐌𝐚𝐝𝐢𝐥𝐢𝐦. 𝐓𝐚𝐫𝐚,𝐤𝐮𝐥𝐚𝐲𝐚𝐧 𝐧𝐚𝐭𝐢𝐧! 🎨✨

Sama sama tayo sa 𝐉𝐮𝐚𝐧𝟑𝟔𝟓 𝐜𝐨𝐥𝐨𝐫𝐠𝐚𝐦𝐞 𝐥𝐢𝐯𝐞 mga Ka-Chooziness! 🧡💙

#JuankadaAlexchoozy  #CommentYourThoughts #TagAFriend #Followme #KaChooziness! #Juan365 #AllInJuanSaSaya #Juan365Studios #SweetEnergy #DailyBeautyVibes #MakulayNaSaya #GoodVibesOnly",,0,1/5/2026 18:33,N/A,https://www.facebook.com/JuankadaAlexchoozyOfficialPage/posts/pfbid026LSvAeam1QrGKQ65vGVTXLoFxDG83eWtAfpwUXJL4wHzjinua35V8rF221DRZVDhl,0,0,Photos,,,,,Lifetime,602,257,25,18,6,1,18,13,5,,,,,,,,
1.22111E+17,6.15843E+13,Juankada Alexchoozy,"𝑮𝒐𝒐𝒅 𝒎𝒐𝒓𝒏𝒊𝒏𝒈, 𝑲𝒂-𝑪𝒉𝒐𝒐𝒛𝒊𝒏𝒆𝒔𝒔! ✨

First Tuesday of 2026! Simulan na natin ang good vibes at saya dito sa 𝐂𝐨𝐥𝐨𝐫𝐠𝐚𝐦𝐞 𝐋𝐢𝐯𝐞 sa 𝐉𝐮𝐚𝐧𝟑𝟔𝟓. Catch us today from 6am to 2pm. Kasama Team Morning Juankada host Drae, Juankada Jedi at Juankada Papa Joe 💛

👉 Comment HERE kung present ka na at game na makilaro ⬇️

#JuankadaAlexchoozy  #CommentYourThoughts #TagAFriend #Followme #KaChooziness #Juan365 #AllInJuanSaSaya #Juan365Studios #SweetEnergy #DailyBeautyVibes #TeamMorning #YellowTeam",,0,1/5/2026 14:51,N/A,https://www.facebook.com/JuankadaAlexchoozyOfficialPage/posts/pfbid0ETadcwmZaxCD17Famky3jN5wd65d4H9wjWrUsdHSo5BsyU2koWga362D2ts6dySXl,0,0,Photos,,,,,Lifetime,510,221,20,19,0,1,30,13,17,,,,,,,,
1.22111E+17,6.15843E+13,Juankada Alexchoozy,𝐄𝐏𝟔: 𝐏𝐚𝐬𝐢𝐠 𝐑𝐢𝐯𝐞𝐫 𝐄𝐬𝐩𝐥𝐚𝐧𝐚𝐝𝐞 𝐅𝐨𝐨𝐝 𝐓𝐫𝐢𝐩!,"𝐄𝐏𝟔: 𝐏𝐚𝐬𝐢𝐠 𝐑𝐢𝐯𝐞𝐫 𝐄𝐬𝐩𝐥𝐚𝐧𝐚𝐝𝐞 𝐅𝐨𝐨𝐝 𝐓𝐫𝐢𝐩!

Street food, food trip, at solid vibes by the river 😋🌆

#JuankadaAlexchoozy  #CommentYourThoughts #TagAFriend #Followme #KaChooziness! #Juan365 #AllInJuanSaSaya #Juan365Studios #SweetEnergy #DailyBeautyVibes #EP6 #PasigRiverEsplanade #FoodTrip",48,1/5/2026 4:00,N/A,https://www.facebook.com/reel/813605525063570/,0,0,Videos,,,,,Lifetime,544,179,14,13,1,0,5,5,,,2633.486,5.639,0,0,0,,
1.22111E+17,6.15843E+13,Juankada Alexchoozy,"𝐑𝐞𝐬𝐭𝐝𝐚𝐲 𝐯𝐢𝐛𝐞𝐬! 𝐂𝐡𝐢𝐥𝐥, 𝐫𝐞𝐜𝐡𝐚𝐫𝐠𝐞, 𝐫𝐞𝐩𝐞𝐚𝐭","𝐑𝐞𝐬𝐭𝐝𝐚𝐲 𝐯𝐢𝐛𝐞𝐬! 𝐂𝐡𝐢𝐥𝐥, 𝐫𝐞𝐜𝐡𝐚𝐫𝐠𝐞, 𝐫𝐞𝐩𝐞𝐚𝐭

Tap that ♥️ and follow for more good vibes!

#RestdayVibes #SelfCareMode #JuankadaAlexchoozy  #CommentYourThoughts #TagAFriend #Followme #KaChooziness! #Juan365 #AllInJuanSaSaya #Juan365Studios #SweetEnergy #DailyBeautyVibes",15,1/5/2026 3:00,N/A,https://www.facebook.com/reel/1943718866541335/,0,0,Videos,,,,,Lifetime,204,145,14,12,2,0,0,,,,2099.208,13.286,0,0,0,,
1.22111E+17,6.15843E+13,Juankada Alexchoozy,"𝐄𝐏𝟓: 𝐆𝐞𝐭𝐭𝐢𝐧𝐠 𝐭𝐨 𝐤𝐧𝐨𝐰 𝐀𝐥𝐞𝐱𝐜𝐡𝐨𝐨𝐳𝐲

Leave a ♥️ and comment kung sino ang Idol mo sa kanila? 

#EP5 #Alexchoozy #AskMeAnything #JuankadaAlexchoozy  #CommentYourThoughts #TagAFriend #Followme #KaChooziness! #Juan365 #AllInJuanSaSaya #Juan365Studios #SweetEnergy #DailyBeautyVibes","𝐄𝐏𝟓: 𝐆𝐞𝐭𝐭𝐢𝐧𝐠 𝐭𝐨 𝐤𝐧𝐨𝐰 𝐀𝐥𝐞𝐱𝐜𝐡𝐨𝐨𝐳𝐲

Leave a ♥️ and comment kung sino ang Idol mo sa kanila? 

#EP5 #Alexchoozy #AskMeAnything #JuankadaAlexchoozy  #CommentYourThoughts #TagAFriend #Followme #KaChooziness! #Juan365 #AllInJuanSaSaya #Juan365Studios #SweetEnergy #DailyBeautyVibes",124,1/4/2026 19:18,N/A,https://www.facebook.com/reel/2089367851838118/,0,0,Videos,,,,,Lifetime,168,122,17,16,1,0,7,7,,,1612.432,11.943,0,0,0,,
1.22111E+17,6.15843E+13,Juankada Alexchoozy,"Good morning, Ka-Chooziness! ✨

Simula na ang good vibes at saya today dito sa Juan365 Colorgame Live. Catch us today from 6am to 2pm. Kasama sina Juankada Papa Joe, Juankada Jedi at JuanKada Star.

👉 Comment HERE kung present ka na at game na makilaro ⬇️

#JuankadaAlexchoozy  #CommentYourThoughts #TagAFriend #Followme #KaChooziness #Juan365 #AllInJuanSaSaya #Juan365Studios #SweetEnergy #DailyBeautyVibes",,0,1/4/2026 15:03,N/A,https://www.facebook.com/JuankadaAlexchoozyOfficialPage/posts/pfbid02GcBuNCfMGFfY7Kha6ALuPXotd2di1U2rGXBa6iNuiQTPMrMNxD69Yq89FDFitWNnl,0,0,Photos,,,,,Lifetime,910,396,32,26,2,4,34,16,18,,,,,,,,
1.22111E+17,6.15843E+13,Juankada Alexchoozy,BACK TO WORK,"Tama na ang gala, back to ipon tayo. Monday na bukas, WORK na tayo ulit! Choozy paba??? 🤣 See you all tomorrow mga juankada!

#JuankadaAlexchoozy  #CommentYourThoughts #TagAFriend #Followme #KaChooziness! #Juan365 #AllInJuanSaSaya #Juan365Studios #SweetEnergy #DailyBeautyVibes",29,1/4/2026 6:32,N/A,https://www.facebook.com/reel/742473622254065/,0,0,Videos,,,,,Lifetime,164,115,17,15,1,1,3,3,,,769.87,5.788,0,0,0,,
1.22111E+17,6.15843E+13,Juankada Alexchoozy,"𝐆𝐮𝐬𝐭𝐨 𝐚𝐰𝐚𝐲!! 𝐊𝐚𝐢𝐧 𝐚𝐲𝐚𝐰? Aba, all in sa saya! 🎉","𝐆𝐮𝐬𝐭𝐨 𝐚𝐰𝐚𝐲!! 𝐊𝐚𝐢𝐧 𝐚𝐲𝐚𝐰? Aba, all in sa saya! 🎉

Tara na, Ka-Chooziness, mag-enjoy tayo! 🧡💙

#JuankadaAlexchoozy  #CommentYourThoughts #TagAFriend #Followme #KaChooziness! #Juan365 #AllInJuanSaSaya #Juan365Studios #SweetEnergy #DailyBeautyVibes #MakulayNaSaya #FunMode",29,1/4/2026 2:00,N/A,https://www.facebook.com/reel/2231752854250733/,0,0,Videos,,,,,Lifetime,224,157,30,24,6,0,20,20,,,1382.402,7.99,0,0,0,,
1.22111E+17,6.15843E+13,Juankada Alexchoozy,"𝐋𝐞𝐭’𝐬 𝐝𝐚𝐧𝐜𝐞 𝐚𝐧𝐝 𝐞𝐧𝐣𝐨𝐲, 𝐊𝐚-𝐂𝐡𝐨𝐨𝐳𝐢𝐧𝐞𝐬𝐬","𝐋𝐞𝐭’𝐬 𝐝𝐚𝐧𝐜𝐞 𝐚𝐧𝐝 𝐞𝐧𝐣𝐨𝐲, 𝐊𝐚-𝐂𝐡𝐨𝐨𝐳𝐢𝐧𝐞𝐬𝐬!

Hit ❤️ kung ready ka na sa good vibes! ✨

 #JuankadaVibes #GoodVibesOnly #FeelTheVibes #DanceMode #JuankadaAlexchoozy #CommentYourThoughts #TagAFriend #Followme #KaChooziness! #Juan365 #AllInJuanSaSaya #Juan365Studios #SweetEnergy #DailyBeautyVibes",15,1/3/2026 23:04,N/A,https://www.facebook.com/reel/1531720057942254/,0,0,Videos,,,,,Lifetime,342,235,23,20,3,0,31,31,,,2082.351,8.329,0,0,0,,
1.22111E+17,6.15843E+13,Juankada Alexchoozy,𝑺𝑼𝑵𝑫𝑨𝒀 𝒊𝒔 💚,"𝑺𝑼𝑵𝑫𝑨𝒀 𝒊𝒔 💚

Let’s make our SUNDAY a fruitful JUAN! Inhale, exhale at bukas, BACK to WORK na! Kayod na tayo ulit! See you tom mga ka-chooziness! All in JUAN sa SAYA ang everyJUAN! 🥰

#JuankadaAlexchoozy  #CommentYourThoughts #TagAFriend #Followme #KaChooziness! #Juan365 #AllInJuanSaSaya #Juan365Studios #SweetEnergy #DailyBeautyVibes",34,1/3/2026 19:16,N/A,https://www.facebook.com/reel/1882152469077005/,0,0,Videos,,,,,Lifetime,130,99,12,12,0,0,5,5,,,668.364,5.914,0,0,0,,
1.22111E+17,6.15843E+13,Juankada Alexchoozy,COLORGAME ❤️💚🩷🤍💙💛,"Ka-chooziness! It’s a COLORFUL SUNDAY! Ano sa tingen mo ang KULAY that best describes you? Pakulitan tayo ng sagot!

TARA! Magtawanan tayo 🤣

#JuankadaAlexchoozy  #CommentYourThoughts #TagAFriend #Followme #KaChooziness #Juan365 #AllInJuanSaSaya #Juan365Studios #SweetEnergy #DailyBeautyVibes",36,1/3/2026 16:00,N/A,https://www.facebook.com/reel/1359256842547950/,0,0,Videos,,,,,Lifetime,135,96,14,13,0,1,4,4,,,672.385,5.95,0,0,0,,
1.2211E+17,6.15843E+13,Juankada Alexchoozy,"Ka-Chooziness! 6 colors, 1 choice anong trip mo ngayon?

Alin sa kulay ang swak sa feelings mo tonight? I-Comment na yan at piliin natin ang pinaka nakakatawang sagot o hugot? 🤣

#JuankadaAlexchoozy  #CommentYourThoughts #TagAFriend #Followme #KaChooziness! #Juan365 #AllInJuanSaSaya #Juan365Studios #SweetEnergy #DailyBeautyVibes #ColorTrip #PinakaNakakatawa #CommentGame #FunVibes #TrendingNow",,0,1/3/2026 6:19,N/A,https://www.facebook.com/JuankadaAlexchoozyOfficialPage/posts/pfbid05aDcAZB6cBaWPA9qmJPfFtxrEFTrb3QaPQB7UqeZ2NTeZjGGPh1cKng1LgAz4yUKl,0,0,Photos,,,,,Lifetime,525,242,22,17,2,3,13,2,11,,,,,,,,
1.2211E+17,6.15843E+13,Juankada Alexchoozy,NANDITO AKO 🥰,"“Ngunit ganun pa man, nais kong malaman mo, Ang puso kong ito’y para lang sayo”

Sabado-Oke tayo Juankada, sa Lunes, kakantahan ko ulit kayo. Miss you all 🥰

#JuankadaAlexchoozy  #CommentYourThoughts #TagAFriend #Followme #KaChooziness #Juan365 #AllInJuanSaSaya #Juan365Studios #SweetEnergy #DailyBeautyVibes",41,1/3/2026 0:31,N/A,https://www.facebook.com/reel/1446191056864412/,0,0,Videos,,,,,Lifetime,231,159,20,17,2,1,5,5,,,1505.165,8.455,0,0,0,,
1.2211E+17,6.15843E+13,Juankada Alexchoozy,"Hi Juankada, today is my restday pero di tayo titigil to give FUN and SHARE our Talent to everyJUAN. Sharing you some clips from my Hosting Gig. See you all on Monday 🥰 

#JuankadaAlexchoozy  #CommentYourThoughts #TagAFriend #Followme #KaChooziness! #Juan365 #AllInJuanSaSaya #Juan365Studios #SweetEnergy #DailyBeautyVibes","Hi Juankada, today is my restday pero di tayo titigil to give FUN and SHARE our Talent to everyJUAN. Sharing you some clips from my Hosting Gig. See you all on Monday 🥰 

#JuankadaAlexchoozy  #CommentYourThoughts #TagAFriend #Followme #KaChooziness! #Juan365 #AllInJuanSaSaya #Juan365Studios #SweetEnergy #DailyBeautyVibes",78,1/2/2026 18:50,N/A,https://www.facebook.com/reel/962830533003582/,0,0,Videos,,,,,Lifetime,226,138,32,22,9,1,8,8,,,1936.552,10.64,0,0,0,,
1.2211E+17,6.15843E+13,Juankada Alexchoozy,Juankada Alexchoozy updated his cover photo.,,0,1/2/2026 18:39,N/A,https://www.facebook.com/photo.php?fbid=122110408779144249&set=a.122095215045144249&type=3,0,0,Photos,,,,,Lifetime,2,1,26,24,2,0,0,,,,,,,,,,
1.2211E+17,6.15843E+13,Juankada Alexchoozy,"𝗙𝗶𝗿𝘀𝘁 𝗧𝗚𝗜𝗙 𝗳𝗼𝗿 𝟮𝟬𝟮𝟲! Let’s make this day 𝐂𝐎𝐋𝐎𝐑𝐅𝐔𝐋 and 𝐖𝐎𝐍𝐃𝐄𝐑𝐅𝐔𝐋 🥰🌈

Catch me here in 𝐂𝐨𝐥𝐨𝐫 𝐆𝐚𝐦𝐞 𝐋𝐢𝐯𝐞 from 6AM–2PM! See you, mga Ka-Chooziness 🧡💙

#TGIF2026 #ColorGameLive #Juan365PH #KaChooziness #JuankadaVibes #ColorfulDay #AllInJuanLive #Juan365Studios #Juan365 #ALLINJUANLIVE #JuankadaHosts #JuankadaAlexchoozy #KaChooziness","𝗙𝗶𝗿𝘀𝘁 𝗧𝗚𝗜𝗙 𝗳𝗼𝗿 𝟮𝟬𝟮𝟲! Let’s make this day 𝐂𝐎𝐋𝐎𝐑𝐅𝐔𝐋 and 𝐖𝐎𝐍𝐃𝐄𝐑𝐅𝐔𝐋 🥰🌈

Catch me here in 𝐂𝐨𝐥𝐨𝐫 𝐆𝐚𝐦𝐞 𝐋𝐢𝐯𝐞 from 6AM–2PM! See you, mga Ka-Chooziness 🧡💙

#TGIF2026 #ColorGameLive #Juan365PH #KaChooziness #JuankadaVibes #ColorfulDay #AllInJuanLive #Juan365Studios #Juan365 #ALLINJUANLIVE #JuankadaHosts #JuankadaAlexchoozy #KaChooziness",29,1/1/2026 20:01,N/A,https://www.facebook.com/reel/1170557828398733/,0,0,Videos,,,,,Lifetime,186,135,11,11,0,0,5,5,,,927.431,6.022,0,0,0,,
1.2211E+17,6.15843E+13,Juankada Alexchoozy,"Muli nating balikan ang makulay at masayang 𝑪𝒐𝒍𝒐𝒓 𝑮𝒂𝒎𝒆 kahapon! Isang solid na simula para sa unang araw ng 2026. Salamat Juankada sa walang kupas na saya at energy! 💖🔥

Comment kung nanuod ka | ❤️ React kung ready ulit!

#Juan365PH #ColorGame #JuankadaVibes #2026Start #AllInJuanLive #ColorfulDay #Juan365Studios #Juan365 #ALLINJUANLIVE #JuankadaHosts #JuankadaAlexchoozy #KaChooziness","Muli nating balikan ang makulay at masayang 𝑪𝒐𝒍𝒐𝒓 𝑮𝒂𝒎𝒆 kahapon! Isang solid na simula para sa unang araw ng 2026. Salamat Juankada sa walang kupas na saya at energy! 💖🔥

Comment kung nanuod ka | ❤️ React kung ready ulit!

#Juan365PH #ColorGame #JuankadaVibes #2026Start #AllInJuanLive #ColorfulDay #Juan365Studios #Juan365 #ALLINJUANLIVE #JuankadaHosts #JuankadaAlexchoozy #KaChooziness",55,1/1/2026 18:40,N/A,https://www.facebook.com/reel/2236221213568818/,0,0,Videos,,,,,Lifetime,184,119,13,12,0,1,3,3,,,1189.844,7.578,0,0,0,,
1.2211E+17,6.15843E+13,Juankada Alexchoozy,"𝐉𝐮𝐚𝐧𝟑𝟔𝟓 : 𝟏𝐬𝐭 𝐝𝐚𝐲 𝐨𝐟 𝟑𝟔𝟓 𝐝𝐚𝐲𝐬 (𝟏/𝟑𝟔𝟓)

Mga juankada at ka-chooziness! Sabay-sabay nating simulan paikutin ang ating kapalaran. Let’s start 2026 with full of Fun, Excitement and Good Vibes! 😎 

👉 Let’s make our lives 𝑪𝑶𝑳𝑶𝑹𝑭𝑼𝑳. 𝑫𝒐𝒖𝒃𝒍𝒆 𝒕𝒉𝒆 𝑭𝒖𝒏, 𝑻𝒓𝒊𝒑𝒍𝒆 𝒕𝒉𝒆 𝑬𝒙𝒄𝒊𝒕𝒆𝒎𝒆𝒏𝒕 with 𝑪𝑶𝑳𝑶𝑹𝑮𝑨𝑴𝑬 𝑳𝑰𝑽𝑬 only in 𝑱𝑼𝑨𝑵365.

#Juan365Studios #Juan365 #ALLINJUANLIVE #JuankadaHosts #JuankadaAlexchoozy #KaChooziness! #1of365 #NewBeginnings #GoodVibesOnly #DayOne #FreshStart #TrendingNow",,0,12/31/2025 21:06,N/A,https://www.facebook.com/JuankadaAlexchoozyOfficialPage/posts/pfbid0paU63HZoe6xXnttP6y1wzDLXpW71e6nA8oQCyNVJRu6yHLmF1J4tpbeDZZTFbsHvl,0,0,Photos,,,,,Lifetime,1098,426,24,22,1,1,11,10,1,,,,,,,,
1.2211E+17,6.15843E+13,Juankada Alexchoozy,𝐖𝐞𝐥𝐜𝐨𝐦𝐞 𝟐𝟎𝟐𝟔!,"𝐌𝐠𝐚 𝐤𝐚-𝐂𝐡𝐨𝐨𝐳𝐢𝐧𝐞𝐬𝐬!🎉

Simulan natin ang 2026 nang COLORFUL at puno ng GAMEFUL moments!

Watch and play kasama kami sa COLORGAME LIVE, exclusively sa JUAN365! 💚💙❤️🤍💛🩷

𝐀𝐋𝐋 𝐢𝐧 𝐉𝐔𝐀𝐍 𝐬𝐚 𝐬𝐚𝐲𝐚! ✨

#ColorGameLive #GoodVibesOnly #Gameful2026 #KulitanTime #LiveFun #TrendingNow #JuanKada #EntertainmentPH #Juan365Studios #Juan365 #ALLINJUANLIVE #JuankadaHosts #JuankadaAlexchoozy #KaChooziness!",21,12/31/2025 18:00,N/A,https://www.facebook.com/reel/4321914381427900/,0,0,Videos,,,,,Lifetime,219,139,15,12,3,0,11,11,,,869.281,5.365,0,0,0,,
1.2211E+17,6.15843E+13,Juankada Alexchoozy,HAPPY NEW YEAR! WELCOME 2026!,"From your @[61584327477246:2048:Juankada Alexchoozy], mga Ka-Chooziness, Happy, Happy New Year! 🎉🥂 HELLO 2026! 

Follow me for more saya and good vibes this year! ❤️💙

#KaChooziness #Juankada #HappyNewYear #NewYearVibes #GoodVibesOnly #NewYearNewGoals #JuankadaVibes #GoalSetter #Juan365Studios #Juan365 #ALLINJUANLIVE #JuankadaHosts #JuankadaAlexchoozy",53,12/31/2025 8:30,N/A,https://www.facebook.com/reel/2047573482733049/,0,0,Videos,,,,,Lifetime,202,146,19,19,0,0,9,9,,,1752.577,10.885,0,0,0,,
1.22107E+17,6.15851E+13,Juankada Charm,"Hi Lucky Charms! ✨

Nabigyan ba lahat ng saya at swerte sa ating live kagabi na hatid sainyo ng inyong Lucky Charm? Hopefully, YES! 

Drop a ""😘"" para sa mas madami pang lucky charms sa atin susunod na live!

#Juan365Studios #Juan365 #ALLINJUANSASAYA #JuankadaHosts #JuankadaCharm #LuckyCharms","Hi Lucky Charms! ✨

Nabigyan ba lahat ng saya at swerte sa ating live kagabi na hatid sainyo ng inyong Lucky Charm? Hopefully, YES! 

Drop a ""😘"" para sa mas madami pang lucky charms sa atin susunod na live!

#Juan365Studios #Juan365 #ALLINJUANSASAYA #JuankadaHosts #JuankadaCharm #LuckyCharms",19,12/31/2025 0:30,N/A,https://www.facebook.com/reel/1569905794052995/,0,0,Videos,,,,,Lifetime,138,99,14,14,0,0,3,3,,,931.96,9.136,0,0,0,,
1.22115E+17,6.15851E+13,Juankada Charm,"No no no! 🙅‍♀️

Pero pag ikaw... 🫣

#Juan365Studios #Juan365 #ALLINJUANSASAYA #JuankadaHosts #JuankadaCharm #LuckyCharms","No no no! 🙅‍♀️

Pero pag ikaw... 🫣

#Juan365Studios #Juan365 #ALLINJUANSASAYA #JuankadaHosts #JuankadaCharm #LuckyCharms",11,2/2/2026 23:00,N/A,https://www.facebook.com/reel/1591096975417373/,0,0,Videos,,,,,Lifetime,112,83,4,3,1,0,1,1,,,446.446,4.96,0,0,0,,
1.22115E+17,6.15851E+13,Juankada Charm,"Sexy color for a sexy girl! 🤭

Agree ba kayo. Lucky Charms? ✨

#Juan365Studios #Juan365 #ALLINJUANSASAYA #JuankadaHosts #JuankadaCharm #LuckyCharms","Sexy color for a sexy girl! 🤭

Agree ba kayo. Lucky Charms? ✨

#Juan365Studios #Juan365 #ALLINJUANSASAYA #JuankadaHosts #JuankadaCharm #LuckyCharms",16,2/2/2026 1:00,N/A,https://www.facebook.com/reel/881159014846167/,0,0,Videos,,,,,Lifetime,61,43,7,6,1,0,4,4,,,284.507,6.184,0,0,0,,
1.22115E+17,6.15851E+13,Juankada Charm,"Ano ba talaga? 🤨

Pakisagot nga! 😠

#Juan365Studios #Juan365 #ALLINJUANSASAYA #JuankadaHosts #JuankadaCharm #LuckyCharms","Ano ba talaga? 🤨

Pakisagot nga! 😠

#Juan365Studios #Juan365 #ALLINJUANSASAYA #JuankadaHosts #JuankadaCharm #LuckyCharms",12,2/1/2026 22:00,N/A,https://www.facebook.com/reel/1429447118850096/,0,0,Videos,,,,,Lifetime,146,120,5,4,1,0,3,3,,,609.901,4.918,0,0,0,,
1.22115E+17,6.15851E+13,Juankada Charm,"✨Hi Lucky Charms!✨

Naka-follow na ba ang lahat? 

Share niyo na sainyong friends and family para mas lumaki ang ating mabibigyan ng LUCKY CHARMS!🍀

#Juan365Studios #Juan365 #ALLINJUANSASAYA #JuankadaHosts #JuankadaCharm #LuckyCharms",,0,2/1/2026 20:00,N/A,https://www.facebook.com/permalink.php?story_fbid=pfbid0ggLCcL6LyAbQRqouEPs7bPSZ2hyKwhZmD2LvVDqCr4VjLjgxAScskFrLBYPSKj3vl&id=61585109026232,0,0,Photos,,,,,Lifetime,638,300,48,37,8,3,43,36,7,,,,,,,,
1.22115E+17,6.15851E+13,Juankada Charm,Lucky CHARM activated✨ #juan365,,0,1/31/2026 23:38,N/A,https://www.facebook.com/photo.php?fbid=122114762187170300&set=a.122102997399170300&type=3,0,0,Photos,,,,,Lifetime,140,69,17,17,0,0,3,3,,,,,,,,,
1.22115E+17,6.15851E+13,Juankada Charm,Juankada Charm updated their cover photo.,,0,1/31/2026 23:35,N/A,https://www.facebook.com/photo.php?fbid=122114761671170300&set=a.122103022167170300&type=3,0,0,Photos,,,,,Lifetime,0,0,8,7,1,0,0,,,,,,,,,,
1.22115E+17,6.15851E+13,Juankada Charm,"Basahin niyo yung POV, Lucky Charms!!! ✨

Be better everyday! 💖

#Juan365Studios #Juan365 #ALLINJUANSASAYA #JuankadaHosts #JuankadaCharm #LuckyCharms","Basahin niyo yung POV, Lucky Charms!!! ✨

Be better everyday! 💖

#Juan365Studios #Juan365 #ALLINJUANSASAYA #JuankadaHosts #JuankadaCharm #LuckyCharms",14,1/31/2026 2:00,N/A,https://www.facebook.com/reel/881312228162226/,0,0,Videos,,,,,Lifetime,320,260,8,7,1,0,3,3,,,1917.874,7.404,0,0,0,,
1.22115E+17,6.15851E+13,Juankada Charm,"Simple lang naman ako 🫡

Hindi naman sa nagpaparinig...

#Juan365Studios #Juan365 #ALLINJUANSASAYA #JuankadaHosts #JuankadaCharm #LuckyCharms","Simple lang naman ako 🫡

Hindi naman sa nagpaparinig...

#Juan365Studios #Juan365 #ALLINJUANSASAYA #JuankadaHosts #JuankadaCharm #LuckyCharms",14,1/30/2026 22:00,N/A,https://www.facebook.com/reel/1635305724586495/,0,0,Videos,,,,,Lifetime,152,122,10,9,1,0,4,4,,,755.826,6.144,0,0,0,,
1.22114E+17,6.15851E+13,Juankada Charm,"Paano na yan? SAGUTIN MO!!! 🤭

#Juan365Studios #Juan365 #ALLINJUANSASAYA #JuankadaHosts #JuankadaCharm #LuckyCharms","Paano na yan? SAGUTIN MO!!! 🤭

#Juan365Studios #Juan365 #ALLINJUANSASAYA #JuankadaHosts #JuankadaCharm #LuckyCharms",16,1/30/2026 2:00,N/A,https://www.facebook.com/reel/1577996926845350/,0,0,Videos,,,,,Lifetime,172,131,10,7,3,0,5,5,,,892.862,6.287,0,0,0,,
1.22114E+17,6.15851E+13,Juankada Charm,"Billiard girlie! 🎱

Sino lalaban diyan? 🤔

#Juan365Studios #Juan365 #ALLINJUANSASAYA #JuankadaHosts #JuankadaCharm #LuckyCharms",,0,1/29/2026 23:00,N/A,https://www.facebook.com/permalink.php?story_fbid=pfbid028AP5VEg9XRLDBHecJQP2QMy4CoAmnU5j7RZLrTSqRcigSUhjZdnz4991Qe8x55h9l&id=61585109026232,0,0,Photos,,,,,Lifetime,291,126,18,15,2,1,22,15,7,,,,,,,,
1.22114E+17,6.15851E+13,Juankada Charm,"SABIHIN NIYO NGA! 😆

Where do they hide away? 🤔

#Juan365Studios #Juan365 #ALLINJUANSASAYA #JuankadaHosts #JuankadaCharm #LuckyCharms","SABIHIN NIYO NGA! 😆

Where do they hide away? 🤔

#Juan365Studios #Juan365 #ALLINJUANSASAYA #JuankadaHosts #JuankadaCharm #LuckyCharms",16,1/29/2026 0:00,N/A,https://www.facebook.com/reel/1212633457112595/,0,0,Videos,,,,,Lifetime,128,85,20,16,4,0,6,6,,,838.447,9.015,0,0,0,,
1.22114E+17,6.15851E+13,Juankada Charm,"Totoo naman diba? 🤔

Agree sila oh!!!

#Juan365Studios #Juan365 #ALLINJUANSASAYA #JuankadaHosts #JuankadaCharm #LuckyCharms","Totoo naman diba? 🤔

Agree sila oh!!!

#Juan365Studios #Juan365 #ALLINJUANSASAYA #JuankadaHosts #JuankadaCharm #LuckyCharms",14,1/28/2026 21:00,N/A,https://www.facebook.com/reel/866795742639332/,0,0,Videos,,,,,Lifetime,119,70,9,9,0,0,3,3,,,687.297,7.991,0,0,0,,
1.22114E+17,6.15851E+13,Juankada Charm,"Shoutout sa Magic Sarap! 😝

#Juan365Studios #Juan365 #ALLINJUANSASAYA #JuankadaHosts #JuankadaCharm #LuckyCharms","Shoutout sa Magic Sarap! 😝

#Juan365Studios #Juan365 #ALLINJUANSASAYA #JuankadaHosts #JuankadaCharm #LuckyCharms",12,1/28/2026 2:00,N/A,https://www.facebook.com/reel/909401698265719/,0,0,Videos,,,,,Lifetime,1366,972,8,8,0,0,1,1,,,7719.99,7.509,0,0,0,,
1.22114E+17,6.15851E+13,Juankada Charm,"Uy wala pang 20% yan! 🤪

Gusto niyo ba makita ang 100%?

#Juan365Studios #Juan365 #ALLINJUANSASAYA #JuankadaHosts #JuankadaCharm #LuckyCharms","Uy wala pang 20% yan! 🤪

Gusto niyo ba makita ang 100%?

#Juan365Studios #Juan365 #ALLINJUANSASAYA #JuankadaHosts #JuankadaCharm #LuckyCharms",10,1/28/2026 0:00,N/A,https://www.facebook.com/reel/1659612198341574/,0,0,Videos,,,,,Lifetime,112,78,5,5,0,0,1,1,,,503.243,5.784,0,0,0,,
1.22114E+17,6.15851E+13,Juankada Charm,"Work is life nalang tayo, Lucky Charms!😜🤘

#Juan365Studios #Juan365 #ALLINJUANSASAYA #JuankadaHosts #JuankadaCharm #LuckyCharms","Work is life nalang tayo, Lucky Charms!😜🤘

#Juan365Studios #Juan365 #ALLINJUANSASAYA #JuankadaHosts #JuankadaCharm #LuckyCharms",9,1/27/2026 21:00,mixed,https://www.facebook.com/reel/1395128462352757/,0,0,Videos,,,,,Lifetime,128,92,5,4,1,0,2,2,,,445.092,4.363,0,0,0,,
1.22114E+17,6.15851E+13,Juankada Charm,"A look back on our photoshoot the last time around!📸💖

#Juan365Studios #Juan365 #ALLINJUANSASAYA #JuankadaHosts #JuankadaCharm #LuckyCharms","A look back on our photoshoot the last time around!📸💖

#Juan365Studios #Juan365 #ALLINJUANSASAYA #JuankadaHosts #JuankadaCharm #LuckyCharms",10,1/27/2026 2:00,N/A,https://www.facebook.com/reel/3015190145356441/,0,0,Videos,,,,,Lifetime,136,116,6,6,0,0,1,1,,,456.908,4.043,0,0,0,,
1.22114E+17,6.15851E+13,Juankada Charm,"Another BTS content from our live the other day!✨

#Juan365Studios #Juan365 #ALLINJUANSASAYA #JuankadaHosts #JuankadaCharm #LuckyCharms","Another BTS content from our live the other day!✨

#Juan365Studios #Juan365 #ALLINJUANSASAYA #JuankadaHosts #JuankadaCharm #LuckyCharms",25,1/27/2026 0:00,N/A,https://www.facebook.com/reel/1313694307188444/,0,0,Videos,,,,,Lifetime,150,113,10,9,1,0,5,5,,,723.59,5.742,0,0,0,,
1.22114E+17,6.15851E+13,Juankada Charm,"Comment na, Lucky Charms!",,0,1/26/2026 23:05,N/A,https://www.facebook.com/permalink.php?story_fbid=pfbid02Z852WZoW9gVx6xQaRoLgVfyAYQA8rb5wnLHCPz7pkT91rBmGKPf5reA2DDUaZ84Ql&id=61585109026232,0,1,Photos,,,,,Lifetime,380,130,40,20,14,6,69,54,15,,,,,,,,
1.22114E+17,6.15851E+13,Juankada Charm,"Feelin' myself BTS ng photoshoot natin!💖✨

#Juan365Studios #Juan365 #ALLINJUANSASAYA #JuankadaHosts #JuankadaCharm #LuckyCharms","Feelin' myself BTS ng photoshoot natin!💖✨

#Juan365Studios #Juan365 #ALLINJUANSASAYA #JuankadaHosts #JuankadaCharm #LuckyCharms",10,1/26/2026 2:00,N/A,https://www.facebook.com/reel/33993650963559520/,0,0,Videos,,,,,Lifetime,81,47,5,4,1,0,4,4,,,320.481,5.525,0,0,0,,
1.22114E+17,6.15851E+13,Juankada Charm,"Sa mga kapwa kong maldita diyan...🤨

Wag na tayong umasa na may bulaklak ah!💐

#Juan365Studios #Juan365 #ALLINJUANSASAYA #JuankadaHosts #JuankadaCharm #LuckyCharms","Sa mga kapwa kong maldita diyan...🤨

Wag na tayong umasa na may bulaklak ah!💐

#Juan365Studios #Juan365 #ALLINJUANSASAYA #JuankadaHosts #JuankadaCharm #LuckyCharms",16,1/26/2026 0:00,N/A,https://www.facebook.com/reel/919287870657907/,0,0,Videos,,,,,Lifetime,63,36,6,5,1,0,3,3,,,230.857,4.275,0,0,0,,
1.22114E+17,6.15851E+13,Juankada Charm,"Wala lang. Ganun talaga!😆

Agree ba kayo Lucky Charms?🤔

#Juan365Studios #Juan365 #ALLINJUANSASAYA #JuankadaHosts #JuankadaCharm #LuckyCharms","Wala lang. Ganun talaga!😆

Agree ba kayo Lucky Charms?🤔

#Juan365Studios #Juan365 #ALLINJUANSASAYA #JuankadaHosts #JuankadaCharm #LuckyCharms",13,1/25/2026 21:00,N/A,https://www.facebook.com/reel/901479265670884/,0,0,Videos,,,,,Lifetime,160,101,8,5,3,0,7,7,,,779.373,6.041,0,0,0,,
1.22114E+17,6.15851E+13,Juankada Charm,"Shout out sa mga Lucky Charms ko diyan na lumalaban na kahit di na sila! 🤭

Maligo din kayo kahit maginaw ah! 😆🥶

#Juan365Studios #Juan365 #ALLINJUANSASAYA #JuankadaHosts #JuankadaCharm #LuckyCharms","Shout out sa mga Lucky Charms ko diyan na lumalaban na kahit di na sila! 🤭

Maligo din kayo kahit maginaw ah! 😆🥶

#Juan365Studios #Juan365 #ALLINJUANSASAYA #JuankadaHosts #JuankadaCharm #LuckyCharms",16,1/25/2026 2:00,N/A,https://www.facebook.com/reel/1210917451225845/,0,0,Videos,,,,,Lifetime,140,86,10,6,4,0,1,1,,,966.347,8.865,0,0,0,,
1.22114E+17,6.15851E+13,Juankada Charm,"HipHop fit for yesterday's live! 🎧💥

Eyya worthy ba? 🤙

#Juan365Studios #Juan365 #ALLINJUANSASAYA #JuankadaHosts #JuankadaCharm #LuckyCharms","HipHop fit for yesterday's live! 🎧💥

Eyya worthy ba? 🤙

#Juan365Studios #Juan365 #ALLINJUANSASAYA #JuankadaHosts #JuankadaCharm #LuckyCharms",14,1/25/2026 0:00,N/A,https://www.facebook.com/reel/2085854865583926/,0,0,Videos,,,,,Lifetime,132,87,8,7,1,0,4,4,,,678.713,6.719,0,0,0,,
1.22114E+17,6.15851E+13,Juankada Charm,"Pinalaki ng Sexbomb pero kung sumayaw parang sinabuyan ng asin!😆

More dance covers ba Lucky Charms?💃

#Juan365Studios #Juan365 #ALLINJUANSASAYA #JuankadaHosts #JuankadaCharm #LuckyCharms","Pinalaki ng Sexbomb pero kung sumayaw parang sinabuyan ng asin!😆

More dance covers ba Lucky Charms?💃

#Juan365Studios #Juan365 #ALLINJUANSASAYA #JuankadaHosts #JuankadaCharm #LuckyCharms",15,1/24/2026 21:00,N/A,https://www.facebook.com/reel/3087414074785676/,0,0,Videos,,,,,Lifetime,219,140,11,10,1,0,6,6,,,1408.546,9.206,0,0,0,,
1.22113E+17,6.15851E+13,Juankada Charm,"Please lang, hindi po ako manghuhula!🤨

Tag niyo na friend niyong hindi makumpleto ang tanong!😆

#Juan365Studios #Juan365 #ALLINJUANSASAYA #JuankadaHosts #JuankadaCharm #LuckyCharms","Please lang, hindi po ako manghuhula!🤨

Tag niyo na friend niyong hindi makumpleto ang tanong!😆

#Juan365Studios #Juan365 #ALLINJUANSASAYA #JuankadaHosts #JuankadaCharm #LuckyCharms",16,1/24/2026 3:00,N/A,https://www.facebook.com/reel/1605996200398063/,0,0,Videos,,,,,Lifetime,125,92,12,8,3,1,6,6,,,701.444,6.744,0,0,0,,
1.22113E+17,6.15851E+13,Juankada Charm,"Uy Lucky Charms!✨

Ang ganda ng panaginip ko!😴

Sana ganun lang kadali no?😆

#Juan365Studios #Juan365 #ALLINJUANSASAYA #JuankadaHosts #JuankadaCharm #LuckyCharms","Uy Lucky Charms!✨

Ang ganda ng panaginip ko!😴

Sana ganun lang kadali no?😆

#Juan365Studios #Juan365 #ALLINJUANSASAYA #JuankadaHosts #JuankadaCharm #LuckyCharms",13,1/24/2026 0:00,N/A,https://www.facebook.com/reel/1191456303165949/,0,0,Videos,,,,,Lifetime,105,64,12,7,4,1,10,10,,,398.991,4.925,0,0,0,,
1.22113E+17,6.15851E+13,Juankada Charm,"✨Uy Lucky Charms!✨

Ngayong gabi, ano ang plans niyo?🤔

#Juan365Studios #Juan365 #ALLINJUANSASAYA #JuankadaHosts #JuankadaCharm #LuckyCharms","✨Uy Lucky Charms!✨

Ngayong gabi, ano ang plans niyo?🤔

#Juan365Studios #Juan365 #ALLINJUANSASAYA #JuankadaHosts #JuankadaCharm #LuckyCharms",16,1/23/2026 3:00,N/A,https://www.facebook.com/reel/864661616453237/,0,0,Videos,,,,,Lifetime,75,46,11,7,3,1,4,4,,,323.029,5.667,0,0,0,,
1.22113E+17,6.15851E+13,Juankada Charm,"✨Hi Lucky Charms!✨

Sa totoo lang, gusto ko matulog pero...

Mas gusto kita!!!😆

#Juan365Studios #Juan365 #ALLINJUANSASAYA #JuankadaHosts #JuankadaCharm #LuckyCharms","✨Hi Lucky Charms!✨

Sa totoo lang, gusto ko matulog pero...

Mas gusto kita!!!😆

#Juan365Studios #Juan365 #ALLINJUANSASAYA #JuankadaHosts #JuankadaCharm #LuckyCharms",10,1/23/2026 0:00,N/A,https://www.facebook.com/reel/1448347676888822/,0,0,Videos,,,,,Lifetime,82,56,6,5,1,0,3,3,,,224.221,3.346,0,0,0,,
1.22113E+17,6.15851E+13,Juankada Charm,"You need to get done done done🎵🎶

Sorry na! Na-LSS lang ako Lucky Charms!✨

Work work work tayo Lucky Charms ah!🫡

#Juan365Studios #Juan365 #ALLINJUANSASAYA #JuankadaHosts #JuankadaCharm #LuckyCharms","You need to get done done done🎵🎶

Sorry na! Na-LSS lang ako Lucky Charms!✨

Work work work tayo Lucky Charms ah!🫡

#Juan365Studios #Juan365 #ALLINJUANSASAYA #JuankadaHosts #JuankadaCharm #LuckyCharms",9,1/22/2026 4:00,N/A,https://www.facebook.com/reel/1790493931611875/,0,0,Videos,,,,,Lifetime,152,113,4,4,0,0,0,,,,549.577,4.579,0,0,0,,
1.22113E+17,6.15851E+13,Juankada Charm,"✨Hi there, Lucky Charms!✨

I just keep on slaying even with glasses on👓

20/20 ba ang vision niyo Lucky Charms pag nakikita niyo ako?🤭

#Juan365Studios #Juan365 #ALLINJUANSASAYA #JuankadaHosts #JuankadaCharm #LuckyCharms","✨Hi there, Lucky Charms!✨

I just keep on slaying even with glasses on👓

20/20 ba ang vision niyo Lucky Charms pag nakikita niyo ako?🤭

#Juan365Studios #Juan365 #ALLINJUANSASAYA #JuankadaHosts #JuankadaCharm #LuckyCharms",9,1/22/2026 0:00,N/A,https://www.facebook.com/reel/1161861519352490/,0,0,Videos,,,,,Lifetime,90,52,9,8,1,0,5,5,,,326.221,5.018,0,0,0,,
1.22113E+17,6.15851E+13,Juankada Charm,"Who's the fairest?

Kapag ang sagot mo ay ""Us"", agree na agree ako diyan! 🤭

#Juan365Studios #Juan365 #ALLINJUANSASAYA #JuankadaHosts #JuankadaCharm #LuckyCharms","Who's the fairest?

Kapag ang sagot mo ay ""Us"", agree na agree ako diyan! 🤭

#Juan365Studios #Juan365 #ALLINJUANSASAYA #JuankadaHosts #JuankadaCharm #LuckyCharms",16,1/21/2026 21:00,N/A,https://www.facebook.com/reel/885384847533857/,0,0,Videos,,,,,Lifetime,51,37,7,6,1,0,2,2,,,166.142,3.775,0,0,0,,
1.22113E+17,6.15851E+13,Juankada Charm,"✨Lucky Charms!✨

Sasama ba kayo sakin pag pinahawak ko sainyo ang aking kamay?😘

#Juan365Studios #Juan365 #ALLINJUANSASAYA #JuankadaHosts #JuankadaCharm #LuckyCharms","✨Lucky Charms!✨

Sasama ba kayo sakin pag pinahawak ko sainyo ang aking kamay?😘

#Juan365Studios #Juan365 #ALLINJUANSASAYA #JuankadaHosts #JuankadaCharm #LuckyCharms",16,1/21/2026 4:00,N/A,https://www.facebook.com/reel/1793309634666663/,0,0,Videos,,,,,Lifetime,71,43,10,7,2,1,6,6,,,368.736,6.957,0,0,0,,
1.22113E+17,6.15851E+13,Juankada Charm,"❗️LUCKY CHARMS!❗️

Ayan ikaw, ""never settle for less"" ka pa pero bibigay din naman 🤨

Tag niyo naman yung friend niyong isang chat lang, lalambot bigla 😜

#Juan365Studios #Juan365 #ALLINJUANSASAYA #JuankadaHosts #JuankadaCharm #LuckyCharms","❗️LUCKY CHARMS!❗️

Ayan ikaw, ""never settle for less"" ka pa pero bibigay din naman 🤨

Tag niyo naman yung friend niyong isang chat lang, lalambot bigla 😜

#Juan365Studios #Juan365 #ALLINJUANSASAYA #JuankadaHosts #JuankadaCharm #LuckyCharms",16,1/21/2026 0:00,N/A,https://www.facebook.com/reel/895756176176629/,0,0,Videos,,,,,Lifetime,103,42,10,5,3,2,9,9,,,737.88,11.901,0,0,0,,
1.22113E+17,6.15851E+13,Juankada Charm,"✨Lucky Charms!✨

With or without glasses, bebot pa din!😘

Agree ba ang lahat?🤔

#Juan365Studios #Juan365 #ALLINJUANSASAYA #JuankadaHosts #JuankadaCharm #LuckyCharms","✨Lucky Charms!✨

With or without glasses, bebot pa din!😘

Agree ba ang lahat?🤔

#Juan365Studios #Juan365 #ALLINJUANSASAYA #JuankadaHosts #JuankadaCharm #LuckyCharms",12,1/20/2026 21:00,N/A,https://www.facebook.com/reel/756168587038692/,0,0,Videos,,,,,Lifetime,118,61,15,10,5,0,6,6,,,731.813,8.924,0,0,0,,
1.22112E+17,6.15851E+13,Juankada Charm,"✨Shout out sa mga gumigimik na Lucky Charms ko✨

Next time ambag na tayo more than our face card 😆

Tag mo naman kilala mong ang ambag ay face card lang! 

#Juan365Studios #Juan365 #ALLINJUANSASAYA #JuankadaHosts #JuankadaCharm #LuckyCharms","✨Shout out sa mga gumigimik na Lucky Charms ko✨

Next time ambag na tayo more than our face card 😆

Tag mo naman kilala mong ang ambag ay face card lang! 

#Juan365Studios #Juan365 #ALLINJUANSASAYA #JuankadaHosts #JuankadaCharm #LuckyCharms",5,1/20/2026 1:00,N/A,https://www.facebook.com/reel/1605380533801095/,0,0,Videos,,,,,Lifetime,161,58,15,14,1,0,4,4,,,552.859,6.91,0,0,0,,
1.22112E+17,6.15851E+13,Juankada Charm,"✨Uy Lucky Charms!✨

Kape kayo nang kape! ☕️

Sana magkape-ra tayong lahat🤭 agree ba kayo?

#Juan365Studios #Juan365 #ALLINJUANSASAYA #JuankadaHosts #JuankadaCharm #LuckyCharms","✨Uy Lucky Charms!✨

Kape kayo nang kape! ☕️

Sana magkape-ra tayong lahat🤭 agree ba kayo?

#Juan365Studios #Juan365 #ALLINJUANSASAYA #JuankadaHosts #JuankadaCharm #LuckyCharms",17,1/19/2026 21:00,N/A,https://www.facebook.com/reel/1447748920468939/,0,0,Videos,,,,,Lifetime,140,60,21,15,6,0,16,16,,,951.618,11.065,0,0,0,,
1.22112E+17,6.15851E+13,Juankada Charm,"✨Uy Lucky Charms!✨

Laging pa-victim pero mukha naman suspect👮‍♀️

May kilala din ba kayong ganyan? 🤭

#Juan365Studios #Juan365 #ALLINJUANSASAYA #JuankadaHosts #JuankadaCharm #LuckyCharms","✨Uy Lucky Charms!✨

Laging pa-victim pero mukha naman suspect👮‍♀️

May kilala din ba kayong ganyan? 🤭

#Juan365Studios #Juan365 #ALLINJUANSASAYA #JuankadaHosts #JuankadaCharm #LuckyCharms",6,1/19/2026 0:00,N/A,https://www.facebook.com/reel/728859799989950/,0,0,Videos,,,,,Lifetime,169,58,22,12,9,1,6,6,,,666.483,7.323,0,0,0,,
1.22112E+17,6.15851E+13,Juankada Charm,"✨Happy Monday, Lucky Charms! ✨

At dahil start of the week, balikan natin ang live natin the other day!

Isang 𝐁𝐓𝐒 𝐜𝐨𝐧𝐭𝐞𝐧𝐭 from our live!

#Juan365Studios #Juan365 #ALLINJUANSASAYA #JuankadaHosts #JuankadaCharm #LuckyCharms","✨Happy Monday, Lucky Charms! ✨

At dahil start of the week, balikan natin ang live natin the other day!

Isang 𝐁𝐓𝐒 𝐜𝐨𝐧𝐭𝐞𝐧𝐭 from our live!

#Juan365Studios #Juan365 #ALLINJUANSASAYA #JuankadaHosts #JuankadaCharm #LuckyCharms",20,1/18/2026 20:00,mixed,https://www.facebook.com/reel/1562683294829758/,0,0,Videos,,,,,Lifetime,267,115,26,19,7,0,30,30,,,1302.545,6.855,0,0,0,,
1.22111E+17,6.15851E+13,Juankada Charm,"Kilala niyo ba si Pucaa, Lucky Charms?🤔

Ito na siya nung lumaki! ❤️😆

#Juan365Studios #Juan365 #ALLINJUANSASAYA #JuankadaHosts #JuankadaCharm #LuckyCharms","Kilala niyo ba si Pucaa, Lucky Charms?🤔

Ito na siya nung lumaki! ❤️😆

#Juan365Studios #Juan365 #ALLINJUANSASAYA #JuankadaHosts #JuankadaCharm #LuckyCharms",8,1/16/2026 1:00,N/A,https://www.facebook.com/reel/884067854318712/,0,0,Videos,,,,,Lifetime,270,101,52,25,20,7,9,9,,,1262.448,8.706,0,0,0,,
1.22111E+17,6.15851E+13,Juankada Charm,"Makulay ang Buhay sa... 🥬🥔

Sayo!😘

Busog din ba ang aking Lucky Charms sa kani-kanilang mga bebeluvs? 🤭

#Juan365Studios #Juan365 #ALLINJUANSASAYA #JuankadaHosts #JuankadaCharm #LuckyCharms","Makulay ang Buhay sa... 🥬🥔

Sayo!😘

Busog din ba ang aking Lucky Charms sa kani-kanilang mga bebeluvs? 🤭

#Juan365Studios #Juan365 #ALLINJUANSASAYA #JuankadaHosts #JuankadaCharm #LuckyCharms",16,1/15/2026 21:00,N/A,https://www.facebook.com/reel/1429743035410772/,0,0,Videos,,,,,Lifetime,198,78,50,24,20,6,21,21,,,1185.731,9.336,0,0,0,,
1.22111E+17,6.15851E+13,Juankada Charm,"✨Hi Lucky Charms!✨

Watch me and the other Juankada Hosts sa ating live! Save the time na: 6AM - 2PM! 😘

See you there, Lucky Charms!

#Juan365Studios #Juan365 #ALLINJUANSASAYA #JuankadaHosts #JuankadaCharm #LuckyCharms",,0,1/15/2026 17:02,N/A,https://www.facebook.com/permalink.php?story_fbid=pfbid0Yty1Uhmp21ozRHxHL6xAzqJWQijsdhzSEosx3Dz536jV9YX136TuJbo9Y8FNReNMl&id=61585109026232,0,0,Photos,,,,,Lifetime,301,91,42,22,19,1,10,6,4,,,,,,,,
1.22111E+17,6.15851E+13,Juankada Charm,"‼️𝗔𝗟𝗘𝗥𝗧 𝗟𝗨𝗖𝗞𝗬 𝗖𝗛𝗔𝗥𝗠𝗦‼️

Tandaan ang aking advice 🙄

Gusto niyo ba ng other advices? Let me know! 🤭

#Juan365Studios #Juan365 #ALLINJUANSASAYA #JuankadaHosts #JuankadaCharm #LuckyCharms","‼️𝗔𝗟𝗘𝗥𝗧 𝗟𝗨𝗖𝗞𝗬 𝗖𝗛𝗔𝗥𝗠𝗦‼️

Tandaan ang aking advice 🙄

Gusto niyo ba ng other advices? Let me know! 🤭

#Juan365Studios #Juan365 #ALLINJUANSASAYA #JuankadaHosts #JuankadaCharm #LuckyCharms",18,1/15/2026 0:30,N/A,https://www.facebook.com/reel/1379934879809016/,0,0,Videos,,,,,Lifetime,144,82,24,12,7,5,7,7,,,742.97,7.143,0,0,0,,
1.22111E+17,6.15851E+13,Juankada Charm,"✨Hi Lucky Charms! ✨

𝐀𝐧𝐨𝐭𝐡𝐞𝐫 𝐁𝐓𝐒 𝐜𝐨𝐧𝐭𝐞𝐧𝐭 from our live the other day!

Ayos ba ang ating dance-skills?💃

#Juan365Studios #Juan365 #ALLINJUANSASAYA #JuankadaHosts #JuankadaCharm #LuckyCharms","✨Hi Lucky Charms! ✨

𝐀𝐧𝐨𝐭𝐡𝐞𝐫 𝐁𝐓𝐒 𝐜𝐨𝐧𝐭𝐞𝐧𝐭 from our live the other day!

Ayos ba ang ating dance-skills?💃

#Juan365Studios #Juan365 #ALLINJUANSASAYA #JuankadaHosts #JuankadaCharm #LuckyCharms",13,1/14/2026 20:30,N/A,https://www.facebook.com/reel/1365009441596252/,0,0,Videos,,,,,Lifetime,132,69,31,21,6,4,6,6,,,608.698,6.148,0,0,0,,
1.22111E+17,6.15851E+13,Juankada Charm,"✨Hi Lucky Charms!✨

Watch me and the other Juankada Hosts sa ating live! Save the time na: 6AM - 2PM! 😘

See you there, Lucky Charms!

#Juan365Studios #Juan365 #ALLINJUANSASAYA #JuankadaHosts #JuankadaCharm #LuckyCharms",,0,1/14/2026 18:08,N/A,https://www.facebook.com/permalink.php?story_fbid=pfbid0JzLi5oJR5dc4C78U2MtqaQGbLkiKKAgKzfb6WyGBXGUxWZst3uSvwfabAHMLZsUql&id=61585109026232,0,0,Photos,,,,,Lifetime,272,89,31,25,5,1,9,8,1,,,,,,,,
1.22111E+17,6.15851E+13,Juankada Charm,"Trying something different with the hair 💇‍♀️

Bagay ba ang hairstyle ko, Lucky Charms?

#Juan365Studios #Juan365 #ALLINJUANSASAYA #JuankadaHosts #JuankadaCharm #LuckyCharms","Trying something different with the hair 💇‍♀️

Bagay ba ang hairstyle ko, Lucky Charms?

#Juan365Studios #Juan365 #ALLINJUANSASAYA #JuankadaHosts #JuankadaCharm #LuckyCharms",16,1/14/2026 0:30,N/A,https://www.facebook.com/reel/26376294138637997/,0,0,Videos,,,,,Lifetime,69,56,7,7,0,0,1,1,,,187.513,3.232,0,0,0,,
1.22111E+17,6.15851E+13,Juankada Charm,"Nasa cookerist-era na ang inyong Lucky Charm! 👩‍🍳✨

Anong meal naman kaya ang ating iluluto para sa ating Juankada Hosts? 🤔

Malay niyo, mapagluto ko din kayo, Lucky Charms!😉

#Juan365Studios #Juan365 #ALLINJUANSASAYA #JuankadaHosts #JuankadaCharm #LuckyCharms","Nasa cookerist-era na ang inyong Lucky Charm! 👩‍🍳✨

Anong meal naman kaya ang ating iluluto para sa ating Juankada Hosts? 🤔

Malay niyo, mapagluto ko din kayo, Lucky Charms!😉

#Juan365Studios #Juan365 #ALLINJUANSASAYA #JuankadaHosts #JuankadaCharm #LuckyCharms",56,1/13/2026 20:30,uploaded,https://www.facebook.com/reel/897161562809581/,1,0,Videos,,,,,Lifetime,170,90,20,14,5,1,27,27,,,4164.846,33.318,0,0,0,,
1.2211E+17,6.15851E+13,Juankada Charm,"What you know about love? 💖

Do I have what you need, Lucky Charms? 🤭

#Juan365Studios #Juan365 #ALLINJUANSASAYA #JuankadaHosts #JuankadaCharm #LuckyCharms","What you know about love? 💖

Do I have what you need, Lucky Charms? 🤭

#Juan365Studios #Juan365 #ALLINJUANSASAYA #JuankadaHosts #JuankadaCharm #LuckyCharms",9,1/13/2026 0:30,N/A,https://www.facebook.com/reel/917550437621957/,0,0,Videos,,,,,Lifetime,135,62,28,16,8,4,15,15,,,637.979,7.249,0,0,0,,
1.2211E+17,6.15851E+13,Juankada Charm,"Just friends... lang ba talaga? 🤭

Lucky Charms, payag ba kayong just friends lang kayo? 

#Juan365Studios #Juan365 #ALLINJUANSASAYA #JuankadaHosts #JuankadaCharm #LuckyCharms","Just friends... lang ba talaga? 🤭

Lucky Charms, payag ba kayong just friends lang kayo? 

#Juan365Studios #Juan365 #ALLINJUANSASAYA #JuankadaHosts #JuankadaCharm #LuckyCharms",8,1/12/2026 20:30,N/A,https://www.facebook.com/reel/856138054061045/,0,0,Videos,,,,,Lifetime,132,76,20,13,5,2,3,3,,,467.768,5.14,0,0,0,,
1.2211E+17,6.15851E+13,Juankada Charm,"Tune in na, Lucky Charms! ✨

#Juan365Studios #Juan365 #ALLINJUANSASAYA #JuankadaHosts #JuankadaCharm #LuckyCharms",,0,1/12/2026 17:46,N/A,https://www.facebook.com/permalink.php?story_fbid=pfbid02xtdV65TioSLRdywD4EppmLAiVkVMEah86XFL4g76R4urtdLYzPZqTfaRmHzcRBwgl&id=61585109026232,0,1,Videos,,,,,Lifetime,79,54,9,9,0,0,0,,,,,,,,,,
1.2211E+17,6.15851E+13,Juankada Charm,"Maangas ang awra pero demure ang face card! 😘

Let's be in the feels, Lucky Charms! ✨

Comment niyo naman ang music na nagbibigay sainyo ng ANGAS!

#Juan365Studios #Juan365 #ALLINJUANSASAYA #JuankadaHosts #JuankadaCharm #LuckyCharms","Maangas ang awra pero demure ang face card! 😘

Let's be in the feels, Lucky Charms! ✨

Comment niyo naman ang music na nagbibigay sainyo ng ANGAS!

#Juan365Studios #Juan365 #ALLINJUANSASAYA #JuankadaHosts #JuankadaCharm #LuckyCharms",16,1/12/2026 0:30,mixed,https://www.facebook.com/reel/903300358815906/,0,0,Videos,,,,,Lifetime,136,78,25,14,6,5,7,7,,,814.595,8.854,0,0,0,,
1.2211E+17,6.15851E+13,Juankada Charm,"Baby boy you stay on my mind! 🧠✨

Na-miss ko kayo Lucky Charms over-the-weekend! I see you guys in my dreams 😘

Napanood niyo ba ang ating live today?

#Juan365Studios #Juan365 #ALLINJUANSASAYA #JuankadaHosts #JuankadaCharm #LuckyCharms","Baby boy you stay on my mind! 🧠✨

Na-miss ko kayo Lucky Charms over-the-weekend! I see you guys in my dreams 😘

Napanood niyo ba ang ating live today?

#Juan365Studios #Juan365 #ALLINJUANSASAYA #JuankadaHosts #JuankadaCharm #LuckyCharms",12,1/11/2026 20:30,N/A,https://www.facebook.com/reel/896676526144170/,0,0,Videos,,,,,Lifetime,494,88,20,14,4,2,5,5,,,794.447,1.781,0,0,0,,
1.2211E+17,6.15851E+13,Juankada Charm,"Download na, Lucky Charms! 

Baby boy you stay on my mind! 🧠✨

#Juan365Studios #Juan365 #ALLINJUANSASAYA #JuankadaHosts #JuankadaCharm #LuckyCharms",,0,1/11/2026 18:40,N/A,https://www.facebook.com/permalink.php?story_fbid=pfbid0REUsTr15ZCLDSU2n9DvNGHDchSyHzhJfjKZ7dNTKyz8rSiCB21kKB2CJ4Sb3yGeYl&id=61585109026232,0,1,Photos,,,,,Lifetime,99,46,11,9,2,0,3,2,,1,,,,,,,
1.2211E+17,6.15851E+13,Juankada Charm,"BTS content on a Sunday!☀️

Wearing the color of the year while dancing para halong good vibes and good luck! 💃 🍀

More BTS content ba? See you tomorrow, Lucky Charms! ✨

#Juan365Studios #Juan365 #ALLINJUANSASAYA #JuankadaHosts #JuankadaCharm #LuckyCharms","BTS content on a Sunday!☀️

Wearing the color of the year while dancing para halong good vibes and good luck! 💃 🍀

More BTS content ba? See you tomorrow, Lucky Charms! ✨

#Juan365Studios #Juan365 #ALLINJUANSASAYA #JuankadaHosts #JuankadaCharm #LuckyCharms",13,1/11/2026 0:30,uploaded,https://www.facebook.com/reel/2104935840311731/,0,0,Videos,,,,,Lifetime,167,83,16,13,2,1,5,5,,,919.681,7.928,0,0,0,,
1.2211E+17,6.15851E+13,Juankada Charm,"✨Hi Lucky Charms!✨

How many strikes pa ba ang need niyo from your very own Lucky Charm? 😘

#Juan365Studios #Juan365 #ALLINJUANSASAYA #JuankadaHosts #JuankadaCharm #LuckyCharms","✨Hi Lucky Charms!✨

How many strikes pa ba ang need niyo from your very own Lucky Charm? 😘

#Juan365Studios #Juan365 #ALLINJUANSASAYA #JuankadaHosts #JuankadaCharm #LuckyCharms",8,1/10/2026 20:40,N/A,https://www.facebook.com/reel/1436659661370685/,0,0,Videos,,,,,Lifetime,100,58,13,9,3,1,4,4,,,348.403,5.53,0,0,0,,
1.22109E+17,6.15851E+13,Juankada Charm,"When no one is around you, say ""Baby, I love you"" 🎤😘

Love you, Lucky Charms!

Love niyo din ba ako? 🥹

#Juan365Studios #Juan365 #ALLINJUANSASAYA #JuankadaHosts #JuankadaCharm #LuckyCharms","When no one is around you, say ""Baby, I love you"" 🎤😘

Love you, Lucky Charms!

Love niyo din ba ako? 🥹

#Juan365Studios #Juan365 #ALLINJUANSASAYA #JuankadaHosts #JuankadaCharm #LuckyCharms",8,1/10/2026 5:30,N/A,https://www.facebook.com/reel/1154927536720054/,0,0,Videos,,,,,Lifetime,87,57,12,10,2,0,2,2,,,269.551,4.492,0,0,0,,
1.22109E+17,6.15851E+13,Juankada Charm,"JB fever is real!!! 💖

Anong favorite Justin Bieber song niyo Lucky Charms?

#Juan365Studios #Juan365 #ALLINJUANSASAYA #JuankadaHosts #JuankadaCharm #LuckyCharms","JB fever is real!!! 💖

Anong favorite Justin Bieber song niyo Lucky Charms?

#Juan365Studios #Juan365 #ALLINJUANSASAYA #JuankadaHosts #JuankadaCharm #LuckyCharms",16,1/10/2026 0:30,N/A,https://www.facebook.com/reel/4216290055183412/,0,0,Videos,,,,,Lifetime,88,64,11,8,3,0,1,1,,,358.532,5.121,0,0,0,,
1.22109E+17,6.15851E+13,Juankada Charm,"Another BTS content for my Lucky Charms ✨

Coffee first before going live! ☕️

Anong favorite coffee spot niyo Lucky Charms? 😘

#Juan365Studios #Juan365 #ALLINJUANSASAYA #JuankadaHosts #JuankadaCharm #LuckyCharms","Another BTS content for my Lucky Charms ✨

Coffee first before going live! ☕️

Anong favorite coffee spot niyo Lucky Charms? 😘

#Juan365Studios #Juan365 #ALLINJUANSASAYA #JuankadaHosts #JuankadaCharm #LuckyCharms",15,1/9/2026 20:30,N/A,https://www.facebook.com/reel/886151560443124/,0,0,Videos,,,,,Lifetime,180,98,20,14,6,0,15,15,,,906.158,6.97,0,0,0,,
1.22109E+17,6.15851E+13,Juankada Charm,"✨Hello Lucky Charms!✨

Aminin niyo, ako ba ang gusto niyo? 😘

#Juan365Studios #Juan365 #ALLINJUANSASAYA #JuankadaHosts #JuankadaCharm #LuckyCharms","✨Hello Lucky Charms!✨

Aminin niyo, ako ba ang gusto niyo? 😘

#Juan365Studios #Juan365 #ALLINJUANSASAYA #JuankadaHosts #JuankadaCharm #LuckyCharms",15,1/9/2026 0:30,N/A,https://www.facebook.com/reel/878665644759010/,0,0,Videos,,,,,Lifetime,118,78,19,14,3,2,2,2,,,554.868,6.305,0,0,0,,
1.22109E+17,6.15851E+13,Juankada Charm,"✨What’s up Lucky Charms?✨

Fit check muna tayo before we give out unlimited lucky charms sa ating Color Game Live! 😘

Watch me and other Juankada hosts today Lucky Charms!

#Juan365Studios #Juan365 #ALLINJUANSASAYA #JuankadaHosts #JuankadaCharm #LuckyCharms","✨What’s up Lucky Charms?✨

Fit check muna tayo before we give out unlimited lucky charms sa ating Color Game Live! 😘

Watch me and other Juankada hosts today Lucky Charms!

#Juan365Studios #Juan365 #ALLINJUANSASAYA #JuankadaHosts #JuankadaCharm #LuckyCharms",21,1/8/2026 22:18,N/A,https://www.facebook.com/reel/1275774521045885/,0,0,Videos,,,,,Lifetime,106,62,17,12,3,2,5,5,,,659.681,7.582,0,0,0,,
1.22109E+17,6.15851E+13,Juankada Charm,"✨Hi Lucky Charms!✨

Off to somewhere! 🚗

Hulaan niyo saan ang ating adventure today!

#Juan365Studios #Juan365 #ALLINJUANSASAYA #JuankadaHosts #JuankadaCharm #LuckyCharms","✨Hi Lucky Charms!✨

Off to somewhere! 🚗

Hulaan niyo saan ang ating adventure today!

#Juan365Studios #Juan365 #ALLINJUANSASAYA #JuankadaHosts #JuankadaCharm #LuckyCharms",11,1/8/2026 20:30,N/A,https://www.facebook.com/reel/1788117208519308/,0,0,Videos,,,,,Lifetime,107,78,11,11,0,0,1,1,,,364.041,4.333,0,0,0,,
1.22109E+17,6.15851E+13,Juankada Charm,"Thank you and congrats to us, Lucky Charms and Juankada! 

Follow Juan365 Studios for more updates! ✨",,0,1/8/2026 19:40,N/A,https://www.facebook.com/permalink.php?story_fbid=pfbid02ugKN2KtD14wXii8Trq4zzeCruLMVnyrxoUBWSFREnZhpCVSLD7KDnuGewseaPaybl&id=61585109026232,0,1,Photos,,,,,Lifetime,100,54,5,5,0,0,1,,1,,,,,,,,
1.22109E+17,6.15851E+13,Juankada Charm,"✨Sleepy Head Charm😴

Still the same hottie kahit antok na! 😘

Agree ba kayo, Lucky Charms?

#Juan365Studios #Juan365 #ALLINJUANSASAYA #JuankadaHosts #JuankadaCharm #LuckyCharms","✨Sleepy Head Charm😴

Still the same hottie kahit antok na! 😘

Agree ba kayo, Lucky Charms?

#Juan365Studios #Juan365 #ALLINJUANSASAYA #JuankadaHosts #JuankadaCharm #LuckyCharms",16,1/8/2026 5:00,N/A,https://www.facebook.com/reel/2040219196552971/,0,0,Videos,,,,,Lifetime,78,52,13,10,2,1,9,9,,,360.07,6.102,0,0,0,,
1.22109E+17,6.15851E+13,Juankada Charm,"✨What’s up Lucky Charms?✨

Fit check muna tayo before we give out unlimited lucky charms sa ating Color Game Live! 😘

Watch me and other Juankada hosts today Lucky Charms!

#Juan365Studios #Juan365 #ALLINJUANSASAYA #JuankadaHosts #JuankadaCharm #LuckyCharms","✨What’s up Lucky Charms?✨

Fit check muna tayo before we give out unlimited lucky charms sa ating Color Game Live! 😘

Watch me and other Juankada hosts today Lucky Charms!

#Juan365Studios #Juan365 #ALLINJUANSASAYA #JuankadaHosts #JuankadaCharm #LuckyCharms",22,1/8/2026 1:34,N/A,https://www.facebook.com/reel/2106549283427191/,0,0,Videos,,,,,Lifetime,82,45,12,10,1,1,3,3,,,451.325,6.447,0,0,0,,
1.22109E+17,6.15851E+13,Juankada Charm,"✨Dance with me Lucky Charms!✨

Drop your suggestions sa next dance-craze natin! 💃😘

#Juan365Studios #Juan365 #ALLINJUANSASAYA #JuankadaHosts #JuankadaCharm #LuckyCharms","✨Dance with me Lucky Charms!✨

Drop your suggestions sa next dance-craze natin! 💃😘

#Juan365Studios #Juan365 #ALLINJUANSASAYA #JuankadaHosts #JuankadaCharm #LuckyCharms",15,1/7/2026 20:30,N/A,https://www.facebook.com/reel/1567416104410619/,0,0,Videos,,,,,Lifetime,222,85,24,17,4,3,7,7,,,890.693,5.208,0,0,0,,
1.22108E+17,6.15851E+13,Juankada Charm,"✨Lucky Charms, What you doin'? Where you at? ✨

Dapat nanonood kayo ng live ah! 

Drop sa comments section kung saan kayo nanonood ngayon! 😘

#Juan365Studios #Juan365 #ALLINJUANSASAYA #JuankadaHosts #JuankadaCharm #LuckyCharms","✨Lucky Charms, What you doin'? Where you at? ✨

Dapat nanonood kayo ng live ah! 

Drop sa comments section kung saan kayo nanonood ngayon! 😘

#Juan365Studios #Juan365 #ALLINJUANSASAYA #JuankadaHosts #JuankadaCharm #LuckyCharms",13,1/7/2026 5:00,N/A,https://www.facebook.com/reel/1535347794244781/,0,0,Videos,,,,,Lifetime,120,65,17,12,3,2,2,2,,,348.139,3.413,0,0,0,,
1.22108E+17,6.15851E+13,Juankada Charm,"✨Another BTS content for my Lucky Charms✨

Short talent portion again from me to you! 

What dance-craze next? 🤭

#Juan365Studios #Juan365 #ALLINJUANSASAYA #JuankadaHosts #JuankadaCharm #LuckyCharms","✨Another BTS content for my Lucky Charms✨

Short talent portion again from me to you! 

What dance-craze next? 🤭

#Juan365Studios #Juan365 #ALLINJUANSASAYA #JuankadaHosts #JuankadaCharm #LuckyCharms",10,1/7/2026 0:30,N/A,https://www.facebook.com/reel/805002865919303/,0,0,Videos,,,,,Lifetime,190,68,23,19,2,2,9,9,,,794.99,6.309,0,0,0,,
1.22108E+17,6.15851E+13,Juankada Charm,"""Your world is my world"" 🌎

✨Tapusin niyo yung video para sa small surprise for my Lucky Charms 😘

#Juan365Studios #Juan365 #ALLINJUANSASAYA #JuankadaHosts #JuankadaCharm #LuckyCharms","""Your world is my world"" 🌎

✨Tapusin niyo yung video para sa small surprise for my Lucky Charms 😘

#Juan365Studios #Juan365 #ALLINJUANSASAYA #JuankadaHosts #JuankadaCharm #LuckyCharms",16,1/6/2026 20:30,N/A,https://www.facebook.com/reel/1973032816977627/,0,0,Videos,,,,,Lifetime,193,78,13,9,2,2,3,3,,,667.435,4.42,0,0,0,,
1.22108E+17,6.15851E+13,Juankada Charm,"✨Lucky Charms!✨

BTS: Before live natin kahapon. Pakitaan ko muna kayo ng hidden talent ko 💃

Anong dance trend naman next?

#Juan365Studios #Juan365 #ALLINJUANSASAYA #JuankadaHosts #JuankadaCharm #LuckyCharms","✨Lucky Charms!✨

BTS: Before live natin kahapon. Pakitaan ko muna kayo ng hidden talent ko 💃

Anong dance trend naman next?

#Juan365Studios #Juan365 #ALLINJUANSASAYA #JuankadaHosts #JuankadaCharm #LuckyCharms",16,1/6/2026 2:00,N/A,https://www.facebook.com/reel/891342876918947/,0,0,Videos,,,,,Lifetime,134,81,24,18,5,1,8,8,,,644.333,6.443,0,0,0,,
1.22108E+17,6.15851E+13,Juankada Charm,"✨Hi Lucky Charms!✨

We're live later sa Color Game Live ng Juan365 Studios! 2PM - 10PM 😘

Kita-kits tayo, Lucky Charms!

#Juan365Studios #Juan365 #ALLINJUANSASAYA #JuankadaHosts #JuankadaCharm #LuckyCharms",,0,1/5/2026 22:36,N/A,https://www.facebook.com/permalink.php?story_fbid=pfbid02qckXKAvLWWKiGFBKPtP2aktkbJuut6fcU1zpDFQtM1fW3YbGexHRpQc6ZS6Q7woNl&id=61585109026232,0,0,Photos,,,,,Lifetime,165,70,11,9,1,1,6,2,4,,,,,,,,
1.22108E+17,6.15851E+13,Juankada Charm,"✨Hi Lucky Charms!✨

Missed you guys over the weekend! 😘

Nakapanood ba ang lahat sa live natin kahapon? Drop a ""❤️"" naman if yes!

#Juan365Studios #Juan365 #ALLINJUANSASAYA #JuankadaHosts #JuankadaCharm #LuckyCharms","✨Hi Lucky Charms!✨

Missed you guys over the weekend! 😘

Nakapanood ba ang lahat sa live natin kahapon? Drop a ""❤️"" naman if yes!

#Juan365Studios #Juan365 #ALLINJUANSASAYA #JuankadaHosts #JuankadaCharm #LuckyCharms",16,1/5/2026 20:30,N/A,https://www.facebook.com/reel/958302457359826/,0,0,Videos,,,,,Lifetime,64,43,7,6,1,0,1,1,,,321.621,6.432,0,0,0,,
1.22108E+17,6.15851E+13,Juankada Charm,"✨Hi Lucky Charms!✨

Handa na ba kayo sa isa nanamang unlimited bigayan ng swerte?

Samahan niyo kami sa ating Color Game Live ngayon na! 

#Juan365Studios #Juan365 #ALLINJUANSASAYA #JuankadaHosts #JuankadaCharm #LuckyCharms",,0,1/4/2026 22:50,N/A,https://www.facebook.com/permalink.php?story_fbid=pfbid02PczkK93qSM24Xssdqq63znPF95u1M28b6XRpG7dFqLbxiCL4qdsdfdU3akaJvLWcl&id=61585109026232,0,0,Photos,,,,,Lifetime,1257,561,96,64,18,14,26,19,7,,,,,,,,
1.22108E+17,6.15851E+13,Juankada Charm,"✨Happy Sunday, Lucky Charms!✨

Pababa nang pababa ang music pero pataas nang pataas ang swerte! 😘

What song naman ang sunod nating sasayawin?

#Juan365Studios #Juan365 #ALLINJUANSASAYA #JuankadaHosts #JuankadaCharm #LuckyCharms","✨Happy Sunday, Lucky Charms!✨

Pababa nang pababa ang music pero pataas nang pataas ang swerte! 😘

What song naman ang sunod nating sasayawin?

#Juan365Studios #Juan365 #ALLINJUANSASAYA #JuankadaHosts #JuankadaCharm #LuckyCharms",9,1/4/2026 0:30,N/A,https://www.facebook.com/reel/1933472250622659/,0,0,Videos,,,,,Lifetime,265,107,32,25,6,1,16,16,,,1339.782,9.304,0,0,0,,
1.22108E+17,6.15851E+13,Juankada Charm,"✨Sunday Funday, Lucky Charms! ✨

Just woke up pero still serving looks 😘

Ano kaya maganda gawin today? Drop your thoughts!

#Juan365Studios #Juan365 #ALLINJUANSASAYA #JuankadaHosts #JuankadaCharm #LuckyCharms","✨Sunday Funday, Lucky Charms! ✨

Just woke up pero still serving looks 😘

Ano kaya maganda gawin today? Drop your thoughts!

#Juan365Studios #Juan365 #ALLINJUANSASAYA #JuankadaHosts #JuankadaCharm #LuckyCharms",16,1/3/2026 20:30,N/A,https://www.facebook.com/reel/889989420197082/,0,0,Videos,,,,,Lifetime,97,65,12,11,1,0,1,1,,,316.712,4.338,0,0,0,,
1.22108E+17,6.15851E+13,Juankada Charm,"✨Lucky Charms!✨

Last na for today! BTS ulit tayo before mag live kagabi!

Hmm, do I look good? Share niyo thoughts niyo! 😘

#Juan365Studios #Juan365 #ALLINJUANSASAYA #JuankadaHosts #JuankadaCharm #LuckyCharms","✨Lucky Charms!✨

Last na for today! BTS ulit tayo before mag live kagabi!

Hmm, do I look good? Share niyo thoughts niyo! 😘

#Juan365Studios #Juan365 #ALLINJUANSASAYA #JuankadaHosts #JuankadaCharm #LuckyCharms",6,1/3/2026 6:18,N/A,https://www.facebook.com/reel/1401228511395702/,0,0,Videos,,,,,Lifetime,152,88,12,9,2,1,1,1,,,407.7,4.118,0,0,0,,
1.22107E+17,6.15851E+13,Juankada Charm,"✨Hi Lucky Charms!✨

BTS natin from last night: Awra muna before live natin kagabi 😘

Gusto niyo pa ba makakita ng other BTS content natin? Let me know! 🤔

#Juan365Studios #Juan365 #ALLINJUANSASAYA #JuankadaHosts #JuankadaCharm #LuckyCharms","✨Hi Lucky Charms!✨

BTS natin from last night: Awra muna before live natin kagabi 😘

Gusto niyo pa ba makakita ng other BTS content natin? Let me know! 🤔

#Juan365Studios #Juan365 #ALLINJUANSASAYA #JuankadaHosts #JuankadaCharm #LuckyCharms",16,1/2/2026 22:47,N/A,https://www.facebook.com/reel/1593284341866766/,0,0,Videos,,,,,Lifetime,194,114,17,12,5,0,7,7,,,1091.318,8.205,0,0,0,,
1.22107E+17,6.15851E+13,Juankada Charm,"✨Lucky Charms!✨

Focus sa goal ngayong 2026, pero hindi masamang maging crush ng bayan on the side, charot! 😘

Drop a ""💖"" para sa ating new goals and missions this year!

#Juan365Studios #Juan365 #ALLINJUANSASAYA #JuankadaHosts #JuankadaCharm #LuckyCharms","✨Lucky Charms!✨

Focus sa goal ngayong 2026, pero hindi masamang maging crush ng bayan on the side, charot! 😘

Drop a ""💖"" para sa ating new goals and missions this year!

#Juan365Studios #Juan365 #ALLINJUANSASAYA #JuankadaHosts #JuankadaCharm #LuckyCharms",16,1/2/2026 0:31,N/A,https://www.facebook.com/reel/1171128538522846/,0,0,Videos,,,,,Lifetime,151,87,13,11,1,1,6,6,,,742.678,6.631,0,0,0,,
1.22107E+17,6.15851E+13,Juankada Charm,"✨Hi Lucky Charms!✨

Trying something new para sa salubong ng 2026! 🥶

Bagay ba ang ganitong OOTD para sainyong Lucky Charm? 

Comment your thoughts Juankada! 😘

#Juan365Studios #Juan365 #ALLINJUANSASAYA #JuankadaHosts #JuankadaCharm #LuckyCharms","✨Hi Lucky Charms!✨

Trying something new para sa salubong ng 2026! 🥶

Bagay ba ang ganitong OOTD para sainyong Lucky Charm? 

Comment your thoughts Juankada! 😘

#Juan365Studios #Juan365 #ALLINJUANSASAYA #JuankadaHosts #JuankadaCharm #LuckyCharms",14,1/1/2026 20:00,N/A,https://www.facebook.com/reel/865463389225843/,0,0,Videos,,,,,Lifetime,202,135,12,11,1,0,4,4,,,736.932,4.466,0,0,0,,
1.22107E+17,6.15851E+13,Juankada Charm,"✨ Your Lucky Charm is working!✨

#Juan365Studios #Juan365 #ALLINJUANSASAYA #JuankadaHosts #JuankadaCharm #LuckyCharms",,0,1/1/2026 17:29,N/A,https://www.facebook.com/permalink.php?story_fbid=pfbid0Mw9MMY4qDFdZoeG3ngqGv6RoCGEVieJGqjsBb14WR4JZtET1dTAtUctScw2cynyAl&id=61585109026232,0,1,Text,,,,,Lifetime,44,45,5,5,0,0,11,11,,,,,,,,,
1.22107E+17,6.15851E+13,Juankada Charm,"Hi Lucky Charms! ✨

Fit check muna tayo  magbigay ng unlimited lucky charms sainyo! 😘

Kita-kits tayo later sa Color Game Live ng Juan365 Studios! 

#Juan365Studios #Juan365 #ALLINJUANSASAYA #JuankadaHosts #JuankadaCharm #LuckyCharms",,0,1/1/2026 9:40,N/A,https://www.facebook.com/permalink.php?story_fbid=pfbid02gAJDS914PwavqZgqh9Jm7W3XbTeERqxaBSvhhv7ZhxmnpzrydCQoFxzeVNkDLPudl&id=61585109026232,0,0,Photos,,,,,Lifetime,157,56,9,8,0,1,4,2,2,,,,,,,,
1.22107E+17,6.15851E+13,Juankada Charm,"✨ Hi Lucky Charms! ✨

I’m with Juankada Lance and Juankada Evo 😎
Samahan niyo kami mag-LIVE sa JUAN365 App & Website 🔥
1/365: The First Step!

Juankada, ready na ba kayo sa journey? 😎
Comment ""Ready"" ❤

#Juan365Studios #Juan365 #ALLINJUANSASAYA #JuankadaHosts #JuankadaCharm #LuckyCharms",,0,1/1/2026 6:15,N/A,https://www.facebook.com/permalink.php?story_fbid=pfbid024KV1BbG8iwKjoEuvNRkeUxEAj5yrPfR1H3TKdpTH3HbS2pqNtn137U8Ryg4yBGGWl&id=61585109026232,0,0,Photos,,,,,Lifetime,844,335,58,55,0,3,27,12,15,,,,,,,,
1.22107E+17,6.15851E+13,Juankada Charm,"Hi Lucky Charms! ✨

Wearing the color of the year today! 🤍

Naniniwala din ba kayo na wearing the color of the year will bring you prosperity this year? 🤔

Comment niyo naman thoughts niyo sa baba! 

#Juan365Studios #Juan365 #ALLINJUANSASAYA #JuankadaHosts #JuankadaCharm #LuckyCharms","Hi Lucky Charms! ✨

Wearing the color of the year today! 🤍

Naniniwala din ba kayo na wearing the color of the year will bring you prosperity this year? 🤔

Comment niyo naman thoughts niyo sa baba! 

#Juan365Studios #Juan365 #ALLINJUANSASAYA #JuankadaHosts #JuankadaCharm #LuckyCharms",12,1/1/2026 2:30,N/A,https://www.facebook.com/reel/877055318037017/,0,0,Videos,,,,,Lifetime,68,45,7,6,1,0,3,3,,,180.876,3.288,0,0,0,,
1.22107E+17,6.15851E+13,Juankada Charm,"Happy New Year, Lucky Charms! ✨

Day JUAN of 365 na kaya let’s continue our progress for our family, friends, and ourselves! 💖

Let’s start the year right, Juankada! Drop a “😘” kung handa na kayo for this year!

#Juan365Studios #Juan365 #ALLINJUANSASAYA #JuankadaHosts #JuankadaCharm #LuckyCharms","Happy New Year, Lucky Charms! ✨

Day JUAN of 365 na kaya let’s continue our progress for our family, friends, and ourselves! 💖

Let’s start the year right, Juankada! Drop a “😘” kung handa na kayo for this year!

#Juan365Studios #Juan365 #ALLINJUANSASAYA #JuankadaHosts #JuankadaCharm #LuckyCharms",15,12/31/2025 23:30,N/A,https://www.facebook.com/reel/1183243957330066/,0,0,Videos,,,,,Lifetime,116,40,9,9,0,0,2,2,,,374.817,3.945,0,0,0,,
1.22107E+17,6.15851E+13,Juankada Charm,"Happy New Year, Lucky Charms! 🎆

Mas maraming panalo, mas maraming blessings, at mas makukulay na saya ngayong taon! 🥳

#Juan365 #Juan365Studios #ALLINJUANLIVE #Juan365ColorGame",,0,12/31/2025 22:14,N/A,https://www.facebook.com/permalink.php?story_fbid=pfbid0dggqx64gs3HnrXjbN8N5Voa1AZaqpBgBA2mMeTU3VfEBB5Yh9uihnsJbCgMU3jeel&id=61585109026232,0,1,Videos,,,,,Lifetime,40,30,4,4,0,0,0,,,,,,,,,,
1.22107E+17,6.15851E+13,Juankada Charm,"Hello, my Lucky Charms! ✨

Handa na ba kayo salubungin ang new year with unlimited swerte? I got you because your Lucky Charm is always present! 😘

Live na tayo! Now na sa Color Game Live ng Juan365 Studios! 

#Juan365Studios #Juan365 #ALLINJUANSASAYA #JuankadaHosts #JuankadaCharm #LuckyCharms",,0,12/31/2025 5:37,N/A,https://www.facebook.com/permalink.php?story_fbid=pfbid02TmhGaar1j74cB3mXeXztoLvXMg3HSMTb74c8tKb9pvcFmDScEzmM1w4ouB6nMuCNl&id=61585109026232,0,0,Photos,,,,,Lifetime,165,61,12,10,1,1,15,7,8,,,,,,,,
1.22112E+17,6.15857E+13,Juankada Ellise,"Nothing beats the thrill of x50 to x150 wins! Ready ka na ba sa next big hit? 🎯🔥

#Juan365 #Juan365Studios #ALLINJUANLIVE #Juan365ColorGame #JuankadaEllise #trendingpost #foryourpage",,0,2/2/2026 20:00,N/A,https://www.facebook.com/permalink.php?story_fbid=pfbid0N5zRMxCaQnxsRx28nEYQRPqsSghB2kZASp8jzVMC3ayg5cXyd2srv1424gvxEUnBl&id=61585679673115,0,0,Photos,,,,,Lifetime,110,55,12,10,1,1,5,2,3,,,,,,,,
1.22111E+17,6.15857E+13,Juankada Ellise,"𝐌𝐚𝐢𝐧 𝐜𝐡𝐚𝐫𝐚𝐜𝐭𝐞𝐫 𝐲𝐚𝐫𝐧?😳✨

#Juan365  #JuankadaEllise #foryourpage #picture #fyp #trending","𝐌𝐚𝐢𝐧 𝐜𝐡𝐚𝐫𝐚𝐜𝐭𝐞𝐫 𝐲𝐚𝐫𝐧?😳✨

#Juan365  #JuankadaEllise #foryourpage #picture #fyp #trending",15,2/2/2026 2:00,N/A,https://www.facebook.com/reel/900655242845252/,1,0,Videos,,,,,Lifetime,214,166,15,13,2,0,2,2,,,1092.038,5.967,0,0,0,,
1.22111E+17,6.15857E+13,Juankada Ellise,"𝐓𝐡𝐢𝐬 𝐠𝐥𝐨𝐰 𝐝𝐢𝐝𝐧'𝐭 𝐜𝐨𝐦𝐞 𝐞𝐚𝐬𝐲❤️✨

#Juan365  #JuankadaEllise #foryourpage #picture #fyp",,0,2/1/2026 20:00,N/A,https://www.facebook.com/permalink.php?story_fbid=pfbid0DBs5fNxnmv2wdxXZeGCH6BsKxW2XWW2Q4YG19iWfMRqNom2VoGR435QgvQLfrMEFl&id=61585679673115,0,0,Photos,,,,,Lifetime,128,55,8,6,1,1,2,1,1,,,,,,,,
1.22111E+17,6.15857E+13,Juankada Ellise,"𝐏𝐈𝐧𝐚𝐧𝐝𝐚𝐲 𝐧𝐚𝐭𝐨 𝐧𝐠 𝐩𝐚𝐧𝐚𝐡𝐨𝐧 😜

#Juan365  #JuankadaEllise #foryourpage #trending  #fyp #reels","𝐏𝐈𝐧𝐚𝐧𝐝𝐚𝐲 𝐧𝐚𝐭𝐨 𝐧𝐠 𝐩𝐚𝐧𝐚𝐡𝐨𝐧 😜

#Juan365  #JuankadaEllise #foryourpage #trending  #fyp #reels",9,2/1/2026 16:00,N/A,https://www.facebook.com/reel/2779172505751380/,1,0,Videos,,,,,Lifetime,2975,1928,20,17,2,1,5,4,,1,14076.254,6.767,0,0,0,,
1.22111E+17,6.15857E+13,Juankada Ellise,samahan niyo kami taga piga ng kalamansi😂,,0,2/1/2026 11:46,N/A,https://www.facebook.com/permalink.php?story_fbid=pfbid023dx1AzQcp1wPZNjHWvx23EgBsBrcB3Eue6hNWFYL9Z1vQ7iGPatnCh2LPS3tH2Pbl&id=61585679673115,0,1,Photos,,,,,Lifetime,161,82,6,6,0,0,2,,2,,,,,,,,
1.22111E+17,6.15857E+13,Juankada Ellise,"𝐁𝐞𝐬𝐡𝐲𝐲! 𝐑𝐞𝐦𝐢𝐧𝐝𝐞𝐫 𝐥𝐚𝐧𝐠 𝐡𝐚 𝐝𝐨𝐧'𝐭 𝐭𝐚𝐤𝐞 𝐭𝐡𝐢𝐧𝐠𝐬 𝐩𝐞𝐫𝐬𝐨𝐧𝐚𝐥 𝐧𝐚𝐤𝐨😅

#JuankadaEllise #foryourpage #reels #fyp #trending","𝐁𝐞𝐬𝐡𝐲𝐲! 𝐑𝐞𝐦𝐢𝐧𝐝𝐞𝐫 𝐥𝐚𝐧𝐠 𝐡𝐚 𝐝𝐨𝐧'𝐭 𝐭𝐚𝐤𝐞 𝐭𝐡𝐢𝐧𝐠𝐬 𝐩𝐞𝐫𝐬𝐨𝐧𝐚𝐥 𝐧𝐚𝐤𝐨😅

#JuankadaEllise #foryourpage #reels #fyp #trending",11,2/1/2026 2:00,N/A,https://www.facebook.com/reel/1849713099003309/,1,0,Videos,,,,,Lifetime,182,142,14,13,1,0,4,4,,,764.235,5.163,0,0,0,,
1.22111E+17,6.15857E+13,Juankada Ellise,"February na! ❤️ New month, new vibes!

 👇𝐃𝐫𝐨𝐩 𝐲𝐨𝐮𝐫 𝐪𝐮𝐞𝐬𝐭𝐢𝐨𝐧𝐬 𝐛𝐞𝐥𝐨𝐰, 𝐬𝐚𝐬𝐚𝐠𝐮𝐭𝐢𝐧 𝐤𝐨!

#Juan365Studios #Juan365ColorGame #JuankadaEllise #foryourpage #reels #fyp #trending",,0,1/31/2026 21:00,N/A,https://www.facebook.com/permalink.php?story_fbid=pfbid0VuRxmRrpzzhMCPN81jwZ2ZSKkA7PHaLs6oD7CfEJ6CYYER8WuqeSb2xJZkEdsJEol&id=61585679673115,0,0,Photos,,,,,Lifetime,271,124,17,8,7,2,17,16,1,,,,,,,,
1.22111E+17,6.15857E+13,Juankada Ellise,"𝐂𝐡𝐚𝐭 𝐦𝐨𝐤𝐨 𝐩𝐚𝐠 𝐝𝐢𝐤𝐚𝐧𝐚 𝐛𝐮𝐬𝐲 𝐛𝐞𝐬𝐡𝐲😆😘

#JuankadaEllise #foryourpage #reels #fyp #trending","𝐂𝐡𝐚𝐭 𝐦𝐨𝐤𝐨 𝐩𝐚𝐠 𝐝𝐢𝐤𝐚𝐧𝐚 𝐛𝐮𝐬𝐲 𝐛𝐞𝐬𝐡𝐲😆😘

#JuankadaEllise #foryourpage #reels #fyp #trending",11,1/31/2026 17:00,N/A,https://www.facebook.com/reel/670237022778359/,1,0,Videos,,,,,Lifetime,4426,3103,19,17,2,0,6,4,,2,28392.042,9.059,0,0,0,,
1.22111E+17,6.15857E+13,Juankada Ellise,"𝐇𝐞𝐥𝐥𝐨 𝐁𝐞𝐬𝐡𝐢𝐞𝐬! 👋 𝐈𝐭’𝐬 𝐦𝐞, 𝐉𝐮𝐚𝐧𝐤𝐚𝐝𝐚 𝐄𝐥𝐥𝐢𝐬𝐞 😘",,0,1/31/2026 9:39,N/A,https://www.facebook.com/photo.php?fbid=122111187171189322&set=a.122097504951189322&type=3,0,0,Photos,,,,,Lifetime,188,78,22,19,2,1,4,4,,,,,,,,,
1.22111E+17,6.15857E+13,Juankada Ellise,"𝐈𝐟 𝐜𝐨𝐧𝐟𝐢𝐝𝐞𝐧𝐜𝐞 𝐡𝐚𝐝 𝐚 𝐜𝐨𝐥𝐨𝐫, 𝐈’𝐦 𝐰𝐞𝐚𝐫𝐢𝐧𝐠 𝐢𝐭 𝐰𝐢𝐭𝐡 𝐚 𝐬𝐦𝐢𝐥𝐞 😌❤️

#JuankadaEllise #foryourpage #reels #trending #Followme","𝐈𝐟 𝐜𝐨𝐧𝐟𝐢𝐝𝐞𝐧𝐜𝐞 𝐡𝐚𝐝 𝐚 𝐜𝐨𝐥𝐨𝐫, 𝐈’𝐦 𝐰𝐞𝐚𝐫𝐢𝐧𝐠 𝐢𝐭 𝐰𝐢𝐭𝐡 𝐚 𝐬𝐦𝐢𝐥𝐞 😌❤️

#JuankadaEllise #foryourpage #reels #trending #Followme",19,1/31/2026 2:00,N/A,https://www.facebook.com/reel/892347280055577/,1,0,Videos,,,,,Lifetime,178,129,17,16,1,0,7,7,,,1053.362,7.418,0,0,0,,
1.22111E+17,6.15857E+13,Juankada Ellise,"𝐀 𝐰𝐨𝐦𝐚𝐧 𝐢𝐧 𝐫𝐞𝐝 𝐢𝐬 𝐩𝐨𝐰𝐞𝐫𝐟𝐮𝐥.
𝐀𝐝𝐝 𝐚 𝐬𝐦𝐢𝐥𝐞, 𝐚𝐧𝐝 𝐬𝐡𝐞’𝐬 𝐝𝐚𝐧𝐠𝐞𝐫𝐨𝐮𝐬 😉

#JuankadaEllise #Followme #ColorMania #fypviralシ",,0,1/30/2026 20:00,N/A,https://www.facebook.com/permalink.php?story_fbid=pfbid0J3xHSsSekbnjTtKFg7SVRkcJJHThQ9vk93H4WmospSKRsyiiLJ9XkXhudaiStx64l&id=61585679673115,0,0,Photos,,,,,Lifetime,179,83,19,15,3,1,6,5,1,,,,,,,,
1.22111E+17,6.15857E+13,Juankada Ellise,"𝐉𝐚𝐧𝐮𝐚𝐫𝐲 𝐭𝐚𝐮𝐠𝐡𝐭 𝐦𝐞 𝐭𝐨 𝐠𝐥𝐨𝐰, 𝐅𝐞𝐛𝐫𝐮𝐚𝐫𝐲 𝐢𝐬 𝐡𝐞𝐫𝐞 𝐭𝐨 𝐥𝐨𝐯𝐞 😌💖

#JuankadaEllise #foryourpage #reels #trending #Followme","𝐉𝐚𝐧𝐮𝐚𝐫𝐲 𝐭𝐚𝐮𝐠𝐡𝐭 𝐦𝐞 𝐭𝐨 𝐠𝐥𝐨𝐰, 𝐅𝐞𝐛𝐫𝐮𝐚𝐫𝐲 𝐢𝐬 𝐡𝐞𝐫𝐞 𝐭𝐨 𝐥𝐨𝐯𝐞 😌💖

#JuankadaEllise #foryourpage #reels #trending #Followme",25,1/30/2026 16:00,N/A,https://www.facebook.com/reel/900381659574771/,1,0,Videos,,,,,Lifetime,177,102,16,14,1,1,9,9,,,1106.629,7.093,0,0,0,,
1.22111E+17,6.15857E+13,Juankada Ellise,"𝐁𝐞𝐬𝐡𝐲 𝟓𝟎% 𝐩𝐚𝐥𝐚𝐧𝐠 𝐭𝐨 𝐩𝐚𝐧𝐨 𝐧𝐚𝐥𝐚𝐧𝐠 𝐤𝐮𝐧𝐠 𝐦𝐚𝐠 𝟏𝟎𝟎% 𝐩𝐚!😜✨

#Juan365 #Juan365Studios #ALLINJUANLIVE #Juan365ColorGame #JuankadaEllise #foryourpage #reels","𝐁𝐞𝐬𝐡𝐲 𝟓𝟎% 𝐩𝐚𝐥𝐚𝐧𝐠 𝐭𝐨 𝐩𝐚𝐧𝐨 𝐧𝐚𝐥𝐚𝐧𝐠 𝐤𝐮𝐧𝐠 𝐦𝐚𝐠 𝟏𝟎𝟎% 𝐩𝐚!😜✨

#Juan365 #Juan365Studios #ALLINJUANLIVE #Juan365ColorGame #JuankadaEllise #foryourpage #reels",16,1/30/2026 2:00,N/A,https://www.facebook.com/reel/2132827180884384/,1,0,Videos,,,,,Lifetime,208,124,10,8,2,0,12,12,,,1133.597,7.817,0,0,0,,
1.22111E+17,6.15857E+13,Juankada Ellise,"👉 𝐁𝐞𝐬𝐡𝐲! 𝐃𝐚𝐥𝐡𝐢𝐧 𝐦𝐨 𝐚𝐧𝐠 𝐍𝐆𝐈𝐓𝐈 𝐦𝐨 𝐩𝐚𝐥𝐚𝐠𝐢 💛
“Isang ngiti, kayang gumaan ang buong araw.”

#Juan365 #Juan365Studios #ALLINJUANLIVE #Juan365ColorGame #JuankadaEllise #foryourpage #reels",,0,1/29/2026 20:00,N/A,https://www.facebook.com/permalink.php?story_fbid=pfbid0BvNB2z2TyyvheRgZJgr4g5mzetaLwbdR24sfQ64otCnrMGKEV5C3VnbxXJoySabVl&id=61585679673115,0,0,Photos,,,,,Lifetime,154,68,8,6,1,1,9,4,5,,,,,,,,
1.22111E+17,6.15857E+13,Juankada Ellise,"𝐈𝐤𝐚𝐰 𝐡𝐚 𝐛𝐚𝐤𝐚 𝐩𝐚𝐚𝐬𝐚𝐡𝐢𝐧 𝐦𝐨 𝐤𝐨 𝐡𝐚😜

#Juan365 #Juan365Studios #ALLINJUANLIVE #Juan365ColorGame #JuankadaEllise #foryourpage #reels","𝐈𝐤𝐚𝐰 𝐡𝐚 𝐛𝐚𝐤𝐚 𝐩𝐚𝐚𝐬𝐚𝐡𝐢𝐧 𝐦𝐨 𝐤𝐨 𝐡𝐚😜

#Juan365 #Juan365Studios #ALLINJUANLIVE #Juan365ColorGame #JuankadaEllise #foryourpage #reels",16,1/29/2026 16:30,N/A,https://www.facebook.com/reel/907172791814600/,1,0,Videos,,,,,Lifetime,1683,1357,30,26,3,1,13,4,,9,14040.523,9.811,0,0,0,,
1.22111E+17,6.15857E+13,Juankada Ellise,"𝐈𝐬𝐚 𝐤𝐚𝐫𝐢𝐧 𝐧𝐚𝐦𝐚𝐧 𝐤𝐚𝐬𝐢 𝐞𝐡 𝐡𝐚𝐲𝐬𝐭🤭✨

#Juan365 #Juan365Studios #ALLINJUANLIVE #Juan365ColorGame #JuankadaEllise #foryourpage #trending #reels","𝐈𝐬𝐚 𝐤𝐚𝐫𝐢𝐧 𝐧𝐚𝐦𝐚𝐧 𝐤𝐚𝐬𝐢 𝐞𝐡 𝐡𝐚𝐲𝐬𝐭🤭✨

#Juan365 #Juan365Studios #ALLINJUANLIVE #Juan365ColorGame #JuankadaEllise #foryourpage #trending #reels",16,1/29/2026 4:14,N/A,https://www.facebook.com/reel/25505661925763577/,0,0,Videos,,,,,Lifetime,67,51,5,4,1,0,4,4,,,239.428,4.517,0,0,0,,
1.22111E+17,6.15857E+13,Juankada Ellise,"Life is hella colorful 🌸💖, lalo na kapag all in sa Juan365!

#Juan365 #Juan365Studios #ALLINJUANLIVE #Juan365ColorGame #JuankadaEllise","Life is hella colorful 🌸💖, lalo na kapag all in sa Juan365!

#Juan365 #Juan365Studios #ALLINJUANLIVE #Juan365ColorGame #JuankadaEllise",20,1/28/2026 3:30,N/A,https://www.facebook.com/reel/1419341449971633/,1,0,Videos,,,,,Lifetime,798,460,24,23,0,1,4,4,,,4830.7,7.264,0,0,0,,
1.22111E+17,6.15857E+13,Juankada Ellise,Juankada host ❤️,,0,1/28/2026 0:42,N/A,https://www.facebook.com/permalink.php?story_fbid=pfbid0CwtHECiY74Y1NfsJNbPH9A7Bfjp6FkFGjVYYZ1kJSiecmnmjJVrcQyG83CY87wGMl&id=61585679673115,0,1,Photos,,,,,Lifetime,153,71,7,7,0,0,12,4,8,,,,,,,,
1.22111E+17,6.15857E+13,Juankada Ellise,"Life is better when it’s colorful 🎨✨ All in ang saya sa Juan365!

#Juan365 #Juan365Studios #ALLINJUANLIVE #Juan365ColorGAme #JuankadaEllise","Life is better when it’s colorful 🎨✨ All in ang saya sa Juan365!

#Juan365 #Juan365Studios #ALLINJUANLIVE #Juan365ColorGAme #JuankadaEllise",8,1/27/2026 16:30,N/A,https://www.facebook.com/reel/1540348603927760/,1,0,Videos,,,,,Lifetime,3641,3279,17,17,0,0,24,3,,21,16616.299,5.153,0,0,0,,
1.22111E+17,6.15857E+13,Juankada Ellise,"Mas solid ang saya kapag all in sa Color Game Live sa Juan365 💯

#Juan365 #Juan365Studios #ALLINJUANLIVE #Juan365ColorGame #JuankadaEllise",,0,1/27/2026 13:18,N/A,https://www.facebook.com/permalink.php?story_fbid=pfbid0sZ8SFhoVPmZynpqBf5NkMyokn7Tw7bxbgBfUGX55NuPBJeKNUbHJHBrLu19XpS5bl&id=61585679673115,0,0,Photos,,,,,Lifetime,123,69,10,9,0,1,0,,,,,,,,,,
1.2211E+17,6.15857E+13,Juankada Ellise,Let’s go juankada!!!,,0,1/27/2026 8:09,N/A,https://www.facebook.com/permalink.php?story_fbid=pfbid0v2dahFAT7TkaLgSewGcp7AY3oX2DUuiS22CGGZQnAQt1rWzWSWiysN5dqtCmeRdcl&id=61585679673115,0,1,Photos,,,,,Lifetime,121,63,5,5,0,0,7,3,4,,,,,,,,
1.2211E+17,6.15857E+13,Juankada Ellise,"𝐖𝐡𝐞𝐫𝐞 𝐭𝐨 𝐠𝐨?😁✨

#Juan365 #Juan365Studios #ALLINJUANLIVE #Juan365ColorGame #JuankadaEllise #foryourpage #fypシ゚viralシfypシ゚viralシalシ",,0,1/27/2026 3:00,N/A,https://www.facebook.com/permalink.php?story_fbid=pfbid0ekPfEbVMPhRdqnqWAcCpMGZxwy1gPr6hU2CrLUCGq9VRsaN6t4wd1Pr4MawiDpStl&id=61585679673115,0,0,Photos,,,,,Lifetime,216,102,11,8,1,2,8,4,4,,,,,,,,
1.2211E+17,6.15857E+13,Juankada Ellise,"Pag ako nairita ha pag sinabe ko dito ka😜✨

#Juan365 #Juan365Studios #ALLINJUANLIVE #Juan365ColorGame #JuankadaEllise #foryourpage #fypシ゚viralシfypシ゚viralシalシ","Pag ako nairita ha pag sinabe ko dito ka😜✨

#Juan365 #Juan365Studios #ALLINJUANLIVE #Juan365ColorGame #JuankadaEllise #foryourpage #fypシ゚viralシfypシ゚viralシalシ",16,1/26/2026 20:30,N/A,https://www.facebook.com/reel/1593827891945559/,1,0,Videos,,,,,Lifetime,3253,2249,26,25,1,0,6,4,,2,29585.64,12.703,0,0,0,,
1.2211E+17,6.15857E+13,Juankada Ellise,"kung mapag bigyan ingatan mo ha🥰

#Juan365 #Juan365Studios #ALLINJUANLIVE #Juan365ColorGame #JuankadaEllise #foryourpage #fypシ゚viralシfypシ゚viralシalシ","kung mapag bigyan ingatan mo ha🥰

#Juan365 #Juan365Studios #ALLINJUANLIVE #Juan365ColorGame #JuankadaEllise #foryourpage #fypシ゚viralシfypシ゚viralシalシ",12,1/26/2026 17:30,N/A,https://www.facebook.com/reel/891487956906117/,1,0,Videos,,,,,Lifetime,191,147,12,11,1,0,4,4,,,741.516,4.878,0,0,0,,
1.2211E+17,6.15857E+13,Juankada Ellise,"✨ 𝐀 𝐬𝐢𝐦𝐩𝐥𝐞 𝐬𝐦𝐢𝐥𝐞 𝐜𝐚𝐧 𝐜𝐡𝐚𝐧𝐠𝐞 𝐭𝐡𝐞 𝐰𝐡𝐨𝐥𝐞 𝐦𝐨𝐨𝐝.

#Juan365 #Juan365Studios #ALLINJUANLIVE #Juan365ColorGame #JuankadaEllise","✨ 𝐀 𝐬𝐢𝐦𝐩𝐥𝐞 𝐬𝐦𝐢𝐥𝐞 𝐜𝐚𝐧 𝐜𝐡𝐚𝐧𝐠𝐞 𝐭𝐡𝐞 𝐰𝐡𝐨𝐥𝐞 𝐦𝐨𝐨𝐝.

#Juan365 #Juan365Studios #ALLINJUANLIVE #Juan365ColorGame #JuankadaEllise",13,1/26/2026 4:00,N/A,https://www.facebook.com/reel/26127631570199252/,1,0,Videos,,,,,Lifetime,135,105,7,7,0,0,1,1,,,527.864,4.671,0,0,0,,
1.2211E+17,6.15857E+13,Juankada Ellise,"𝐀𝐡𝐡 𝐩𝐚𝐠 𝐢𝐭𝐨 𝐭𝐢𝐧𝐨𝐝𝐨 𝐤𝐚 𝐬𝐚𝐩𝐮𝐥 𝐤𝐚 𝐬𝐚 𝐬𝐢𝐧𝐭𝐢𝐝𝐨☺️

#JuankadaEllise #foryourpage #fyp #reels #trending","𝐀𝐡𝐡 𝐩𝐚𝐠 𝐢𝐭𝐨 𝐭𝐢𝐧𝐨𝐝𝐨 𝐤𝐚 𝐬𝐚𝐩𝐮𝐥 𝐤𝐚 𝐬𝐚 𝐬𝐢𝐧𝐭𝐢𝐝𝐨☺️

#JuankadaEllise #foryourpage #fyp #reels #trending",10,1/25/2026 23:30,N/A,https://www.facebook.com/reel/1202088562075830/,1,0,Videos,,,,,Lifetime,170,120,10,10,0,0,2,2,,,731.801,5.672,0,0,0,,
1.2211E+17,6.15857E+13,Juankada Ellise,"'𝐋𝐢𝐟𝐞’𝐬 𝐛𝐞𝐭𝐭𝐞𝐫 𝐰𝐡𝐞𝐧 𝐲𝐨𝐮 𝐞𝐧𝐣𝐨𝐲 𝐞𝐯𝐞𝐫𝐲 𝐦𝐨𝐦𝐞𝐧𝐭!' 🎬🥰

#Juan365 #Juan365Studios #ALLINJUANLIVE #Juan365ColorGame #JuankadaEllise",,0,1/25/2026 19:00,N/A,https://www.facebook.com/permalink.php?story_fbid=pfbid0kwh8fNZsjGMyXbqjy6f3kAEepZSJghQisjo1irAYmdebZnvS3uV7AA55RdaULrwVl&id=61585679673115,0,0,Photos,,,,,Lifetime,200,109,13,9,3,1,18,10,8,,,,,,,,
1.2211E+17,6.15857E+13,Juankada Ellise,"Beshyyy!! BTS peek sa shoot 🤩🎬 𝐄𝐯𝐞𝐫𝐲 𝐬𝐭𝐞𝐩 𝐲𝐨𝐮 𝐭𝐚𝐤𝐞 𝐭𝐨𝐝𝐚𝐲 𝐬𝐡𝐚𝐩𝐞𝐬 𝐲𝐨𝐮𝐫 𝐭𝐨𝐦𝐨𝐫𝐫𝐨𝐰 ✨

#Juan365 #Juan365Studios #ALLINJUANLIVE #Juan365ColorGame #JuankadaEllise","Beshyyy!! BTS peek sa shoot 🤩🎬 𝐄𝐯𝐞𝐫𝐲 𝐬𝐭𝐞𝐩 𝐲𝐨𝐮 𝐭𝐚𝐤𝐞 𝐭𝐨𝐝𝐚𝐲 𝐬𝐡𝐚𝐩𝐞𝐬 𝐲𝐨𝐮𝐫 𝐭𝐨𝐦𝐨𝐫𝐫𝐨𝐰 ✨

#Juan365 #Juan365Studios #ALLINJUANLIVE #Juan365ColorGame #JuankadaEllise",19,1/25/2026 15:30,N/A,https://www.facebook.com/reel/1282158767291828/,1,0,Videos,,,,,Lifetime,296,219,7,6,0,1,6,6,,,1445.887,6.313,0,0,0,,
1.2211E+17,6.15857E+13,Juankada Ellise,Genggeng!! 🤟🏻,,0,1/25/2026 9:19,N/A,https://www.facebook.com/permalink.php?story_fbid=pfbid036DZn9RVhFNnNdRb9gMwwZL296sLWt45hXU4CXjpQZH3nM51jhe9qTJrf96MLMT63l&id=61585679673115,0,1,Photos,,,,,Lifetime,129,60,3,3,0,0,6,1,5,,,,,,,,
1.2211E+17,6.15857E+13,Juankada Ellise,"oh edi ako nalang bibili para sa sarili ko🥺

#JuankadaELlise #Juan365Studios #fyp #foryourpage #reels","oh edi ako nalang bibili para sa sarili ko🥺

#JuankadaELlise #Juan365Studios #fyp #foryourpage #reels",15,1/25/2026 3:30,mixed,https://www.facebook.com/reel/912053627860349/,1,0,Videos,,,,,Lifetime,4865,3103,24,24,0,0,8,6,,2,39133.121,12.506,0,0,0,,
1.2211E+17,6.15857E+13,Juankada Ellise,"𝐊𝐚𝐡𝐢𝐭 𝐢𝐥𝐚𝐧 𝐩𝐚𝐤𝐚𝐲𝐨, 𝐮𝐧𝐛𝐨𝐭𝐡𝐞𝐫𝐞𝐝 𝐥𝐚𝐧𝐠 𝐚𝐤𝐨😜💋

#JuankadaELlise #Juan365Studios #fyp #foryourpage #reels","𝐊𝐚𝐡𝐢𝐭 𝐢𝐥𝐚𝐧 𝐩𝐚𝐤𝐚𝐲𝐨, 𝐮𝐧𝐛𝐨𝐭𝐡𝐞𝐫𝐞𝐝 𝐥𝐚𝐧𝐠 𝐚𝐤𝐨😜💋

#JuankadaELlise #Juan365Studios #fyp #foryourpage #reels",15,1/24/2026 23:30,N/A,https://www.facebook.com/reel/1878309452795342/,1,0,Videos,,,,,Lifetime,127,101,9,8,1,0,4,4,,,417.456,3.76,0,0,0,,
1.2211E+17,6.15857E+13,Juankada Ellise,"Glitter in my heart, sparkle on my feed
serving smiles, shine, and good vibes only ✨💖

#Juan365 #Juan365Studios #ALLINJUANSALIVE #Juan365ColorGame #JuankadaEllise",,0,1/24/2026 19:30,N/A,https://www.facebook.com/permalink.php?story_fbid=pfbid02ECQ9Nnbpx1jgpqhfUUsbSbcsWYMhpLM7WhsoJhYnDjFSWm7V6r5qCPhZTHM9qrZil&id=61585679673115,0,0,Photos,,,,,Lifetime,125,70,14,10,3,1,4,3,1,,,,,,,,
1.2211E+17,6.15857E+13,Juankada Ellise,"𝐒𝐦𝐢𝐥𝐞𝐬 𝐨𝐧, 𝐝𝐫𝐚𝐦𝐚 𝐨𝐟𝐟. 😘🎀

#JuankadaELlise #Juan365Studios #fyp #foryourpage #reels","𝐒𝐦𝐢𝐥𝐞𝐬 𝐨𝐧, 𝐝𝐫𝐚𝐦𝐚 𝐨𝐟𝐟. 😘🎀

#JuankadaELlise #Juan365Studios #fyp #foryourpage #reels",14,1/24/2026 15:00,mixed,https://www.facebook.com/reel/1893225891307754/,1,0,Videos,,,,,Lifetime,299,254,13,12,1,0,2,2,,,1282.491,4.99,0,0,0,,
1.2211E+17,6.15857E+13,Juankada Ellise,"𝐉𝐮𝐬𝐭 𝐨𝐮𝐭 𝐡𝐞𝐫𝐞 𝐬𝐞𝐫𝐯𝐢𝐧𝐠 𝐟𝐮𝐧, 𝐬𝐩𝐚𝐫𝐤𝐥𝐞𝐬, 𝐚𝐧𝐝 𝐠𝐨𝐨𝐝 𝐯𝐢𝐛𝐞𝐬 💖✨  

#JuankadaEllise #Juan365Studios #reelsfypシ #foryourpage #JuankadaHosts","𝐉𝐮𝐬𝐭 𝐨𝐮𝐭 𝐡𝐞𝐫𝐞 𝐬𝐞𝐫𝐯𝐢𝐧𝐠 𝐟𝐮𝐧, 𝐬𝐩𝐚𝐫𝐤𝐥𝐞𝐬, 𝐚𝐧𝐝 𝐠𝐨𝐨𝐝 𝐯𝐢𝐛𝐞𝐬 💖✨  

#JuankadaEllise #Juan365Studios #reelsfypシ #foryourpage #JuankadaHosts",16,1/23/2026 23:00,N/A,https://www.facebook.com/reel/2112814702881684/,1,0,Videos,,,,,Lifetime,121,80,6,5,1,0,2,2,,,685.14,7.288,0,0,0,,
1.2211E+17,6.15857E+13,Juankada Ellise,"𝐀𝐲𝐚𝐰 𝐧𝐚 𝐧𝐠𝐚𝐧𝐢 𝐦𝐚𝐬𝐚𝐤𝐢𝐭 𝐧𝐠𝐚𝐧𝐢 𝐬𝐚 𝐡𝐞𝐚𝐫𝐭☺️

#JuankadaEllise #Juan365Studios #reelsfypシ #foryourpage","𝐀𝐲𝐚𝐰 𝐧𝐚 𝐧𝐠𝐚𝐧𝐢 𝐦𝐚𝐬𝐚𝐤𝐢𝐭 𝐧𝐠𝐚𝐧𝐢 𝐬𝐚 𝐡𝐞𝐚𝐫𝐭☺️

#JuankadaEllise #Juan365Studios #reelsfypシ #foryourpage",12,1/23/2026 18:00,mixed,https://www.facebook.com/reel/1377182113539230/,1,0,Videos,,,,,Lifetime,628,483,17,15,1,1,9,9,,,2784.906,5.492,0,0,0,,
1.2211E+17,6.15857E+13,Juankada Ellise,"Masyadong madaming tao🙃 

#Juan365Studios #JuankadaEllise #foryourpage #trending #reelsfypシ","Masyadong madaming tao🙃 

#Juan365Studios #JuankadaEllise #foryourpage #trending #reelsfypシ",9,1/23/2026 2:30,mixed,https://www.facebook.com/reel/1370873131500627/,1,0,Videos,,,,,Lifetime,3496,2267,13,12,1,0,3,2,,1,18492.344,8.167,0,0,0,,
1.2211E+17,6.15857E+13,Juankada Ellise,"Just me, happy, sparkling, and loving every little moment ✨💖

#Juan365Studios #happy #love #JuankadaEllise",,0,1/22/2026 20:30,N/A,https://www.facebook.com/permalink.php?story_fbid=pfbid0g72GrWu5pWpyMhdCKMtvdeSg2p6ziXgnYq76BqUMpNUEwneZbGDwb6p5ghPXtEbQl&id=61585679673115,0,0,Photos,,,,,Lifetime,194,98,10,7,2,1,4,3,1,,,,,,,,
1.2211E+17,6.15857E+13,Juankada Ellise,"Papakalat ka tapos manlalag-lag ka ng iba...😒 

#foryourpage #trending #JuankadaEllise #Juan365Studios","Papakalat ka tapos manlalag-lag ka ng iba...😒 

#foryourpage #trending #JuankadaEllise #Juan365Studios",10,1/22/2026 16:30,mixed,https://www.facebook.com/reel/1194490412398617/,1,0,Videos,,,,,Lifetime,491,292,28,22,3,3,12,12,,,2070.974,5.968,0,0,0,,
1.22109E+17,6.15857E+13,Juankada Ellise,"Hi beshy! It’s me, 𝐉𝐮𝐚𝐧𝐤𝐚𝐝𝐚 𝐄𝐥𝐥𝐢𝐬𝐞, giving you luck, fun, entertainment, at wins ✨💙

#Juan365 #Juan365Studios #ALLINJUANLIVE #Juan365ColorGame #JuankadaEllise #reels #reelsfypシ #foryourpage #trending","Hi beshy! It’s me, 𝐉𝐮𝐚𝐧𝐤𝐚𝐝𝐚 𝐄𝐥𝐥𝐢𝐬𝐞, giving you luck, fun, entertainment, at wins ✨💙

#Juan365 #Juan365Studios #ALLINJUANLIVE #Juan365ColorGame #JuankadaEllise #reels #reelsfypシ #foryourpage #trending",20,1/22/2026 3:30,N/A,https://www.facebook.com/reel/1556011455677591/,1,0,Videos,,,,,Lifetime,158,136,7,6,1,0,3,3,,,741.694,5.335,0,0,0,,
1.22109E+17,6.15857E+13,Juankada Ellise,"𝐀𝐥𝐥 𝐛𝐥𝐚𝐜𝐤, 𝐚𝐥𝐥 𝐦𝐞, 𝐚𝐥𝐥 𝐬𝐥𝐚𝐲. 🖤💅

#Juan365 #Juan365Studios #ALLINJUANLIVE #Juan365ColorGame #JuankadaEllise #reels #reelsfypシ #foryourpage #trending","𝐀𝐥𝐥 𝐛𝐥𝐚𝐜𝐤, 𝐚𝐥𝐥 𝐦𝐞, 𝐚𝐥𝐥 𝐬𝐥𝐚𝐲. 🖤💅

#Juan365 #Juan365Studios #ALLINJUANLIVE #Juan365ColorGame #JuankadaEllise #reels #reelsfypシ #foryourpage #trending",16,1/21/2026 20:00,N/A,https://www.facebook.com/reel/868184772780761/,1,0,Videos,,,,,Lifetime,137,107,13,9,2,2,2,2,,,516.193,4.449,0,0,0,,
1.22109E+17,6.15857E+13,Juankada Ellise,"𝐇𝐈 𝐛𝐞𝐬𝐡𝐢𝐞𝐬𝐬𝐬!

Good morning, may your day be full of good vibes, pretty moments and winning day ahead ✨🌸

#Juan365 #Juan365Studios #ALLINJUANLIVE #Juan365ColorGame #JuankadaEllise","𝐇𝐈 𝐛𝐞𝐬𝐡𝐢𝐞𝐬𝐬𝐬!

Good morning, may your day be full of good vibes, pretty moments and winning day ahead ✨🌸

#Juan365 #Juan365Studios #ALLINJUANLIVE #Juan365ColorGame #JuankadaEllise",11,1/21/2026 16:30,N/A,https://www.facebook.com/reel/1445262953703082/,1,0,Videos,,,,,Lifetime,368,257,20,17,1,2,7,7,,,1647.259,6.011,0,0,0,,
1.22109E+17,6.15857E+13,Juankada Ellise,"𝐒𝐥𝐚𝐲𝐢𝐧𝐠 𝐭𝐨𝐝𝐚𝐲 𝐥𝐢𝐤𝐞 𝐢𝐭 𝐨𝐰𝐞𝐬 𝐦𝐞 𝐦𝐨𝐧𝐞𝐲. 💅💸

#Juan365 #Juan365Studios #ALLINJUANLIVE #Juan365ColorGame #JuankadaEllise #reels #reelsfypシ #foryourpage #trending #life","𝐒𝐥𝐚𝐲𝐢𝐧𝐠 𝐭𝐨𝐝𝐚𝐲 𝐥𝐢𝐤𝐞 𝐢𝐭 𝐨𝐰𝐞𝐬 𝐦𝐞 𝐦𝐨𝐧𝐞𝐲. 💅💸

#Juan365 #Juan365Studios #ALLINJUANLIVE #Juan365ColorGame #JuankadaEllise #reels #reelsfypシ #foryourpage #trending #life",14,1/21/2026 3:30,N/A,https://www.facebook.com/reel/4405112463141781/,1,0,Videos,,,,,Lifetime,1643,1510,13,10,2,1,19,4,,15,12972.049,8.363,0,0,0,,
1.22109E+17,6.15857E+13,Juankada Ellise,Bessshhyyyy💞 sa tingin niyo sino kaya nasa gitna🤔,,0,1/20/2026 22:25,N/A,https://www.facebook.com/permalink.php?story_fbid=pfbid02NoviKnkyJvrV4ppMWfQrGhuFqf8zFCpB4cG6uWMW3vszS6kLtrqAZNjq2qpCAqual&id=61585679673115,0,1,Photos,,,,,Lifetime,154,75,6,4,1,1,10,8,2,,,,,,,,
1.22109E+17,6.15857E+13,Juankada Ellise,"𝐁𝐞𝐬𝐡𝐲! 𝐒𝐞𝐫𝐯𝐢𝐧𝐠 𝐥𝐨𝐨𝐤𝐬, 𝐬𝐩𝐢𝐥𝐥𝐢𝐧𝐠 𝐯𝐢𝐛𝐞𝐬. 🖤✨

#Juan365 #Juan365Studios #Allinjuansasaya #ALLINJUANLIVE #Juan365ColorGame #JuankadaEllise",,0,1/20/2026 21:30,N/A,https://www.facebook.com/permalink.php?story_fbid=pfbid0TCH6M2SEv1Py2xvUo9G2GfudRvY99z5icUGmedVjAnWP76h5he1MFAmSvNHcam8Bl&id=61585679673115,0,0,Photos,,,,,Lifetime,219,114,21,15,2,4,8,5,3,,,,,,,,
1.22109E+17,6.15857E+13,Juankada Ellise,"𝐁𝐞𝐬𝐡𝐲!!✨🌸
𝐍𝐚𝐤𝐚𝐩𝐚𝐠-𝐝𝐨𝐰𝐧𝐥𝐨𝐚𝐝 𝐤𝐚𝐧𝐚𝐛𝐚 𝐧𝐠 𝐉𝐮𝐚𝐧𝟑𝟔𝟓 𝐚𝐩𝐩? 😎

Kung oo, tara sa Color Game live at makipag-kulitan at manalo!🤩

#Juan365 #Juan365Studios #ALLINJUANLIVE #Juan365ColorGame #JuankadaEllise #foryourpage #trending #reelsfypシ","𝐁𝐞𝐬𝐡𝐲!!✨🌸
𝐍𝐚𝐤𝐚𝐩𝐚𝐠-𝐝𝐨𝐰𝐧𝐥𝐨𝐚𝐝 𝐤𝐚𝐧𝐚𝐛𝐚 𝐧𝐠 𝐉𝐮𝐚𝐧𝟑𝟔𝟓 𝐚𝐩𝐩? 😎

Kung oo, tara sa Color Game live at makipag-kulitan at manalo!🤩

#Juan365 #Juan365Studios #ALLINJUANLIVE #Juan365ColorGame #JuankadaEllise #foryourpage #trending #reelsfypシ",11,1/20/2026 15:30,mixed,https://www.facebook.com/reel/925029320170347/,1,0,Videos,,,,,Lifetime,4018,3607,21,18,1,2,33,2,,31,18982.099,5.097,0,0,0,,
1.22109E+17,6.15857E+13,Juankada Ellise,"𝐒𝐨 𝐛𝐚𝐛𝐲, 𝐝𝐨𝐧𝐭 𝐰𝐨𝐫𝐫𝐲… 𝐲𝐨𝐮 𝐚𝐫𝐞 𝐦𝐲 𝐨𝐧𝐥𝐲 ✨ 𝐇𝐢𝐡𝐢, 𝐢𝐤𝐚𝐰 𝐥𝐚𝐧𝐠 𝐬𝐚 𝐚𝐤𝐢𝐧 😘

#Juan365 #Juan365Studios #Allinjuansasaya #ALLINJUANLIVE #Juan365ColorGame #JuankadaEllise","𝐒𝐨 𝐛𝐚𝐛𝐲, 𝐝𝐨𝐧𝐭 𝐰𝐨𝐫𝐫𝐲… 𝐲𝐨𝐮 𝐚𝐫𝐞 𝐦𝐲 𝐨𝐧𝐥𝐲 ✨ 𝐇𝐢𝐡𝐢, 𝐢𝐤𝐚𝐰 𝐥𝐚𝐧𝐠 𝐬𝐚 𝐚𝐤𝐢𝐧 😘

#Juan365 #Juan365Studios #Allinjuansasaya #ALLINJUANLIVE #Juan365ColorGame #JuankadaEllise",19,1/20/2026 3:00,N/A,https://www.facebook.com/reel/1909523669772569/,1,0,Videos,,,,,Lifetime,161,134,15,13,2,0,6,6,,,648.721,4.383,0,0,0,,
1.22109E+17,6.15857E+13,Juankada Ellise,"𝐁𝐥𝐮𝐞𝐫 𝐭𝐡𝐚𝐧 𝐛𝐥𝐮𝐞, 𝐩𝐞𝐫𝐨 𝐛𝐞𝐬𝐡𝐲…𝐍𝐨𝐭𝐡𝐢𝐧𝐠 𝐛𝐞𝐚𝐭𝐬 𝐣𝐞𝐭𝐭 𝟐 𝐇𝐨𝐥𝐢𝐝𝐚𝐲!  😜💅💙

#Juan365 #Juan365Studios #Allinjuansasaya #ALLINJUANLIVE #Juan365ColorGame #JuankadaEllise",,0,1/19/2026 20:00,N/A,https://www.facebook.com/permalink.php?story_fbid=pfbid03CitedbwdTQbjaxXRux7KoFnNszSqYvJxmtWqumRg4ng6CagkULmGT43gMaDazGGl&id=61585679673115,0,0,Photos,,,,,Lifetime,195,100,17,10,3,4,7,5,2,,,,,,,,
1.22109E+17,6.15857E+13,Juankada Ellise,"𝐉𝐮𝐬𝐭 𝐥𝐢𝐯𝐢𝐧𝐠, 𝐥𝐞𝐚𝐫𝐧𝐢𝐧𝐠, 𝐚𝐧𝐝 𝐭𝐫𝐮𝐬𝐭𝐢𝐧𝐠 𝐭𝐡𝐞 𝐩𝐫𝐨𝐜𝐞𝐬𝐬.✨💖

#Juan365 #Juan365Studios #ALLINJUANLIVE #Juan365ColorGame #JuankadaEllise #reels #reelsfypシ #foryourpage #trending #life","𝐉𝐮𝐬𝐭 𝐥𝐢𝐯𝐢𝐧𝐠, 𝐥𝐞𝐚𝐫𝐧𝐢𝐧𝐠, 𝐚𝐧𝐝 𝐭𝐫𝐮𝐬𝐭𝐢𝐧𝐠 𝐭𝐡𝐞 𝐩𝐫𝐨𝐜𝐞𝐬𝐬.✨💖

#Juan365 #Juan365Studios #ALLINJUANLIVE #Juan365ColorGame #JuankadaEllise #reels #reelsfypシ #foryourpage #trending #life",16,1/19/2026 16:00,N/A,https://www.facebook.com/reel/868577092581641/,1,0,Videos,,,,,Lifetime,342,279,15,15,0,0,0,,,,1619.859,5.624,0,0,0,,
1.22109E+17,6.15857E+13,Juankada Ellise,"𝐇𝐈 𝐁𝐄𝐒𝐇𝐇𝐘𝐘𝐘!!! 𝐊𝐮𝐥𝐢𝐭𝐚𝐧 𝐦𝐨𝐝𝐞 𝐎𝐍 𝐰𝐢𝐭𝐡 𝐆𝐰𝐚𝐩𝐢𝐭𝐨𝐧𝐠 𝐓𝐢𝐭𝐨😎✨

𝐆𝐢𝐬𝐢𝐧𝐠 𝐩𝐚 𝐛𝐚 𝐤𝐚𝐲𝐨? 𝐊𝐚𝐬𝐢 𝐤𝐚𝐦𝐢, 𝐋𝐈𝐕𝐄 𝐩𝐚 𝐡𝐚𝐧𝐠𝐠𝐚𝐧𝐠 𝟓𝐀𝐌 𝐚𝐧𝐠 𝐂𝐨𝐥𝐨𝐫 𝐆𝐚𝐦𝐞 𝐃𝐢𝐭𝐨 𝐥𝐚𝐧𝐠 𝐲𝐚𝐧 𝐬𝐚 𝐉𝐮𝐚𝐧𝟑𝟔𝟓 𝐚𝐩𝐩 𝐚𝐭 𝐖𝐞𝐛𝐬𝐢𝐭𝐞.🤩

#Juan365 #Juan365Studios #Allinjuansasaya #ALLINJUANLIVE #Juan365ColorGame #JuankadaEllise #JuankadaLance #fyp #foryourpage #Reels","𝐇𝐈 𝐁𝐄𝐒𝐇𝐇𝐘𝐘𝐘!!! 𝐊𝐮𝐥𝐢𝐭𝐚𝐧 𝐦𝐨𝐝𝐞 𝐎𝐍 𝐰𝐢𝐭𝐡 𝐆𝐰𝐚𝐩𝐢𝐭𝐨𝐧𝐠 𝐓𝐢𝐭𝐨😎✨

𝐆𝐢𝐬𝐢𝐧𝐠 𝐩𝐚 𝐛𝐚 𝐤𝐚𝐲𝐨? 𝐊𝐚𝐬𝐢 𝐤𝐚𝐦𝐢, 𝐋𝐈𝐕𝐄 𝐩𝐚 𝐡𝐚𝐧𝐠𝐠𝐚𝐧𝐠 𝟓𝐀𝐌 𝐚𝐧𝐠 𝐂𝐨𝐥𝐨𝐫 𝐆𝐚𝐦𝐞 𝐃𝐢𝐭𝐨 𝐥𝐚𝐧𝐠 𝐲𝐚𝐧 𝐬𝐚 𝐉𝐮𝐚𝐧𝟑𝟔𝟓 𝐚𝐩𝐩 𝐚𝐭 𝐖𝐞𝐛𝐬𝐢𝐭𝐞.🤩

#Juan365 #Juan365Studios #Allinjuansasaya #ALLINJUANLIVE #Juan365ColorGame #JuankadaEllise #JuankadaLance #fyp #foryourpage #Reels",15,1/19/2026 11:08,N/A,https://www.facebook.com/reel/1589178335719541/,0,0,Videos,,,,,Lifetime,2487,893,100,72,16,12,142,142,,,17526.59,10.026,0,0,0,,
1.22109E+17,6.15857E+13,Juankada Ellise,"𝑵𝒂𝒌𝒐! 𝑾𝒂𝒈 𝒏𝒊𝒚𝒐 𝒌𝒐 𝒔𝒊𝒏𝒖𝒔𝒖𝒃𝒖𝒌𝒂𝒏 𝒕𝒂𝒍𝒂𝒈𝒂...
Kasi ako yung kasalanang uulitin, hindi pagsisisihan. 💅💋✨

#Juan365 #Juan365Studios #ALLINJUANLIVE #Juan365ColorGame #JuankadaEllise #reels ##reelsfypシreelsfypシ","𝑵𝒂𝒌𝒐! 𝑾𝒂𝒈 𝒏𝒊𝒚𝒐 𝒌𝒐 𝒔𝒊𝒏𝒖𝒔𝒖𝒃𝒖𝒌𝒂𝒏 𝒕𝒂𝒍𝒂𝒈𝒂...
Kasi ako yung kasalanang uulitin, hindi pagsisisihan. 💅💋✨

#Juan365 #Juan365Studios #ALLINJUANLIVE #Juan365ColorGame #JuankadaEllise #reels ##reelsfypシreelsfypシ",14,1/19/2026 2:00,auto,https://www.facebook.com/reel/925970086451532/,1,0,Videos,,,,,Lifetime,2383,1920,33,29,3,1,39,22,,17,18027.572,8.696,0,0,0,,
1.22109E+17,6.15857E+13,Juankada Ellise,"𝐉𝐮𝐬𝐭 𝐛𝐞𝐢𝐧𝐠 𝐚𝐥𝐢𝐯𝐞 𝐢𝐬 𝐩𝐫𝐨𝐨𝐟 𝐭𝐡𝐚𝐭 𝐦𝐚𝐠𝐢𝐜 𝐞𝐱𝐢𝐬𝐭𝐬. ✨💖

#Juan365 #Juan365Studios #ALLINJUANLIVE #Juan365ColorGame #JuankadaEllise",,0,1/18/2026 20:00,N/A,https://www.facebook.com/permalink.php?story_fbid=pfbid02FrWEF8mVv6Gyz16dS18SechqYcTogsXoj9iaamEmQqERxwcctt8TVJo7W2WJ3VF1l&id=61585679673115,0,0,Photos,,,,,Lifetime,227,113,9,7,1,1,6,5,1,,,,,,,,
1.22109E+17,6.15857E+13,Juankada Ellise,,,0,1/18/2026 13:22,N/A,https://www.facebook.com/permalink.php?story_fbid=pfbid02QnGc7yy1KF2TdoPt7NNBp6dGBoiEhZPvUCbwf9u8VZt38Nw4oiSNTkYLykvpBQx5l&id=61585679673115,0,1,Photos,,,,,Lifetime,140,66,2,2,0,0,3,,3,,,,,,,,
1.22109E+17,6.15857E+13,Juankada Ellise,"𝐊𝐢𝐥𝐚𝐥𝐚𝐧𝐢𝐧 𝐦𝐨 𝐛𝐢𝐧𝐚𝐛𝐚𝐧𝐠𝐠𝐚 𝐦𝐨...😏

#Juan365 #Juan365Studios #ALLINJUANLIVE #Juan365ColorGame #JuankadaEllise #reels #reelsfypシ","𝐊𝐢𝐥𝐚𝐥𝐚𝐧𝐢𝐧 𝐦𝐨 𝐛𝐢𝐧𝐚𝐛𝐚𝐧𝐠𝐠𝐚 𝐦𝐨...😏

#Juan365 #Juan365Studios #ALLINJUANLIVE #Juan365ColorGame #JuankadaEllise #reels #reelsfypシ",22,1/18/2026 2:00,N/A,https://www.facebook.com/reel/902756245760685/,1,0,Videos,,,,,Lifetime,2461,1833,22,21,0,1,26,22,,4,26900.003,14.47,0,0,0,,
1.22109E+17,6.15857E+13,Juankada Ellise,"𝐇𝐢𝐧𝐝𝐢 𝐤𝐨 𝐬𝐮𝐨𝐭 𝐤𝐮𝐫𝐭𝐢𝐧𝐚 𝐧𝐠 𝐥𝐨𝐥𝐚 𝐦𝐨 𝐛𝐞𝐬𝐡𝐲!!!😾.

#Juan365 #Juan365Studios #ALLINJUANLIVE #Juan365ColorGame #JuankadaEllise #reelsfypシ #fypchallenge #JuankadaLance",,0,1/17/2026 20:00,N/A,https://www.facebook.com/permalink.php?story_fbid=pfbid02j8JanaMCRL9ey38U7QSQsq2uzST1Ceg9dzQFARNWHMBUTD3y2nibBCum7uudS3GSl&id=61585679673115,0,0,Photos,,,,,Lifetime,329,134,31,23,6,2,21,10,11,,,,,,,,
1.22109E+17,6.15857E+13,Juankada Ellise,"𝐖𝐚𝐠 𝐦𝐨 𝐤𝐚𝐬𝐢 𝐚𝐤𝐨 𝐧𝐢 𝐠𝐚𝐠𝐚𝐥𝐢𝐭 𝐢𝐡🙄

#Juan365 #Juan365Studios #ALLINJUANSALIVE #Juan365ColorGame #JuankadaEllise #fypviralシ #reelschallenge","𝐖𝐚𝐠 𝐦𝐨 𝐤𝐚𝐬𝐢 𝐚𝐤𝐨 𝐧𝐢 𝐠𝐚𝐠𝐚𝐥𝐢𝐭 𝐢𝐡🙄

#Juan365 #Juan365Studios #ALLINJUANSALIVE #Juan365ColorGame #JuankadaEllise #fypviralシ #reelschallenge",14,1/17/2026 15:00,auto,https://www.facebook.com/reel/725098917067828/,1,0,Videos,,,,,Lifetime,4704,3250,59,52,4,3,73,65,,8,33592.993,9.433,0,0,0,,
1.22108E+17,6.15857E+13,Juankada Ellise,"𝐀𝐡𝐡, 𝐰𝐚𝐥𝐚 𝐩𝐚? 𝐎𝐤𝐚𝐲 𝐥𝐚𝐧𝐠, 𝐩𝐢𝐥𝐢𝐭𝐢𝐧 𝐧𝐚𝐭𝐢𝐧 𝐛𝐞𝐬𝐡𝐲! ✨💅

Live na live na mamaya sa Color game dito lang yan sa Juan365🤩

#Juan365 #Juan365Studios #allinjuansasaya #ALLINJUANLIVE #Juan365ColorGame #JuankadaEllise #fyp #reels #foryourpage #fypageシ","𝐀𝐡𝐡, 𝐰𝐚𝐥𝐚 𝐩𝐚? 𝐎𝐤𝐚𝐲 𝐥𝐚𝐧𝐠, 𝐩𝐢𝐥𝐢𝐭𝐢𝐧 𝐧𝐚𝐭𝐢𝐧 𝐛𝐞𝐬𝐡𝐲! ✨💅

Live na live na mamaya sa Color game dito lang yan sa Juan365🤩

#Juan365 #Juan365Studios #allinjuansasaya #ALLINJUANLIVE #Juan365ColorGame #JuankadaEllise #fyp #reels #foryourpage #fypageシ",7,1/17/2026 0:30,mixed,https://www.facebook.com/reel/772518735194251/,1,0,Videos,,,,,Lifetime,245,139,24,17,5,2,5,5,,,884.408,5.327,0,0,0,,
1.22108E+17,6.15857E+13,Juankada Ellise,"𝐋𝐢𝐭 𝐧𝐚 𝐥𝐢𝐭 𝐤𝐚𝐠𝐚𝐛𝐢, 𝐛𝐞𝐬𝐡𝐲 🔥💅
𝐈𝐤𝐚𝐰 𝐛𝐚? 𝐌𝐚𝐲 𝐭𝐚𝐧𝐨𝐧𝐠 𝐤𝐚 𝐬𝐚𝐤𝐢𝐧? 𝐃𝐫𝐨𝐩 𝐦𝐨 𝐧𝐚 👀💖

#Juan365 #Juan365Studios #allinjuansasaya #ALLINJUANLIVE #Juan365ColorGame #JuankadaEllise #fyp #reels #foryourpage #fypageシ",,0,1/16/2026 20:00,N/A,https://www.facebook.com/permalink.php?story_fbid=pfbid02bXrnVys2TtCa9SCYW3ni5Ly7nL6JWLM6M4A415p9WDU38pDeBbjMvEj7iX52wtJ1l&id=61585679673115,0,0,Photos,,,,,Lifetime,367,175,28,20,4,4,8,6,2,,,,,,,,
1.22108E+17,6.15857E+13,Juankada Ellise,"𝐒𝐦𝐨𝐨𝐭𝐡 𝐟𝐥𝐨𝐰 𝐥𝐚𝐧𝐠, 𝐠𝐚𝐧𝐢𝐭𝐨 𝐝𝐚𝐩𝐚𝐭 𝐰𝐢𝐭𝐡 𝐉𝐮𝐚𝐧𝐤𝐚𝐝𝐚 𝐄𝐯𝐨 ✨🌸

Sino kaya next collab? Mention niyo nga beshy 👀💖

#Juan365 #Juan365Studios #allinjuansasaya #ALLINJUANLIVE #Juan365ColorGame #JuankadaEllise #JuankadaEvo #fyp #reels #foryourpage #fypageシ","𝐒𝐦𝐨𝐨𝐭𝐡 𝐟𝐥𝐨𝐰 𝐥𝐚𝐧𝐠, 𝐠𝐚𝐧𝐢𝐭𝐨 𝐝𝐚𝐩𝐚𝐭 𝐰𝐢𝐭𝐡 𝐉𝐮𝐚𝐧𝐤𝐚𝐝𝐚 𝐄𝐯𝐨 ✨🌸

Sino kaya next collab? Mention niyo nga beshy 👀💖

#Juan365 #Juan365Studios #allinjuansasaya #ALLINJUANLIVE #Juan365ColorGame #JuankadaEllise #JuankadaEvo #fyp #reels #foryourpage #fypageシ",19,1/16/2026 16:00,N/A,https://www.facebook.com/reel/750876240917094/,1,0,Videos,,,,,Lifetime,445,323,27,22,3,2,6,6,,,3627.282,10.892,0,0,0,,
1.22108E+17,6.15857E+13,Juankada Ellise,"𝐈’𝐦 𝐛𝐚𝐜𝐤𝐤𝐤, 𝐛𝐞𝐬𝐡𝐢𝐞𝐞𝐞𝐬𝐬𝐬 😆
𝐊𝐢𝐭𝐚 𝐤𝐢𝐭𝐬𝐬𝐬 𝐦𝐚𝐦𝐚𝐲𝐚! 💕

Namiss niyo ba ’ko?
Kasi ako… oo 😌

#Juan365 #Juan365Studios #allinjuansasaya #ALLINJUANLIVE #Juan365ColorGame #JuankadaEllise #fyp #reels #foryourpage #fypageシ","𝐈’𝐦 𝐛𝐚𝐜𝐤𝐤𝐤, 𝐛𝐞𝐬𝐡𝐢𝐞𝐞𝐞𝐬𝐬𝐬 😆
𝐊𝐢𝐭𝐚 𝐤𝐢𝐭𝐬𝐬𝐬 𝐦𝐚𝐦𝐚𝐲𝐚! 💕

Namiss niyo ba ’ko?
Kasi ako… oo 😌

#Juan365 #Juan365Studios #allinjuansasaya #ALLINJUANLIVE #Juan365ColorGame #JuankadaEllise #fyp #reels #foryourpage #fypageシ",13,1/16/2026 3:00,N/A,https://www.facebook.com/reel/909984811973861/,1,0,Videos,,,,,Lifetime,1672,1316,17,12,4,1,11,5,,6,11428.55,8.75,0,0,0,,
1.22108E+17,6.15857E+13,Juankada Ellise,"𝐉𝐮𝐚𝐧𝐤𝐚𝐝𝐚, 𝐭𝐮𝐥𝐨𝐲-𝐭𝐮𝐥𝐨𝐲 𝐥𝐚𝐧𝐠 𝐚𝐧𝐠 𝐬𝐚𝐲𝐚! 🥰

Keep the fun going sa Color Game at samahan kami sa bawat round!  

#Juan365 #Juan365Studios #AllInJuanSaSaya #Juankada #JuankadaEllise",,0,1/15/2026 23:49,N/A,https://www.facebook.com/permalink.php?story_fbid=pfbid0UBPsZ2ANTASQsoTvJXUm3ajD2nKcLZfVCxhvDvks3pcHPBC1RZah9xLh5nRGqJ6pl&id=61585679673115,0,1,Photos,,,,,Lifetime,159,67,22,12,6,4,6,5,1,,,,,,,,
1.22108E+17,6.15857E+13,Juankada Ellise,"𝐀 𝐠𝐥𝐢𝐦𝐩𝐬𝐞 𝐟𝐫𝐨𝐦 𝐨𝐮𝐫 𝐥𝐚𝐬𝐭 𝐥𝐢𝐯𝐞, 𝐛𝐞𝐬𝐡𝐢𝐞𝐞𝐞𝐬𝐬𝐬 👀✨
See you sa live, 10PM hanggang 5AM — kita kits Bukas 💖

#Juan365 #Juan365Studios #allinjuansasaya #ALLINJUANLIVE #Juan365ColorGame #JuankadaEllise #fyp #reels #foryourpage #fypageシ","𝐀 𝐠𝐥𝐢𝐦𝐩𝐬𝐞 𝐟𝐫𝐨𝐦 𝐨𝐮𝐫 𝐥𝐚𝐬𝐭 𝐥𝐢𝐯𝐞, 𝐛𝐞𝐬𝐡𝐢𝐞𝐞𝐞𝐬𝐬𝐬 👀✨
See you sa live, 10PM hanggang 5AM — kita kits Bukas 💖

#Juan365 #Juan365Studios #allinjuansasaya #ALLINJUANLIVE #Juan365ColorGame #JuankadaEllise #fyp #reels #foryourpage #fypageシ",18,1/15/2026 22:00,uploaded,https://www.facebook.com/reel/1566770307739390/,1,0,Videos,,,,,Lifetime,1442,1178,31,21,7,3,32,18,,14,13804.715,10.473,0,0,0,,
1.22108E+17,6.15857E+13,Juankada Ellise,"𝐓𝐚𝐤𝐞 𝐚 𝐥𝐨𝐨𝐤 𝐢𝐧 𝐭𝐡𝐚𝐭 𝐦𝐢𝐫𝐫𝐨𝐫 🪞
𝐍𝐨𝐰 𝐭𝐞𝐥𝐥 𝐦𝐞, 𝐰𝐡𝐨’𝐬 𝐭𝐡𝐞 𝐟𝐚𝐢𝐫𝐞𝐬𝐭? 🌷

Finish the lyrics below 👇💕

#Juan365 #Juan365Studios #allinjuansasaya #ALLINJUANLIVE #Juan365ColorGame #JuankadaEllise #fyp #reels #foryourpage #fypageシ","𝐓𝐚𝐤𝐞 𝐚 𝐥𝐨𝐨𝐤 𝐢𝐧 𝐭𝐡𝐚𝐭 𝐦𝐢𝐫𝐫𝐨𝐫 🪞
𝐍𝐨𝐰 𝐭𝐞𝐥𝐥 𝐦𝐞, 𝐰𝐡𝐨’𝐬 𝐭𝐡𝐞 𝐟𝐚𝐢𝐫𝐞𝐬𝐭? 🌷

Finish the lyrics below 👇💕

#Juan365 #Juan365Studios #allinjuansasaya #ALLINJUANLIVE #Juan365ColorGame #JuankadaEllise #fyp #reels #foryourpage #fypageシ",13,1/15/2026 17:00,mixed,https://www.facebook.com/reel/928658136391927/,1,0,Videos,,,,,Lifetime,1585,1434,23,16,5,2,14,5,,9,9042.633,6.524,0,0,0,,
1.22108E+17,6.15857E+13,Juankada Ellise,"𝐇𝐢 𝐢𝐭’𝐬 𝐦𝐞 𝐉𝐮𝐚𝐧𝐤𝐚𝐝𝐚 𝐄𝐥𝐥𝐢𝐬𝐞 💖
𝐒𝐰𝐞𝐞𝐭 𝐚𝐧𝐝 𝐧𝐢𝐜𝐞, 𝐧𝐨 𝐥𝐢𝐞𝐬 🌷

Tap ❤️ and comment your lucky color

#Juan365 #Juan365Studios #allinjuansasaya #ALLINJUANLIVE #Juan365ColorGame #JuankadaEllise #fyp #reels #foryourpage","𝐇𝐢 𝐢𝐭’𝐬 𝐦𝐞 𝐉𝐮𝐚𝐧𝐤𝐚𝐝𝐚 𝐄𝐥𝐥𝐢𝐬𝐞 💖
𝐒𝐰𝐞𝐞𝐭 𝐚𝐧𝐝 𝐧𝐢𝐜𝐞, 𝐧𝐨 𝐥𝐢𝐞𝐬 🌷

Tap ❤️ and comment your lucky color

#Juan365 #Juan365Studios #allinjuansasaya #ALLINJUANLIVE #Juan365ColorGame #JuankadaEllise #fyp #reels #foryourpage",15,1/15/2026 2:29,N/A,https://www.facebook.com/reel/4354556678156582/,0,0,Videos,,,,,Lifetime,181,142,22,16,5,1,5,5,,,1015.882,7.308,0,0,0,,
1.22108E+17,6.15857E+13,Juankada Ellise,"𝐖𝐡𝐚𝐭 𝐚 𝐛𝐞𝐚𝐮𝐭𝐢𝐟𝐮𝐥 𝐝𝐚𝐲 𝐭𝐨 𝐛𝐞 𝐚𝐥𝐢𝐯𝐞.

Taking things slow and appreciating the little wins today 🤍

How’s your day going so far? 

#Juan365 #Juan365Studios #juan365colorgame #ALLINJUANLIVE #JuankadaEllise #reelsfypシ #fypシviralシ",,0,1/14/2026 20:20,N/A,https://www.facebook.com/permalink.php?story_fbid=pfbid0if7QW6gNrAZe9bmZfVn8Trgox6AhfVArwFHh7XTZNDqw2bCQkZKKnfA5Xaq54X3gl&id=61585679673115,0,0,Photos,,,,,Lifetime,312,124,28,21,3,4,11,9,2,,,,,,,,
1.22108E+17,6.15857E+13,Juankada Ellise,"𝐈𝐟 𝐈’𝐦 𝐲𝐨𝐮𝐫 𝐠𝐮𝐫𝐥… 𝐬𝐚𝐲 𝐦𝐲 𝐧𝐚𝐦𝐞, 𝐛𝐨𝐲𝐲𝐲 😏💖 𝐋𝐞𝐭 𝐦𝐞 𝐤𝐧𝐨𝐨𝐨𝐨𝐰! ❤️✨

👉 Color Game live sa Juan365 app at Website.

 #Juan365 #Juan365Studios #ALLINJUANLIVE #Juan365ColorGame #JuankadaEllise #reelsfypシ #fypシ゚viralシ #fypシ゚viralシfypシ゚","𝐈𝐟 𝐈’𝐦 𝐲𝐨𝐮𝐫 𝐠𝐮𝐫𝐥… 𝐬𝐚𝐲 𝐦𝐲 𝐧𝐚𝐦𝐞, 𝐛𝐨𝐲𝐲𝐲 😏💖 𝐋𝐞𝐭 𝐦𝐞 𝐤𝐧𝐨𝐨𝐨𝐨𝐰! ❤️✨

👉 Color Game live sa Juan365 app at Website.

 #Juan365 #Juan365Studios #ALLINJUANLIVE #Juan365ColorGame #JuankadaEllise #reelsfypシ #fypシ゚viralシ #fypシ゚viralシfypシ゚",19,1/14/2026 4:00,N/A,https://www.facebook.com/reel/852019951031604/,1,0,Videos,,,,,Lifetime,247,143,41,31,6,4,9,9,,,1509.805,8.933,0,0,0,,
1.22108E+17,6.15857E+13,Juankada Ellise,"｡⋆  🎀  𝒢𝒰𝒮𝒯🍑 𝒦𝐼𝒯𝒜𝒩𝒢 𝐼𝒮𝒜𝒴𝒜𝒲 𝒩𝒢 𝑀𝒜𝐵𝒜𝒢𝒜𝐿  🎀  ⋆｡

👉 Follow for more Good vibes.

 #Juan365 #Juan365Studios #ALLINJUANLIVE #Juan365ColorGame #JuankadaEllise #reelsfypシ #fypシviralシ #fypシviralシfypシ゚","｡⋆  🎀  𝒢𝒰𝒮𝒯🍑 𝒦𝐼𝒯𝒜𝒩𝒢 𝐼𝒮𝒜𝒴𝒜𝒲 𝒩𝒢 𝑀𝒜𝐵𝒜𝒢𝒜𝐿  🎀  ⋆｡

👉 Follow for more Good vibes.

 #Juan365 #Juan365Studios #ALLINJUANLIVE #Juan365ColorGame #JuankadaEllise #reelsfypシ #fypシviralシ #fypシviralシfypシ゚",13,1/14/2026 0:00,N/A,https://www.facebook.com/reel/1395068242313828/,1,0,Videos,,,,,Lifetime,1048,689,57,40,9,8,23,18,,5,6070.398,7.218,0,0,0,,
1.22108E+17,6.15857E+13,Juankada Ellise,"𝐋𝐢𝐟𝐞 𝐢𝐬 𝐚𝐥𝐫𝐞𝐚𝐝𝐲 𝐛𝐞𝐚𝐮𝐭𝐢𝐟𝐮𝐥 — 𝐥𝐞𝐭’𝐬 𝐦𝐚𝐤𝐞 𝐢𝐭 𝐜𝐨𝐥𝐨𝐫𝐟𝐮𝐥 ✨
𝐘𝐨𝐮𝐫 𝐬𝐭𝐨𝐫𝐲. 𝐘𝐨𝐮𝐫 𝐜𝐨𝐥𝐨𝐫𝐬. 𝐘𝐨𝐮𝐫 𝐦𝐨𝐦𝐞𝐧𝐭.

👉 Comment  your favorite color

#Juan365 #Juan365Studios #ALLINJUANLIVE #Juan365ColorGame #JuankadaEllise",,0,1/13/2026 17:03,N/A,https://www.facebook.com/permalink.php?story_fbid=pfbid033epeCdBkeUvnyfLKX5Q3FYeM5FD5VbiiyHSCXbvMcBHnCNVARXsqJF3SE3FDcNo3l&id=61585679673115,0,0,Photos,,,,,Lifetime,261,116,33,24,5,4,1,1,,,,,,,,,
1.22108E+17,6.15857E+13,Juankada Ellise,"🌸 𝐖𝐞𝐚𝐫 𝐩𝐢𝐧𝐤, 𝐟𝐞𝐞𝐥 𝐭𝐡𝐞 𝐰𝐢𝐧𝐤! 😉
𝐇𝐮𝐫𝐫𝐲, 𝐜𝐨𝐦𝐦𝐞𝐧𝐭 𝐛𝐚𝐠𝐨 𝐦𝐚-𝐦𝐢𝐬𝐬 𝐚𝐧𝐠 𝐥𝐢𝐧𝐤! ⚡👇

#Juan365 #Juan365Studios #ALLINJUANLIVE #Juan365ColorGame #JuankadaEllise #fypreelsシviralシ #fypchallenge #reelsfypシ","🌸 𝐖𝐞𝐚𝐫 𝐩𝐢𝐧𝐤, 𝐟𝐞𝐞𝐥 𝐭𝐡𝐞 𝐰𝐢𝐧𝐤! 😉
𝐇𝐮𝐫𝐫𝐲, 𝐜𝐨𝐦𝐦𝐞𝐧𝐭 𝐛𝐚𝐠𝐨 𝐦𝐚-𝐦𝐢𝐬𝐬 𝐚𝐧𝐠 𝐥𝐢𝐧𝐤! ⚡👇

#Juan365 #Juan365Studios #ALLINJUANLIVE #Juan365ColorGame #JuankadaEllise #fypreelsシviralシ #fypchallenge #reelsfypシ",18,1/13/2026 6:33,N/A,https://www.facebook.com/reel/25935714516040800/,0,0,Videos,,,,,Lifetime,2588,1808,61,50,6,5,83,70,,13,24504.655,10.626,0,0,0,,
1.22108E+17,6.15857E+13,Juankada Ellise,"𝐏𝐚𝐧𝐢𝐬 𝐤𝐚 𝐛𝐨𝐲! pa pa panis ka boy...
Beshies! ✨ watch Color Game live sa Juan365  app at Website 💖🎬

#Juan365 #Juan365Studios #ALLINJUANLIVE #Juan365ColorGame #JuankadaEllise #fypシ゚viralシ #reelsfypシ","𝐏𝐚𝐧𝐢𝐬 𝐤𝐚 𝐛𝐨𝐲! pa pa panis ka boy...
Beshies! ✨ watch Color Game live sa @[61572881214141:2048:Juan365]  app at Website 💖🎬

#Juan365 #Juan365Studios #ALLINJUANLIVE #Juan365ColorGame #JuankadaEllise #fypシ゚viralシ #reelsfypシ",15,1/12/2026 23:00,uploaded,https://www.facebook.com/reel/1282153177278239/,1,0,Videos,,,,,Lifetime,2770,2477,56,38,15,3,43,22,,21,21735.797,8.771,0,0,0,,
1.22107E+17,6.15857E+13,Juankada Ellise,"𝐁𝐞𝐬𝐡𝐢𝐞𝐬!!! 💖✨

Andito na naman ang good vibes, may kasamang swerte at tawanan hihi 😆🌸

👉 Watch Color Game LIVE sa Juan365 app at website
👉 Follow niyo na ko, besh, mwa 💋

#Juan365 #Juan365Studios #ALLINJUANLIVE #Juan365ColorGame #JuankadaEllise #fypreelsシviralシ #fypchallenge #reelsfypシ",,0,1/12/2026 21:29,N/A,https://www.facebook.com/permalink.php?story_fbid=pfbid0pycwCFa2TJgP2fr33xLZrp9xbr4uoAkZ8mYzSDfg9mRoi7Z2biNks4sStDPzWxi1l&id=61585679673115,0,0,Photos,,,,,Lifetime,314,133,33,21,7,5,13,7,6,,,,,,,,
1.22107E+17,6.15857E+13,Juankada Ellise,Morningshift ❤️,,0,1/12/2026 21:28,N/A,https://www.facebook.com/permalink.php?story_fbid=pfbid0qLb88Q7rYKeQoQbAn6KrBDrdXiqC38ntpNATNZreepCTW3xsiFwjMCTknCLdiAYAl&id=61585679673115,0,1,Photos,,,,,Lifetime,213,99,12,11,1,0,21,5,16,,,,,,,,
1.22107E+17,6.15857E+13,Juankada Ellise,"Feeling the vibe, gettin’ the hype! 😎
Color Game 𝐀𝐋𝐋 𝐃𝐀𝐘, 𝐀𝐋𝐋 𝐍𝐈𝐆𝐇𝐓 🔥

👉𝐖𝐚𝐭𝐜𝐡 𝐂𝐨𝐥𝐨𝐫 𝐆𝐚𝐦𝐞 𝐥𝐢𝐯𝐞 𝐚𝐭 𝐉𝐮𝐚𝐧𝟑𝟔𝟓 𝐚𝐩𝐩 𝐚𝐭 𝐖𝐞𝐛𝐬𝐢𝐭𝐞.

#Juan365 #Juan365Studios #ALLINJUANLIVE #Juan365ColorGame #JuankadaEllise #fypreelsシviralシ #fypchallenge #reelsfypシ","Feeling the vibe, gettin’ the hype! 😎
Color Game 𝐀𝐋𝐋 𝐃𝐀𝐘, 𝐀𝐋𝐋 𝐍𝐈𝐆𝐇𝐓 🔥

👉𝐖𝐚𝐭𝐜𝐡 𝐂𝐨𝐥𝐨𝐫 𝐆𝐚𝐦𝐞 𝐥𝐢𝐯𝐞 𝐚𝐭 𝐉𝐮𝐚𝐧𝟑𝟔𝟓 𝐚𝐩𝐩 𝐚𝐭 𝐖𝐞𝐛𝐬𝐢𝐭𝐞.

#Juan365 #Juan365Studios #ALLINJUANLIVE #Juan365ColorGame #JuankadaEllise #fypreelsシviralシ #fypchallenge #reelsfypシ",14,1/12/2026 2:00,N/A,https://www.facebook.com/reel/865576329529583/,0,0,Videos,,,,,Lifetime,395,164,20,14,3,3,10,10,,,2091.17,6.878,0,0,0,,
1.22107E+17,6.15857E+13,Juankada Ellise,"𝐁𝐥𝐚𝐜𝐤 𝐧𝐞𝐯𝐞𝐫 𝐟𝐚𝐢𝐥𝐬—beauty na walang effort 🖤
Double tap kung black ang forever mood mo 🔥

#Juan365 #Juan365Studios #ALLINJUANLIVE #Juan365ColorGame #JuankadaEllise","𝐁𝐥𝐚𝐜𝐤 𝐧𝐞𝐯𝐞𝐫 𝐟𝐚𝐢𝐥𝐬—beauty na walang effort 🖤
Double tap kung black ang forever mood mo 🔥

#Juan365 #Juan365Studios #ALLINJUANLIVE #Juan365ColorGame #JuankadaEllise",10,1/11/2026 23:18,N/A,https://www.facebook.com/reel/1204983927805849/,0,0,Videos,,,,,Lifetime,4872,3834,37,28,4,5,37,23,,14,24260.072,6.055,0,0,0,,
1.22107E+17,6.15857E+13,Juankada Ellise,"𝐀 𝐝𝐚𝐲 𝐬𝐭𝐚𝐫𝐭𝐞𝐝 𝐛𝐲 𝐬𝐦𝐢𝐥𝐢𝐧𝐠 𝐢𝐬 𝐚 𝐝𝐚𝐲 𝐰𝐨𝐫𝐭𝐡 𝐰𝐢𝐧𝐧𝐢𝐧𝐠 😊
 😊✨
Smile ka rin today—comment 😊 below 👇

#Juan365 #Juan365Studios #ALLINJUANLIVE #Juan365ColorGame #JuankadaEllise",,0,1/11/2026 16:37,N/A,https://www.facebook.com/permalink.php?story_fbid=pfbid0Rq6nNrcY1SNc4YN7y7XLATfBQ8So9Y18bhh4r7Ld2q7qgwTpqcVBVCtZhzAXSebxl&id=61585679673115,0,0,Photos,,,,,Lifetime,255,100,9,6,2,1,10,4,6,,,,,,,,
1.22107E+17,6.15857E+13,Juankada Ellise,"𝐁𝐄𝐒𝐇𝐈𝐄𝐒!✨

What if pink is your lucky color?💞

👉Color Game live sa Juan365 app at Website💯  

Try your luck! 🎀

#Juan365 #Juan365Studios #ALLINJUANLIVE #Juan365ColorGame #JuankadaEllise","𝐁𝐄𝐒𝐇𝐈𝐄𝐒!✨

What if pink is your lucky color?💞

👉Color Game live sa Juan365 app at Website💯  

Try your luck! 🎀

#Juan365 #Juan365Studios #ALLINJUANLIVE #Juan365ColorGame #JuankadaEllise",7,1/11/2026 4:53,N/A,https://www.facebook.com/reel/25123586250674544/,0,0,Videos,,,,,Lifetime,283,136,21,14,7,0,9,9,,,1127.625,6.875,0,0,0,,
1.22107E+17,6.15857E+13,Juankada Ellise,"𝐇𝐞𝐥𝐥𝐨 𝐁𝐞𝐬𝐡𝐢𝐞𝐬! 💖

May this year be 𝐎𝐔𝐑 year - full of good vibes, wins, and unforgettable moments ✨
Let’s make it a year to remember! 🙌 

👉𝐖𝐚𝐭𝐜𝐡 𝐂𝐨𝐥𝐨𝐫 𝐆𝐚𝐦𝐞 𝐥𝐢𝐯𝐞 𝐚𝐭 𝐉𝐮𝐚𝐧𝟑𝟔𝟓 𝐚𝐩𝐩 𝐚𝐭 𝐖𝐞𝐛𝐬𝐢𝐭𝐞.

#Juan365 #Juan365Studios #ALLINJUANLIVE #Juan365ColorGame #JuankadaEllise #fypreelsシviralシ #fypchallenge #reelsfypシ","𝐇𝐞𝐥𝐥𝐨 𝐁𝐞𝐬𝐡𝐢𝐞𝐬! 💖

May this year be 𝐎𝐔𝐑 year - full of good vibes, wins, and unforgettable moments ✨
Let’s make it a year to remember! 🙌 

👉𝐖𝐚𝐭𝐜𝐡 𝐂𝐨𝐥𝐨𝐫 𝐆𝐚𝐦𝐞 𝐥𝐢𝐯𝐞 𝐚𝐭 𝐉𝐮𝐚𝐧𝟑𝟔𝟓 𝐚𝐩𝐩 𝐚𝐭 𝐖𝐞𝐛𝐬𝐢𝐭𝐞.

#Juan365 #Juan365Studios #ALLINJUANLIVE #Juan365ColorGame #JuankadaEllise #fypreelsシviralシ #fypchallenge #reelsfypシ",10,1/10/2026 18:00,N/A,https://www.facebook.com/reel/1402161791640679/,1,0,Videos,,,,,Lifetime,201,120,21,16,4,1,5,5,,,760.232,5.102,0,0,0,,
1.22107E+17,6.15857E+13,Juankada Ellise,"BESHIES 💞
A beautiful morning deserves love, laughter, and good vibes 💞☀️

𝐂𝐚𝐭𝐜𝐡 𝐭𝐡𝐞 𝐂𝐨𝐥𝐨𝐫 𝐆𝐚𝐦𝐞 𝐋𝐈𝐕𝐄 𝐨𝐧 𝐭𝐡𝐞 𝐉𝐮𝐚𝐧𝟑𝟔𝟓 𝐚𝐩𝐩 𝐨𝐫 𝐨𝐧 𝐭𝐡𝐞 𝐰𝐞𝐛𝐬𝐢𝐭𝐞 🔥🎮

#Juan365 #Juan365Studios #ALLINJUANLIVE #Juan365ColorGame #JuankadaEllise",,0,1/10/2026 15:49,N/A,https://www.facebook.com/permalink.php?story_fbid=pfbid02brRbaSAiHn5M4RGm47pCeAPEoVSUHZEBdiDEybyz3EWPdGPyAwh3rmqZXJ7XoP26l&id=61585679673115,0,0,Photos,,,,,Lifetime,334,133,27,21,4,2,22,5,17,,,,,,,,
1.22107E+17,6.15857E+13,Juankada Ellise,"Start your day with a smile—manood, mag-libang, at maki-enjoy sa 𝐂𝐨𝐥𝐨𝐫 𝐆𝐚𝐦𝐞 𝐋𝐢𝐯𝐞 𝐬𝐚 𝐉𝐮𝐚𝐧𝟑𝟔𝟓 𝐚𝐩𝐩 𝐚𝐭 𝐰𝐞𝐛𝐬𝐢𝐭𝐞! 🎉

Tara na, good vibes all the way! ✨

#Juan365 #Juan365Studios #ALLINJUANLIVE #Juan365ColorGame #JuankadaEllise","Start your day with a smile—manood, mag-libang, at maki-enjoy sa 𝐂𝐨𝐥𝐨𝐫 𝐆𝐚𝐦𝐞 𝐋𝐢𝐯𝐞 𝐬𝐚 𝐉𝐮𝐚𝐧𝟑𝟔𝟓 𝐚𝐩𝐩 𝐚𝐭 𝐰𝐞𝐛𝐬𝐢𝐭𝐞! 🎉

Tara na, good vibes all the way! ✨

#Juan365 #Juan365Studios #ALLINJUANLIVE #Juan365ColorGame #JuankadaEllise",12,1/10/2026 1:06,N/A,https://www.facebook.com/reel/870500685834080/,0,0,Videos,,,,,Lifetime,5748,4935,47,39,5,3,78,27,,51,33557.208,6.333,0,0,0,,
1.22107E+17,6.15857E+13,Juankada Ellise,"Hi beshies~ ❄️🔥

Maginaw ang tanghali pero mainit ang live ngayon
Watch Color Game Live sa Juan 365 app at website 💖

👉 Red rhyme’s with?
Drop your answers now 🔴✨

#Juan365 #Juan365Studios #ALLINJUANLIVE #Juan365ColorGame #JuankadaEllise",,0,1/9/2026 20:00,N/A,https://www.facebook.com/permalink.php?story_fbid=pfbid02KCF5LffgqtLCmNiGZK2J7drL2kLE8B9y3HnLSZSZ5LdguhEErT5bKHBWUNWqZjDYl&id=61585679673115,0,0,Photos,,,,,Lifetime,335,141,21,17,2,2,24,11,13,,,,,,,,
1.22107E+17,6.15857E+13,Juankada Ellise,"You Know it's 𝐱𝟏𝟓𝟎 pag ganto na kataas ang energy ko!🤩

👉𝐖𝐚𝐭𝐜𝐡 𝐂𝐨𝐥𝐨𝐫 𝐆𝐚𝐦𝐞 𝐥𝐢𝐯𝐞 𝐚𝐭 𝐉𝐮𝐚𝐧𝟑𝟔𝟓 𝐚𝐩𝐩 𝐚𝐭 𝐖𝐞𝐛𝐬𝐢𝐭𝐞.

#Juan365 #Juan365Studios #ALLINJUANLIVE #Juan365ColorGame #JuankadaEllise #fypreelsシviralシ #fypchallenge #reelsfypシ","You Know it's 𝐱𝟏𝟓𝟎 pag ganto na kataas ang energy ko!🤩

👉𝐖𝐚𝐭𝐜𝐡 𝐂𝐨𝐥𝐨𝐫 𝐆𝐚𝐦𝐞 𝐥𝐢𝐯𝐞 𝐚𝐭 𝐉𝐮𝐚𝐧𝟑𝟔𝟓 𝐚𝐩𝐩 𝐚𝐭 𝐖𝐞𝐛𝐬𝐢𝐭𝐞.

#Juan365 #Juan365Studios #ALLINJUANLIVE #Juan365ColorGame #JuankadaEllise #fypreelsシviralシ #fypchallenge #reelsfypシ",28,1/9/2026 18:00,N/A,https://www.facebook.com/reel/1554806892393431/,1,0,Videos,,,,,Lifetime,1205,300,45,32,3,10,152,152,,,11543.03,12.074,0,0,0,,
1.22107E+17,6.15857E+13,Juankada Ellise,"𝐓𝐚𝐤𝐢𝐧𝐠 𝐢𝐭 𝐞𝐚𝐬𝐲 𝐭𝐨𝐝𝐚𝐲 🤎🤍
𝐒𝐥𝐨𝐰 𝐝𝐚𝐲𝐬 𝐨𝐧𝐥𝐲 ✨

👉 Watch Color game live sa Juan365 app at Website

#Juan365 #Juan365Studios #ALLINJUANLIVE #Juan365ColorGame #JuankadaEllise",,0,1/9/2026 0:49,N/A,https://www.facebook.com/permalink.php?story_fbid=pfbid028whjv7FWxfAGL7goj9ydpsrxXC7RsFAGuD7dQ1BnWATZS6WKxkmaZZMpZipydCCil&id=61585679673115,0,0,Photos,,,,,Lifetime,365,170,19,13,3,3,10,1,9,,,,,,,,
1.22107E+17,6.15857E+13,Juankada Ellise,Kulayan muna ang swerte mo!! ❤️,,0,1/9/2026 0:47,N/A,https://www.facebook.com/permalink.php?story_fbid=pfbid02rvsRhCL9jzrXpAJUY95QnZYjKQeuKDAT5s6ikqktJthp3JgatWQj3mDeA5tB1DQZl&id=61585679673115,0,1,Photos,,,,,Lifetime,168,76,14,8,4,2,4,4,,,,,,,,,
1.22106E+17,6.15857E+13,Juankada Ellise,"𝐇𝐞𝐥𝐥𝐨 𝐁𝐞𝐬𝐡𝐢𝐞𝐬! 👀✨

Throwback feels muna… pero mas solid ang LIVE action 😎
Manood na ng 𝐂𝐨𝐥𝐨𝐫 𝐆𝐚𝐦𝐞 𝐋𝐈𝐕𝐄 𝐬𝐚 𝐉𝐮𝐚𝐧𝟑𝟔𝟓 𝐀𝐩𝐩 𝐚𝐭 𝐖𝐞𝐛𝐬𝐢𝐭𝐞 🎨🔥

#Juan365 #Juan365Studios #ALLINJUANLIVE #juan365colorgame #JuankadaEllise #fypviralシ #reelsfypシ","𝐇𝐞𝐥𝐥𝐨 𝐁𝐞𝐬𝐡𝐢𝐞𝐬! 👀✨

Throwback feels muna… pero mas solid ang LIVE action 😎
Manood na ng 𝐂𝐨𝐥𝐨𝐫 𝐆𝐚𝐦𝐞 𝐋𝐈𝐕𝐄 𝐬𝐚 𝐉𝐮𝐚𝐧𝟑𝟔𝟓 𝐀𝐩𝐩 𝐚𝐭 𝐖𝐞𝐛𝐬𝐢𝐭𝐞 🎨🔥

#Juan365 #Juan365Studios #ALLINJUANLIVE #juan365colorgame #JuankadaEllise #fypviralシ #reelsfypシ",14,1/8/2026 18:00,uploaded,https://www.facebook.com/reel/920119870439255/,1,0,Videos,,,,,Lifetime,284,193,20,15,4,1,8,8,,,1384.795,6.323,0,0,0,,
1.22106E+17,6.15857E+13,Juankada Ellise,"𝐄𝐲𝐞𝐬 𝐢𝐜𝐞, 𝐛𝐞𝐲𝐛𝐞 🧊✨
𝐭𝐢𝐧𝐠𝐢𝐧𝐢𝐧𝐠𝐧𝐠𝐢𝐧𝐢𝐧𝐠 𝐧𝐢𝐧𝐠…

👉Watch Color Game live at Juan365 app at Website.

#Juan365 #Juan365Studios #ALLINJUANLIVE #juan365colorgame #JuankadaEllise #fypviralシ #reelsfypシ","𝐄𝐲𝐞𝐬 𝐢𝐜𝐞, 𝐛𝐞𝐲𝐛𝐞 🧊✨
𝐭𝐢𝐧𝐠𝐢𝐧𝐢𝐧𝐠𝐧𝐠𝐢𝐧𝐢𝐧𝐠 𝐧𝐢𝐧𝐠…

👉Watch Color Game live at Juan365 app at Website.

#Juan365 #Juan365Studios #ALLINJUANLIVE #juan365colorgame #JuankadaEllise #fypviralシ #reelsfypシ",11,1/8/2026 7:59,N/A,https://www.facebook.com/reel/639016315935255/,1,0,Videos,,,,,Lifetime,239,144,12,11,1,0,7,7,,,1067.158,5.961,0,0,0,,
1.22106E+17,6.15857E+13,Juankada Ellise,"𝐇𝐢 𝐛𝐞𝐬𝐭𝐢𝐞𝐬! 💫 𝐃𝐚𝐲 𝐨𝐟𝐟 + 𝐦𝐲 𝐛𝐮𝐝𝐝𝐲 𝐁𝐔𝐃𝐎𝐘 = 𝐩𝐞𝐫𝐟𝐞𝐜𝐭 𝐜𝐨𝐦𝐛𝐨 🐾💖
𝐓𝐚𝐠 𝐲𝐨𝐮𝐫 𝐝𝐚𝐲-𝐨𝐟𝐟 𝐛𝐮𝐝𝐝𝐲 🥰👇

#Juan365 #Juan365Studios #ALLINJUANLIVE #Juan365ColorGame #JuankadaEllise #fypreelsシ゚viralシ #fypchallenge #reelsfypシ","𝐇𝐢 𝐛𝐞𝐬𝐭𝐢𝐞𝐬! 💫 𝐃𝐚𝐲 𝐨𝐟𝐟 + 𝐦𝐲 𝐛𝐮𝐝𝐝𝐲 𝐁𝐔𝐃𝐎𝐘 = 𝐩𝐞𝐫𝐟𝐞𝐜𝐭 𝐜𝐨𝐦𝐛𝐨 🐾💖
𝐓𝐚𝐠 𝐲𝐨𝐮𝐫 𝐝𝐚𝐲-𝐨𝐟𝐟 𝐛𝐮𝐝𝐝𝐲 🥰👇

#Juan365 #Juan365Studios #ALLINJUANLIVE #Juan365ColorGame #JuankadaEllise #fypreelsシ゚viralシ #fypchallenge #reelsfypシ",20,1/8/2026 5:16,N/A,https://www.facebook.com/reel/768582542953923/,0,0,Videos,,,,,Lifetime,246,169,19,15,4,0,19,19,,,1596.498,8.447,0,0,0,,
1.22106E+17,6.15857E+13,Juankada Ellise,"𝐇𝐞𝐥𝐥𝐨 𝐁𝐞𝐬𝐡𝐢𝐞𝐬! 👋 𝐈𝐭’𝐬 𝐦𝐞, 𝐉𝐮𝐚𝐧𝐤𝐚𝐝𝐚 𝐄𝐥𝐥𝐢𝐬𝐞 😘

Nandito para maghatid ng saya, swerte, at good vibes lang palagi! ✨🍀 

🎥 Watch Color Game LIVE sa Juan365 App & Website!

#Juan365 #Juan365Studios #ALLINJUANLIVE #Juan365ColorGame #JuankadaEllise #fypviralシ #fyp",,0,1/7/2026 23:00,N/A,https://www.facebook.com/permalink.php?story_fbid=pfbid0WeTf2Ws8ctRC5r1GSzsTP2SgfNZ9Htc7EkucaT5i7bz19wj4HRH8hWA6QdJb8LVjl&id=61585679673115,0,0,Photos,,,,,Lifetime,810,264,27,20,6,1,14,10,4,,,,,,,,
1.22106E+17,6.15857E+13,Juankada Ellise,"𝐆𝐨𝐨𝐝 𝐦𝐨𝐫𝐧𝐢𝐧𝐠, 𝐁𝐞𝐬𝐡𝐢𝐞𝐬! 🌸

Last night was on fire, jackpot after jackpot and triple color all the way! 💙🤍

👉Watch Color Game live at Juan365 app at Website

#Juan365 #Juan365Studios #ALLINJUANLIVE #Juan365ColorGame #JuankadaEllise #fypviralシ #fypppppppppppppppppppppppppppppppppppppppppppppppppppppppppppppppppppppp","𝐆𝐨𝐨𝐝 𝐦𝐨𝐫𝐧𝐢𝐧𝐠, 𝐁𝐞𝐬𝐡𝐢𝐞𝐬! 🌸

Last night was on fire, jackpot after jackpot and triple color all the way! 💙🤍

👉Watch Color Game live at @[61572881214141:2048:Juan365] app at Website

#Juan365 #Juan365Studios #ALLINJUANLIVE #Juan365ColorGame #JuankadaEllise #fypviralシ #fypppppppppppppppppppppppppppppppppppppppppppppppppppppppppppppppppppppp",25,1/7/2026 18:04,N/A,https://www.facebook.com/reel/1183151343976536/,0,0,Videos,,,,,Lifetime,926,240,38,30,5,3,91,91,,,8674.191,12.681,0,0,0,,
1.22106E+17,6.15857E+13,Juankada Ellise,Beshies naka follow kanaba sa Juan365 Studios? Kung hindi pa hit that follow button 🥳,,0,1/7/2026 17:58,N/A,https://www.facebook.com/permalink.php?story_fbid=pfbid02DrXJGfbk9Nj58FkmFyKM1P87T4LBz9KwbYnLwjW5WiXkJ1xuJwHYUj4jRVoegqnvl&id=61585679673115,0,1,Photos,,,,,Lifetime,267,108,13,12,1,0,18,13,5,,,,,,,,
1.22106E+17,6.15857E+13,Juankada Ellise,"They called it freaky… 𝐖𝐞 𝐜𝐚𝐥𝐥 𝐢𝐭 𝐜𝐨𝐧𝐟𝐢𝐝𝐞𝐧𝐜𝐞 👀👑

Freaky? ❌
Queen✅

#Juan365 #Juan365Studios #ALLINJUANLIVE #Juan365ColorGame #JuankadaEllise #TrendingPH #fyp","They called it freaky… 𝐖𝐞 𝐜𝐚𝐥𝐥 𝐢𝐭 𝐜𝐨𝐧𝐟𝐢𝐝𝐞𝐧𝐜𝐞 👀👑

Freaky? ❌
Queen✅

#Juan365 #Juan365Studios #ALLINJUANLIVE #Juan365ColorGame #JuankadaEllise #TrendingPH #fyp",25,1/7/2026 7:00,N/A,https://www.facebook.com/reel/1939505730253502/,1,0,Videos,,,,,Lifetime,1077,428,44,36,5,3,65,65,,,8429.701,9.689,0,0,0,,
1.22106E+17,6.15857E+13,Juankada Ellise,,,0,1/7/2026 0:03,N/A,https://www.facebook.com/permalink.php?story_fbid=pfbid02pugsNy95SeJowqsocUTwatgJWS95N7n1g83movNKowu5VSVFiA2NpaPDGVPUwzxhl&id=61585679673115,0,1,Photos,,,,,Lifetime,210,102,4,4,0,0,8,3,5,,,,,,,,
1.22106E+17,6.15857E+13,Juankada Ellise,"Hi Beshies! 👋💖
𝐋𝐮𝐜𝐤𝐲 𝐬𝐭𝐚𝐫𝐭 𝐭𝐨𝐝𝐚𝐲! 🌟 𝐏𝐞𝐫𝐨 𝐦𝐚𝐬 𝐞𝐱𝐜𝐢𝐭𝐢𝐧𝐠 𝐩𝐚 𝐬𝐚 𝐂𝐨𝐥𝐨𝐫 𝐆𝐚𝐦𝐞 𝐋𝐈𝐕𝐄 𝐬𝐚 𝐉𝐮𝐚𝐧𝟑𝟔𝟓 🎨💸

👉 Huwag palampasin—tune in na!

#Juan365 #Juan365Studios #ALLINJUANLIVE #Juan365ColorGame #JuankadaEllise",,0,1/7/2026 0:03,N/A,https://www.facebook.com/permalink.php?story_fbid=pfbid0tYMYquHPrvQQZJADnR5zETerH1nfWgVi5SRG44i6RxpZfF5WGBXJska17Kj9aLAsl&id=61585679673115,0,0,Photos,,,,,Lifetime,308,140,15,14,1,0,19,9,10,,,,,,,,
1.22106E+17,6.15857E+13,Juankada Ellise,"𝐀𝐥𝐥 𝐛𝐥𝐚𝐜𝐤, 𝐚𝐥𝐥 𝐠𝐥𝐚𝐦 🖤💫

👉 Watch now sa Juan365 app & website!

 #Juan365 #Juan365Studios #ALLINJUANLIVE #Juan365ColorGame #JuankadaEllies #fypageシ #fypシviralシfypシ゚ #fypviralシ","𝐀𝐥𝐥 𝐛𝐥𝐚𝐜𝐤, 𝐚𝐥𝐥 𝐠𝐥𝐚𝐦 🖤💫

👉 Watch now sa Juan365 app & website!

 #Juan365 #Juan365Studios #ALLINJUANLIVE #Juan365ColorGame #JuankadaEllies #fypageシ #fypシviralシfypシ゚ #fypviralシ",18,1/6/2026 18:00,N/A,https://www.facebook.com/reel/1607243464048769/,1,0,Videos,,,,,Lifetime,2096,436,77,71,5,1,195,195,,,17739.015,11.905,0,0,0,,
1.22106E+17,6.15857E+13,Juankada Ellise,"𝐁𝐥𝐚𝐜𝐤 𝐢𝐬 𝐬𝐥𝐚𝐲… 𝐛𝐮𝐭 𝐂𝐨𝐥𝐨𝐫 𝐆𝐚𝐦𝐞 𝐢𝐬 𝐬𝐨𝐦𝐞𝐭𝐡𝐢𝐧𝐠 𝐞𝐥𝐬𝐞 👀🔥
👉 Watch it live on Juan365 at website

#Juan365 #Juan365Studios #ALLINJUANLIVE #juan365colorgame #JuankadaEllise #fypviralシ","𝐁𝐥𝐚𝐜𝐤 𝐢𝐬 𝐬𝐥𝐚𝐲… 𝐛𝐮𝐭 𝐂𝐨𝐥𝐨𝐫 𝐆𝐚𝐦𝐞 𝐢𝐬 𝐬𝐨𝐦𝐞𝐭𝐡𝐢𝐧𝐠 𝐞𝐥𝐬𝐞 👀🔥
👉 Watch it live on Juan365 at website

#Juan365 #Juan365Studios #ALLINJUANLIVE #juan365colorgame #JuankadaEllise #fypviralシ",11,1/6/2026 7:59,N/A,https://www.facebook.com/reel/1388803426236332/,1,0,Videos,,,,,Lifetime,629,454,13,13,0,0,2,2,,,2679.609,5.243,0,0,0,,
1.22106E+17,6.15857E+13,Juankada Ellise,"Beshies! What a glamorous day today ✨

Live pa rin ang Color Game sa Juan365 app & website! 🎉
🎯 Join na, play na, tap 🩷⬜️🟦🟥🟨🟩—huwag mahuli!

#Juan365 #Juan365Studios #ALLINJUANLIVE #Juan365ColorGame #JuankadaEllise #fypviralシ","Beshies! What a glamorous day today ✨

Live pa rin ang Color Game sa Juan365 app & website! 🎉
🎯 Join na, play na, tap 🩷⬜️🟦🟥🟨🟩—huwag mahuli!

#Juan365 #Juan365Studios #ALLINJUANLIVE #Juan365ColorGame #JuankadaEllise #fypviralシ",10,1/6/2026 5:10,N/A,https://www.facebook.com/reel/840929568780561/,0,0,Videos,,,,,Lifetime,471,185,25,22,1,2,10,10,,,1610.424,4.436,0,0,0,,
1.22106E+17,6.15857E+13,Juankada Ellise,"Beshies! Breezy ang panahon 🌬️
Black on. Game face ready.

Color Game LIVE sa Juan365  App at Website🖤

#Juan365 #Juan365Studios #ALLINJUANLIVE #Juan365ColorGame #JuankadaEllise #fypviralシ",,0,1/6/2026 1:10,N/A,https://www.facebook.com/permalink.php?story_fbid=pfbid02w2QHHzsxwodvYyXMHXYMEQz5528rdnHhMY3aUbgNe5y7mJRDxv9UhzHfLxLADcn3l&id=61585679673115,0,0,Photos,,,,,Lifetime,426,176,27,22,5,0,27,15,12,,,,,,,,
1.22105E+17,6.15857E+13,Juankada Ellise,"𝐖𝐡𝐚𝐭 𝐚 𝐭𝐢𝐫𝐢𝐧𝐠 𝐝𝐚𝐲 😮‍💨

Tapos, nasan kana kaya? 🥲

👉 Comment monga saan ka Beshy

#Juan365 #Juan365Studios #ALLINJUANLIVE #juan365colorgame #JuankadaEllise  #fypviralシ","𝐖𝐡𝐚𝐭 𝐚 𝐭𝐢𝐫𝐢𝐧𝐠 𝐝𝐚𝐲 😮‍💨

Tapos, nasan kana kaya? 🥲

👉 Comment monga saan ka Beshy

#Juan365 #Juan365Studios #ALLINJUANLIVE #juan365colorgame #JuankadaEllise  #fypviralシ",16,1/5/2026 6:27,N/A,https://www.facebook.com/reel/2092813801533156/,0,0,Videos,,,,,Lifetime,1997,1686,28,23,5,0,34,12,,22,18081.023,10.022,0,0,0,,
1.22105E+17,6.15857E+13,Juankada Ellise,"𝐕𝐢𝐛𝐢𝐧𝐠 𝐢𝐧 𝐫𝐞𝐝 💃🔴 𝐓𝐡𝐞𝐲 𝐬𝐚𝐲 𝐫𝐞𝐝 𝐢𝐬 𝐥𝐮𝐜𝐤𝐲 𝐭𝐨𝐝𝐚𝐲 👀

Watch Color Game live at Juan365 app and Website💯❤️ 

#Juan365 #Juan365Studios #ALLINJUANLIVE #Juan365ColorGame #JuankadaEllise #fypviralシ","𝐕𝐢𝐛𝐢𝐧𝐠 𝐢𝐧 𝐫𝐞𝐝 💃🔴 𝐓𝐡𝐞𝐲 𝐬𝐚𝐲 𝐫𝐞𝐝 𝐢𝐬 𝐥𝐮𝐜𝐤𝐲 𝐭𝐨𝐝𝐚𝐲 👀

Watch Color Game live at Juan365 app and Website💯❤️ 

#Juan365 #Juan365Studios #ALLINJUANLIVE #Juan365ColorGame #JuankadaEllise #fypviralシ",13,1/5/2026 1:00,N/A,https://www.facebook.com/reel/923268066697366/,0,0,Videos,,,,,Lifetime,2656,1985,33,26,7,0,36,29,,7,17769.092,8.822,0,0,0,,
1.22105E+17,6.15857E+13,Juankada Ellise,"Nothing beats a fine day like this ✨

Watch the Color Game live on the Juan365 app at website.🤩

#Juan365 #Juan365Studios #ALLINJUANLIVE #Juan365ColorGame #JuankadaEllise",,0,1/4/2026 23:15,N/A,https://www.facebook.com/permalink.php?story_fbid=pfbid02oM9q2xTupripAWvQ2gJRvX93tq4EnEgjb2GdSEW1AxBmda8dje6qkwMTmH9BfnrPl&id=61585679673115,0,0,Photos,,,,,Lifetime,275,138,14,12,2,0,10,7,3,,,,,,,,
1.22105E+17,6.15857E+13,Juankada Ellise,"Confidence looks good on me and it will look good on you too, besties 💖

Kaya always own your glow! ✨

#Juan365 #Juan365Studios #ALLINJUANLIVE #Juan365ColorGame #fypviralシ #JuankadaEllise","Confidence looks good on me and it will look good on you too, besties 💖

Kaya always own your glow! ✨

#Juan365 #Juan365Studios #ALLINJUANLIVE #Juan365ColorGame #fypviralシ #JuankadaEllise",9,1/4/2026 7:50,N/A,https://www.facebook.com/reel/1976957859554832/,0,0,Videos,,,,,Lifetime,6997,5403,29,25,3,1,14,4,,10,30685.336,5.732,0,0,0,,
1.22105E+17,6.15857E+13,Juankada Ellise,Juankada Ellise updated their cover photo.,,0,1/4/2026 7:50,N/A,https://www.facebook.com/photo.php?fbid=122104966581189322&set=a.122097515811189322&type=3,0,0,Photos,,,,,Lifetime,0,0,11,11,0,0,0,,,,,,,,,,
1.22105E+17,6.15857E+13,Juankada Ellise,"Beshies! Feeling cute in ORANGE 🧡✨
Soft vibes, sweet moments—LIVE NA sa Color Game.

#Juan365 #Juan365Studios #ALLINJUANLIVE #Juan365ColorGame #JuankadaEllise","Beshies! Feeling cute in ORANGE 🧡✨
Soft vibes, sweet moments—LIVE NA sa Color Game.

#Juan365 #Juan365Studios #ALLINJUANLIVE #Juan365ColorGame #JuankadaEllise",16,1/4/2026 7:20,N/A,https://www.facebook.com/reel/1917906995599706/,0,0,Videos,,,,,Lifetime,1587,1073,33,31,1,1,42,29,,13,12244.372,8.866,0,0,0,,
1.22105E+17,6.15857E+13,Juankada Ellise,"Hi Juankada! I’m JuanKada Ellise, ang mag rerelease sa inyo ng kaswertehan at mabibigay ng papremyong malaki dito lang sa Color Game ng Juan365 Studios! ❤️

Kitakits everyJUAN!

#Juan365Studios #Juan365 #ALLINJUANLIVE  #JuankadaEllise  #Juan365ColorGame #AllInJuanSaSaya",,0,1/4/2026 1:15,N/A,https://www.facebook.com/photo.php?fbid=122104848573189322&set=a.122097504951189322&type=3,0,0,Photos,,,,,Lifetime,342,150,25,20,5,0,19,18,1,,,,,,,,
1.22105E+17,6.15857E+13,Juankada Ellise,"OOTD check ✨

Ready na ang fit, ready na mag-live!

Catch me live NOW sa Color Game 2PM–10PM 💖

See you, Beshies! 🫶

#Juan365 #Juan365Studios #ALLINJUANLIVE #Juan365ColorGame #fypviralシ #JuankadaEllise",,0,1/4/2026 1:01,N/A,https://www.facebook.com/permalink.php?story_fbid=pfbid0hfLeS84hacoqcovmkSWHRumTYftWgTo6QWvKtrnEpdw2vsXAwoG47yWN6CptvdjAl&id=61585679673115,0,0,Photos,,,,,Lifetime,257,119,13,13,0,0,14,9,5,,,,,,,,
1.22104E+17,6.15857E+13,Juankada Ellise,"Good vibes only, beshies! ✨

Don’t forget to leave a little smile wherever you go 💖

#Juan365 #Juan365Studios #ALLINJUANLIVE #Juan365ColorGame #fypviralシ #JuankadaEllise","Good vibes only, beshies! ✨

Don’t forget to leave a little smile wherever you go 💖

#Juan365 #Juan365Studios #ALLINJUANLIVE #Juan365ColorGame #fypviralシ #JuankadaEllise",7,1/3/2026 4:48,N/A,https://www.facebook.com/reel/870130355748155/,0,0,Videos,,,,,Lifetime,542,247,41,22,17,2,44,44,,,2300.419,7.745,0,0,0,,
1.22104E+17,6.15857E+13,Juankada Ellise,"Watch me live now, beshies! ✨

Tara na at samahan niyo ako sa isa na namang colorful at fun na color game!🔥

#Juan365 #Juan365Studios #ALLINJUANLIVE #Juan365ColorGame #fypviralシ #JuankadaEllise",,0,1/3/2026 1:33,N/A,https://www.facebook.com/permalink.php?story_fbid=pfbid02CjepKWviXr1nMeZFFkpusFv2GkDrdD8qmUtjJff5ZNBuBqLALJnzPWiZjgN3qPugl&id=61585679673115,0,0,Photos,,,,,Lifetime,379,164,27,23,3,1,15,13,2,,,,,,,,
1.22103E+17,6.15857E+13,Juankada Ellise,"Hello Beshies! Don’t miss it! 🎥 Live na kami — one click, pwede ka nang sumali! 💫

#Juan365 #Juan365studios #ALLINJUANLIVE #Juan365ColorGame #fypviralシ",,0,1/1/2026 23:23,N/A,https://www.facebook.com/permalink.php?story_fbid=pfbid02zLPohXLrryGkYZAntEAJYx4m4hahvqhVSpfpNj7hXRy1HGD9vEiLXvMaUtj4bzrjl&id=61585679673115,0,0,Photos,,,,,Lifetime,530,209,37,30,7,0,47,27,20,,,,,,,,
1.22103E+17,6.15857E+13,Juankada Ellise,"3 things about me na dapat mo malaman 😎✨

Watch till the end para malaman mo🤪

#Juan365 #Juan365Studios #ALLINJUANLIVE #Juan365ColorGame #fypviralシ #JuankadaEllise","3 things about me na dapat mo malaman 😎✨

Watch till the end para malaman mo🤪

#Juan365 #Juan365Studios #ALLINJUANLIVE #Juan365ColorGame #fypviralシ #JuankadaEllise",8,1/1/2026 19:27,N/A,https://www.facebook.com/reel/3327671754040105/,0,0,Videos,,,,,Lifetime,458,255,24,20,4,0,18,18,,,1662.226,5.915,0,0,0,,
1.22102E+17,6.15857E+13,Juankada Ellise,Type “LUCKY” sa comment section ⬇️,,0,1/1/2026 4:05,N/A,https://www.facebook.com/permalink.php?story_fbid=pfbid0ETUJEk1nf3W3ECsHyMCJeFBVAu1E5asTYzVwiuUemgaLHQw1z7FwujVG1BaVNiaNl&id=61585679673115,0,1,Photos,,,,,Lifetime,289,115,20,12,6,2,18,15,3,,,,,,,,
1.22102E+17,6.15857E+13,Juankada Ellise,Happy Birthday JUANKada Host Ikay ❤️🥳🎉,,0,1/1/2026 2:42,N/A,https://www.facebook.com/permalink.php?story_fbid=pfbid0VXNUsj3TJowddUZhCAx8o1fuSk1ZKXdfjAj6QVqjVYu8nGRxjiuc2BQEXF1ReXrNl&id=61585679673115,0,1,Text,,,,,Lifetime,141,126,10,9,1,0,15,15,,,,,,,,,
1.22102E+17,6.15857E+13,Juankada Ellise,"Happy New Year, beshies 🥳🤍
May our unhealed parts find healing, our heavy days get lighter, and may we all grow into better, kinder versions of ourselves this year ✨

#Juan365 #Juan365Studios #ALLINJUANLIVE #Juan365ColorGame #JuankadaEllise #2026 #Happynewyear2026 #fypviralシ","Happy New Year, beshies 🥳🤍
May our unhealed parts find healing, our heavy days get lighter, and may we all grow into better, kinder versions of ourselves this year ✨

#Juan365 #Juan365Studios #ALLINJUANLIVE #Juan365ColorGame #JuankadaEllise #2026 #Happynewyear2026 #fypviralシ",14,1/1/2026 2:17,N/A,https://www.facebook.com/reel/2029117287885991/,0,0,Videos,,,,,Lifetime,225,158,17,16,1,0,9,9,,,1387.469,8.161,0,0,0,,
1.22101E+17,6.15857E+13,Juankada Ellise,"Hi Beshies, 2026 na 🌸
New year, new vibes, more blessings 🌿
‘Be thankful for what you have; you’ll end up having more.’ Ano ang thankful ka sa 2025? ✨","Hi Beshies, 2026 na 🌸
New year, new vibes, more blessings 🌿
‘Be thankful for what you have; you’ll end up having more.’ Ano ang thankful ka sa 2025? ✨",24,12/31/2025 7:09,N/A,https://www.facebook.com/reel/737062378999255/,0,0,Videos,,,,,Lifetime,182,132,18,16,2,0,2,2,,,701.942,4.359,0,0,0,,
1.22101E+17,6.15857E+13,Juankada Ellise,"Stepping into the Color of the Year 💫✨
Wishing everyone a Happy New Year — may it be filled with blessings & good vibes 🌟
Which color are you stepping into this year? 💬

#Juan365 #Juan365studios #ALLINJUANLIVE #Juan365ColorGame #fyp #",,0,12/31/2025 7:09,N/A,https://www.facebook.com/permalink.php?story_fbid=pfbid0BRyG549xmV74eXmBpR6hLUgPb8CYYZTdYJCqUwh5U3MaBcV7dKJ91w8M2V5U8iZ9l&id=61585679673115,0,0,Photos,,,,,Lifetime,245,121,15,14,0,1,2,1,1,,,,,,,,
1.22115E+17,6.15844E+13,Juankada Evo,"Pare peace na! 

#juan365studio #Juan365 #JuankadaEvo #evonation #fypviralシ #trendingreelsvideo","Pare peace na! 

#juan365studio #Juan365 #JuankadaEvo #evonation #fypviralシ #trendingreelsvideo",12,2/2/2026 15:08,N/A,https://www.facebook.com/reel/2869474966594887/,0,0,Videos,,,,,Lifetime,151,92,7,5,2,0,13,13,,,800.083,7.693,0,0,0,,
1.22115E+17,6.15844E+13,Juankada Evo,"Ganito TUMAWAG ng ULAN!! 😆✌🏻

#Juan365Studios #Juan365 #ColorGameLive  #JuankadaEvo #evonation #fypシ #trendingreel","Ganito TUMAWAG ng ULAN!! 😆✌🏻

#Juan365Studios #Juan365 #ColorGameLive  #JuankadaEvo #evonation #fypシ #trendingreel",39,2/2/2026 2:00,N/A,https://www.facebook.com/reel/2676354686056306/,1,0,Videos,,,,,Lifetime,61,35,3,2,1,0,6,6,,,580.143,12.892,0,0,0,,
1.22115E+17,6.15844E+13,Juankada Evo,"First MONDAY of FEBRUARY!! Muntikan na masuspend ang pasok sa lakas ng dating ni Juankada Evo 😎😂 Let's Welcome the Month of LOVE with happiness and joy. Goodvibes Always JUANKADA!

#Juan365Studios #Juan365 #JuankadaEvo #evonation  #fypシ #trendingreel",,0,2/1/2026 22:00,N/A,https://www.facebook.com/permalink.php?story_fbid=pfbid02WfYux5scdPmTNiiQoyDvSyuB7i4CsksezqDudGP49utfCaFeoT38Avxn8QgZJsY4l&id=61584432221426,0,0,Photos,,,,,Lifetime,134,59,12,9,3,0,13,12,1,,,,,,,1,
1.22115E+17,6.15844E+13,Juankada Evo,"ANG HIRAP PALA!😆

Paturo Master!✌🏻

#Juan365Studios #Juan365 #ColorGameLive  #JuankadaEvo #evonation #fypシ #trendingreel Juan365 Juan365 Studios",,0,2/1/2026 16:30,N/A,https://www.facebook.com/permalink.php?story_fbid=pfbid0HHWFD9dH4vdWp3hEVcRE9ULcU13Y4orCL4FwHs7HMYo9qNdFxHePQjiPkcRznS4al&id=61584432221426,0,0,Photos,,,,,Lifetime,229,94,15,9,6,0,18,18,,,,,,,,,
1.22114E+17,6.15844E+13,Juankada Evo,Juankada Evo updated their cover photo.,,0,1/31/2026 12:23,N/A,https://www.facebook.com/photo.php?fbid=122114361303147740&set=a.122100254679147740&type=3,0,0,Photos,,,,,Lifetime,0,0,2,2,0,0,0,,,,,,,,,,
1.22114E+17,6.15844E+13,Juankada Evo,"💘 Love is in the game! 💘
Come and play with us this Month of Hearts and let the fun begin!
Spread love, share joy, and manifest your favorite color here at 🎨 ColorGame Live!
Let’s make every win full of heart! ❤️🎉",,0,1/31/2026 12:22,N/A,https://www.facebook.com/photo.php?fbid=122114361201147740&set=a.122100252165147740&type=3,0,0,Photos,,,,,Lifetime,170,70,13,12,0,1,7,7,,,,,,,,,
1.22114E+17,6.15844E+13,Juankada Evo,"BUDOTS muna tayo! 😆

#Juan365Studios #Juan365 #JuankadaEvo #EVOnation #fypシ #trendingreel","BUDOTS muna tayo! 😆

#Juan365Studios #Juan365 #JuankadaEvo #EVOnation #fypシ #trendingreel",13,1/31/2026 2:00,N/A,https://www.facebook.com/reel/2587751258277302/,1,0,Videos,,,,,Lifetime,173,120,12,11,1,0,5,5,,,1006.566,7.925,0,0,0,,
1.22114E+17,6.15844E+13,Juankada Evo,"BIG GUY!

#Juan365Studios #Juan365 #JuankadaEvo #EVOnation #fypシ #trendingreel","BIG GUY!

#Juan365Studios #Juan365 #JuankadaEvo #EVOnation #fypシ #trendingreel",11,1/30/2026 15:00,N/A,https://www.facebook.com/reel/880467671539617/,1,0,Videos,,,,,Lifetime,173,116,12,11,1,0,6,6,,,724.797,5.892,0,0,0,,
1.22114E+17,6.15844E+13,Juankada Evo,"COLOR GAME IS LIVE NOW! Don’t just watch! bet your luck! 

❤💛💚💙💜🤍 

#Juan365Studios #Juan365 #ALLINJUANLIVE #juankadahosts #trendingnow #juankadaevo #colorgamelive #fypシ #EVOnation",,0,1/30/2026 7:08,N/A,https://www.facebook.com/permalink.php?story_fbid=pfbid02V7nDHVUsWY8NczUpHrWok2Bkhk6ayNaWPTdqqorBPSyYupSA66JYKLo2ZeuqsvXol&id=61584432221426,0,0,Photos,,,,,Lifetime,297,148,8,7,0,1,8,6,2,,,,,,,,
1.22114E+17,6.15844E+13,Juankada Evo,"ISA KA BA sa EVONATION Juankada? 🤩

MAG READY KA NA SA SURPRISES!! 🥳

#Juan365Studios #Juan365 #JuankadaEvo #evonation  #fypシ #trendingreelsvideo","ISA KA BA sa EVONATION Juankada? 🤩

MAG READY KA NA SA SURPRISES!! 🥳

#Juan365Studios #Juan365 #JuankadaEvo #evonation  #fypシ #trendingreelsvideo",15,1/30/2026 6:00,mixed,https://www.facebook.com/reel/1903026616966530/,1,0,Videos,,,,,Lifetime,201,146,9,8,1,0,7,7,,,1122.94,7.486,0,0,0,,
1.22114E+17,6.15844E+13,Juankada Evo,Let's Go! Juankada's Be ready 7PM!,,0,1/30/2026 2:20,N/A,https://www.facebook.com/permalink.php?story_fbid=pfbid0SJqfcLKHpHSziYm6bkHhSaTenNgeB2JWgFSkRjnR4QVu1cNfuzbkbUCWBr72EV7Hl&id=61584432221426,0,1,Photos,,,,,Lifetime,196,79,6,2,3,1,8,8,,,,,,,,,
1.22114E+17,6.15844E+13,Juankada Evo,"Me when my FAVORITE part of the SONG HITS! 😎🎶

Follow for more

#Juan365Studios #Juan365 #JuankadaEvo #evonation #fypviralシ #trendingreelsvideo","Me when my FAVORITE part of the SONG HITS! 😎🎶

Follow for more

#Juan365Studios #Juan365 #JuankadaEvo #evonation #fypviralシ #trendingreelsvideo",16,1/29/2026 18:19,N/A,https://www.facebook.com/reel/1528266421574806/,0,0,Videos,,,,,Lifetime,198,159,9,7,2,0,9,9,,,929.799,5.96,0,0,0,,
1.22114E+17,6.15844E+13,Juankada Evo,"Join the COLOR GAME LIVE with TEAM Night Shift! 🎉🤩😉 Let's have some fun together!

#Juan365Studios #Juan365 #ALLINJUANLIVE #juankadahosts #trendingnow #juankadaevo #colorgamelive #fypシ #EVOnation",,0,1/29/2026 8:23,N/A,https://www.facebook.com/permalink.php?story_fbid=pfbid0BUUwsiWn7oVQUzDboVTmDFBaPNTtj53MsBAjobv99FrQGofAyjtNFnrkkMTzYqLMl&id=61584432221426,0,0,Photos,,,,,Lifetime,179,81,6,6,0,0,3,1,2,,,,,,,,
1.22114E+17,6.15844E+13,Juankada Evo,"KALMA! tabihan mo na lang ako dito😁

#Juan365Studioss #Juan365 #JuankadaEvo #evonation #fypシ #trendingreelsvideo","KALMA! tabihan mo na lang ako dito😁

#Juan365Studioss #Juan365 #JuankadaEvo #evonation #fypシ #trendingreelsvideo",28,1/28/2026 18:18,N/A,https://www.facebook.com/reel/1437015761275440/,0,0,Videos,,,,,Lifetime,106,50,7,6,1,0,7,7,,,463.778,5.725,0,0,0,,
1.22114E+17,6.15844E+13,Juankada Evo,"𝐂𝐎𝐋𝐎𝐑 𝐆𝐀𝐌𝐄 𝐋𝐈𝐕𝐄 na JUANKADA! 🎨🔥
Wag mo nang pag-isipan tayong pumili ng 𝐋𝐔𝐂𝐊𝐘 𝐂𝐎𝐋𝐎𝐑 for tonight! ! 🤞🏽 First TRIPLE COLOR X150 KAGAD!!! 

#Juan365Studios #Juan365 #ALLINJUANLIVE #juankadahosts #trendingnow #juankadaevo #colorgamelive #fypシ #EVOnation",,0,1/28/2026 7:04,N/A,https://www.facebook.com/permalink.php?story_fbid=pfbid033P6VeCs782qrDmDP6WtaSwVy5unmn6iiFsVtvBJHb54ePxZupswxVkCPbuSBhHhxl&id=61584432221426,0,0,Photos,,,,,Lifetime,182,72,4,3,1,0,5,5,,,,,,,,,
1.22114E+17,6.15844E+13,Juankada Evo,"My JANUARY ANGELS 🤩

#Juan365Studios #Juan365 #JuankadaEvo #EVOnation #fypシ #trendingreelsvideo #nocopyrightinfringementintended","My JANUARY ANGELS 🤩

#Juan365Studios #Juan365 #JuankadaEvo #EVOnation #fypシ #trendingreelsvideo #nocopyrightinfringementintended",40,1/27/2026 22:00,uploaded,https://www.facebook.com/reel/884412077858111/,1,0,Videos,,,,,Lifetime,91,59,5,5,0,0,2,2,,,625.128,8.335,0,0,0,,
1.22114E+17,6.15844E+13,Juankada Evo,"KINALAWANG NA! 😁

#Juan365Studios #Juan365 #JuankadaEvo #EVOnation #fypシ #trendingreelsvideo","KINALAWANG NA! 😁

#Juan365Studios #Juan365 #JuankadaEvo #EVOnation #fypシ #trendingreelsvideo",16,1/27/2026 15:00,N/A,https://www.facebook.com/reel/925691546785248/,1,0,Videos,,,,,Lifetime,182,115,10,9,1,0,8,8,,,2416.46,18.588,0,0,0,,
1.22114E+17,6.15844E+13,Juankada Evo,"CONTINUE BELIEVING! behind the scene photo shoot day!

#Juan365Studios #Juan365 #JuankadaEvo #evonation #fypシ #trendingreelsvideo #nocopyrightsinfringementindentedmusicbelongstotherightfulowner","CONTINUE BELIEVING! behind the scene photo shoot day!

#Juan365Studios #Juan365 #JuankadaEvo #evonation #fypシ #trendingreelsvideo #nocopyrightsinfringementindentedmusicbelongstotherightfulowner",58,1/26/2026 19:14,N/A,https://www.facebook.com/reel/1216879500588812/,0,0,Videos,,,,,Lifetime,97,55,5,5,0,0,9,9,,,1147.047,16.386,0,0,0,,
1.22114E+17,6.15844E+13,Juankada Evo,"BUKSAN MO! 😈

#Juan365Studios #Juan365 #JuankadaEvo #evonation #fypviralシ #trendingreel #followerseveryonehighlights #highlights Juan365 Juan365 Studios","BUKSAN MO! 😈

#Juan365Studios #Juan365 #JuankadaEvo #evonation #fypviralシ #trendingreel #followerseveryonehighlights #highlights @[61572881214141:2048:Juan365] @[61578179424678:2048:Juan365 Studios]",16,1/25/2026 18:00,N/A,https://www.facebook.com/reel/1604291013915693/,0,0,Videos,,,,,Lifetime,366,155,18,10,3,5,16,16,,,3819.21,17.846,0,0,0,,
1.22114E+17,6.15844E+13,Juankada Evo,"SCREENSHOT ngani! 😆

#Juan365Studios #Juan365 #JuankadaEvo #EVOnation #fypシ #mentality","SCREENSHOT ngani! 😆

#Juan365Studios #Juan365 #JuankadaEvo #EVOnation #fypシ #mentality",21,1/25/2026 6:00,mixed,https://www.facebook.com/reel/1554854359156737/,1,0,Videos,,,,,Lifetime,464,280,14,10,4,0,7,7,,,3479.747,10.174,0,0,0,,
1.22114E+17,6.15844E+13,Juankada Evo,"ROLL YOUR DICE! and let  your LUCKY COLOR WINS!
COLOR GAME LIVE NOW!

#Juan365Studios #Juan365 #ALLINJUANLIVE #juankadahosts #trendingnow #JuankadaEvo #colorgamelive #fypシ #evonation #reels2026 #carpediem",,0,1/25/2026 2:33,N/A,https://www.facebook.com/permalink.php?story_fbid=pfbid02TQBTbtoWgCG8MY7JJRaCpFTjp7cw5cYrFpK73KHp3xRudyhxpwXbumXPNnWWLuVel&id=61584432221426,0,0,Photos,,,,,Lifetime,318,132,12,12,0,0,14,11,3,,,,,,,,
1.22113E+17,6.15844E+13,Juankada Evo,"334 DAYS na lang!🥶  kakantahan ko na kayo!😆

#Juan365Studios #Juan365 #JuankadaEvo #evonation #fypシ  #nocopyrightinfringementintendedmusicbelongstotherightfulowner Juan365 Juan365 Studios","334 DAYS na lang!🥶  kakantahan ko na kayo!😆

#Juan365Studios #Juan365 #JuankadaEvo #evonation #fypシ  #nocopyrightinfringementintendedmusicbelongstotherightfulowner @[61572881214141:2048:Juan365] @[61578179424678:2048:Juan365 Studios]",160,1/24/2026 17:58,uploaded,https://www.facebook.com/reel/1359858849219620/,0,0,Videos,,,,,Lifetime,177,123,19,14,2,3,14,14,,,4414.255,33.189,0,0,0,,
1.22113E+17,6.15844E+13,Juankada Evo,"WEEKEND VIBE!! Let the color choose you today Juankada! COLOR GAME IS LIVE NOW!

#Juan365Studios #Juan365 #ALLINJUANLIVE #juankadahosts #trendingnow #juankadaevo #colorgamelive #fypシ Juan365 Juan365 Studios #EVOnation",,0,1/24/2026 6:10,N/A,https://www.facebook.com/permalink.php?story_fbid=pfbid0VeoBUGj2bogXkFVwoFxFcn5UiyTRzsmJLVmF5aKdt3Wrz4Pte4zkrBfkNccR9KJPl&id=61584432221426,0,0,Photos,,,,,Lifetime,205,80,8,8,0,0,9,6,3,,,,,,,,
1.22113E+17,6.15844E+13,Juankada Evo,"FRESH na ulit, ready na sa RIDE ✊😎
Linis ng motor + DIY lights done✨

#Juan365Studios #Juan365 #ALLINJUANLIVE #JuankadaHosts #trend #JuankadaEvo #motorcycle  #fypシ Juan365  Juan365 Studios","FRESH na ulit, ready na sa RIDE ✊😎
Linis ng motor + DIY lights done✨

#Juan365Studios #Juan365 #ALLINJUANLIVE #JuankadaHosts #trend #JuankadaEvo #motorcycle  #fypシ @[61572881214141:2048:Juan365]  @[61578179424678:2048:Juan365 Studios]",32,1/23/2026 22:00,mixed,https://www.facebook.com/reel/2078537936234746/,1,0,Videos,,,,,Lifetime,113,52,7,6,1,0,4,4,,,943.045,11.937,0,0,0,,
1.22113E+17,6.15844E+13,Juankada Evo,𝟐𝐀𝐌 𝐯𝐢𝐛𝐞𝐬💃🔥 Sayawan + 𝐂𝐨𝐥𝐨𝐫 𝐆𝐚𝐦𝐞 𝐋𝐈𝐕𝐄 𝐬𝐚 𝐉𝐮𝐚𝐧𝟑𝟔𝟓 app & Website!!,,0,1/23/2026 16:17,N/A,https://www.facebook.com/permalink.php?story_fbid=pfbid02G8LfKHZign7KLSYWCftrRESoqyQ4eJe7BScPGRvKwDzmXC2eAvv1WFtsk87pPX7Tl&id=61584432221426,0,1,Text,,,,,Lifetime,63,56,6,6,0,0,4,4,,,,,,,,,
1.22113E+17,6.15844E+13,Juankada Evo,"LIVE ON! Choose your COLOR! Let's go! ❤💛💚💙🤍

#Juan365Studios #Juan365 #ALLINJUANLIVE #juankadahosts #trendingnow #juankadaevo #colorgamelive #fypシ Juan365 Studios Juan365 #EVOnation",,0,1/23/2026 6:40,N/A,https://www.facebook.com/permalink.php?story_fbid=pfbid02YvpdWvhpNJgnxotSNdffKn91Y7mwZSte8quSCKZZo82jgvUAYJuFFnMTNsinSRvyl&id=61584432221426,0,0,Photos,,,,,Lifetime,593,293,11,10,0,1,15,1,14,,,,,,,,
1.22113E+17,6.15844E+13,Juankada Evo,"PANIS KA BOY!! Paul N Ballin is in the HOUSE!...

#Juan365Studios #Juan365 #ALLINJUANLIVE #JuankadaHosts #trend #JuankadaEvo #paulnballin #paniskaboy #fypシ Juan365 Juan365 Studios #nocopyrightinfringementintendedmusic #CreditsToTheOwner","PANIS KA BOY!! Paul N Ballin is in the HOUSE!...

#Juan365Studios #Juan365 #ALLINJUANLIVE #JuankadaHosts #trend #JuankadaEvo #paulnballin #paniskaboy #fypシ @[61572881214141:2048:Juan365] @[61578179424678:2048:Juan365 Studios] #nocopyrightinfringementintendedmusic #CreditsToTheOwner",17,1/22/2026 22:00,uploaded,https://www.facebook.com/reel/1384695850100369/,1,0,Videos,,,,,Lifetime,154,89,5,5,0,0,1,1,,,693.277,5.374,0,0,0,,
1.22113E+17,6.15844E+13,Juankada Evo,"𝐋𝐞𝐟𝐭, 𝐫𝐢𝐠𝐡𝐭, 𝐭𝐡𝐞𝐧 𝐟𝐞𝐞𝐥 𝐭𝐡𝐞 𝐯𝐢𝐛𝐞𝐬 𝐰𝐢𝐭𝐡 Juanababe Sena! 🥶

#Juan365Studios #Juan365 #ALLINJUANLIVE #JuankadaHosts #trend #JuankadaEvo #JuanababeSena #confidence  #fypシ Juan365 Juan365 Studios  Juan365 Live Stream","𝐋𝐞𝐟𝐭, 𝐫𝐢𝐠𝐡𝐭, 𝐭𝐡𝐞𝐧 𝐟𝐞𝐞𝐥 𝐭𝐡𝐞 𝐯𝐢𝐛𝐞𝐬 𝐰𝐢𝐭𝐡 Juanababe Sena! 🥶

#Juan365Studios #Juan365 #ALLINJUANLIVE #JuankadaHosts #trend #JuankadaEvo #JuanababeSena #confidence  #fypシ @[61572881214141:2048:Juan365] @[61578179424678:2048:Juan365 Studios]  @[61569634500241:2048:Juan365 Live Stream]",14,1/22/2026 16:00,N/A,https://www.facebook.com/reel/1411455997040078/,1,0,Videos,,,,,Lifetime,218,126,7,6,1,0,22,22,,,1835.167,12.569,0,0,0,,
1.22113E+17,6.15844E+13,Juankada Evo,"COLOR GAME LIVE NOW!
Papalampasin mo ba ang SWERTE mo? 👀

#Juan365Studios #Juan365 #ALLINJUANLIVE #juankadahosts #trendingnow #juankadaevo #colorgamelive #fypシ #Juan365Studios  #EVOnation Juan365 Studios Juan365",,0,1/22/2026 8:07,N/A,https://www.facebook.com/permalink.php?story_fbid=pfbid02F9mZ2JcTnsie3xwSsPDjDCpMhhca7wZPijfy6cJ2Bdv9TczsDnrm45brJwtFaYUFl&id=61584432221426,0,0,Photos,,,,,Lifetime,888,398,32,20,6,6,18,14,4,,,,,,,,
1.22113E+17,6.15844E+13,Juankada Evo,"Another Set done! I Hope na marami nanaman tayong naipanalo JUANKADA! I Am always excited and greatful na maipanalo kayo lagi! Thank you JUANKADA for always supporting me, And playing here at COLORGAME LIVE! 💙💚❤️🤍💛

#Juan365Studios #Juan365 #ALLINJUANLIVE #juankadahosts #trendingnow #JuankadaEvo #colorgamelive #fypviralシ #Juan365Studios #evonation","Another Set done! I Hope na marami nanaman tayong naipanalo JUANKADA! I Am always excited and greatful na maipanalo kayo lagi! Thank you JUANKADA for always supporting me, And playing here at COLORGAME LIVE! 💙💚❤️🤍💛

#Juan365Studios #Juan365 #ALLINJUANLIVE #juankadahosts #trendingnow #JuankadaEvo #colorgamelive #fypviralシ #Juan365Studios #evonation",41,1/21/2026 16:24,N/A,https://www.facebook.com/reel/1423724165872073/,0,0,Videos,,,,,Lifetime,149,83,17,17,0,0,7,7,,,1266.675,10.382,0,0,0,,
1.22113E+17,6.15844E+13,Juankada Evo,"Something EXCITING is HAPPENING Right now!👀

COLOR GAME LIVE NOW!🤩🥳

#Juan365Studios #Juan365 #ALLINJUANLIVE #juankadahosts #trendingnow #juankadaevo #colorgamelive #fypシ #Juan365Studios #EVOnation","Something EXCITING is HAPPENING Right now!👀

COLOR GAME LIVE NOW!🤩🥳

#Juan365Studios #Juan365 #ALLINJUANLIVE #juankadahosts #trendingnow #juankadaevo #colorgamelive #fypシ #Juan365Studios #EVOnation",24,1/21/2026 7:32,N/A,https://www.facebook.com/reel/3393150217508806/,0,0,Videos,,,,,Lifetime,177,72,11,8,0,3,0,,,,819.937,5.466,0,0,0,,
1.22113E+17,6.15844E+13,Juankada Evo,"FIRST WORD that comes to mind? 🤭

#Juan365Studios #Juan365 #ALLINJUANLIVE #juankadahosts #trendingnow #JuankadaEvo #evonation #confidence  #fypシ","FIRST WORD that comes to mind? 🤭

#Juan365Studios #Juan365 #ALLINJUANLIVE #juankadahosts #trendingnow #JuankadaEvo #evonation #confidence  #fypシ",19,1/19/2026 17:48,N/A,https://www.facebook.com/reel/1696353671327984/,0,0,Videos,,,,,Lifetime,158,93,13,11,2,0,7,7,,,707.181,5.612,0,0,0,,
1.22113E+17,6.15844E+13,Juankada Evo,"BEST MOMENTS in under a minute 🔥

#Juan365Studios #Juan365 #ALLINJUANLIVE #JuankadaHosts #trend #JuankadaEvo #confidence #GameHighlights  #fypシ #EVOnation","BEST MOMENTS in under a minute 🔥

#Juan365Studios #Juan365 #ALLINJUANLIVE #JuankadaHosts #trend #JuankadaEvo #confidence #GameHighlights  #fypシ #EVOnation",25,1/19/2026 7:09,N/A,https://www.facebook.com/reel/4229616127253696/,0,0,Videos,,,,,Lifetime,264,162,13,13,0,0,3,3,,,3006.803,15.109,0,0,0,,
1.22113E+17,6.15844E+13,Juankada Evo,"STOP SCROLLING and ROLL THE DICE
COLOR GAME IS LIVE NA!🔥⚪️🟡🟠🟢🔵🔴

#Juan365Studios #Juan365 #ALLINJUANLIVE #juankadahosts #trendingnow #juankadaevo #colorgamelive #fypシ Juan365 Studios Juan365 #EVOnation",,0,1/18/2026 21:27,N/A,https://www.facebook.com/permalink.php?story_fbid=pfbid028piMR8wwYQk8AaQqKejgR85tXgYrDVygpvFjc1FhV2ZS8fQHmWbsVrJAr8jcrUaxl&id=61584432221426,0,0,Photos,,,,,Lifetime,215,101,14,9,4,1,8,6,2,,,,,,,,
1.22113E+17,6.15844E+13,Juankada Evo,"Cute MORNING DANCE with Baby Girl Sena Juana Babe Sena 

#Juan365Studios #Juan365 #ALLINJUANLIVE #juankadahosts #trendingnow #JuankadaEvo #dancechallenge #fypシ #juanababesena Juan365 Juan365 Studios","Cute MORNING DANCE with Baby Girl Sena @[61580361006776:2048:Juana Babe Sena] 

#Juan365Studios #Juan365 #ALLINJUANLIVE #juankadahosts #trendingnow #JuankadaEvo #dancechallenge #fypシ #juanababesena @[61572881214141:2048:Juan365] @[61578179424678:2048:Juan365 Studios]",15,1/18/2026 18:31,N/A,https://www.facebook.com/reel/1295576475879466/,0,0,Videos,,,,,Lifetime,350,192,15,12,3,0,29,29,,,2058.803,8.874,0,0,0,,
1.22113E+17,6.15844E+13,Juankada Evo,"SHAWTY is a eenie-meenie-miney-mo lover 🩵

Mention mo na gusto mong kasabay sumayaw!

#Juan365Studios #Juan365 #ALLINJUANLIVE #JuankadaHosts #JuankadaEvo #juankadastar #trend #SteakLovers #FollowTheSquad #fypシ  Juan365  Juan365 Studios","SHAWTY is a eenie-meenie-miney-mo lover 🩵

Mention mo na gusto mong kasabay sumayaw!

#Juan365Studios #Juan365 #ALLINJUANLIVE #JuankadaHosts #JuankadaEvo #juankadastar #trend #SteakLovers #FollowTheSquad #fypシ  @[61572881214141:2048:Juan365]  @[61578179424678:2048:Juan365 Studios]",15,1/18/2026 2:00,N/A,https://www.facebook.com/reel/877980674972114/,1,0,Videos,,,,,Lifetime,325,176,15,12,1,2,19,19,,,3264.531,14.381,0,0,0,,
1.22113E+17,6.15844E+13,Juankada Evo,"CONFIDENCE already PARKED here! 😎

#Juan365Studios #Juan365 #ALLINJUANLIVE #JuankadaHosts #trend #JuankadaEvo #confidence #fypシ Juan365  Juan365 Studios",,0,1/17/2026 20:20,N/A,https://www.facebook.com/permalink.php?story_fbid=pfbid05xH8vjGfyi8CEh1jtgmVgDXiPD9NmJ9TMmUUfgp8Cyd2J1cWni5AspMfmbKdGBLkl&id=61584432221426,0,0,Photos,,,,,Lifetime,641,255,27,20,3,4,18,14,4,,,,,,,,
1.22112E+17,6.15844E+13,Juankada Evo,"IKAW na lang KATABI? 😉

#Juan365Studios #Juan365 #ALLINJUANLIVE #JuankadaHosts #trend #JuankadaEvo #NgayongGabi #fypシ Juan365 Juan365 Studios #nocopyrightinfringementintendedmusicbelongstotherightfulowner","IKAW na lang KATABI? 😉

#Juan365Studios #Juan365 #ALLINJUANLIVE #JuankadaHosts #trend #JuankadaEvo #NgayongGabi #fypシ @[61572881214141:2048:Juan365] @[61578179424678:2048:Juan365 Studios] #nocopyrightinfringementintendedmusicbelongstotherightfulowner",39,1/17/2026 2:00,N/A,https://www.facebook.com/reel/1577447426774911/,1,0,Videos,,,,,Lifetime,200,111,29,17,8,4,10,10,,,1662.823,11.085,0,0,0,,
1.22112E+17,6.15844E+13,Juankada Evo,"Juankada! Pagulungin na ang SWERTE mo TODAY! Tara na sa LIVE COLOR GAME! with Juankada Sabbie Juankada Geoff

#Juan365Studios #Juan365 #ALLINJUANLIVE #juankadahosts #trendingnow #juankadaevo #colorgamelive #fypシ Juan365 Juan365 Studios",,0,1/16/2026 16:04,N/A,https://www.facebook.com/permalink.php?story_fbid=pfbid0f8nAi9D9i4VYNTKkwdqA9939VPEpBp27tyfFFkKfZ4T8LP1mbAiZYCQgcnNGXuxLl&id=61584432221426,0,0,Photos,,,,,Lifetime,614,250,32,16,11,5,22,16,6,,,,,,,,
1.22112E+17,6.15844E+13,Juankada Evo,"TGIF!! Di ko na alam kung anong mas gusto ko TULOG or TAGAY😂

#Juan365Studios #Juan365 #ALLINJUANLIVE #JuankadaHosts #trend #JuankadaEvo #arawgabi #fypシ #EVOnation","TGIF!! Di ko na alam kung anong mas gusto ko TULOG or TAGAY😂

#Juan365Studios #Juan365 #ALLINJUANLIVE #JuankadaHosts #trend #JuankadaEvo #arawgabi #fypシ #EVOnation",15,1/16/2026 2:07,N/A,https://www.facebook.com/reel/1212802483617387/,0,0,Videos,,,,,Lifetime,519,246,57,27,18,12,22,22,,,3768.451,12.156,0,0,0,,
1.22112E+17,6.15844E+13,Juankada Evo,"COLOR GAME IS LIVE RIGHT NOW! 🤩
Prizes on deck, energy on max!!

PASOK NA SA LIVE Juankada!

#Juan365Studios #Juan365 #ALLINJUANLIVE #JuankadaHosts #trend #JuankadaEvo #colorgamelive #fypシ #foryoupageシ Juan365 Studios Juan365",,0,1/15/2026 16:56,N/A,https://www.facebook.com/permalink.php?story_fbid=pfbid027AcHz2RNR8RsfPfUeabPuJ8Dmw11u5ouxDc69DHCV5v9eGZKVUCgT3iCaaiV63nNl&id=61584432221426,0,0,Photos,,,,,Lifetime,559,223,30,17,9,4,18,14,4,,,,,,,,
1.22112E+17,6.15844E+13,Juankada Evo,"SOLID ang COLOR GAME kanina!🔥
Salamat sa lahat ng SUMABAY sa SAYA! 😎

Anong LUCKY COLOR mo TODAY Juankada?

#Juan365Studios #Juan365 #ALLINJUANLIVE #juankadahosts #trendingnow #juankadaevo #colorgamelive #fypシ #foryoupageシ Juan365 Juan365 Studios",,0,1/14/2026 21:48,N/A,https://www.facebook.com/permalink.php?story_fbid=pfbid0JVHpFtYN8n54nsCJxx5kfLzUXcukzfERueiEQAoCimBUppCumsSsQ3KGNdyEYMJRl&id=61584432221426,0,0,Photos,,,,,Lifetime,370,174,19,12,4,3,4,3,1,,,,,,,,
1.22112E+17,6.15844E+13,Juankada Evo,"All the FUN. All the COLORS!, Here’s the BEST PART 😎

#Juan365Studios #Juan365 #ALLINJUANLIVE #juankadahosts #trendingnow #juankadaevo #colorgamelive #foryoupageシ #fypシ Juan365 Juan365 Studios","All the FUN. All the COLORS!, Here’s the BEST PART 😎

#Juan365Studios #Juan365 #ALLINJUANLIVE #juankadahosts #trendingnow #juankadaevo #colorgamelive #foryoupageシ #fypシ @[61572881214141:2048:Juan365] @[61578179424678:2048:Juan365 Studios]",19,1/14/2026 16:02,N/A,https://www.facebook.com/reel/2009268136305960/,0,0,Videos,,,,,Lifetime,304,196,12,12,0,0,3,3,,,1637.035,7.086,0,0,0,,
1.22112E+17,6.15844E+13,Juankada Evo,"Baby, hindi ka pang STREETS! 😌
PANG AKIN KA! 😎

#Juan365Studios #Juan365 #ALLINJUANLIVE #JuankadaHosts #trend #JuankadaEvo #syntetiko #foryoupage #fyp","Baby, hindi ka pang STREETS! 😌
PANG AKIN KA! 😎

#Juan365Studios #Juan365 #ALLINJUANLIVE #JuankadaHosts #trend #JuankadaEvo #syntetiko #foryoupage #fyp",14,1/14/2026 2:00,uploaded,https://www.facebook.com/reel/1369828297672883/,1,0,Videos,,,,,Lifetime,425,212,25,16,4,5,22,22,,,2682.751,9.581,0,0,0,,
1.22112E+17,6.15844E+13,Juankada Evo,"The colors are ROLLING🎨🔥
COLOR GAME LIVE right now!

Comment your LUCKY COLOR

#Juan365Studios #Juan365 #ALLINJUANLIVE #juankadahosts #juankadaevo #fypシ #colorgamelive #gamingvibesph",,0,1/13/2026 15:24,N/A,https://www.facebook.com/permalink.php?story_fbid=pfbid02LQuJ1nysViMghiWrxkm6HSfifj4wvhMstwepHQaqDQo3bKj5xMrhNtScXRHnhRmgl&id=61584432221426,0,0,Photos,,,,,Lifetime,809,330,14,11,1,2,15,5,10,,,,,,,,
1.22112E+17,6.15844E+13,Juankada Evo,"Pass tayo sa NONCHALANT dun tayo sa umiiyak pag hindi nakikiss 😆, I GOT YOU BABE!😉💋

 #Juan365Studios #Juan365 #ALLINJUANLIVE #JuankadaHosts #trend #JuankadaEvo #foryoupage #dontmatter #relateable #filipino #contentcreator Juan365 Juan365 Studios","Pass tayo sa NONCHALANT dun tayo sa umiiyak pag hindi nakikiss 😆, I GOT YOU BABE!😉💋

 #Juan365Studios #Juan365 #ALLINJUANLIVE #JuankadaHosts #trend #JuankadaEvo #foryoupage #dontmatter #relateable #filipino #contentcreator @[61572881214141:2048:Juan365] @[61578179424678:2048:Juan365 Studios]",16,1/13/2026 3:00,N/A,https://www.facebook.com/reel/772904279154430/,1,0,Videos,,,,,Lifetime,336,200,26,16,5,5,8,8,,,2080.173,8.777,0,0,0,,
1.22112E+17,6.15844E+13,Juankada Evo,"COLOR GAME LIVE NOW! 🎨🔥
Humanda ka na sa panibagong swerte at panalong vibes? 😎

#Juan365Studios #Juan365 #ALLINJUANLIVE #juankadahosts #trendingnow #juankadaevo  #colorgamelive #allinsasaya #GamingPH #livenow",,0,1/12/2026 16:44,N/A,https://www.facebook.com/permalink.php?story_fbid=pfbid02KVwBvGJ5Q1qSpoQcPVmPHGQwrGJ1GqHEvxe8yGp8SJTtSXHxyeyPTomnPPiEJpA9l&id=61584432221426,0,0,Photos,,,,,Lifetime,343,149,23,17,3,3,7,5,2,,,,,,,,
1.22112E+17,6.15844E+13,Juankada Evo,"My favorite tea to take care of my voice ❤️ GINGER HONEY LEMON made by truly yours!

Would you try this?

Follow the page for more mini vlogs!

#Juan365Studios #Juan365 #ALLINJUANLIVE #juankadahosts #trendingnow #juankadaevo #minivlogph #honeylemonginger #CalmMoments Juan365 Studios Juan365","My favorite tea to take care of my voice ❤️ GINGER HONEY LEMON made by truly yours!

Would you try this?

Follow the page for more mini vlogs!

#Juan365Studios #Juan365 #ALLINJUANLIVE #juankadahosts #trendingnow #juankadaevo #minivlogph #honeylemonginger #CalmMoments @[61578179424678:2048:Juan365 Studios] @[61572881214141:2048:Juan365]",56,1/12/2026 15:19,N/A,https://www.facebook.com/reel/711907901799140/,0,0,Videos,,,,,Lifetime,230,174,18,14,2,2,5,5,,,2577.192,13.564,0,0,0,,
1.22112E+17,6.15844E+13,Juankada Evo,"Here's my song cover of DATING TAYO😇

FOLLOW and SHARE

#Juan365Studios #Juan365 #ALLINJUANLIVE #JuankadaHosts #trend #VibesOnly #JuankadaEvo  #ReelsPH #musiclover #songcover #Datingtayo #TJMonterde Juan365  Juan365 Studios","Here's my song cover of DATING TAYO😇

FOLLOW and SHARE

#Juan365Studios #Juan365 #ALLINJUANLIVE #JuankadaHosts #trend #VibesOnly #JuankadaEvo  #ReelsPH #musiclover #songcover #Datingtayo #TJMonterde @[61572881214141:2048:Juan365]  @[61578179424678:2048:Juan365 Studios]",107,1/12/2026 0:00,uploaded,https://www.facebook.com/reel/892757089765090/,1,0,Videos,,,,,Lifetime,275,183,25,18,5,2,6,6,,,2938.196,13.235,0,0,0,,
1.22112E+17,6.15844E+13,Juankada Evo,"BUTTERED SHRIMP hits different 🦐🧈🔥
Anong ulam mo today? 😋

#Juan365Studios #Juan365 #ALLINJUANLIVE #JuankadaHosts #JuankadaEvo #ButteredShrimp #HomeCookingPH #FoodContentPH #FoodVibes #FollowUs Juan365 Studios  Juan365","BUTTERED SHRIMP hits different 🦐🧈🔥
Anong ulam mo today? 😋

#Juan365Studios #Juan365 #ALLINJUANLIVE #JuankadaHosts #JuankadaEvo #ButteredShrimp #HomeCookingPH #FoodContentPH #FoodVibes #FollowUs @[61578179424678:2048:Juan365 Studios]  @[61572881214141:2048:Juan365]",21,1/11/2026 19:00,uploaded,https://www.facebook.com/reel/1932300197643735/,1,0,Videos,,,,,Lifetime,369,264,19,14,4,1,5,5,,,2052.233,7.15,0,0,0,,
1.22112E+17,6.15844E+13,Juankada Evo,"Wait back to the future, wait ballin hopping on this trend with Juanababe Sena!

React ""❤️"" for more collaboration with Baby Girl Sena!

#Juan365Studios #Juan365 #ALLINJUANLIVE #JuankadaHosts #JuankadaEvo #juanababesena #fyp #followers #FollowTheFun #AllInSaSaya #PHContent #dancechallenge Juan365 Live Stream Juan365 Juan365 Studios","Wait back to the future, wait ballin hopping on this trend with Juanababe Sena!

React ""❤️"" for more collaboration with Baby Girl Sena!

#Juan365Studios #Juan365 #ALLINJUANLIVE #JuankadaHosts #JuankadaEvo #juanababesena #fyp #followers #FollowTheFun #AllInSaSaya #PHContent #dancechallenge @[61569634500241:2048:Juan365 Live Stream] @[61572881214141:2048:Juan365] @[61578179424678:2048:Juan365 Studios]",12,1/11/2026 3:00,mixed,https://www.facebook.com/reel/3879754992324876/,1,0,Videos,,,,,Lifetime,354,189,20,17,2,1,11,11,,,2015.22,8.431,0,0,0,,
1.22111E+17,6.15844E+13,Juankada Evo,"That “WHO'S THAT GIRL” vibes🎶

Anong name ng pretty girl na kasama ko?

FOLLOW our page and SHARE this post..

#Juan365Studios #Juan365 #ALLINJUANLIVE #juankadahost #juankadaevo #juanababesena #fypシ #followersreels #followthefun #allinsasaya #phcontent #dancechallenge","That “WHO'S THAT GIRL” vibes🎶

Anong name ng pretty girl na kasama ko?

FOLLOW our page and SHARE this post..

#Juan365Studios #Juan365 #ALLINJUANLIVE #juankadahost #juankadaevo #juanababesena #fypシ #followersreels #followthefun #allinsasaya #phcontent #dancechallenge",15,1/10/2026 18:29,N/A,https://www.facebook.com/reel/864202993191587/,0,0,Videos,,,,,Lifetime,1299,369,43,25,16,2,21,20,,1,8908.686,10.58,0,0,0,,
1.22111E+17,6.15844E+13,Juankada Evo,"When EVO teams up with the co-host,
alam mo nang SOLID ang VIBES! 😎

FOLLOW our page to MANIFEST your LUCK!

#Juan365Studios #Juan365 #ALLINJUANLIVE #JuankadaHosts #JuankadaEvo #Juankadageof #Juankadasabbies #fyp #followers #FollowTheFun #AllInSaSaya #PHContent Juan365 Studios  Juan365",,0,1/10/2026 5:00,N/A,https://www.facebook.com/permalink.php?story_fbid=pfbid02kwh5C9fiJERVeRafi27JEeHcviQm952xUHNPGsGcvbhtcvdUpkXDrhARNexG33pKl&id=61584432221426,0,0,Photos,,,,,Lifetime,601,240,20,12,3,5,21,6,15,,,,,,,,
1.22111E+17,6.15844E+13,Juankada Evo,"PICK your COLOR. TRUST your LUCK. 🎨😎
Tara na at makipaglaro ng Color Game!, LIVE NA with EVO!

Comment your LUCKY COLOR!

#Juan365Studios #Juan365 #ALLINJUANLIVE #juankadahosts #juankadaevo #fypシ #followersreels Juan365 Studios Juan365",,0,1/9/2026 22:09,N/A,https://www.facebook.com/permalink.php?story_fbid=pfbid02LrnUJbDMgQbBbwYgFj7xQ5rNkwVyUzfn1T8izynWUBWk4vHMqApp14sbepx5GxHUl&id=61584432221426,0,0,Photos,,,,,Lifetime,294,126,11,8,2,1,5,3,1,1,,,,,,,
1.22111E+17,6.15844E+13,Juankada Evo,"STEAK KIND OF DAY 🥩🔥
From the pan to the plate—solid ang lasa 😎

Comment HOW YOU LIKE YOUR STEAK? 

FOLLOW our FB Page for more daily vibes

#Juan365Studios #Juan365 #ALLINJUANLIVE #juankadahosts #juankadaevo #trendingnow #steaklovers #foodvlogph #followthesquad #dailycooking Juan365 Studios Juan365","STEAK KIND OF DAY 🥩🔥
From the pan to the plate—solid ang lasa 😎

Comment HOW YOU LIKE YOUR STEAK? 

FOLLOW our FB Page for more daily vibes

#Juan365Studios #Juan365 #ALLINJUANLIVE #juankadahosts #juankadaevo #trendingnow #steaklovers #foodvlogph #followthesquad #dailycooking @[61578179424678:2048:Juan365 Studios] @[61572881214141:2048:Juan365]",17,1/9/2026 15:52,N/A,https://www.facebook.com/reel/4062975940586063/,0,0,Videos,,,,,Lifetime,460,250,12,10,1,1,6,6,,,2168.737,6.024,0,0,0,,
1.22111E+17,6.15844E+13,Juankada Evo,"Grabe yung saya sa Color Game kanina! Sobrang daming pumaldo! 

🎨🔥 19x triple colors 6x minor jackpot 1x major! 

Kung gusto mo ng ganitong vibes ulit—
👉 FOLLOW our FB Page for more updates!

Comment mo naman kung anong color ang tumama sayo!

#Juan365Studios #Juan365 #ALLINJUANLIVE #JuankadaHosts #JuankadaEvo #trend #ColorGameLive #HostEnergy #FYP #LiveFun #CommunityVibes","Grabe yung saya sa Color Game kanina! Sobrang daming pumaldo! 

🎨🔥 19x triple colors 6x minor jackpot 1x major! 

Kung gusto mo ng ganitong vibes ulit—
👉 FOLLOW our FB Page for more updates!

Comment mo naman kung anong color ang tumama sayo!

#Juan365Studios #Juan365 #ALLINJUANLIVE #JuankadaHosts #JuankadaEvo #trend #ColorGameLive #HostEnergy #FYP #LiveFun #CommunityVibes",60,1/9/2026 7:18,N/A,https://www.facebook.com/reel/1370089387631671/,0,0,Videos,,,,,Lifetime,250,136,19,15,4,0,15,15,,,3090.27,16.011,0,0,0,,
1.22111E+17,6.15844E+13,Juankada Evo,"What's Up EVOnation!!
FOLLOW, SHARE, at INVITE your friends para sabay-sabay tayo sa panalo moments, at non-stop fun with JUANKADA EVO! 🔥

Comment “DONE” kung naka-FOLLOW ka na!

#Juan365Studios #Juan365 #ALLINJUANLIVE #JuankadaHosts #JuankadaEvo #trend  #FollowShareInvite #AllInSaSaya #ViralPH #GameOn",,0,1/9/2026 4:40,N/A,https://www.facebook.com/permalink.php?story_fbid=pfbid0VfZYaveYwHhUKpDHU6sR8UC4EDZ7tCu2Xg8TZB7o9t9ZrYku8fU1N5pmV9mAiUphl&id=61584432221426,0,0,Photos,,,,,Lifetime,296,122,15,10,4,1,4,4,,,,,,,,,
1.22111E+17,6.15844E+13,Juankada Evo,"Hanggang sa huli PALAGI pipiliin maging sayo!

Sino ang PALAGI mo? mention mo na sya Juankada😍

Follow and share this post para sa iyong palagi🥰

Music used belongs to its rightful owner. No copyright infringement intended.

#Juan365Studios #Juan365 #ALLINJUANLIVE #JuankadaHosts #trend #Palagi #TJMonterdeCover #OPMFeels #LoveSongsPH Juan365 Studios  Juan365","Hanggang sa huli PALAGI pipiliin maging sayo!

Sino ang PALAGI mo? mention mo na sya Juankada😍

Follow and share this post para sa iyong palagi🥰

Music used belongs to its rightful owner. No copyright infringement intended.

#Juan365Studios #Juan365 #ALLINJUANLIVE #JuankadaHosts #trend #Palagi #TJMonterdeCover #OPMFeels #LoveSongsPH @[61578179424678:2048:Juan365 Studios]  @[61572881214141:2048:Juan365]",249,1/9/2026 0:00,N/A,https://www.facebook.com/reel/1397277575171827/,1,0,Videos,,,,,Lifetime,215,127,28,14,9,5,13,13,,,2767.557,15.548,0,0,0,,
1.22111E+17,6.15844E+13,Juankada Evo,"COLOR GAME LIVE na EVOnation! 🔥
Handa ka na bang subukan ang swerte mo kasama si Juankada Evo? 😎

React ""❤️"" if ready ka na to win big!, Comment your lucky color

#Juan365Studios #Juan365 #ALLINJUANLIVE #JuankadaHosts #JuankadaEvo #trend #ColorGameLive #HostEnergy #FYP #LiveFun #CommunityVibes #EVOnation",,0,1/8/2026 22:40,N/A,https://www.facebook.com/permalink.php?story_fbid=pfbid02dsHBBHjZeLt8wXbyVHvprVJnEBQcY5ytnmQfg4idcKN3gfDDrQrUTGPJ5XdrwNQdl&id=61584432221426,0,0,Photos,,,,,Lifetime,457,180,11,7,2,2,12,6,4,2,,,,,,,
1.22111E+17,6.15844E+13,Juankada Evo,"Breakfast tastes better when you’re here😇

Ikaw ba anong breakfast mo Juankada!

#Juan365Studios #Juan365 #ALLINJUANLIVE #JuankadaHosts #JuankadaEvo #trend #JuankadaEvo #BreakfastWithMe #MorningVibesPH #FoodiePH #GoodMorningPH Juan365  Juan365 Studios",,0,1/8/2026 14:30,N/A,https://www.facebook.com/permalink.php?story_fbid=pfbid02BWzbePcXsvWCezWFgTDySVKUCyZXn1NAFq1obTm67FYUgMJJSPRWXvomaGRgMJobl&id=61584432221426,0,0,Photos,,,,,Lifetime,205,97,4,4,0,0,5,3,2,,,,,,,,
1.22111E+17,6.15844E+13,Juankada Evo,"Caught on cam… and yes, we’re SHARING it!🤩

FOLLOW and SHARE this post!

Music used belongs to its rightful owner. No copyright infringement intended.

#Juan365Studios #Juan365 #ALLINJUANLIVE #JuankadaHosts #JuankadaEvo #trend #ColorGameLive #HostEnergy #FYP #LiveFun #CommunityVibes Juan365  Juan365 Studios","Caught on cam… and yes, we’re SHARING it!🤩

FOLLOW and SHARE this post!

Music used belongs to its rightful owner. No copyright infringement intended.

#Juan365Studios #Juan365 #ALLINJUANLIVE #JuankadaHosts #JuankadaEvo #trend #ColorGameLive #HostEnergy #FYP #LiveFun #CommunityVibes @[61572881214141:2048:Juan365]  @[61578179424678:2048:Juan365 Studios]",31,1/8/2026 5:00,uploaded,https://www.facebook.com/reel/750833098062430/,1,0,Videos,,,,,Lifetime,277,135,29,21,5,3,7,7,,,1603.286,6.851,0,0,0,,
1.22111E+17,6.15844E+13,Juankada Evo,"When the co-host joins, expect extra kulitan! 😎 

Comment your favorite moment!, React ""❤️"" kung excited ka sa next live!

#Juan365Studios #Juan365 #ALLINJUANLIVE #JuankadaHosts #trend #ColorGameLive #HostEnergy #FYP #LiveFun #CommunityVibes Juan365 Juan365 Studios",,0,1/8/2026 3:10,N/A,https://www.facebook.com/permalink.php?story_fbid=pfbid0kpbPLxsRYbrUBhTB8YPj3As7WUp5x8eAmCiLziT9BFEzqY8gVBfJ8Ypt5kENeDx3l&id=61584432221426,0,0,Photos,,,,,Lifetime,416,185,24,20,1,3,14,6,8,,,,,,,,
1.22111E+17,6.15844E+13,Juankada Evo,"Hayaan mong HARANAHIN kita sa PASILYO tungo sa altar ng simbahan💐

React ""❤️"" and mention mo na kung kanino mo inaalay ang kantang ito!

#Juan365Studios #Juan365 #ALLINJUANLIVE #JuankadaHosts #trend #KingsAndQueens #ScrollStoppr #FYP #DailyContent  #Pasilyo #OPMCover Juan365 Juan365 Studios","Hayaan mong HARANAHIN kita sa PASILYO tungo sa altar ng simbahan💐

React ""❤️"" and mention mo na kung kanino mo inaalay ang kantang ito!

#Juan365Studios #Juan365 #ALLINJUANLIVE #JuankadaHosts #trend #KingsAndQueens #ScrollStoppr #FYP #DailyContent  #Pasilyo #OPMCover @[61572881214141:2048:Juan365] @[61578179424678:2048:Juan365 Studios]",299,1/8/2026 0:00,N/A,https://www.facebook.com/reel/694044973645707/,1,0,Videos,,,,,Lifetime,152,109,23,15,4,4,6,6,,,1615.827,12.824,0,0,0,,
1.22111E+17,6.15844E+13,Juankada Evo,"⚡️ LIVE is about to start! ⚡️
Juankada Evo is ready!, are YOU READY TO WIN? 😎

👇 Comment “READY” if you’re joining

#Juan365Studios #Juan365 #ALLINJUANLIVE #JuankadaHosts #trend #ColorGameLive #HostEnergy #FYP #LiveFun #CommunityVibes #EVOnation",,0,1/7/2026 22:04,N/A,https://www.facebook.com/permalink.php?story_fbid=pfbid0z2A4EuCfFkivNypaQMmHB86aHtP1eSFcxgD1QC1bRYDG9fW33FXkE3m3MVv1GdDVl&id=61584432221426,0,0,Photos,,,,,Lifetime,425,187,21,14,4,3,10,9,1,,,,,,,,
1.22111E+17,6.15844E+13,Juankada Evo,"Kalma… ’di ka na mamalikmata — ako lang ’yan akala mo lang si Papa P, kamukha nya lang kasi ako 😆

Follow and share for more pa monay🥰😂

#Juan365Studios #Juan365 #ALLINJUANLIVE #JuankadaHosts #trend #MensFitness #HotBodyAlert #MasculineEnergy #FitnessPH #WorkoutVibes #papaP #PioloPascual Juan365  Juan365 Studios",,0,1/7/2026 14:30,N/A,https://www.facebook.com/permalink.php?story_fbid=pfbid0im1UcH5JpT3mQ2WgczrswQa5o9KW72hQncs1ithujPTPXD8rTyqXz7jo65LcEkoLl&id=61584432221426,0,0,Photos,,,,,Lifetime,239,110,17,11,4,2,6,5,1,,,,,,,,
1.22111E+17,6.15844E+13,Juankada Evo,"Built, bold, and just getting started 💪✨

EVOnation ready ka na ba sa summer body?

React ❤️ if this inspires you
Tag your workout buddy! ⚡️

Music used belongs to its rightful owner. No copyright infringement intended.

#Juan365Studios #Juan365 #ALLINJUANLIVE #JuankadaHosts #trend #KingsAndQueens #MensFitness #HotBodyAlert #MasculineEnergy #FitnessPH #WorkoutVibes #fypシ  Juan365 Studios Juan365","Built, bold, and just getting started 💪✨

EVOnation ready ka na ba sa summer body?

React ❤️ if this inspires you
Tag your workout buddy! ⚡️

Music used belongs to its rightful owner. No copyright infringement intended.

#Juan365Studios #Juan365 #ALLINJUANLIVE #JuankadaHosts #trend #KingsAndQueens #MensFitness #HotBodyAlert #MasculineEnergy #FitnessPH #WorkoutVibes #fypシ  @[61578179424678:2048:Juan365 Studios] @[61572881214141:2048:Juan365]",13,1/7/2026 5:00,N/A,https://www.facebook.com/reel/1226872479594694/,1,0,Videos,,,,,Lifetime,238,136,13,9,2,2,3,3,,,1084.682,5.927,0,0,0,,
1.22111E+17,6.15844E+13,Juankada Evo,"Color Game live officially wrapped 🎨🔥
Salamat sa solid energy at support ng lahat Juankada!

Hit follow and see you on the next live 🔔”

#Juan365Studios #Juan365 #ALLINJUANLIVE #JuankadaHosts #trend #ColorGameLive #HostEnergy #FYP #LiveFun #CommunityVibes #EVOnation","Color Game live officially wrapped 🎨🔥
Salamat sa solid energy at support ng lahat Juankada!

Hit follow and see you on the next live 🔔”

#Juan365Studios #Juan365 #ALLINJUANLIVE #JuankadaHosts #trend #ColorGameLive #HostEnergy #FYP #LiveFun #CommunityVibes #EVOnation",60,1/7/2026 3:20,N/A,https://www.facebook.com/reel/2000697083826381/,0,0,Videos,,,,,Lifetime,545,208,29,24,3,2,16,16,,,5920.823,14.336,0,0,0,,
1.22111E+17,6.15844E+13,Juankada Evo,,,0,1/6/2026 19:32,N/A,https://www.facebook.com/permalink.php?story_fbid=pfbid02H9rnwjttei5ZWaZBx16uXFnP7uCK1sNPwMVX33qvG7TiCtiFqcy9WKjMRVvGTwGol&id=61584432221426,0,1,Text,,,,,Lifetime,74,74,8,8,0,0,1,1,,,,,,,,,
1.22111E+17,6.15844E+13,Juankada Evo,"EVOnation! 👑
COLOR GAME LIVE NOW! Pick your color, play your move, claim and MANIFEST YOUR LUCKY COLOR!⚪️🔴🔵🟠🟡🟢

comment ka naman if you're watching now!

Watch color game live now!!

#Juan365Studios #Juan365 #ALLINJUANLIVE #juankadahosts #trendingpostchallenge #kingsandqueenss #pinoyvlog #funonair #LiveVibes #colorgamelive Juan365 Studios Juan365 #EVOnation",,0,1/6/2026 19:23,N/A,https://www.facebook.com/permalink.php?story_fbid=pfbid02Uqj7SwB6swQHUX76MfnP6Hhbxssn4Kmfp71C4nN3gv7eJmoCfQrfRrUhX9tX6aQgl&id=61584432221426,0,0,Photos,,,,,Lifetime,269,117,18,15,2,1,5,4,1,,,,,,,,
1.22111E+17,6.15844E+13,Juankada Evo,"Would you stop scrolling for this beautiful lady?

Drop a ""❤️"" if yes and comment her name if you know her😁

#Juan365Studios #Juan365 #ALLINJUANLIVE #JuankadaHosts #trend #KingsAndQueens #ScrollStopper #FYP #DailyContent #VibeCheck #StayWatching #fypシ  Juan365 Juan365 Studios #EVOnation",,0,1/6/2026 18:40,N/A,https://www.facebook.com/permalink.php?story_fbid=pfbid02hccEPqJAwPnN4fjsf9GC4jLkzmNYYsrHmDYeji1i1McFVfQhfAcjeUjpUHGYHCUjl&id=61584432221426,0,0,Photos,,,,,Lifetime,232,106,14,7,1,6,7,6,1,,,,,,,,
1.22111E+17,6.15844E+13,Juankada Evo,"Tara STREET FOOD trip naman mga kings and queens!

comment mo naman favorite mong street food?

Like, share, at follow para sa next adventure! 👊

#Juan365Studios #Juan365 #ALLINJUANLIVE #JuankadaHosts #trend #JuankadaEvo #StreetFoodLife #PinoyStreetFood #FoodVlogPH #ReelsPH #EVOnation Juan365 Studios Juan365","Tara STREET FOOD trip naman mga kings and queens!

comment mo naman favorite mong street food?

Like, share, at follow para sa next adventure! 👊

#Juan365Studios #Juan365 #ALLINJUANLIVE #JuankadaHosts #trend #JuankadaEvo #StreetFoodLife #PinoyStreetFood #FoodVlogPH #ReelsPH #EVOnation @[61578179424678:2048:Juan365 Studios] @[61572881214141:2048:Juan365]",48,1/5/2026 23:05,N/A,https://www.facebook.com/reel/3745475328916819/,0,0,Videos,,,,,Lifetime,288,148,29,15,9,5,14,14,,,2610.093,11.918,0,0,0,,
1.22111E+17,6.15844E+13,Juankada Evo,"Kings and queens, the lucky day is yours! 🔥
LIVE na ang Color Game — energy, prizes, at vibes na hindi mo pwedeng palampasin! Join now! 😎

React ""❤️"" to manifest your lucky day

Come and play with me 10AM-6PM here at ColorGame LIVE! ❤💛💚💙💜🤍

#Juan365Studios #Juan365 #ALLINJUANLIVE #JuankadaHosts #trend #KingsAndQueens #PinoyVlog #FunOnAir #LiveVibesPH #ColorGameLIVE #EVOnation",,0,1/5/2026 17:41,N/A,https://www.facebook.com/permalink.php?story_fbid=pfbid02nMi2F7qMfK34zn7RpuiGsGPgshkzP8RhseRC8JqmtkwcvJTVaGHu9rqcyk2Pf4Zjl&id=61584432221426,0,0,Photos,,,,,Lifetime,268,102,14,10,2,2,3,2,1,,,,,,,,
1.2211E+17,6.15844E+13,Juankada Evo,"𝐓𝐚𝐦𝐚 𝐤𝐚𝐧𝐚 𝐀𝐥𝐣𝐮𝐫! 𝐀𝐤𝐨 𝐧𝐚𝐦𝐚𝐧! 😁😉 

JuanKanta with Juankada Evo! 🎧🎹🎙

Click Follow for more 🔥

#Juan365Studios #Juan365 #ALLINJUANLIVE #JuankadaHosts #trend #VibesOnly #JuankadaEvo  #ReelsPH #musiclover #songcover #mamamia #EvoNation","𝐓𝐚𝐦𝐚 𝐤𝐚𝐧𝐚 𝐀𝐥𝐣𝐮𝐫! 𝐀𝐤𝐨 𝐧𝐚𝐦𝐚𝐧! 😁😉 

JuanKanta with Juankada Evo! 🎧🎹🎙

Click Follow for more 🔥

#Juan365Studios #Juan365 #ALLINJUANLIVE #JuankadaHosts #trend #VibesOnly #JuankadaEvo  #ReelsPH #musiclover #songcover #mamamia #EvoNation",127,1/5/2026 5:51,uploaded,https://www.facebook.com/reel/1419599376175274/,0,0,Videos,,,,,Lifetime,245,137,25,17,7,1,18,18,,,3664.417,18.696,0,0,0,,
1.2211E+17,6.15844E+13,Juankada Evo,"Nalito ka ba kung sino si James diyan? 😆

React kung kanino ka unang napatingin
❤️ for Juankada Evo | 😄 for James Reid

#Juan365Studios #Juan365 #ALLINJUANLIVE #JuankadaHosts #trend #JuankadaEvo #LiveGameHighlights #LiveHost #SelfieMoment Juan365 Studios James Reid",,0,1/3/2026 21:26,N/A,https://www.facebook.com/permalink.php?story_fbid=pfbid0crk8u7jdJmejFuvvbdAzxUsGcRJGP5i8Hi28hPaM7VbMseZUnvqXy1173JjKSD1pl&id=61584432221426,0,0,Photos,,,,,Lifetime,899,301,64,40,12,12,91,81,7,3,,,,,,,
1.2211E+17,6.15844E+13,Juankada Evo,"LIVE DONE, ENERGY STILL ON 🔥
Shoutout to everyone who played and stayed till the end — you made the live even better 🙌, Catch you on the next Color Game LIVE 😎

If you felt the thrill, hit that follow and turn on notifications 🔔

#Juan365Studios #Juan365 #ALLINJUANLIVE #JuankadaHosts #trend  #newyears2026 #fypシ #FollowNow #Livehosting #artist #TrendingPH #ViralPH #FBReelsPH",,0,1/2/2026 21:10,N/A,https://www.facebook.com/permalink.php?story_fbid=pfbid0MuQ2fXdYCV4JwPvB8o1vrYVLbAZcJNc52im7GzW5b27QBu2ZaSSj6CaXWPRqXePSl&id=61584432221426,0,0,Photos,,,,,Lifetime,577,178,40,20,15,5,44,36,8,,,,,,,,
1.2211E+17,6.15844E+13,Juankada Evo,,,0,1/2/2026 9:09,N/A,https://www.facebook.com/permalink.php?story_fbid=pfbid036CN8NRqGsdgu8MaXjijraZtPsFwt8VR2xx7XapJF6AUG9x72GE6utJBS4EXQMxA5l&id=61584432221426,0,1,Photos,,,,,Lifetime,252,96,8,8,0,0,4,,3,1,,,,,,,
1.2211E+17,6.15844E+13,Juankada Evo,"Halina't maglaro ng ColorGame Live! Hayaan nyong salubungin ang Ikalawang araw ng taon na puno ng swerte at pumaldo kasama si Juankada Evo! 🌈💫

Samahan nyo ang team NightShift mamaya 10pm-5am! With Juankada Ligaya Juankada Charm Makisaya at Manalo! Dahil AllinJuan sa Saya dito sa Juan365. 

#Juan365Studios #Juan365 #ALLINJUANLIVE #JuankadaHosts #trend #2026iscoming #newyears2026 #fypシ #FollowNow #Livehosting #artist #TrendingPH #ViralPH #FBReelsPH","Halina't maglaro ng ColorGame Live! Hayaan nyong salubungin ang Ikalawang araw ng taon na puno ng swerte at pumaldo kasama si Juankada Evo! 🌈💫

Samahan nyo ang team NightShift mamaya 10pm-5am! With @[61584067509799:2048:Juankada Ligaya] @[61585109026232:2048:Juankada Charm] Makisaya at Manalo! Dahil AllinJuan sa Saya dito sa Juan365. 

#Juan365Studios #Juan365 #ALLINJUANLIVE #JuankadaHosts #trend #2026iscoming #newyears2026 #fypシ #FollowNow #Livehosting #artist #TrendingPH #ViralPH #FBReelsPH",22,1/2/2026 3:30,N/A,https://www.facebook.com/reel/1276047304369012/,0,0,Videos,,,,,Lifetime,301,101,12,11,0,1,2,2,,,1337.416,5.764,0,0,0,,
1.2211E+17,6.15844E+13,Juankada Evo,"Tara Juankada! Simulan natin ang Taon na puno ng Swerte At Kulay na magbibigay Saya at Buhay! 

Samahan nyo ko ngaun gabi. 10pm-5am! Makisaya at Manalo! Dahil All in Juan sa Saya dito sa Juan365. 

#Juan365Studios #Juan365 #ALLINJUANLIVE #JuankadaHosts #trend #2026iscoming #newyears2026 #fypシ #FollowNow #Livehosting #artist #TrendingPH #ViralPH #FBReelsPH",,0,1/1/2026 6:14,N/A,https://www.facebook.com/permalink.php?story_fbid=pfbid0pRd3U75AHHC9mekwKTt8QFmG7yWMYijCUmNXrNyKsw2iiPyjnkdCuNFPikMNe52hl&id=61584432221426,0,0,Photos,,,,,Lifetime,729,301,21,19,0,2,22,17,5,,,,,,,,
1.2211E+17,6.15844E+13,Juankada Evo,"Welcome 2026🥳 New year new opportunities!

Sinong kasama mo sa pag salubong ng bagong taon?

#Juan365Studios #Juan365 #ALLINJUANLIVE #JuankadaHosts #trend #2026iscoming #newyears2026 #fypシ #FollowNow #Livehosting #artist #TrendingPH #ViralPH #FBReelsPH","Welcome 2026🥳 New year new opportunities!

Sinong kasama mo sa pag salubong ng bagong taon?

#Juan365Studios #Juan365 #ALLINJUANLIVE #JuankadaHosts #trend #2026iscoming #newyears2026 #fypシ #FollowNow #Livehosting #artist #TrendingPH #ViralPH #FBReelsPH",60,12/31/2025 21:39,mixed,https://www.facebook.com/reel/25717473261226689/,0,0,Videos,,,,,Lifetime,148,96,14,14,0,0,6,6,,,1914.896,16.651,0,0,0,,
1.22188E+17,6.15659E+13,Juankada Geoff,"HAPPY NEW YEAR, JUANKADA!",,0,12/31/2025 21:30,N/A,https://www.facebook.com/Juankadageoff/posts/pfbid0NJSYSHsz5oYSfe1iFiwLAiY11f8DfZPCmfPp9cuKiMoyGiiNmoegKGrZMynqAu7Yl,0,1,Videos,,,,,Lifetime,103,55,12,12,0,0,0,,,,,,,,,,
1.22188E+17,6.15659E+13,Juankada Geoff,Juankada Geoff updated their cover photo.,,0,1/2/2026 18:40,N/A,https://www.facebook.com/photo.php?fbid=122188074218528854&set=a.122095532852528854&type=3,0,0,Photos,,,,,Lifetime,0,1,20,18,2,0,0,,,,,,,,,,
1.22188E+17,6.15659E+13,Juankada Geoff,"Hindi perpektong tao pero perpekto para sa'yo. 😉

Don't be shy and hit that Like, Follow, and Share button para perfect talaga! 

#JuankadaGeoff #Juan365 #Juan365PH
#AllInJuanSaSaya #JuanKada #Juan365ColorGame
#Juan365Studios #fypviralシ #trendingvideo","Hindi perpektong tao pero perpekto para sa'yo. 😉

Don't be shy and hit that Like, Follow, and Share button para perfect talaga! 

#JuankadaGeoff #Juan365 #Juan365PH
#AllInJuanSaSaya #JuanKada #Juan365ColorGame
#Juan365Studios #fypviralシ #trendingvideo",19,1/3/2026 6:34,N/A,https://www.facebook.com/reel/1502070524217120/,0,0,Videos,,,,,Lifetime,268,102,39,23,13,3,3,3,,,2234.685,12.079,0,0,0,,
1.22188E+17,6.15659E+13,Juankada Geoff,"LIVE na tayo, Juankada! 📽️
Come and join us together with Juankada Ligaya and Juankada Sabbie.
Let’s have some fun habang namimili ng inyong LUCKY color. 🔵🔴🟢🟡🟠

Don’t forget to Like, Share, and Follow our page for more FUN moments and exciting live sessions with us. Kita-kits, Juankada! 🥳

#JuankadaGeoff #Juan365 #Juan365PH #AllInJuanSaSaya #JuanKada #Juan365ColorGame
#Juan365Studios #fypviralシ #trendingnow",,0,1/4/2026 6:48,N/A,https://www.facebook.com/Juankadageoff/posts/pfbid033LoW3BewTwhd81B7rP5bACLFfvLbvF5KcykhWdnUyaXLkeGeZAMVAnvRhD76Azo3l,0,0,Photos,,,,,Lifetime,984,457,57,45,5,7,20,8,12,,,,,,,,
1.22188E+17,6.15659E+13,Juankada Geoff,ABC,"Hindi 'to parinig huh haha! Sino'ng nakaka relate sa music? 😂 

Comment ME + Member ID kung relate ka! 🫣💬

#JuankadaGeoff #juankadahost #Juan365 #Juan365PH #AllInJuanSaSaya #JuanKada #Juan365ColorGame
#Juan365Studios #fypviralシ #trendingnow",22,1/4/2026 9:15,N/A,https://www.facebook.com/reel/1215315800000852/,0,0,Videos,,,,,Lifetime,299,89,22,16,5,1,7,7,,,2642.398,14.055,0,0,0,,
1.22188E+17,6.15659E+13,Juankada Geoff,"If you can dream it, you can do it. Your limits are all within yourself. 🙌 -Brian Tracy

LIKE, SHARE & FOLLOW!  Color Game LIVE daily, 6AM to 5AM 🤟

#JuankadaGeoff #juankadahost #Juan365 #Juan365PH #AllInJuanSaSaya #JuanKada #Juan365ColorGame
#Juan365Studios #fypviralシ #trendingnow","If you can dream it, you can do it. Your limits are all within yourself. 🙌 -Brian Tracy

LIKE, SHARE & FOLLOW!  Color Game LIVE daily, 6AM to 5AM 🤟

#JuankadaGeoff #juankadahost #Juan365 #Juan365PH #AllInJuanSaSaya #JuanKada #Juan365ColorGame
#Juan365Studios #fypviralシ #trendingnow",24,1/5/2026 7:21,N/A,https://www.facebook.com/reel/762986202829005/,0,0,Videos,,,,,Lifetime,135,86,12,11,1,0,0,,,,737.316,6.764,0,0,0,,
1.22188E+17,6.15659E+13,Juankada Geoff,"Live na tayo sa Juan365 Color Game LIVE juankada! Come join us together with Juankada Sabbie and Juankada Ligaya 🤩

#juankadageoff #juankadahost #juankadasabbie #juankadaligaya #Juan365 #Juan365PH #AllInJuanSaSaya #JuanKada #juan365colorgame
#Juan365Studios #fypviralシ #trendingnow",,0,1/5/2026 7:33,N/A,https://www.facebook.com/Juankadageoff/posts/pfbid02CTbh3iyr4iofFEAAuqXiG7cprLix1Cc4UNQxszeHJBsEH3NEJBJdVEh5qNZWts8cl,0,1,Photos,,,,,Lifetime,287,81,23,19,4,0,16,11,5,,,,,,,,
1.22188E+17,6.15659E+13,Juankada Geoff,"Solo cruising while the beat runs the city. 🤙

Comment suggestion ng soundtrip + Member ID. 💬

#JuankadaGeoff #juankadahost #Juan365 #Juan365PH #AllInJuanSaSaya #JuanKada #Juan365ColorGame
#Juan365Studios #fypviralシ #trendingnow #ridesafe #chillride","Solo cruising while the beat runs the city. 🤙

Comment suggestion ng soundtrip + Member ID. 💬

#JuankadaGeoff #juankadahost #Juan365 #Juan365PH #AllInJuanSaSaya #JuanKada #Juan365ColorGame
#Juan365Studios #fypviralシ #trendingnow #ridesafe #chillride",41,1/5/2026 9:29,N/A,https://www.facebook.com/reel/25558279040498914/,0,0,Videos,,,,,Lifetime,253,114,41,29,9,3,7,7,,,1096.495,5.594,0,0,0,,
1.22189E+17,6.15659E+13,Juankada Geoff,"🫡LIVE tayo ngayon mga ka ROCKERS!🤘🏽

GAME na bang makipag ROCKrakan? COLOR GAME na..!!! !😅😘

#Juan365 #Juan365PH #AllInJuanSaSaya #JuanKada #Juan365ColorGame #JuankadaGeoff
#FollowMe #Trending #FYP #Reels",,0,1/6/2026 6:22,N/A,https://www.facebook.com/Juankadageoff/posts/pfbid0duaFgmUza5qMD4mDQZ64opvu4WhJ7WqhL6GqsiNGkvMxrb5vFnymBdCex3K9RoTml,0,0,Photos,,,,,Lifetime,237,87,18,17,1,0,3,2,1,,,,,,,,
1.22189E+17,6.15659E+13,Juankada Geoff,"🫡 𝐇𝐄𝐋𝐋𝐎 mga ka 𝐑𝐎𝐂𝐊𝐄𝐑𝐒..!!! 👋🏽 Sinong naka nood at nakipag 𝐑𝐎𝐂𝐊𝐫𝐚𝐤𝐚𝐧 sa LIVE namin kanina❓ Mamaya uli a.. 👊🏽🤘🏽

Same TIME, Same Host at ENERGY ang hatid naming 𝐒𝐀𝐘𝐀 at 𝐒𝐔𝐖𝐄𝐑𝐓𝐄 sa inyo mga ka #JuanKada 🧡❤️🤍 Kulitan uli tayo mamayang 10pm to 5:30am ⏰ 

•#JuanKadaGeoff •#Juan365PH •#Juan365PH •#juan365colorgame •#colorgame •#Juan365Studios •#Juan365 •#Juankadahost •#AllInJuanSaSaya •#fypviralシ •#trendingnow •#fypシ •#viralpost",,0,1/6/2026 16:14,N/A,https://www.facebook.com/Juankadageoff/posts/pfbid02myKWma7ZM6cP2qiPaMC46J9mff6JzHwEZvK7QdUr7zEunK5g4E1RpqZRQdXeaL5wl,0,0,Photos,,,,,Lifetime,411,163,44,24,14,6,16,9,7,,,,,,,,
1.22189E+17,6.15659E+13,Juankada Geoff,GEOFF TAYLOR,"🫡𝐋𝐄𝐓𝐒 𝐑𝐎𝐂𝐊 mga ka 𝐑𝐎𝐂𝐊𝐄𝐑𝐒‼️ kamusta ang buhay buhay❓

Ilang oras nalang 𝐑𝐎𝐂𝐊𝐫𝐚𝐤𝐚𝐧 na naman tayo mayang 10pm to 5am sa 𝐂𝐎𝐋𝐎𝐑 𝐆𝐀𝐌𝐄 🟩🟨🟥⬜️

•#JuankadaGeoff •#Host •#StudioHost •#gamehost •#Juan365PH •#JuanKada •#juan365colorgame •#Juan365Studios •#Rockstar •#fypシ •#trendingpost •#trendingnow •#viralnow •#AllInJuanSaSaya",22,1/7/2026 1:52,N/A,https://www.facebook.com/reel/1606888770498113/,0,0,Videos,,,,,Lifetime,178,95,14,12,1,1,0,,,,767.909,5.605,0,0,0,,
1.22189E+17,6.15659E+13,Juankada Geoff,"1K NA TAYO ROCKERS FAM! Salamat sa walang sawa'ng suporta at pagsubaybay saating Color Game LIVE. 1 month palang pero we already reached 1K. SOLID! 🙌

LIKE, SHARE, FOLLOW, and set that notifications into ""FAVORITES"" para lagi ka'ng updated! 🤘

#juankadageoff #juankadahost #Juan365 #Juan365PH #AllInJuanSaSaya #JuanKada #juan365colorgame
#Juan365Studios #colorgame #fypviralシ #trendingnow #rockers",,0,1/7/2026 8:17,N/A,https://www.facebook.com/Juankadageoff/posts/pfbid0tasG5oHK3zBUQdu5yuFGQKUYCaMGxZ1USgBmSfD1f3Y5hADDDBmo5gtZBPZW3Wijl,0,1,Photos,,,,,Lifetime,220,80,13,12,1,0,1,1,,,,,,,,,
1.22189E+17,6.15659E+13,Juankada Geoff,"Whats up rockers fam? Simula na tayo sa'ating Color Game LIVE! 🤘

Come join us together with Juankada Shann and Juankada Ligaya at i-manifest na ang LUCK mo! ☘️

#juankadageoff #juankadahost #Juan365PH #Juan365PH #AllInJuanSaSaya #JuanKada #juan365colorgame
#Juan365Studios #colorgame #fypviralシ #trendingnow #rockers",,0,1/7/2026 8:50,N/A,https://www.facebook.com/Juankadageoff/posts/pfbid037x3Fm7VTBi9aiQMGKS7UYVSYupbGk3zNsYESD8TgZpwEFPDvxd22pbwkNUVcofzHl,0,0,Photos,,,,,Lifetime,1477,589,45,37,4,4,49,24,25,,,,,,,,
1.22189E+17,6.15659E+13,Juankada Geoff,"Before live, pa pitik muna tayo konti ROCKER FAM. 😜🤘

Hit LIKE if ganito ka rin before ang gagawin mo. 😅

#juankadageoff #juankadahost #Juan365PH #Juan365 #AllInJuanSaSaya #JuanKada #juan365colorgame
#Juan365Studios #colorgame #fypviralシ #trendingnow #rockers",,0,1/7/2026 9:54,N/A,https://www.facebook.com/Juankadageoff/posts/pfbid0BwgBdR5m7xvNxHkfrxW3QjMgfgWj1GrafD62YLCB3f6dDnCBTHSgN5Jyo2NDwFXhl,0,0,Photos,,,,,Lifetime,321,117,22,21,1,0,9,5,4,,,,,,,,
1.22189E+17,6.15659E+13,Juankada Geoff,"AllinJuanSaRakrakan! Join na sa live at maki-feel the rakista vibes with me ROCKERS FAM! 🧑‍🎤

💽: Faint - by Linkin Park 🐐

Share niyo naman sa comment section kung ano ang favorite Rock Band niyo fam! 🤘

#juankadageoff #juankadahost #Juan365PH #Juan365 #AllInJuanSaSaya #JuanKada #juan365colorgame
#Juan365Studios #colorgame #fypviralシ #trendingnow #rockers","AllinJuanSaRakrakan! Join na sa live at maki-feel the rakista vibes with me ROCKERS FAM! 🧑‍🎤

💽: Faint - by Linkin Park 🐐

Share niyo naman sa comment section kung ano ang favorite Rock Band niyo fam! 🤘

#juankadageoff #juankadahost #Juan365PH #Juan365 #AllInJuanSaSaya #JuanKada #juan365colorgame
#Juan365Studios #colorgame #fypviralシ #trendingnow #rockers",28,1/7/2026 11:15,N/A,https://www.facebook.com/reel/2215459512196793/,0,0,Videos,,,,,Lifetime,623,174,52,43,5,4,5,5,,,3891.572,8.368,0,0,0,,
1.16591E+15,6.15659E+13,Juankada Geoff,ROCK & RIDE,ROCK & RIDE,813,1/7/2026 16:48,N/A,https://www.facebook.com/Juankadageoff/videos/1165907575625895/,0,0,Live,,,,,Lifetime,341,229,50,27,16,7,10,10,,,2660.41,9.78,,0,0,,
1.22189E+17,6.15659E+13,Juankada Geoff,"👋🏽 Namiss n’yo ba ako JUANKADA? 🫡 𝐑𝐄𝐒𝐓 𝐃𝐀𝐘 lang muna ang 𝐑𝐎𝐂𝐊𝐄𝐑 𝐆𝐄𝐎𝐅𝐅 n’yo 😅
BAWI sa puyat at pagod kaya eto, TRY ko daw ang kamatis sa face 🍅🤣

Balik ako BUKAS 🫰🏼
𝐂𝐎𝐋𝐎𝐑 𝐆𝐀𝐌𝐄 ulit everyJUAN from 2pm to 10pm🔥🎮

#Juan365 #Juankadageoff #Juan365PH #JuanKada #gamehost #Juan365Studios #AllInJuanSaSaya #Host #rocker #fypシ #viral",,0,1/8/2026 22:37,N/A,https://www.facebook.com/Juankadageoff/posts/pfbid023Z2xwsSm389fcgDLVyKMYHFbCfSRekyU6VbzUUwVkMkizjtUfD85nuAHSqBNvHdQl,0,0,Photos,,,,,Lifetime,561,211,37,31,2,4,12,10,2,,,,,,,,
1.22189E+17,6.15659E+13,Juankada Geoff,"👉🏽ABANGAN! 𝐂𝐎𝐋𝐎𝐑 𝐆𝐀𝐌𝐄 𝐋𝐈𝐕𝐄 with Juankada Evo and Juankada Sabbie from 2PM to 10PM. See you there Rockers FAM! 🤘

#juankadageoff #juankadahost #Juan365 #Juan365PH #AllInJuanSaSaya #JuanKada #juan365colorgame
#Juan365Studios #colorgame #fypviralシ #trendingnow #rockers",,0,1/9/2026 18:08,N/A,https://www.facebook.com/Juankadageoff/posts/pfbid02xBTULSHay3gDJUYksz7rcJ4hLjNR4ktYCo4UWPDQmp1MMd8goeb8uXtZd5fcj6xel,0,0,Photos,,,,,Lifetime,743,299,37,31,3,3,32,13,19,,,,,,,,
1.22189E+17,6.15659E+13,Juankada Geoff,"🫡𝐋𝐈𝐕𝐄 tayo ngayon 𝐉𝐔𝐀𝐍𝐊𝐀𝐃𝐀‼️ naka ilang pa 𝐓𝐑𝐈𝐏𝐋𝐄 na..!!! 🟨🟥🟩 HABOL na! 🤘🏽 till 10pm pa ang chance mong PUMALDO… 

#juankada #juankadageofff #juankadaevo #juankadasabbie #juan365 #juan365PH #AllInJuanSaSaya #Juan365Studios #colorgame #gamehost #host #juan365colorgame #rocker #Rockers #studiohost #trending #viral",,0,1/10/2026 0:11,N/A,https://www.facebook.com/Juankadageoff/posts/pfbid02RfvgBqxQS94E6EQx4TPJ8WTWC3gZxqDRMa8fiS46Jjcre92ffdmVnp6qaD13DXuxl,0,0,Photos,,,,,Lifetime,943,403,58,42,13,3,20,5,15,,,,,,,,
1.22189E+17,6.15659E+13,Juankada Geoff,Boom..!!! 💥 Sinong naka nood kagabi!? today uli juankada tuloy tuloy natin ang swerte,,0,1/12/2026 0:13,N/A,https://www.facebook.com/Juankadageoff/posts/pfbid0Ab3YaG2vrk6HnNxaUBh3Pv1vvYzQzXwQqwxqzUxHtrDGFhnGR1CSe9JZxBFioTuyl,0,1,Photos,,,,,Lifetime,284,103,29,21,6,2,6,6,,,,,,,,,
1.22189E+17,6.15659E+13,Juankada Geoff,juankada geoff,"Mga 𝐑𝐎𝐂𝐊𝐄𝐑𝐒 Nanggigigil na ako a..!!! 🔥 May MALI ba sa sinabi ko 𝐉𝐔𝐀𝐍𝐊𝐀𝐃𝐀⁉️ totoo naman sinasabi ko. Grabe naman kasi mga bully ngayon pati ba naman nanay ko hindi na din ako kinakampihan! 🤦🏻‍♂️ OWNO..!!

#juankadageoff #Juan365 #Juan365PH #JuanKada #Juan365Studios #host #gamehost #colorgame #hosting #AllInJuanSaSaya #fypシ #trendingnow #trendingpost #trendingreel",37,1/12/2026 3:11,N/A,https://www.facebook.com/reel/1902103624002059/,0,0,Videos,,,,,Lifetime,401,188,60,47,11,2,21,21,,,4399.43,15.49,0,0,0,,
1.22189E+17,6.15659E+13,Juankada Geoff,"🫡𝐉𝐔𝐀𝐍𝐊𝐀𝐃𝐀!! 👋🏽 Walang mintis ang pa 𝐓𝐑𝐈𝐏𝐋𝐄 🔥 From 𝐱𝟓𝟎 kahapon to 𝐓𝐑𝐈𝐏𝐋𝐄 + 𝐱𝟏𝟎 today‼️ 𝐋𝐈𝐕𝐄 𝐍𝐎𝐖 till 10pm… 🤘🏽 Ikaw na ang susunod na MANANALO 🎉 

#JuanKada #Juan365 #Juan365PH #juankadageoff #AllInJuanSaSaya #colorgamelive #Juan365Studios #geoff #gamehost #jackpot",,0,1/13/2026 1:40,N/A,https://www.facebook.com/Juankadageoff/posts/pfbid02uDLpUGTshEfh3ctDGmQZidPwjuqnpNEkm3sKYX5QYbCFCbzXZCAS1SqrSh6VZsANl,0,0,Photos,,,,,Lifetime,461,174,46,29,13,4,22,16,6,,,,,,,,
1.22189E+17,6.15659E+13,Juankada Geoff,"𝟏𝟓𝟎𝐱 𝐩𝐚𝐧𝐚𝐥𝐨, ₱𝟑𝟎,𝟎𝟎𝟎 𝐚𝐠𝐚𝐝!😱🔥

Ikaw, ready ka na bang salubungin ang swerte mo?

Baka next winner ikaw na 👀✨

#Juan365 #Juan365Studios #AllInJuanSaSaya #Juankada",,0,1/13/2026 18:07,N/A,https://www.facebook.com/Juankadageoff/posts/pfbid0ZuHTtvoTmYYh29n1t9A28QW3BdV43rD9JkcF7J2whxmcyDiSi3LyuV9Fm7fMrCojl,0,1,Photos,,,,,Lifetime,239,89,16,14,2,0,0,,,,,,,,,,
1.22189E+17,6.15659E+13,Juankada Geoff,"𝐉𝐔𝐀𝐍𝐊𝐀𝐃𝐀 𝐀𝐋𝐄𝐑𝐓! 📢
UMULAN NG 𝐓𝐑𝐈𝐏𝐋𝐄 𝐏𝐈𝐍𝐊 🤯 𝟓𝐱 HITS TODAY! 🔥
𝐋𝐈𝐕𝐄  na 𝐉𝐔𝐀𝐍𝟑𝟔𝟓 𝐂𝐎𝐋𝐎𝐑 𝐆𝐀𝐌𝐄, Ka-𝐑𝐎𝐂𝐊𝐄𝐑𝐒! 🤘🏽

#juankadageoff #juankadahost #Juan365 #Juan365PH #AllInJuanSaSaya #JuanKada #juan365colorgame #Juan365Studios #fypviralシ #trendingnow #rockers",,0,1/14/2026 0:09,N/A,https://www.facebook.com/Juankadageoff/posts/pfbid02izfBzPWyS32LyWgQyi3Tg4pA4pF5VR96P3QaGQyrMQ8A4GtiMPkawEFuDuGzb2xzl,0,0,Photos,,,,,Lifetime,1218,539,64,52,10,2,49,30,19,,,,,,,,
1.22189E+17,6.15659E+13,Juankada Geoff,"Color Game is 𝐎𝐍 Juankada! 🔵🔴🟢🟡🟠

With this three Juankada beauties Juankada Zia Juankada Shann Juankada Ligaya 😍

Choose your 𝐋𝐔𝐂𝐊𝐘 Color and Join the fun na Rockers fam! 🤟

#juankadageoff #juankadazia #juankadashann #juankadaligaya #juankadahost #Juan365 #Juan365PH #AllInJuanSaSaya #JuanKada #juan365colorgame
#Juan365Studios #fypviralシ #trendingnow #rockers",,0,1/14/2026 0:41,N/A,https://www.facebook.com/Juankadageoff/posts/pfbid0bb2Y55eepV3p72XV4KhkQt4EdSSoEuoNdV6bQN6WxbxXCUobWoRkMCQrBVDdyFiql,0,0,Photos,,,,,Lifetime,1516,556,77,54,13,10,42,22,20,,,,,,,,
1.2219E+17,6.15659E+13,Juankada Geoff,"𝐂𝐇𝐈𝐋𝐋𝐈𝐍’ 𝐥𝐢𝐤𝐞 𝐚 𝐕𝐈𝐋𝐋𝐀𝐈𝐍 lang habang 𝐑𝐄𝐒𝐓  𝐃𝐀𝐘 𝐑𝐎𝐂𝐊𝐄𝐑𝐒 FAM. 😮‍💨🤘🏽

Share niyo naman ang daily routine niyo pag rest day via comments Juankada. 😁

#juankadageoff #juankadahost #Juan365 #Juan365PH #AllInJuanSaSaya #JuanKada #juan365colorgame
#Juan365Studios #colorgame #fypviralシ #trendingnow #rockers #Chillinlikeavillain",,0,1/14/2026 22:23,N/A,https://www.facebook.com/Juankadageoff/posts/pfbid02KAc4bdM4vBZqxSXSHSGJu5u6oGEbZkDZcn4Fo8NXMF3aWAwvTHm8y8368doLvziwl,0,0,Photos,,,,,Lifetime,933,407,55,34,18,3,21,18,3,,,,,,,,
1.2219E+17,6.15659E+13,Juankada Geoff,this love,"🎵 𝐘𝐎𝐔 𝐒𝐀𝐈𝐃 𝐆𝐎𝐎𝐃𝐁𝐘𝐄 𝐓𝐎𝐎 𝐌𝐀𝐍𝐘 𝐓𝐈𝐌𝐄𝐒 𝐁𝐄𝐅𝐎𝐑𝐄~

Videoke jamming muna tayo during rest day 𝐑𝐎𝐂𝐊𝐄𝐑𝐒  𝐅𝐀𝐌‼️  Magkakantahan pa tayo kaya tutok lang sa 𝐂𝐎𝐋𝐎𝐑 𝐆𝐀𝐌𝐄 𝐋𝐈𝐕𝐄!🎤😎


#JuankadaGeoff #JuankadaHosts #ALLINJUANLIVE  #Juan365 #Juan365Studios #Juan365Studios #reels #fyp #Maroon5 #ThisLove",28,1/15/2026 21:00,N/A,https://www.facebook.com/reel/851408087767618/,1,0,Videos,,,,,Lifetime,490,239,62,36,21,5,23,23,,,3570.791,9.974,0,0,0,,
1.2219E+17,6.15659E+13,Juankada Geoff,"🫡 𝐖𝐚𝐳𝐳𝐳𝐮𝐮𝐮𝐮𝐮𝐩 𝐉𝐔𝐀𝐍𝐊𝐀𝐃𝐀! 😎

Makakasama nyo ulit ang nag iisang 𝐑𝐎𝐂𝐊 𝐒𝐓𝐀𝐑 ng 𝐉𝐔𝐀𝐍𝟑𝟔𝟓 𝐂𝐎𝐋𝐎𝐑 𝐆𝐀𝐌𝐄 𝐋𝐈𝐕𝐄 bukas ng UMAGA! Kita kits 𝐑𝐎𝐂𝐊𝐄𝐑𝐒 fam! 🤘🏻

#juankadageoff #colorgamelive #juankadahosts #JuanKada #Juan365Studios #ALLINJUANLIVE #AllInJuanSaSaya #Juan365 #Juan365PH #rockers #fypシ #reelsvideo","🫡 𝐖𝐚𝐳𝐳𝐳𝐮𝐮𝐮𝐮𝐮𝐩 𝐉𝐔𝐀𝐍𝐊𝐀𝐃𝐀! 😎

Makakasama nyo ulit ang nag iisang 𝐑𝐎𝐂𝐊 𝐒𝐓𝐀𝐑 ng 𝐉𝐔𝐀𝐍𝟑𝟔𝟓 𝐂𝐎𝐋𝐎𝐑 𝐆𝐀𝐌𝐄 𝐋𝐈𝐕𝐄 bukas ng UMAGA! Kita kits 𝐑𝐎𝐂𝐊𝐄𝐑𝐒 fam! 🤘🏻

#juankadageoff #colorgamelive #juankadahosts #JuanKada #Juan365Studios #ALLINJUANLIVE #AllInJuanSaSaya #Juan365 #Juan365PH #rockers #fypシ #reelsvideo",12,1/16/2026 2:00,N/A,https://www.facebook.com/reel/888078057253343/,1,0,Videos,,,,,Lifetime,1522,419,105,76,17,12,22,22,,,7297.628,7.119,0,0,0,,
1.2219E+17,6.15659E+13,Juankada Geoff,"🫡𝐖𝐄’𝐑𝐄 𝐋𝐈𝐕𝐄 𝐑𝐈𝐆𝐇𝐓 𝐍𝐎𝐖, 𝐑𝐎𝐂𝐊𝐄𝐑 𝐅𝐀𝐌! 🤘🏽🔥
𝐂𝐎𝐋𝐎𝐑 𝐆𝐀𝐌𝐄 𝐋𝐈𝐕𝐄 is already rolling!

𝐉𝐔𝐀𝐍𝐊𝐀𝐃𝐀, jump in and let’s win big!

𝐋𝐢𝐤𝐞 • 𝐒𝐡𝐚𝐫𝐞 • 𝐅𝐨𝐥𝐥𝐨𝐰 • 𝐉𝐎𝐈𝐍 𝐍𝐎𝐖 🎉

#JuankadaGeoff #juankadahost 
#Juan365 #Juan365PH #AllInJuanSaSaya #JuanKada #Juan365ColorGame
#Juan365Studios #fypviralシ #trendingnow",,0,1/16/2026 16:45,N/A,https://www.facebook.com/Juankadageoff/posts/pfbid032qrwbUefT5cjAqkTit6DHV58cEnHkoVgwUNcPxrbJVfg4QjFKGqMwHkzuLBcfU8xl,0,0,Photos,,,,,Lifetime,811,298,45,33,11,1,24,18,6,,,,,,,,
1.2219E+17,6.15659E+13,Juankada Geoff,Juankada Geoff,"𝐇𝐄𝐋𝐏 𝐆𝐔𝐘𝐒! 𝐇𝐈𝐑𝐀𝐏 𝐍𝐀 𝐇𝐈𝐑𝐀𝐏 𝐍𝐀 𝐊𝐎 😭😭😭

#WagPo #PogiProblems #JuankadaHosts #JuankadaGeoff #ColorGameLive #reels #Juan365 #juan365colorgame #Juan365PH #AllInJuanSaSaya #gamehost #JuanKada #reelsviralシ #hosting #trendingreelsvideo #fypシ #colorgame #reels2026 #fbreelsfypシ゚ #viralreelsシ",18,1/17/2026 1:30,N/A,https://www.facebook.com/reel/1575357046923177/,0,0,Videos,,,,,Lifetime,455,208,39,24,12,3,23,23,,,2928.135,9.993,0,0,0,,
1.2219E+17,6.15659E+13,Juankada Geoff,"𝐂𝐎𝐋𝐎𝐑 𝐆𝐀𝐌𝐄 𝐋𝐈𝐕𝐄 is in a minute 𝐑𝐎𝐂𝐊𝐄𝐑 𝐅𝐀𝐌! 🤘🏽 Together with Juankada Ligaya and Juankada Sabbie See you in a bit, 𝐉𝐔𝐀𝐍𝐊𝐀𝐃𝐀! 🔥

𝐋𝐢𝐤𝐞, 𝐒𝐡𝐚𝐫𝐞, 𝐅𝐨𝐥𝐥𝐨𝐰, 𝐚𝐧𝐝 𝐣𝐨𝐢𝐧 𝐭𝐡𝐞 𝐟𝐮𝐧 𝐧𝐨𝐰! 🎉

#JuankadaGeoff #juankadahost #JuankadaSabbie #juankadaligaya #Juan365 #Juan365PH #AllInJuanSaSaya #JuanKada #Juan365ColorGame
#Juan365Studios #fypviralシ #trendingnow",,0,1/17/2026 14:06,N/A,https://www.facebook.com/Juankadageoff/posts/pfbid02BkkgSh531k23RJSMhuYjDrhQMNa6QpC1n7atTKNTJAxSsdXk2yV27boxYUi6XXtpl,0,0,Photos,,,,,Lifetime,1629,667,59,48,3,8,37,11,26,,,,,,,,
1.2219E+17,6.15659E+13,Juankada Geoff,"Hindi kailangan maging perfect — ang mahalaga ay progress.
What small win are you proud of today? ✨👇",,0,1/17/2026 23:46,N/A,https://www.facebook.com/Juankadageoff/posts/pfbid02xfR2LKVtdR9WBM7o1RzyF4skYpbf2kAhLDTRL4iZGworWMJpxFVSXqQ9egptdA2el,0,1,Photos,,,,,Lifetime,410,150,27,22,5,0,13,10,,3,,,,,,,
1.2219E+17,6.15659E+13,Juankada Geoff,1 small steps still count mga ka-ROCKERS!🤘,,0,1/18/2026 0:05,N/A,https://www.facebook.com/Juankadageoff/posts/pfbid023psStVXBVSX2woosMd8umkEL4hpA51H5a9xcu3SSuLEG1kiEED1wbUJuc29FQZd5l,0,1,Photos,,,,,Lifetime,84,28,6,6,0,0,0,,,,,,,,,,
1.2219E+17,6.15659E+13,Juankada Geoff,Juankada Geoff,"Tige taktan mo ko! Ako to si Batang Quipo! 

#JuankadaGeoff #BatangQuiapo #gamehost #CardoDalisay #JuanKada #trendingnow #Juan365PH  #JuankadaHosts #colorgame #AllInJuanSaSaya #Juan365Studios #juan365colorgame #Juan365 #reelsviralシ #fypシ",18,1/18/2026 4:31,N/A,https://www.facebook.com/reel/4220834951522900/,0,0,Videos,,,,,Lifetime,513,210,30,25,4,1,22,22,,,3349.141,9.792,0,0,0,,
1.2219E+17,6.15659E+13,Juankada Geoff,"𝐖𝐇𝐀𝐓 𝐈𝐒 𝐔𝐏 𝐊𝐀-𝐑𝐎𝐂𝐊𝐄𝐑𝐒! 🤘
We are live in a minute. Together with this three beautiful Juankada host Juankada Zia, Juankada Alexchoozy, and JUANKada Host Ikay ❤️‍🔥

Come join the fun with us at mamili na ng 𝐋𝐔𝐂𝐊𝐘 𝐂𝐎𝐋𝐎𝐑 mo! ☘️🤩

#juankadageoff #juankadazia #juankadaalexchoozy #juankadahostikay #juankadahost #Juan365 #Juan365PH #AllInJuanSaSaya #JuanKada #Juan365ColorGame #colorgame
#Juan365Studios #rockers #fypviralシ #trendingnow",,0,1/18/2026 14:34,N/A,https://www.facebook.com/Juankadageoff/posts/pfbid033QJCHfojBBxfSHkR8NqH8Yy1G8AKeAHEPYvYfRPvqoahazVj1fhxy4LvDRfFKqxQl,0,0,Photos,,,,,Lifetime,1366,533,38,31,2,5,39,22,17,,,,,,,,
1.2219E+17,6.15659E+13,Juankada Geoff,Juankada Geoff,"🤦🏻‍♂️ 𝐌𝐚𝐬𝐚𝐫𝐚𝐩 𝐝𝐚𝐰 𝐦𝐠𝐚 𝐤𝐚-𝐑𝐎𝐂𝐊𝐄𝐑𝐒? 🫣 𝐌𝐮𝐤𝐛𝐚𝐧𝐠 𝐧𝐚 𝐛𝐚 𝐭𝐚𝐲𝐨 𝐧𝐞𝐱𝐭 𝐜𝐨𝐧𝐭𝐞𝐧𝐭⁉️ 🤪

#JuankadaGeoff #JuankadaHosts  #Juan365ColorGame #reels #funny #mukbang",26,1/19/2026 2:34,N/A,https://www.facebook.com/reel/1634878017685114/,0,0,Videos,,,,,Lifetime,370,194,26,20,5,1,8,8,,,3167.077,12.134,0,0,0,,
1.2219E+17,6.15659E+13,Juankada Geoff,Juankada Geoff,"Para sa mga 𝐑𝐎𝐂𝐊𝐄𝐑𝐒 na minsang naging 𝐦𝐮𝐥𝐭𝐨 𝐬𝐚 𝐤𝐰𝐞𝐧𝐭𝐨 𝐧𝐠 𝐢𝐛𝐚… Dito ka sakin di nang go-𝐆𝐇𝐎𝐒𝐓 ‘to 🤍👻

 #multo #JuankadaGeoff #reelsviralシfb #fypシ゚viralシ #trendingreelsvideo #Rockers #juankada #juankadahost #gamehost #colorgame #colorgamelive #juan365 #juan365PH #Juan365Studios #AllInJuanSaSaya #game #Juan365ColorGame #reels",24,1/19/2026 21:00,N/A,https://www.facebook.com/reel/863802923127064/,0,0,Videos,,,,,Lifetime,918,396,90,63,19,8,29,29,,,5921.29,8.733,0,0,0,,
1.2219E+17,6.15659E+13,Juankada Geoff,"🤣𝐀𝐲𝐮𝐧 𝐥𝐚𝐧𝐠… 😂 𝐍𝐀𝐏𝐀𝐒𝐀𝐘𝐀𝐖 𝐭𝐚𝐲𝐨 𝐧𝐢 Juana Babe Sena mga 𝐑𝐎𝐂𝐊𝐄𝐑𝐒! 🤪 hehe ✌🏽 

#AllInJuanSaSaya #Juan365PH #JUANABABE #Juan365PH #juankadageoff #juanababesena #Juan365Studios #Juan365ColorGame #juan365host #colorgamelive #gamehost",,0,1/20/2026 2:05,N/A,https://www.facebook.com/Juankadageoff/posts/pfbid0khAfKBYkQzmCmuh9cJDGr8thLReuGcZVuLxpB8uYBVfbNuTjjyZrAFiJktVVxV51l,0,1,Text,,,,,Lifetime,410,319,38,34,4,0,46,46,,,,,,,,,
1.2219E+17,6.15659E+13,Juankada Geoff,"👋🏽 Kung free ka ngayon, Ka-𝐑𝐎𝐂𝐊𝐄𝐑𝐒,
𝐋𝐈𝐕𝐄 na 𝐋𝐈𝐕𝐄 na tayo sa 𝐂𝐎𝐋𝐎𝐑 𝐆𝐀𝐌𝐄 🎨
Pick your 𝐋𝐔𝐂𝐊𝐘 𝐂𝐎𝐋𝐎𝐑 & chill lang tayo ngayong Wednesday-saya! 🤘🏽

#Rockers #juankada #juankadahost #gamehost #colorgame #colorgamelive #juan365 #juan365PH #AllInJuanSaSaya #JuankadaGeoff #juankadasabbie #juankadapapajoe #Juan365Studios #Juan365ColorGame",,0,1/20/2026 15:06,N/A,https://www.facebook.com/Juankadageoff/posts/pfbid0z845UcKPYmNgzXaJVnwNQp3QgEh5fCKy9QWjPGrhXjDsTxRQHuBqRCUhazCzcZv9l,0,0,Photos,,,,,Lifetime,943,359,45,37,7,1,33,15,18,,,,,,,,
1.2219E+17,6.15659E+13,Juankada Geoff,"Panahong umaasa pa kay FOREVER pero ngayon FOREVER Juankada na! 😜

Here's my 2016 era trend, Patingin naman ng 2016 era niyo Ka-Rockers. 🤟

#juankadageoff #juankadahost #2016throwback #trendingnow #fypシ #rockers #Juan365 #Juan365PH #JuanKada #Juan365Studios","Panahong umaasa pa kay FOREVER pero ngayon FOREVER Juankada na! 😜

Here's my 2016 era trend, Patingin naman ng 2016 era niyo Ka-Rockers. 🤟

#juankadageoff #juankadahost #2016throwback #trendingnow #fypシ #rockers #Juan365 #Juan365PH #JuanKada #Juan365Studios",11,1/21/2026 2:00,N/A,https://www.facebook.com/reel/2127461891412661/,1,0,Videos,,,,,Lifetime,620,247,51,32,14,5,18,18,,,2567.04,6.185,0,0,0,,
1.2219E+17,6.15659E+13,Juankada Geoff,"𝐑𝐎𝐂𝐊𝐄𝐑𝐒 𝐅𝐀𝐌! 🤟🏾
andito na ulit tayo, 𝐂𝐎𝐋𝐎𝐑 𝐆𝐀𝐌𝐄 na ulit!

Tara maki-saya at maki-laro together with my co-host Juankada Ligaya, Juankada Lance, and Juankada Sabbie. 🔥

See you sa 𝐋𝐈𝐕𝐄! 🟨🟩🟦🟪🟥⬜️

#juankadageoff #juankadaligaya #juankadalance #juankadasabbie #juankadahost #Juan365Studios #Juan365 #Juan365PH #JuanKada #colorgamelive #fypviralシ #trendingnow #rockers",,0,1/21/2026 16:22,N/A,https://www.facebook.com/Juankadageoff/posts/pfbid0WzSp5bytWbADrZ7QZTgLHA1eX4NJ1TAkSMwncBWqadAwR1XAfj1Ug1Qt9anfksbdl,0,0,Photos,,,,,Lifetime,1795,763,79,66,4,9,52,34,18,,,,,,,,
1.2219E+17,6.15659E+13,Juankada Geoff,𝐂𝐨𝐧𝐠𝐫𝐚𝐭𝐮𝐥𝐚𝐭𝐢𝐨𝐧 𝐬𝐚 𝐦𝐠𝐚 𝐉𝐮𝐚𝐧𝐤𝐚𝐝𝐚 𝐧𝐚 𝐧𝐚𝐧𝐚𝐥𝐨 𝐧𝐠 𝟑𝟎𝟎 𝐅𝐑𝐄𝐄 𝐂𝐑𝐄𝐃𝐈𝐓𝐒! 𝐒𝐚𝐥𝐚𝐦𝐚𝐭 𝐩𝐨 𝐬𝐚 𝐬𝐨𝐥𝐢𝐝 𝐧𝐚 𝐬𝐮𝐩𝐨𝐫𝐭𝐚!🤘,,0,1/21/2026 23:52,N/A,https://www.facebook.com/Juankadageoff/posts/pfbid02cddyVaGWUU6AjdHU1ruw1jArK2YaA3stsihft5mBfY5s9b82jyggE2tAp49nd2Lzl,0,1,Photos,,,,,Lifetime,833,254,62,46,14,2,136,123,13,,,,,,,,
1.2219E+17,6.15659E+13,Juankada Geoff,"Kayo ba mga ROCKERS, alam nyo ba ang sagot?🤯

#funnymemes #trend #reels #fyp #JuankadaGeoff #JuanababeSena #JuanababeAbi #JuanababeAshley","Kayo ba mga ROCKERS, alam nyo ba ang sagot?🤯

#funnymemes #trend #reels #fyp #JuankadaGeoff #JuanababeSena #JuanababeAbi #JuanababeAshley",88,1/22/2026 4:00,mixed,https://www.facebook.com/reel/893112589934095/,1,0,Videos,,,,,Lifetime,391,192,39,29,10,0,30,30,,,5262.696,18.465,0,0,0,,
1.2219E+17,6.15659E+13,Juankada Geoff,"🫡Uy 𝐑𝐎𝐂𝐊𝐄𝐑𝐒 👀
𝐋𝐈𝐕𝐄 na tayo sa 𝐂𝐎𝐋𝐎𝐑 𝐆𝐀𝐌𝐄 ngayon 🎨
Andito na ko, pasok na! 🤘🏽

#Juan365PH #JuanKada #Juan365Studios #JuankadaGeoff #JuankadaLance #JuankadaSabbie #JuankadaLigaya #Juan365PH #Juan365ColorGame #Juan365Studios #colorgame #AllInJuanSaSaya",,0,1/22/2026 18:14,N/A,https://www.facebook.com/Juankadageoff/posts/pfbid02LD7CfuUDERPjP9nJiD4PCCoK8NzivpfuNdnF99tstJRoKrEdmaQBmF3JiuSp6CN3l,0,0,Photos,,,,,Lifetime,767,328,32,30,1,1,8,4,4,,,,,,,,
1.2219E+17,6.15659E+13,Juankada Geoff,"𝐖𝐡𝐞𝐧 𝐰𝐨𝐫𝐤 𝐟𝐞𝐞𝐥𝐬 𝐥𝐢𝐤𝐞 𝐚 𝐝𝐚𝐧𝐜𝐞 𝐛𝐫𝐞𝐚𝐤 💃🕺✨
Juan365 Studios with my co-host 💛

#JuankdaGeoff #JuankadaHost #JuankadaPapaJoe #JuankadaShann #JuankadaSabbie #reels #fyp","𝐖𝐡𝐞𝐧 𝐰𝐨𝐫𝐤 𝐟𝐞𝐞𝐥𝐬 𝐥𝐢𝐤𝐞 𝐚 𝐝𝐚𝐧𝐜𝐞 𝐛𝐫𝐞𝐚𝐤 💃🕺✨
Juan365 Studios with my co-host 💛

#JuankdaGeoff #JuankadaHost #JuankadaPapaJoe #JuankadaShann #JuankadaSabbie #reels #fyp",16,1/23/2026 2:00,N/A,https://www.facebook.com/reel/899039259263318/,1,0,Videos,,,,,Lifetime,1460,948,52,43,7,2,25,25,,,8492.696,7.812,0,0,0,,
1.2219E+17,6.15659E+13,Juankada Geoff,"𝐂𝐎𝐋𝐎𝐑 𝐆𝐀𝐌𝐄 𝐭𝐢𝐦𝐞 𝐧𝐚!! 🤘🏽
Kamusta ang 𝐎𝐎𝐓𝐃 ko ngayon mga Ka-ROCKERS?🫰🏼

#AllInJuanSaSaya #Juan365 #juankadageoff #Juankadaligaya #JuankadaSabbie #Juan365PH #Juan365Studios #Juan365ColorGame #colorgame #JuanKada",,0,1/23/2026 14:19,N/A,https://www.facebook.com/Juankadageoff/posts/pfbid02w9PfnyBYMx2mM9kQALyPwmQULR296Bb1xqYF6btZBj1euXb57BRVB8LZfhaMvdpvl,0,0,Photos,,,,,Lifetime,1114,499,29,26,1,2,15,3,12,,,,,,,,
1.22191E+17,6.15659E+13,Juankada Geoff,"𝐋𝐨𝐨𝐤𝐬 𝐟𝐚𝐦𝐢𝐥𝐢𝐚𝐫 𝐤𝐚 𝐦𝐠𝐚 𝐑𝐎𝐂𝐊𝐄𝐑? Johnny johnny yes papa?🤣

#JuankadaGeoff #reels #fyp #trending #trendingpost",,0,1/24/2026 2:00,N/A,https://www.facebook.com/Juankadageoff/posts/pfbid0STgjckT31bhxNXG188ZK8ZMKJKGV93gGoUi6yBQwhAY88eDresP3zXWGqHjfFwbwl,0,0,Photos,,,,,Lifetime,671,254,36,25,4,7,33,23,10,,,,,,,,
1.22191E+17,6.15659E+13,Juankada Geoff,"⚠️𝐀𝐋𝐄𝐑𝐓 𝐑𝐎𝐂𝐊𝐄𝐑𝐒 𝐅𝐀𝐌 👋🏽 
Start your MONDAY kasama ko sa 𝐂𝐎𝐋𝐎𝐑 𝐆𝐀𝐌𝐄 ngayon 🎨 Hope to see you there! 🤍

#Juan365PH #Juan365 #Juan365Studios #AllInJuanSaSaya #juankadageoff #colorgame #Juan365ColorGame #JuanKada #gamehost",,0,1/24/2026 14:28,N/A,https://www.facebook.com/Juankadageoff/posts/pfbid0scQTjnSjF4ov8y6LzXk3LRNEvg3YVx4nkRC3S9pu2WUjF7rNbbq9u9D8v9dt1Txjl,0,0,Photos,,,,,Lifetime,787,308,51,39,7,5,16,13,3,,,,,,,,
1.22191E+17,6.15659E+13,Juankada Geoff,"𝐁𝐢𝐠 𝐠𝐮𝐲!💪🏻

#juankadageoff #juanababesena  #fyp #reelsfypシ #trend","𝐁𝐢𝐠 𝐠𝐮𝐲!💪🏻

#juankadageoff #juanababesena  #fyp #reelsfypシ #trend",15,1/25/2026 2:00,N/A,https://www.facebook.com/reel/26473956622207046/,1,0,Videos,,,,,Lifetime,399,237,17,15,2,0,11,11,,,2306.069,8.572,0,0,0,,
1.22191E+17,6.15659E+13,Juankada Geoff,"𝐋𝐞𝐭 𝐦𝐞 𝐛𝐞 𝐭𝐡𝐞 𝐨𝐧𝐞~🎤

Kantahan muna tayo, ROCKERS
Baka may isang makaramdam 😌
Tutok lang sa 𝐂𝐎𝐋𝐎𝐑 𝐆𝐀𝐌𝐄 𝐋𝐈𝐕𝐄!

#JuankadaGeoff #reels #fyp #trending #trendingpost","𝐋𝐞𝐭 𝐦𝐞 𝐛𝐞 𝐭𝐡𝐞 𝐨𝐧𝐞~🎤

Kantahan muna tayo, ROCKERS
Baka may isang makaramdam 😌
Tutok lang sa 𝐂𝐎𝐋𝐎𝐑 𝐆𝐀𝐌𝐄 𝐋𝐈𝐕𝐄!

#JuankadaGeoff #reels #fyp #trending #trendingpost",103,1/25/2026 20:00,mixed,https://www.facebook.com/reel/1204697628481680/,1,0,Videos,,,,,Lifetime,457,285,60,41,17,2,37,37,,,6000.681,16.668,0,0,0,,
1.22191E+17,6.15659E+13,Juankada Geoff,"𝐀𝐥𝐚𝐦 𝐧𝐲𝐨 𝐲𝐚𝐧 𝐑𝐎𝐂𝐊𝐄𝐑𝐒!🤣

Tag mo yung friend mong makakarelate? Kayo ha!🤭

 #JuankadaGeoff #reels #fyp #fypシ゚viralシfypシ゚ #trendingpost","𝐀𝐥𝐚𝐦 𝐧𝐲𝐨 𝐲𝐚𝐧 𝐑𝐎𝐂𝐊𝐄𝐑𝐒!🤣

Tag mo yung friend mong makakarelate? Kayo ha!🤭

 #JuankadaGeoff #reels #fyp #fypシ゚viralシfypシ゚ #trendingpost",14,1/26/2026 2:00,mixed,https://www.facebook.com/reel/1570285844082707/,1,0,Videos,,,,,Lifetime,374,222,21,17,4,0,8,8,,,2332.66,8.769,0,0,0,,
1.22191E+17,6.15659E+13,Juankada Geoff,"𝐌𝐚𝐮𝐢 𝐖𝐨𝐰𝐢𝐞 𝐂𝐡𝐚𝐥𝐥𝐞𝐧𝐠𝐞 𝐚𝐜𝐜𝐞𝐩𝐭𝐞𝐝 𝐦𝐠𝐚 𝐤𝐚-𝐑𝐎𝐂𝐊𝐄𝐑𝐒!💪🤣

#JuankadaGeoff #Rockers #MauiWowie #MauiWowieChallenge #JuankadaHosts","𝐌𝐚𝐮𝐢 𝐖𝐨𝐰𝐢𝐞 𝐂𝐡𝐚𝐥𝐥𝐞𝐧𝐠𝐞 𝐚𝐜𝐜𝐞𝐩𝐭𝐞𝐝 𝐦𝐠𝐚 𝐤𝐚-𝐑𝐎𝐂𝐊𝐄𝐑𝐒!💪🤣

#JuankadaGeoff #Rockers #MauiWowie #MauiWowieChallenge #JuankadaHosts",8,1/26/2026 20:00,N/A,https://www.facebook.com/reel/1911586136106498/,1,0,Videos,,,,,Lifetime,290,122,37,30,3,4,7,7,,,811.902,4.295,0,0,0,,
1.22191E+17,6.15659E+13,Juankada Geoff,"Mga ka-rockers ano kayang di inaasahang bagay ang ginagawa tuwing tag ulan?💧☔️

𝐀𝐧𝐨 𝐛𝐚 𝐤𝐚𝐬𝐢 𝐲𝐨𝐧 𝐬𝐲𝐚?🙊🙈

#rainydays #JuankadaGeoff #JuankadaHosts #ALLINJUANLIVE  #Juan365 #Juan365Studios #Juan365Studios #reels #fypシ゚viralシfypシ゚","Mga ka-rockers ano kayang di inaasahang bagay ang ginagawa tuwing tag ulan?💧☔️

𝐀𝐧𝐨 𝐛𝐚 𝐤𝐚𝐬𝐢 𝐲𝐨𝐧 𝐬𝐲𝐚?🙊🙈

#rainydays #JuankadaGeoff #JuankadaHosts #ALLINJUANLIVE  #Juan365 #Juan365Studios #Juan365Studios #reels #fypシ゚viralシfypシ゚",47,1/27/2026 20:00,mixed,https://www.facebook.com/reel/866981056322422/,1,0,Videos,,,,,Lifetime,242,136,33,28,3,2,8,8,,,1871.937,9.904,0,0,0,,
1.22191E+17,6.15659E+13,Juankada Geoff,"𝐖𝐄 𝐀𝐑𝐄 𝐁𝐀𝐂𝐊! 🎊
Live na ulit ang 𝐂𝐎𝐋𝐎𝐑 𝐆𝐀𝐌𝐄!
Sama-sama ulit sa saya, tawa, at panalo!
Kita-kits, Juankada!

#Juan365 #Juan365PH #AllInJuanSaSaya #JuanKada #ColorMania",,0,1/28/2026 4:14,N/A,https://www.facebook.com/Juankadageoff/posts/pfbid0Wp53H7eCUYQmz6tajnk2NQmxSZkjwk1H2teH8RYCGbhAfnkCBmAZ6RL5xH36YoEel,0,1,Photos,,,,,Lifetime,155,71,9,9,0,0,1,,1,,,,,,,,
1.22191E+17,6.15659E+13,Juankada Geoff,"🫡Andito na kami ROCKERS 🤘🏽
𝐋𝐈𝐕𝐄 na tayo sa 𝐂𝐎𝐋𝐎𝐑 𝐆𝐀𝐌𝐄‼️ Sabay tayong pumili ng 𝐋𝐔𝐂𝐊𝐘 𝐂𝐎𝐋𝐎𝐑 for today! 🤞🏽

#Juan365 #Juan365PH #JuanKada #JuanKadaGeoff #colorgame #AllInJuanSaSaya #Juan365Studios",,0,1/28/2026 6:41,N/A,https://www.facebook.com/Juankadageoff/posts/pfbid0G9DRHN9BPNiQ3uxqYrhK5XdP5S4JChzbHUUrfh4oUuCNvn4V38Z1C7pdH8rZtmeQl,0,0,Photos,,,,,Lifetime,442,194,30,24,6,0,16,11,5,,,,,,,,
1.22191E+17,6.15659E+13,Juankada Geoff,"💥 MOVE..!!! 👊🏽 THEY THINK WE’RE DATING… 🤔 

for entertainment purposes only",,0,1/28/2026 13:50,N/A,https://www.facebook.com/Juankadageoff/posts/pfbid0sKNMTQLzFxQx2WmtfUBKF8MjqZ9RYD4K1qf5vYj3MQ29HAh24KHLKfyhDix2odWql,0,1,Text,,,,,Lifetime,273,104,14,11,3,0,33,33,,,,,,,,,
1.22191E+17,6.15659E+13,Juankada Geoff,"𝐅𝐚𝐜𝐞 𝐜𝐚𝐫𝐝 𝐛𝐚 𝐤𝐚𝐦𝐨 𝐑𝐎𝐂𝐊𝐄𝐑𝐒? 

Mukhang napakilig natin ang isang Juana Babe Ashley!🫣

#facecard #kiligmoments #JuanababeAsh #JuankadaGeoff #fyp","𝐅𝐚𝐜𝐞 𝐜𝐚𝐫𝐝 𝐛𝐚 𝐤𝐚𝐦𝐨 𝐑𝐎𝐂𝐊𝐄𝐑𝐒? 

Mukhang napakilig natin ang isang Juana Babe Ashley!🫣

#facecard #kiligmoments #JuanababeAsh #JuankadaGeoff #fyp",25,1/28/2026 20:00,mixed,https://www.facebook.com/reel/1398553831755761/,1,0,Videos,,,,,Lifetime,249,127,21,14,6,1,7,7,,,1890.276,10.989,0,0,0,,
1.22191E+17,6.15659E+13,Juankada Geoff,"🫡Kung gusto niyo ng konting SAYA today, 𝐑𝐎𝐂𝐊𝐄𝐑𝐒  𝐅𝐀𝐌 👌🏽 𝐋𝐈𝐕𝐄 na tayo sa 𝐂𝐎𝐋𝐎𝐑 𝐆𝐀𝐌𝐄 🎨 Join lang kayo! 🤍

#Juan365 #Juan365PH #JuanKada #JuanKadaGeoff #colorgame #AllInJuanSaSaya #Juan365Studios #colorgame",,0,1/29/2026 7:34,N/A,https://www.facebook.com/Juankadageoff/posts/pfbid02Gn1ypSb4pFZVKjC83CJZDna42rYdKFEiQCkfTCVs5G9us2FCWqeNDTehvRkAZXwGl,0,0,Photos,,,,,Lifetime,443,188,11,11,0,0,8,1,7,,,,,,,,
1.22191E+17,6.15659E+13,Juankada Geoff,,,0,1/29/2026 17:57,N/A,https://www.facebook.com/Juankadageoff/posts/pfbid022Si9ujYc4rNpMkAGUZHEnwyftCcLrRDfcrsRK6ZpZCUCYg1jTRfiih7dQiuWEFWUl,0,1,Text,,,,,Lifetime,75,37,3,3,0,0,2,2,,,,,,,,,
1.22191E+17,6.15659E+13,Juankada Geoff,"𝐅𝐚𝐜𝐞 𝐜𝐚𝐫𝐝 𝐛𝐚 𝐤𝐚𝐦𝐨 𝐑𝐎𝐂𝐊𝐄𝐑𝐒?
Mukhang napakilig natin ang isang Juana Babe Ashley!🫣

#facecard #kiligmoments #JuanababeAsh #JuankadaGeoff #fypシ゚viralシfypシ゚","𝐅𝐚𝐜𝐞 𝐜𝐚𝐫𝐝 𝐛𝐚 𝐤𝐚𝐦𝐨 𝐑𝐎𝐂𝐊𝐄𝐑𝐒?
Mukhang napakilig natin ang isang Juana Babe Ashley!🫣

#facecard #kiligmoments #JuanababeAsh #JuankadaGeoff #fypシ゚viralシfypシ゚",9,1/29/2026 20:00,N/A,https://www.facebook.com/reel/1562716718298902/,1,0,Videos,,,,,Lifetime,1087,309,54,49,4,1,30,30,,,5382.429,8.204,0,0,0,,
1.22191E+17,6.15659E+13,Juankada Geoff,"𝐓𝐨𝐧𝐢𝐠𝐡𝐭 𝐯𝐢𝐛𝐞𝐬, 𝐑𝐎𝐂𝐊𝐄𝐑𝐒 🔥
𝐋𝐢𝐯𝐞 𝐧𝐚 𝐭𝐚𝐲𝐨 𝐬𝐚 𝐂𝐨𝐥𝐨𝐫 𝐆𝐚𝐦𝐞 🤘🏽🕹

#Juan365PH #JuanKada #juankadageoff #Juan365 #Juan365Studios #Juan365ColorGame #colorgame #AllInJuanSaSaya",,0,1/30/2026 8:40,N/A,https://www.facebook.com/Juankadageoff/posts/pfbid026YTeqhxsHYoZVvE1mjd4dtEe1r6BD7vcfu5MGwj3zhHWAippLBF4QyZARYApzgnjl,0,0,Photos,,,,,Lifetime,764,334,27,14,10,3,31,26,5,,,,,,,,
1.22191E+17,6.15659E+13,Juankada Geoff,,,0,1/30/2026 15:24,N/A,https://www.facebook.com/Juankadageoff/posts/pfbid02zKjoQJpDHs1xdWakMmd5nxVrjEyEgL7uVpQAd2KiW7dG2PKBfzeSL4WjSHCYni9cl,0,1,Photos,,,,,Lifetime,237,71,10,10,0,0,6,2,4,,,,,,,,
1.22191E+17,6.15659E+13,Juankada Geoff,"𝐇𝐞𝐲 𝐊𝐚-𝐑𝐎𝐂𝐊𝐄𝐑𝐒 👋
𝐋𝐚𝐬𝐭 𝐝𝐚𝐲 𝐨𝐟 𝐉𝐚𝐧𝐮𝐚𝐫𝐲 𝐧𝐚, 𝐩𝐞𝐫𝐟𝐞𝐜𝐭 𝐭𝐢𝐦𝐢𝐧𝐠 𝐩𝐚𝐫𝐚 𝐦𝐚𝐠-𝐂𝐨𝐥𝐨𝐫 𝐆𝐚𝐦𝐞 🎨 𝐇𝐢𝐧𝐭𝐚𝐲𝐢𝐧 𝐤𝐢𝐭𝐚 𝐬𝐚 𝐋𝐈𝐕𝐄!😉

#Juan365PH #Juan365ColorGame #Juan365Studios #juankadageoff #JuanKada #AllInJuanSaSaya #colorgame",,0,1/31/2026 9:04,N/A,https://www.facebook.com/Juankadageoff/posts/pfbid0QHf7J78DWmhWGQkhXYmc22NksUifAqzK1mGjAw19AhjdmgG7XZz9E4EyV26ThBSjl,0,0,Photos,,,,,Lifetime,673,280,19,16,3,0,25,9,16,,,,,,,,
1.22191E+17,6.15659E+13,Juankada Geoff,"Ka-Rockers, let’s continue to rock this month of love! 🤘💖

#Juan365PH #JuanKada #juankadageoff #Juan365 #Juan365Studios #Juan365ColorGame #colorgame #AllInJuanSaSaya",,0,1/31/2026 18:03,N/A,https://www.facebook.com/photo.php?fbid=122191276460528854&set=a.122095526054528854&type=3,0,0,Photos,,,,,Lifetime,285,105,27,23,1,3,7,7,,,,,,,,,
1.22191E+17,6.15659E+13,Juankada Geoff,#Juan365PH #JuanKada #juankadageoff #Juan365 #Juan365Studios #Juan365ColorGame #colorgame #AllInJuanSaSaya,,0,1/31/2026 18:04,N/A,https://www.facebook.com/photo.php?fbid=122191276562528854&set=a.122095532852528854&type=3,0,0,Photos,,,,,Lifetime,1,1,16,15,0,1,0,,,,,,,,,,
1.22191E+17,6.15659E+13,Juankada Geoff,"🫡𝑶𝑭𝑭 𝑫𝑨𝒀 𝒑𝒆𝒓𝒐 𝑨𝑺𝑻𝑰𝑮 𝒑𝒂 𝒓𝒊𝒏 𝒕𝒊𝒏𝒈𝒏𝒂𝒏 🔥
𝑹𝑬𝑺𝑻 𝑫𝑨𝒀 𝒍𝒂𝒏𝒈 𝒑𝒆𝒓𝒐 𝒂𝒏𝒈 𝑫𝑨𝑻𝑰𝑵𝑮 𝒘𝒂𝒍𝒂𝒏𝒈 𝑫𝑨𝒀 𝑶𝑭𝑭! 😎 𝑻𝑨𝑯𝑰𝑴𝑰𝑲 𝒏𝒈𝒂𝒚𝒐𝒏 𝒑𝒆𝒓𝒐 𝒃𝒖𝒌𝒂𝒔 𝑹𝑶𝑪𝑲𝒓𝒂𝒌𝒂𝒏 𝒏𝒂 𝒖𝒍𝒊𝒕 🤘🏽𝑺𝑻𝑨𝒀 𝑪𝑶𝑶𝑳..!!!

#JuankadaGeoff #Rockers #Juan365 #Dayoff",,0,2/1/2026 19:00,N/A,https://www.facebook.com/Juankadageoff/posts/pfbid02pADs2Jkmx9BwhfYBpYEq6p3iYXHXwtBvbuqKrjGiJnNSbCvpxAVWbaw5ZYLTnisHl,0,0,Photos,,,,,Lifetime,739,357,25,17,4,4,21,12,9,,,,,,,,
1.22191E+17,6.15659E+13,Juankada Geoff,NAGSASALSA Juankada Geoff,"🫣 𝐍𝐚𝐫𝐢𝐧𝐢𝐠 mo akong 𝐍𝐀𝐆𝐒𝐀𝐒𝐀𝐋𝐒𝐀! 🤦🏻‍♂️ 𝐧𝐚𝐤𝐢𝐭𝐚 mo akong 𝐁𝐀𝐒𝐀 💦 bigla kang 𝐍𝐀𝐓𝐀𝐇𝐈𝐌𝐈𝐊 at 𝐍𝐀𝐏𝐀𝐍𝐆𝐈𝐓𝐈….. 😊

𝑨𝒏𝒖 𝒔𝒂 𝒕𝒊𝒏𝒈𝒊𝒏𝒈 𝒏𝒚𝒐 𝒂𝒏𝒈 𝒏𝒆𝒙𝒕 𝒏𝒂 𝒎𝒂𝒏𝒈𝒚𝒂𝒚𝒂𝒓𝒆 𝑹𝑶𝑪𝑲𝑬𝑹𝑺?

 #JuanKadaGeoff #Rockers #Juan365  #salsachallenge #salsa",15,2/2/2026 3:30,mixed,https://www.facebook.com/reel/1117841017023395/,0,0,Videos,,,,,Lifetime,1475,607,49,26,20,3,58,58,,,9457.091,9.709,0,0,0,,
1.22191E+17,6.15659E+13,Juankada Geoff,"🫡𝐉𝐀𝐂𝐊𝐏𝐎𝐓 𝐑𝐎𝐂𝐊𝐄𝐑𝐒! 😱

𝐑𝐎𝐂𝐊 𝐎𝐍! 𝐩𝐚𝐫𝐚 𝐬𝐚 𝐦𝐠𝐚 𝐧𝐚𝐧𝐚𝐥𝐨! 🤟🏽

#JuankadaGeoff #Rockers #Juan365 #Colorgame #Juan365studios #Jackpot",,0,2/2/2026 19:50,N/A,https://www.facebook.com/Juankadageoff/posts/pfbid025Qw9A786GMXbchJJnnqMZsFekLXYHrQeL3SUGoJiMPMXETyyAUuVVTHzKfX28zK8l,0,0,Photos,,,,,Lifetime,334,156,18,10,4,4,7,7,,,,,,,,,
1.22191E+17,6.15659E+13,Juankada Geoff,"🫡𝐂𝐨𝐧𝐠𝐫𝐚𝐭𝐮𝐥𝐚𝐭𝐢𝐨𝐧𝐬 𝐭𝐨 𝐮𝐬 𝐑𝐎𝐂𝐊𝐄𝐑𝐒! 🤟🏽

🙏🏽𝑻𝒉𝒂𝒏𝒌 𝒚𝒐𝒖 𝒇𝒐𝒓 𝒚𝒐𝒖𝒓 𝒍𝒐𝒗𝒆 𝒂𝒏𝒅 𝒔𝒖𝒑𝒑𝒐𝒓𝒕.🤍

#JuankadaGeoff #Rockers #Juan365 #roadto5k #1KFollowers",,0,2/2/2026 20:03,N/A,https://www.facebook.com/Juankadageoff/posts/pfbid029SCxq1EhG8fwJPw5v1nsgUvREhTuczNNXheYgJdmQjkRRpJZqzf1CGhPFcrTEDK1l,0,0,Photos,,,,,Lifetime,515,214,39,29,7,3,19,17,2,,,,,,,,
1.22188E+17,6.15659E+13,Juankada Geoff,"Hindi namin ito magagawa nang wala ka, Juankada! Salamat sa isang hindi malilimutang taon. 🤟 From Juan365 family to yours, Happy New Year! 🎆

Like, Share, at Follow para sa mas exciting na memories this incoming 2026! 🥳

#JuankadaGeoff #Juan365 #Juan365PH
#JuanSports #AllInJuanSaSaya #JuanKada #Juan365ColorGame
#Juan365Studios
#Juan365Cares","Hindi namin ito magagawa nang wala ka, Juankada! Salamat sa isang hindi malilimutang taon. 🤟 From Juan365 family to yours, Happy New Year! 🎆

Like, Share, at Follow para sa mas exciting na memories this incoming 2026! 🥳

#JuankadaGeoff #Juan365 #Juan365PH
#JuanSports #AllInJuanSaSaya #JuanKada #Juan365ColorGame
#Juan365Studios
#Juan365Cares",16,12/31/2025 7:25,N/A,https://www.facebook.com/reel/2753500528343569/,0,0,Videos,,,,,Lifetime,114,64,13,12,1,0,0,,,,396.416,4.308,0,0,0,,
1.22113E+17,6.1584E+13,Juankada Jedi,"When the beat goes low… my confidence goes higher 😌✨

✨ Say hi in the comments — let’s vibe together!

#Juan365 #Juan365Studios #JuankadaJedi #Juankada #JuankadaHosts #ALLINJUANLIVE   
#JediBabes","When the beat goes low… my confidence goes higher 😌✨

✨ Say hi in the comments — let’s vibe together!

#Juan365 #Juan365Studios #JuankadaJedi #Juankada #JuankadaHosts #ALLINJUANLIVE   
#JediBabes",18,12/31/2025 0:00,uploaded,https://www.facebook.com/reel/1696172915052895/,1,0,Videos,,,,,Lifetime,417,292,24,22,2,0,8,8,,,1423.722,4.249,0,0,0,,
1.2212E+17,6.1584E+13,Juankada Jedi,"Feeling meow-del today 🐱🖤 𝐎𝐎𝐓𝐃 slay muna tayo!

#JuankadaJedi #JediBabes #OOTD #model #cat",,0,2/2/2026 19:27,N/A,https://www.facebook.com/JuankadaJedi/posts/pfbid02xGhWiAWmXaQrzoMQ4NYw9x7L91jVJK46zZNSyzeLnEFphJRFzStkkXumtD1QmTiMl,0,0,Photos,,,,,Lifetime,964,468,25,12,2,11,10,3,7,,,,,,,1,
1.2212E+17,6.1584E+13,Juankada Jedi,😎🖤🤘✨,,0,2/2/2026 16:10,N/A,https://www.facebook.com/JuankadaJedi/posts/pfbid022MMn9oZeaGSghHTdQ5G5jyhjTYghYN3Rxhcxct4vS9YUa85jSesJ5uRSy4q1QCWBl,0,1,Text,,,,,Lifetime,62,28,3,2,1,0,3,3,,,,,,,,,
1.2212E+17,6.1584E+13,Juankada Jedi,❤️‍🔥,,0,2/2/2026 14:49,N/A,https://www.facebook.com/JuankadaJedi/posts/pfbid09mksFjsciGe4xwCBHb5Rds8MCpejRueYuMYQR7SF6YzuZJWWYPvCmQnfhfNXuE1yl,0,1,Photos,,,,,Lifetime,149,66,5,4,1,0,5,1,4,,,,,,,,
1.2212E+17,6.1584E+13,Juankada Jedi,"𝗞𝗮𝘆𝗼 ba, 𝗽𝗮𝗻𝗴𝗮𝗿𝗮𝗽 niyo rin bang masampal ng 𝗽𝗲𝗿𝗮? 🤣

#Juan365Studios #JuankadaJedi #JediBabes #trendingpost #relatablememe #kimchiu #kimpau #stella","𝗞𝗮𝘆𝗼 ba, 𝗽𝗮𝗻𝗴𝗮𝗿𝗮𝗽 niyo rin bang masampal ng 𝗽𝗲𝗿𝗮? 🤣

#Juan365Studios #JuankadaJedi #JediBabes #trendingpost #relatablememe #kimchiu #kimpau #stella",12,2/2/2026 6:00,N/A,https://www.facebook.com/reel/749886221109553/,1,0,Videos,,,,,Lifetime,2154,75,11,8,2,1,2,2,,,1223.186,2.481,0,0,0,,
1.2212E+17,6.1584E+13,Juankada Jedi,"Hindi ko maipaliwanag kung ba't marahil 𝗸𝗮𝘆𝗼 ang 𝗹𝗮𝗴𝗶𝗻𝗴 𝗵𝗶𝗻𝗮𝗵𝗮𝗻𝗮𝗽 𝗸𝗼, 𝗝𝗲𝗱𝗶 𝗕𝗮𝗯𝗲𝘀! 🥹

#Juan365Studios #JuankadaJedi #JediBabes #gayuma #trendingpost","Hindi ko maipaliwanag kung ba't marahil 𝗸𝗮𝘆𝗼 ang 𝗹𝗮𝗴𝗶𝗻𝗴 𝗵𝗶𝗻𝗮𝗵𝗮𝗻𝗮𝗽 𝗸𝗼, 𝗝𝗲𝗱𝗶 𝗕𝗮𝗯𝗲𝘀! 🥹

#Juan365Studios #JuankadaJedi #JediBabes #gayuma #trendingpost",16,2/2/2026 3:00,N/A,https://www.facebook.com/reel/27029486416638252/,1,0,Videos,,,,,Lifetime,2131,79,20,7,2,11,5,5,,,960.37,1.928,0,0,0,,
1.22119E+17,6.1584E+13,Juankada Jedi,"𝑷𝑰𝑵𝑲 𝑪𝑶𝑸𝑼𝑬𝑻𝑻𝑬 𝑶𝑶𝑻𝑫 🎀 watch na kayo ng 𝑪𝑶𝑳𝑶𝑹 𝑮𝑨𝑴𝑬 𝑳𝑰𝑽𝑬, Jedi Babes! See youuu!

#Juan365Studios #JuankadaJedi #ootd #colormania",,0,2/1/2026 17:02,N/A,https://www.facebook.com/JuankadaJedi/posts/pfbid02SaZkhXjmufhmJaqEw1uyLuh9ddMqk2fcwB2atmncNgee6dvYJ6CwU5iLQ4KBmq6Al,0,0,Photos,,,,,Lifetime,421,169,12,10,2,0,10,4,6,,,,,,,,
1.22119E+17,6.1584E+13,Juankada Jedi,"𝐀𝐘𝐆 𝐏𝐀𝐓𝐀𝐊𝐀! May entry na rin ba kayo nitong sayaw, Jedi Babes? 💃🏻

 #Juan365Studios #JuankadaJedi #highlights #fypシ゚ #trendingpost #fypviralシ #aygpataka #dancetrend","𝐀𝐘𝐆 𝐏𝐀𝐓𝐀𝐊𝐀! May entry na rin ba kayo nitong sayaw, Jedi Babes? 💃🏻

 #Juan365Studios #JuankadaJedi #highlights #fypシ゚ #trendingpost #fypviralシ #aygpataka #dancetrend",16,2/1/2026 3:01,N/A,https://www.facebook.com/reel/1254749643218148/,1,0,Videos,,,,,Lifetime,1168,98,13,10,3,0,13,13,,,1403.457,4.616,0,0,0,,
1.22119E+17,6.1584E+13,Juankada Jedi,"New month, new opportunities… hello, February! 🌹

#Juan365Studios #JuankadaJedi #highlights #fypシ゚ #trendingpost #fypviralシ",,0,1/31/2026 20:52,N/A,https://www.facebook.com/JuankadaJedi/posts/pfbid0gKoNeECiSEmXoAm8THCNzDFQRM8ouejGTd3Wzu1nuRMFwBjUAdxNZCdgNXmvWUWpl,0,0,Photos,,,,,Lifetime,996,470,11,9,2,0,11,7,4,,,,,,,,
1.22119E+17,6.1584E+13,Juankada Jedi,"Stealing hearts, one smile at a time
#Juan365Studios #JuankadaJedi #Juan365 #followerseveryonehighlights #highlights",,0,1/31/2026 16:23,N/A,https://www.facebook.com/photo.php?fbid=122119316355133214&set=a.122103321699133214&type=3,0,0,Photos,,,,,Lifetime,525,211,10,7,2,1,4,3,1,,,,,,,,
1.22119E+17,6.1584E+13,Juankada Jedi,"Spreading love, laughter, and a little bit of magic this Valentine’s 🌹✨
 #JuankadaJedi #Juan365Studios #followerseveryonehighlights #highlightsシ゚ #fypシ゚",,0,1/31/2026 16:21,N/A,https://www.facebook.com/photo.php?fbid=122119316151133214&set=a.122110480779133214&type=3,0,0,Photos,,,,,Lifetime,0,0,3,3,0,0,0,,,,,,,,,,
1.22119E+17,6.1584E+13,Juankada Jedi,"Stealing hearts, one smile at a time 💕

#Juan365Studios #JuankadaJedi #Juan365 #followerseveryonehighlights #fypシ゚ #highlightsシ゚",,0,1/31/2026 16:20,N/A,https://www.facebook.com/JuankadaJedi/posts/pfbid02NgVzJ1SJBYJWQHYn5CS8io5LKPQdTvijxcsZyTssBffmKjqdEfnHcGegmaCK2FQWl,0,0,Photos,,,,,Lifetime,944,531,25,22,2,1,29,24,5,,,,,,,,
1.22119E+17,6.1584E+13,Juankada Jedi,,,0,1/31/2026 15:11,N/A,https://www.facebook.com/JuankadaJedi/posts/pfbid0gnfZNrEAyc4r9D4JojbKQ8RWFceL5VKqKpZRKT9YRfiCZNxSVWMUWPfVY2pp3j4jl,0,1,Text,,,,,Lifetime,48,37,1,1,0,0,0,,,,,,,,,,
1.22119E+17,6.1584E+13,Juankada Jedi,"𝐈𝐜𝐞 𝐢𝐧 𝐭𝐡𝐞 𝐚𝐢𝐫, 𝐟𝐢𝐫𝐞 𝐢𝐧 𝐦𝐞.❤️‍🔥❄️

#fypシ゚ #trendingnow #trendingreel #followerseveryone #highlights #Juan365 #Juan365Studios #JuankadaJed #lipsync #cosplay #cosplayers #CosplayersOfFacebook","𝐈𝐜𝐞 𝐢𝐧 𝐭𝐡𝐞 𝐚𝐢𝐫, 𝐟𝐢𝐫𝐞 𝐢𝐧 𝐦𝐞.❤️‍🔥❄️

#fypシ゚ #trendingnow #trendingreel #followerseveryone #highlights #Juan365 #Juan365Studios #JuankadaJed #lipsync #cosplay #cosplayers #CosplayersOfFacebook",16,1/31/2026 2:05,N/A,https://www.facebook.com/reel/780637071199943/,0,0,Videos,,,,,Lifetime,3376,2531,4,2,1,1,6,6,,,4493.429,1.884,0,0,0,,
1.22119E+17,6.1584E+13,Juankada Jedi,bilis naman... 🚗💨🌈✨💪🫶💕🖤,,0,1/30/2026 18:16,N/A,https://www.facebook.com/JuankadaJedi/posts/pfbid02EewKxoMxhpniBmXbGVxJMD1qJhqMUiJCUSCMiGauDKtc8n4NXL3gvGWgu1JATuLcl,0,1,Text,,,,,Lifetime,72,52,3,2,1,0,3,3,,,,,,,,,
1.22119E+17,6.1584E+13,Juankada Jedi,the best collab 😎🖤💪✨❤️‍🔥🎨🌈🫶💕🤘,,0,1/30/2026 18:15,N/A,https://www.facebook.com/JuankadaJedi/posts/pfbid02xMiukisW5CgJpFW6q2hqS4X3TA2rUr9E67R5UvKiiXronzcRYrxHQk36Qi9nNDVHl,0,1,Text,,,,,Lifetime,69,50,5,4,1,0,5,5,,,,,,,,,
1.22119E+17,6.1584E+13,Juankada Jedi,mas makulay kami pag magkakasama 🌈🎨🫶💪✨💕❤️‍🔥,,0,1/30/2026 18:14,N/A,https://www.facebook.com/JuankadaJedi/posts/pfbid02GzaQqkP9aXyvTLdb5swqiYvPAZqMMTGDy99HDu9ZCNKhmax6Zd9JTWoiTohx84S9l,0,1,Text,,,,,Lifetime,59,40,1,1,0,0,0,,,,,,,,,,
1.22119E+17,6.1584E+13,Juankada Jedi,the best team 😎🖤🌈🎨,,0,1/30/2026 18:14,N/A,https://www.facebook.com/JuankadaJedi/posts/pfbid0VDEytr7mMxcSDEh97iGspWHXb79GEsQNgyQgckaKaMVQm7YpcdqteSyaB6RhVYFYl,0,1,Photos,,,,,Lifetime,192,72,3,2,1,0,2,2,,,,,,,,,
1.22119E+17,6.1584E+13,Juankada Jedi,mamimiss kyo team 🌈🎨🫶💪✨🤘,,0,1/30/2026 18:14,N/A,https://www.facebook.com/JuankadaJedi/posts/pfbid0xysaw2b4nzsag8gDSiF9amWHfJhhqoeJb7ekpbA4UEGifpQitsptUrPvZX47QKz6l,0,1,Photos,,,,,Lifetime,192,74,2,2,0,0,2,,2,,,,,,,,
1.22119E+17,6.1584E+13,Juankada Jedi,Built for high speed. Overdrive On. 🚗💨#fypシ゚ #trendingnow #trendingreel #followerseveryone #highlights #Juan365 #Juan365Studios #JuankadaJed #OverdriveChallenge #cosplay #cosplayers,Built for high speed. Overdrive On. 🚗💨#fypシ゚ #trendingnow #trendingreel #followerseveryone #highlights #Juan365 #Juan365Studios #JuankadaJed #OverdriveChallenge #cosplay #cosplayers,9,1/30/2026 15:49,N/A,https://www.facebook.com/reel/1445099097233921/,0,0,Videos,,,,,Lifetime,1459,52,326,316,1,9,6,6,,,1788.901,3.24,0,0,0,,
1.22119E+17,6.1584E+13,Juankada Jedi,"Earned. not given. 💪✨

 #fypシ゚ #trendingpost #follownow  #Juan365 #Juan365Studios #JuankadaJed #fitness #cosplayers",,0,1/30/2026 15:16,N/A,https://www.facebook.com/JuankadaJedi/posts/pfbid02Cjyo2tYwUph6yTHe1VBLAY6AQVSb9j37FpkgEAXEGk2H7ZSK7J1PNis9NtFFVDGsl,0,0,Photos,,,,,Lifetime,440,173,8,7,1,0,15,8,7,,,,,,,,
1.22119E+17,6.1584E+13,Juankada Jedi,Baby lika 🖤✨#fypシ゚ #trendingnow #trendingreel #followerseveryone #highlights #Juan365 #Juan365Studios #JuankadaJed #babylika,Baby lika 🖤✨#fypシ゚ #trendingnow #trendingreel #followerseveryone #highlights #Juan365 #Juan365Studios #JuankadaJed #babylika,16,1/29/2026 2:00,N/A,https://www.facebook.com/reel/2416764912093786/,0,0,Videos,,,,,Lifetime,37058,127,5636,5433,203,0,11,11,,,9596.764,1.256,0,0,0,,
1.22119E+17,6.1584E+13,Juankada Jedi,"Glossy lips and butterfly clips 🦋💄✨

#Y2KFashion #fypシ゚ #trendingpost #follownow  #Juan365 #Juan365Studios #JuankadaJed",,0,1/28/2026 20:20,N/A,https://www.facebook.com/JuankadaJedi/posts/pfbid02aqTAJEFWotVYXekpHNgt1kdWvsR4nYHXNS5W5KZWchRBUsXSMbDmgriY9fodDLbjl,0,0,Photos,,,,,Lifetime,512,205,9,7,2,0,5,2,3,,,,,,,,
1.22119E+17,6.1584E+13,Juankada Jedi,"Let's roll the dice! Juankada! 🎨🌈

#Juan365 #Juan365PH #AllInJuanSaSaya #JuanKada
#ColorMania #JuankadaJedi",,0,1/28/2026 20:08,N/A,https://www.facebook.com/JuankadaJedi/posts/pfbid02TiduruiKjKFJBFifgkPM1W76mZdzPaHeKhWLb3ofL96Mj1gw6SL1JJ5KArFMMjpul,0,1,Videos,,,,,Lifetime,73,39,1,1,0,0,1,1,,,,,,,,,
1.22119E+17,6.1584E+13,Juankada Jedi,y2k vibes 🌈🎨🦋💄,,0,1/28/2026 20:06,N/A,https://www.facebook.com/JuankadaJedi/posts/pfbid0EULyJN3z5rnU1xQeFDUo26QhCe1fdCZRaCezwV9echRkz3KTavL9gRkaaidwSZZ1l,0,1,Photos,,,,,Lifetime,138,62,3,3,0,0,0,,,,,,,,,,
1.22118E+17,6.1584E+13,Juankada Jedi,"Juan365 dolls 🎀🩷🌸

#Juan365 #Juan365Studios #JuankadaJedi
#Juankada #JediBabes #trendingnow",,0,1/27/2026 18:40,N/A,https://www.facebook.com/JuankadaJedi/posts/pfbid021jeUYJ8FAFDPER5hm4HTj4nA76HkvSiXKq5e6h24tHLt4uTrWKw2pDEBPC5P8DByl,0,1,Photos,,,,,Lifetime,303,109,7,7,0,0,12,4,3,5,,,,,,,
1.22118E+17,6.1584E+13,Juankada Jedi,"Stay colorful, stay you. 🎨

#Juan365 #Juan365Studios #JuankadaJedi
#Juankada #JediBabes #trendingnow #fypシ #fypシ゚viralシ #highlights #followerseveryone",,0,1/27/2026 16:59,N/A,https://www.facebook.com/JuankadaJedi/posts/pfbid0nDQgcwNeYAuV1ho1phA1v7AqaRXbdaA1XiMxNfLDrm3DfRNJQqu6SmAaDgiu8Qhfl,0,0,Photos,,,,,Lifetime,528,242,14,11,1,2,23,6,17,,,,,,,,
1.22118E+17,6.1584E+13,Juankada Jedi,"𝐀𝐫𝐚𝐰 𝐆𝐚𝐛𝐢 𝐧𝐚 𝐬𝐚 𝐢𝐬𝐢𝐩 𝐤𝐨 𝐤𝐚𝐲𝐨 𝐉𝐞𝐝𝐢 𝐁𝐚𝐛𝐞𝐬! 🫶

#Juan365 #Juan365Studios #JuankadaJedi
#Juankada #JediBabes #trendingnow","𝐀𝐫𝐚𝐰 𝐆𝐚𝐛𝐢 𝐧𝐚 𝐬𝐚 𝐢𝐬𝐢𝐩 𝐤𝐨 𝐤𝐚𝐲𝐨 𝐉𝐞𝐝𝐢 𝐁𝐚𝐛𝐞𝐬! 🫶

#Juan365 #Juan365Studios #JuankadaJedi
#Juankada #JediBabes #trendingnow",16,1/26/2026 1:34,mixed,https://www.facebook.com/reel/1396848218370997/,0,0,Videos,,,,,Lifetime,1280,130,10,9,1,0,6,6,,,2051.188,5.513,0,0,0,,
1.22118E+17,6.1584E+13,Juankada Jedi,Do you read me? Like the emoji? 🤪 #Juan365 #Juan365Studios #JuankadaJedi #EatZucchini #Katseye #InternetGirl #fypviralシ #trendingreel #trendingreelsvideo #highlights #followerseveryone  #fypシ゚ #follower,Do you read me? Like the emoji? 🤪 #Juan365 #Juan365Studios #JuankadaJedi #EatZucchini #Katseye #InternetGirl #fypviralシ #trendingreel #trendingreelsvideo #highlights #followerseveryone  #fypシ゚ #follower,11,1/25/2026 20:29,N/A,https://www.facebook.com/reel/2113960472763115/,0,0,Videos,,,,,Lifetime,2210,83,5,5,0,0,3,3,,,1491.453,2.83,0,0,0,,
1.22118E+17,6.1584E+13,Juankada Jedi,"Ang 𝐩𝐮𝐬𝐨 𝐤𝐨 𝐚𝐲 𝐧𝐚𝐛𝐢𝐡𝐚𝐠 niyo, Jedi babes. 💞

#Juan365 #Juan365Studios #JuankadaJedi
#Juankada #JediBabes #trendingnow","Ang 𝐩𝐮𝐬𝐨 𝐤𝐨 𝐚𝐲 𝐧𝐚𝐛𝐢𝐡𝐚𝐠 niyo, Jedi babes. 💞

#Juan365 #Juan365Studios #JuankadaJedi
#Juankada #JediBabes #trendingnow",26,1/24/2026 4:10,N/A,https://www.facebook.com/reel/862968769874342/,0,0,Videos,,,,,Lifetime,2330,247,121,117,2,2,5,5,,,3129.631,5.113,0,0,0,,
1.22118E+17,6.1584E+13,Juankada Jedi,"Blooming, winning in colors 🌸🎨
Style on point, luck on my side—ready for Color Game LIVE!

#Juan365 #Juan365Studios #JuankadaJedi
#Juankada #JediBabes #trendingnow",,0,1/23/2026 4:07,N/A,https://www.facebook.com/JuankadaJedi/posts/pfbid02c83QkejatGPFcyMJe4PZsoaM3tJ7hNTDkXbhXov4cNraqQddr1hQgnkekqwjLtZ9l,0,0,Photos,,,,,Lifetime,1588,1108,331,321,7,3,76,18,27,31,,,,,,,
1.22117E+17,6.1584E+13,Juankada Jedi,"OOTD check: pretty, powerful, unstoppable. 🦩🩷🎀💕

#Juan365 #Juan365Studios #JuankadaJedi #Juankada #JediBabes #trendingnow",,0,1/22/2026 8:59,N/A,https://www.facebook.com/JuankadaJedi/posts/pfbid02ZcaFRTngTLf26of94YcwmZggJv7bZuZyyDA3vzyMH2Bxw3YxnjGxprRmz8s7LFXGl,0,0,Photos,,,,,Lifetime,2065,1420,394,384,5,5,164,31,98,35,,,,,,,
1.22117E+17,6.1584E+13,Juankada Jedi,"🌸 Serving pink vibes, sprinkled with a little luck just for you ✨

#Juan365 #Juan365Studios #JuankadaJedi #Juankada #JediBabes #trendingnow #JuankadaShann",,0,1/22/2026 4:00,N/A,https://www.facebook.com/JuankadaJedi/posts/pfbid0fDFsQT9umirY5MxWafj3jxbszxdaJWYWSdkzy2GnK12hBxhtWeURxAHz2LqC3Sk7l,0,0,Photos,,,,,Lifetime,503,211,5,4,1,0,16,9,7,,,,,,,,
1.22117E+17,6.1584E+13,Juankada Jedi,"💗 Keep calm and turn the pink vibes on.

#Juan365 #Juan365Studios #JuankadaJedi #Juankada #JediBabes #trendingnow","💗 Keep calm and turn the pink vibes on.

#Juan365 #Juan365Studios #JuankadaJedi #Juankada #JediBabes #trendingnow",16,1/22/2026 1:35,N/A,https://www.facebook.com/reel/1583133719256822/,0,0,Videos,,,,,Lifetime,5331,109,111,108,2,1,9,9,,,2222.954,1.786,0,0,0,,
1.22117E+17,6.1584E+13,Juankada Jedi,"Feeling this classic look, what do you think? 🤍🌟

#Juan365 #Juan365Studios #JuankadaJedi #Juankada #JediBabes #trendingnow",,0,1/21/2026 23:22,N/A,https://www.facebook.com/JuankadaJedi/posts/pfbid03AeYNnGDzSMfoJzzneRpXhQfsyhPHpHqXUZe3PNRTGzjSRM2vrhXxvT3nL2WHYNLl,0,0,Photos,,,,,Lifetime,1412,1086,326,306,19,1,66,14,30,22,,,,,,,
1.22117E+17,6.1584E+13,Juankada Jedi,"very cutesy. very demure. meow 🐱💕

I-mix ang colors, fun, at swerte dito sa Color Game
Live 24/7! *
#Juan365 #Juan365Studios #AllInJuanSaSaya
#Juankada #JuankadaJedi",,0,1/21/2026 18:03,N/A,https://www.facebook.com/JuankadaJedi/posts/pfbid02whVvLZ5HJTG35sXGdnZwoQkEoDv58bgA4MiZbQjjBdKHgXaejaScGh6ue4qu4rWul,0,1,Text,,,,,Lifetime,117,77,11,10,1,0,4,4,,,,,,,,,
1.22117E+17,6.1584E+13,Juankada Jedi,"Slay with us Juankada! mamaya ulit 2pm-10pm ❤️‍🔥

#Juan365Studios #Juan365 #ALLINJUANLIVE
#JuankadaJedi",,0,1/21/2026 16:30,N/A,https://www.facebook.com/JuankadaJedi/posts/pfbid02zpTvYLWSTas4xk7v75nPSBMPzg8J2csk5zU1A1PDEyzN5wZF6Mpj2sU69AGGVuGl,0,1,Photos,,,,,Lifetime,247,90,4,4,0,0,6,1,1,4,,,,,,,
1.22117E+17,6.1584E+13,Juankada Jedi,"yung pabebe lang kami sa umpisa. hahataw sa dulo 🔥

#Juan365Studios #Juan365 #ALLINJUANLIVE
#JuankadaJedi",,0,1/21/2026 16:29,N/A,https://www.facebook.com/JuankadaJedi/posts/pfbid0M33wks4LNu61AJDgZtPareBsy23C64EM1ZF7VxAEVNtfutby1maPpQ7GX6ABzZcPl,0,1,Videos,,,,,Lifetime,101,60,5,3,2,0,2,2,,,,,,,,,
1.22117E+17,6.1584E+13,Juankada Jedi,"Hahaha Samahan niyo ulit kami sa kulit Juankada! 

#Juan365Studios #Juan365 #ALLINJUANLIVE
#JuankadaJedi",,0,1/21/2026 16:27,N/A,https://www.facebook.com/JuankadaJedi/posts/pfbid0xaW51f5J8CVZmMuaN7KiepRhCC7JvRthrKHQLN2CJUNYRkMwfYoxthcbiY3yxSHYl,0,1,Text,,,,,Lifetime,94,50,3,2,1,0,5,5,,,,,,,,,
1.22117E+17,6.1584E+13,Juankada Jedi,"𝐀𝐧𝐨𝐧𝐠 𝐬𝐚𝐲𝐚𝐰 𝐚𝐧𝐠 𝐠𝐮𝐬𝐭𝐨 𝐧𝐢𝐲𝐨𝐧𝐠 𝐦𝐚𝐤𝐢𝐭𝐚 𝐧𝐞𝐱𝐭?
Comment na! 👇🔥

#Juan365 #Juan365Studios #JuankadaJedi
#Juankada #JediBabes #trendingnow","𝐀𝐧𝐨𝐧𝐠 𝐬𝐚𝐲𝐚𝐰 𝐚𝐧𝐠 𝐠𝐮𝐬𝐭𝐨 𝐧𝐢𝐲𝐨𝐧𝐠 𝐦𝐚𝐤𝐢𝐭𝐚 𝐧𝐞𝐱𝐭?
Comment na! 👇🔥

#Juan365 #Juan365Studios #JuankadaJedi
#Juankada #JediBabes #trendingnow",16,1/20/2026 23:32,N/A,https://www.facebook.com/reel/1577224083426790/,0,0,Videos,,,,,Lifetime,2326,112,143,120,18,5,5,5,,,2663.734,4.424,0,0,0,,
1.22117E+17,6.1584E+13,Juankada Jedi,I'll Keep on Loving you Jedi Babes!#Juan365 #Juan365Studios #JuankadaJedi #Juankada #JediBabes #trendingnow,I'll Keep on Loving you Jedi Babes!#Juan365 #Juan365Studios #JuankadaJedi #Juankada #JediBabes #trendingnow,13,1/20/2026 22:11,N/A,https://www.facebook.com/reel/1423983019393790/,0,0,Videos,,,,,Lifetime,2339,169,139,127,10,2,4,4,,,1820.548,2.809,0,0,0,,
1.22117E+17,6.1584E+13,Juankada Jedi,"My vibe, my rules ♠️

#Juan365 #Juan365Studios #JuankadaJedi
#Juankada #JediBabes #trendingnow",,0,1/20/2026 18:25,N/A,https://www.facebook.com/JuankadaJedi/posts/pfbid02R6Q5fdFbRT9GGsH6F2ApmJ6jqP2CcKbQXxd6hWcpyQTy4pV9Wzvy8pvPQhP47rSFl,0,0,Photos,,,,,Lifetime,1952,1444,464,432,28,4,157,41,79,37,,,,,,,
1.22117E+17,6.1584E+13,Juankada Jedi,"One more dance, Jedi babes? 😉💃

#Juan365 #Juan365Studios #JuankadaJedi #Juankada #JediBabes #trendingnow","One more dance, Jedi babes? 😉💃

#Juan365 #Juan365Studios #JuankadaJedi #Juankada #JediBabes #trendingnow",12,1/20/2026 1:56,N/A,https://www.facebook.com/reel/25845040621823342/,0,0,Videos,,,,,Lifetime,5565,308,143,129,14,0,24,24,,,3625.392,2.585,0,0,0,,
1.22117E+17,6.1584E+13,Juankada Jedi,"Fit check ✔️ Game check 🎨
𝐂𝐚𝐭𝐜𝐡 𝐂𝐨𝐥𝐨𝐫 𝐆𝐚𝐦𝐞 𝐋𝐈𝐕𝐄 now on Juan365 App/Website 🔥

#Juan365 #Juan365Studios #JuankadaJedi #Juankada #JediBabes #trendingnow",,0,1/19/2026 3:08,N/A,https://www.facebook.com/JuankadaJedi/posts/pfbid02MnJFK8g2RUdDZriHEV6GUkMAE71KHNXeFdzAY1D1G19PcW2ngzvp1U1bvqeRoYsal,0,0,Photos,,,,,Lifetime,4842,3455,887,826,52,9,372,38,69,265,,,,,,,
1.22117E+17,6.1584E+13,Juankada Jedi,"𝐋𝐞𝐭 𝐭𝐡𝐞 𝐦𝐮𝐬𝐢𝐜 𝐝𝐨 𝐭𝐡𝐞 𝐭𝐚𝐥𝐤𝐢𝐧𝐠 🎧💭

#Juan365 #Juan365Studios #JuankadaJedi #Juankada #JediBabes #trendingnow","𝐋𝐞𝐭 𝐭𝐡𝐞 𝐦𝐮𝐬𝐢𝐜 𝐝𝐨 𝐭𝐡𝐞 𝐭𝐚𝐥𝐤𝐢𝐧𝐠 🎧💭

#Juan365 #Juan365Studios #JuankadaJedi #Juankada #JediBabes #trendingnow",16,1/19/2026 3:04,N/A,https://www.facebook.com/reel/829996050052535/,0,0,Videos,,,,,Lifetime,3924,1668,138,131,5,2,25,9,,16,16304.135,7.59,0,0,0,,
1.22117E+17,6.1584E+13,Juankada Jedi,"Life in pink, fun on point! 💖
Juankada vibes lang ‘to 
nood na tayo sa Juan365 app & website! 🎀✨

#Juan365 #Juan365Studios #JuankadaJedi #Juankada #JediBabes #trendingnow","Life in pink, fun on point! 💖
Juankada vibes lang ‘to 
nood na tayo sa Juan365 app & website! 🎀✨

#Juan365 #Juan365Studios #JuankadaJedi #Juankada #JediBabes #trendingnow",13,1/18/2026 4:34,uploaded,https://www.facebook.com/reel/2140521230049001/,0,0,Videos,,,,,Lifetime,5371,137,122,119,3,0,5,5,,,2281.974,1.788,0,0,0,,
1.22117E+17,6.1584E+13,Juankada Jedi,"Quick check lang, Juankada!
Are you watching today too? If not what are you waiting for? Sign this now! 

#Juan365 #Juan365Studios #AllInJuanSaSaya
#Juankada #JuankadaJedi",,0,1/17/2026 23:04,N/A,https://www.facebook.com/JuankadaJedi/posts/pfbid02JWpQiGZwrrKKjBbjWb68UywRp8rx2YGU3QrDKWJ2x9sfP7y8xoKMSWPaXSjYygo7l,0,1,Photos,,,,,Lifetime,312,93,18,11,4,3,3,3,,,,,,,,,
1.22117E+17,6.1584E+13,Juankada Jedi,"Am I still cute Jedi Babes? 👉👈

Comment what you think below! 

#Juan365 #Juan365Studios #JuankadaJedi #Juankada #JediBabes #trendingnow","Am I still cute Jedi Babes? 👉👈

Comment what you think below! 

#Juan365 #Juan365Studios #JuankadaJedi #Juankada #JediBabes #trendingnow",26,1/16/2026 23:00,N/A,https://www.facebook.com/reel/5141865539372675/,1,0,Videos,,,,,Lifetime,11726,219,326,230,69,27,15,15,,,4270.454,1.535,0,0,0,,
1.22117E+17,6.1584E+13,Juankada Jedi,"Ako ba ang gusto niyo Jedi Babes? ❤️

#Juan365 #Juan365Studios #JuankadaJedi #Juankada #JediBabes #TrendingNow","Ako ba ang gusto niyo Jedi Babes? ❤️

#Juan365 #Juan365Studios #JuankadaJedi #Juankada #JediBabes #TrendingNow",12,1/16/2026 18:00,mixed,https://www.facebook.com/reel/917563987595532/,1,0,Videos,,,,,Lifetime,6624,186,217,126,64,27,14,14,,,3943.707,2.457,0,0,0,,
1.22116E+17,6.1584E+13,Juankada Jedi,"Lagi na lang kayong sumusulyap dito… silip ka naman sa live 😉👀

#Juan365 #Juan365Studios #JuankadaJedi #Juankada #JediBabes #TrendingNow","Lagi na lang kayong sumusulyap dito… silip ka naman sa live 😉👀

#Juan365 #Juan365Studios #JuankadaJedi #Juankada #JediBabes #TrendingNow",16,1/16/2026 6:00,mixed,https://www.facebook.com/reel/1551660019434519/,1,0,Videos,,,,,Lifetime,7670,123,130,121,6,3,15,15,,,2873.813,1.651,0,0,0,,
1.22116E+17,6.1584E+13,Juankada Jedi,"Nabitin ba kayo sa live ko kagabi? 
Don’t worry, Jedi Babes! Balik ako on Sunday!  💥🔥

#Juan365 #Juan365Studios #JuankadaJedi #Juankada #JediBabes #TrendingNow","Nabitin ba kayo sa live ko kagabi? 
Don’t worry, Jedi Babes! Balik ako on Sunday!  💥🔥

#Juan365 #Juan365Studios #JuankadaJedi #Juankada #JediBabes #TrendingNow",16,1/16/2026 3:25,N/A,https://www.facebook.com/reel/1630313475062025/,0,0,Videos,,,,,Lifetime,8724,1333,117,115,2,0,24,10,,14,14811.681,5.169,0,0,0,,
1.22116E+17,6.1584E+13,Juankada Jedi,"Red vibes, real wins! 🔴 

Manood na sa Juan365 app or website . Let’s go all in tonight! ❤️

#Juan365 #Juan365Studios #JuankadaJedi #Juankada #JediBabes #TrendingNow","Red vibes, real wins! 🔴 

Manood na sa Juan365 app or website . Let’s go all in tonight! ❤️

#Juan365 #Juan365Studios #JuankadaJedi #Juankada #JediBabes #TrendingNow",18,1/15/2026 10:29,N/A,https://www.facebook.com/reel/841827895516487/,0,0,Videos,,,,,Lifetime,1579,414,17,11,6,0,3,3,,,1857.208,2.844,0,0,0,,
1.22116E+17,6.1584E+13,Juankada Jedi,"Dito kumpleto—strong vibes, good dancers, at great hosts! 🙌

#Juan365 #Juan365Studios #JuankadaJedi #Juankada #JediBabes #TrendingNow","Dito kumpleto—strong vibes, good dancers, at great hosts! 🙌

#Juan365 #Juan365Studios #JuankadaJedi #Juankada #JediBabes #TrendingNow",22,1/15/2026 5:12,N/A,https://www.facebook.com/reel/757999300105587/,0,0,Videos,,,,,Lifetime,1540,372,22,17,4,1,11,11,,,4343.703,7.633,0,0,0,,
1.22116E+17,6.1584E+13,Juankada Jedi,Juankada Jedi's Video,,12,1/14/2026 10:04,N/A,https://www.facebook.com/reel/1590465088813614/,0,0,Videos,,,,,Lifetime,5451,291,38,31,6,1,4,4,,,2739.447,2.058,0,0,0,,
1.22116E+17,6.1584E+13,Juankada Jedi,"Isang araw, nagmamaneho sa may Cubao… papunta sa mas makulay na saya sa Color Game.  🟥🟦🟩⬜️🟨

#Juan365 #Juan365Studios #JuankadaJedi #Juankada #JuankadaHosts #ALLINJUANLIVE   #JediBabes #TrendingNow #TikTokTrend #ForYou #FYP #ForYouPage #ContentCreator #HostLife","Isang araw, nagmamaneho sa may Cubao… papunta sa mas makulay na saya sa Color Game.  🟥🟦🟩⬜️🟨

#Juan365 #Juan365Studios #JuankadaJedi #Juankada #JuankadaHosts #ALLINJUANLIVE   #JediBabes #TrendingNow #TikTokTrend #ForYou #FYP #ForYouPage #ContentCreator #HostLife",14,1/14/2026 5:36,N/A,https://www.facebook.com/reel/25740665168955948/,0,0,Videos,,,,,Lifetime,7598,245,136,127,8,1,9,9,,,2914.945,1.611,0,0,0,,
1.22116E+17,6.1584E+13,Juankada Jedi,,,0,1/13/2026 21:59,N/A,https://www.facebook.com/JuankadaJedi/posts/pfbid02jVVPcf8NgYFiR3tiQoo7rtCpFCUYi9WXaQH6ur9YgkERxHZxnmCVt6P67UUhLg8Al,0,1,Text,,,,,Lifetime,156,83,14,12,2,0,4,4,,,,,,,,,
1.22116E+17,6.1584E+13,Juankada Jedi,,,0,1/13/2026 21:59,N/A,https://www.facebook.com/JuankadaJedi/posts/pfbid025WqDGHX2EcpcJ9poAR1ueNMTTpxxnFBuYudsSok5AtGaNxGBnpnstR373q14iaiwl,0,1,Photos,,,,,Lifetime,353,104,14,12,2,0,16,9,7,,,,,,,,
1.22116E+17,6.1584E+13,Juankada Jedi,,,0,1/13/2026 21:57,N/A,https://www.facebook.com/JuankadaJedi/posts/pfbid02X9HoBZaNSE7JrB9FQMZzTwhwbwpx5Qs8M2iwr8seH9Ed7BpkR75p5qk85e9o2nPTl,0,1,Text,,,,,Lifetime,124,54,8,8,0,0,1,1,,,,,,,,,
1.22116E+17,6.1584E+13,Juankada Jedi,"Sleepwear-ready pero game time ang vibes! 😆 Watch with us tonight, Jedi Babes!#Juan365 #Juan365Studios#JuankadaJedi #Juankada #JuankadaHosts#ALLINJUANLIVE #JediBabes #TrendingNow #TikTokTrend #ForYou #FYP #ForYouPage#ContentCreator #HostLife","Sleepwear-ready pero game time ang vibes! 😆 Watch with us tonight, Jedi Babes!#Juan365 #Juan365Studios#JuankadaJedi #Juankada #JuankadaHosts#ALLINJUANLIVE #JediBabes #TrendingNow #TikTokTrend #ForYou #FYP #ForYouPage#ContentCreator #HostLife",14,1/13/2026 8:28,N/A,https://www.facebook.com/reel/1771197147171449/,0,0,Videos,,,,,Lifetime,2118,766,44,39,4,1,34,23,,11,3257.31,3.241,0,0,0,,
1.22116E+17,6.1584E+13,Juankada Jedi,𝐒𝐞𝐱𝐲 𝐢𝐧 𝐁𝐥𝐚𝐜𝐤 🖤Dala ang confidence at dala ang vibes!#Juan365 #Juan365Studios #JuankadaJedi #Juankada #JuankadaHosts #ALLINJUANLIVE   #JediBabes #TrendingNow #TikTokTrend #ForYou #FYP #ForYouPage #ContentCreator #HostLife,𝐒𝐞𝐱𝐲 𝐢𝐧 𝐁𝐥𝐚𝐜𝐤 🖤Dala ang confidence at dala ang vibes!#Juan365 #Juan365Studios #JuankadaJedi #Juankada #JuankadaHosts #ALLINJUANLIVE   #JediBabes #TrendingNow #TikTokTrend #ForYou #FYP #ForYouPage #ContentCreator #HostLife,16,1/12/2026 19:01,N/A,https://www.facebook.com/reel/2969992699853332/,0,0,Videos,,,,,Lifetime,7112,668,209,152,55,2,27,17,,10,20373.1,3.343,0,0,0,,
1.22116E+17,6.1584E+13,Juankada Jedi,"🌟 Jedi Babes! We are officially LIVE! 🌟Let’s make tonight fun, exciting, and full of kulay! Ready ka na ba? Tune in now! 🎮💖#Juan365 #Juan365Studios #JuankadaJedi #Juankada #JuankadaHosts #ALLINJUANLIVE   #JediBabes #TrendingNow #TikTokTrend #ForYou #FYP #ForYouPage #ContentCreator #HostLife","🌟 Jedi Babes! We are officially LIVE! 🌟Let’s make tonight fun, exciting, and full of kulay! Ready ka na ba? Tune in now! 🎮💖#Juan365 #Juan365Studios #JuankadaJedi #Juankada #JuankadaHosts #ALLINJUANLIVE   #JediBabes #TrendingNow #TikTokTrend #ForYou #FYP #ForYouPage #ContentCreator #HostLife",14,1/12/2026 7:53,N/A,https://www.facebook.com/reel/820574054357401/,0,0,Videos,,,,,Lifetime,2827,270,33,29,2,2,5,4,,1,5995.807,3.13,0,0,0,,
1.22116E+17,6.1584E+13,Juankada Jedi,"Accidentally cute? Always. 😉💛

#Juan365 #Juan365Studios #JuankadaJedi #Juankada #JuankadaHosts #ALLINJUANLIVE   #JediBabes #TrendingNow #TikTokTrend #ForYou #FYP #ForYouPage #ContentCreator #HostLife","Accidentally cute? Always. 😉💛

#Juan365 #Juan365Studios #JuankadaJedi #Juankada #JuankadaHosts #ALLINJUANLIVE   #JediBabes #TrendingNow #TikTokTrend #ForYou #FYP #ForYouPage #ContentCreator #HostLife",16,1/12/2026 7:00,mixed,https://www.facebook.com/reel/1185865323756793/,1,0,Videos,,,,,Lifetime,2831,396,34,32,2,0,17,9,,8,6214.53,3.269,0,0,0,,
1.22116E+17,6.1584E+13,Juankada Jedi,"Jedi Babes! 💫
Masaya talaga ako sa tuwing napapaswerte ko kayo 𝐬𝐚𝐛𝐚𝐲-𝐬𝐚𝐛𝐚𝐲 𝐭𝐚𝐲𝐨𝐧𝐠 𝐦𝐚𝐠-𝐞𝐧𝐣𝐨𝐲 𝐚𝐭 𝐦𝐚𝐧𝐚𝐥𝐨!
 🍀

#Juan365 #Juan365Studios #JuankadaJedi #Juankada #JuankadaHosts #ALLINJUANLIVE   #JediBabes #TrendingNow #TikTokTrend #ForYou #FYP #ForYouPage #ContentCreator #HostLife","Jedi Babes! 💫
Masaya talaga ako sa tuwing napapaswerte ko kayo 𝐬𝐚𝐛𝐚𝐲-𝐬𝐚𝐛𝐚𝐲 𝐭𝐚𝐲𝐨𝐧𝐠 𝐦𝐚𝐠-𝐞𝐧𝐣𝐨𝐲 𝐚𝐭 𝐦𝐚𝐧𝐚𝐥𝐨!
 🍀

#Juan365 #Juan365Studios #JuankadaJedi #Juankada #JuankadaHosts #ALLINJUANLIVE   #JediBabes #TrendingNow #TikTokTrend #ForYou #FYP #ForYouPage #ContentCreator #HostLife",22,1/12/2026 4:08,N/A,https://www.facebook.com/reel/1567942914229726/,0,0,Videos,,,,,Lifetime,3310,361,26,19,4,3,19,11,,8,6125.674,3.926,0,0,0,,
1.22115E+17,6.1584E+13,Juankada Jedi,"Jedi Babes! No need to miss me anymore! Im back, refreshed, and ready to make your lucks go all out! ❤️Catch me at the Juan365 App and website!#Juan365 #Juan365Studios #JuankadaJedi #Juankada #JuankadaHosts #ALLINJUANLIVE   #JediBabes #TrendingNow #TikTokTrend #ForYou #FYP #ForYouPage #ContentCreator #HostLife","Jedi Babes! No need to miss me anymore! Im back, refreshed, and ready to make your lucks go all out! ❤️Catch me at the Juan365 App and website!#Juan365 #Juan365Studios #JuankadaJedi #Juankada #JuankadaHosts #ALLINJUANLIVE   #JediBabes #TrendingNow #TikTokTrend #ForYou #FYP #ForYouPage #ContentCreator #HostLife",23,1/11/2026 11:35,N/A,https://www.facebook.com/reel/2653671018342027/,0,0,Videos,,,,,Lifetime,2301,479,39,33,3,3,9,5,,4,3048.411,3.364,0,0,0,,
1.22115E+17,6.1584E+13,Juankada Jedi,"Jedi Babes, you’re way too beautiful 💖
Tune in live on the app/website and join the excitement!

#JediBabes #Juan365 #Juan365Studios #JuankadaJedi #Juankada #JuankadaHosts  #ForYou #FYP #ForYouPage #ContentCreator #HostLife","Jedi Babes, you’re way too beautiful 💖
Tune in live on the app/website and join the excitement!

#JediBabes #Juan365 #Juan365Studios #JuankadaJedi #Juankada #JuankadaHosts  #ForYou #FYP #ForYouPage #ContentCreator #HostLife",16,1/11/2026 4:00,mixed,https://www.facebook.com/reel/1897660217502858/,1,0,Videos,,,,,Lifetime,11813,425,250,244,4,2,18,14,,4,4945.281,1.742,0,0,0,,
1.22115E+17,6.1584E+13,Juankada Jedi,"Jedi Babes! Miss me? 💅 Fresh nails, fresh vibes—𝐫𝐞𝐚𝐝𝐲 𝐭𝐨 𝐛𝐫𝐢𝐧𝐠 𝐚𝐥𝐥 𝐭𝐡𝐞 𝐟𝐮𝐧 𝐚𝐧𝐝 𝐞𝐱𝐜𝐢𝐭𝐞𝐦𝐞𝐧𝐭 𝐬𝐭𝐫𝐚𝐢𝐠𝐡𝐭 𝐭𝐨 𝐲𝐨𝐮.

#JediBabes #Juan365 #Juan365Studios #JuankadaJedi #Juankada #JuankadaHosts  #ForYou #FYP #ForYouPage #ContentCreator #hostlife","Jedi Babes! Miss me? 💅 Fresh nails, fresh vibes—𝐫𝐞𝐚𝐝𝐲 𝐭𝐨 𝐛𝐫𝐢𝐧𝐠 𝐚𝐥𝐥 𝐭𝐡𝐞 𝐟𝐮𝐧 𝐚𝐧𝐝 𝐞𝐱𝐜𝐢𝐭𝐞𝐦𝐞𝐧𝐭 𝐬𝐭𝐫𝐚𝐢𝐠𝐡𝐭 𝐭𝐨 𝐲𝐨𝐮.

#JediBabes #Juan365 #Juan365Studios #JuankadaJedi #Juankada #JuankadaHosts  #ForYou #FYP #ForYouPage #ContentCreator #hostlife",16,1/11/2026 2:09,N/A,https://www.facebook.com/reel/1175333451422425/,0,0,Videos,,,,,Lifetime,1858,625,33,29,3,1,13,10,,3,4122.965,4.658,0,0,0,,
1.22115E+17,6.1584E+13,Juankada Jedi,"Hi Jedi Babes! ✨
Sharing my dance cover of The Fate of Ophelia by Taylor Swift 🌊

If you felt it, comment ❤️ Jedi Babes!

#JediBabes #DanceCover #TaylorSwift #Juan365 #Juan365Studios #JuankadaJedi #Juankada #JuankadaHosts #ALLINJUANLIVE   #JediBabes #TrendingNow #TikTokTrend #ForYou #FYP #ForYouPage #ContentCreator #HostLife","Hi Jedi Babes! ✨
Sharing my dance cover of The Fate of Ophelia by Taylor Swift 🌊

If you felt it, comment ❤️ Jedi Babes!

#JediBabes #DanceCover #TaylorSwift #Juan365 #Juan365Studios #JuankadaJedi #Juankada #JuankadaHosts #ALLINJUANLIVE   #JediBabes #TrendingNow #TikTokTrend #ForYou #FYP #ForYouPage #ContentCreator #HostLife",16,1/9/2026 4:08,N/A,https://www.facebook.com/reel/1399306921835815/,0,0,Videos,,,,,Lifetime,6273,3230,181,162,16,3,34,18,,16,34928.666,8.442,0,0,0,,
1.22115E+17,6.1584E+13,Juankada Jedi,Good Morning Jedi Babes! Kamusta ang pag gising niyo? Handa na ba kayo na gisingin ko ang swerte niyo? Comment ❤️ if ready na Jedi Babes!#Juan365 #Juan365Studios #JuankadaJedi #Juankada #JuankadaHosts #ALLINJUANLIVE   #JediBabes #TrendingNow #TikTokTrend #ForYou #FYP #ForYouPage #ContentCreator #HostLife,Good Morning Jedi Babes! Kamusta ang pag gising niyo? Handa na ba kayo na gisingin ko ang swerte niyo? Comment ❤️ if ready na Jedi Babes!#Juan365 #Juan365Studios #JuankadaJedi #Juankada #JuankadaHosts #ALLINJUANLIVE   #JediBabes #TrendingNow #TikTokTrend #ForYou #FYP #ForYouPage #ContentCreator #HostLife,16,1/7/2026 20:02,N/A,https://www.facebook.com/reel/1267780449563700/,0,0,Videos,,,,,Lifetime,3826,2193,197,161,26,10,55,30,,25,24961.824,7.16,0,0,0,,
1.22114E+17,6.1584E+13,Juankada Jedi,"Eenie meenie,  𝐩𝐢𝐜𝐤 𝐚 𝐜𝐨𝐥𝐨𝐫 𝐰𝐢𝐭𝐡 𝐦𝐞!💗 
Comment your color below 👇

#Juan365 #Juan365Studios #JuankadaJedi #Juankada #JuankadaHosts #ALLINJUANLIVE   #JediBabes #WatchWithMe #ForYou #ForYouPage #FYP #TrendingNow #ViralPH #ExplorePH","Eenie meenie,  𝐩𝐢𝐜𝐤 𝐚 𝐜𝐨𝐥𝐨𝐫 𝐰𝐢𝐭𝐡 𝐦𝐞!💗 
Comment your color below 👇

#Juan365 #Juan365Studios #JuankadaJedi #Juankada #JuankadaHosts #ALLINJUANLIVE   #JediBabes #WatchWithMe #ForYou #ForYouPage #FYP #TrendingNow #ViralPH #ExplorePH",14,1/7/2026 7:59,N/A,https://www.facebook.com/reel/2001066920463885/,0,0,Videos,,,,,Lifetime,2055,451,66,53,9,4,18,9,,9,3862.997,4.705,0,0,0,,
1.22114E+17,6.1584E+13,Juankada Jedi,"Good Morning Jedi Babes! 🔥Let’s get this morning started with high energy and overflowing na swerte!👉Pasok na and manood ng Color Game Live at the Juan365 app / Website!

#Juan365 #Juan365Studios #JuankadaJedi #Juankada #JuankadaHosts #ALLINJUANLIVE   #JediBabes #TrendingNow #TikTokTrend #ForYou #FYP #ForYouPage #ContentCreator #HostLife","Good Morning Jedi Babes! 🔥Let’s get this morning started with high energy and overflowing na swerte!👉Pasok na and manood ng Color Game Live at the Juan365 app / Website!

#Juan365 #Juan365Studios #JuankadaJedi #Juankada #JuankadaHosts #ALLINJUANLIVE   #JediBabes #TrendingNow #TikTokTrend #ForYou #FYP #ForYouPage #ContentCreator #HostLife",14,1/6/2026 18:43,N/A,https://www.facebook.com/reel/1427405319040021/,0,0,Videos,,,,,Lifetime,1423,379,55,42,9,4,15,10,,5,2137.016,3.628,0,0,0,,
1.22114E+17,6.1584E+13,Juankada Jedi,Jedi Babes! Good morning! ☀️Ready na ba kayo maglaro? 🎮Tara na sa Juan365 app and website — baka sa inyo na mapunta ang swerte today! 🍀✨#Juan365 #Juan365Studios #JuankadaJedi #Juankada #JuankadaHosts #ALLINJUANLIVE   #JediBabes #TrendingNow #TikTokTrend #ForYou #FYP #ForYouPage #ContentCreator #HostLife,Jedi Babes! Good morning! ☀️Ready na ba kayo maglaro? 🎮Tara na sa Juan365 app and website — baka sa inyo na mapunta ang swerte today! 🍀✨#Juan365 #Juan365Studios #JuankadaJedi #Juankada #JuankadaHosts #ALLINJUANLIVE   #JediBabes #TrendingNow #TikTokTrend #ForYou #FYP #ForYouPage #ContentCreator #HostLife,18,1/5/2026 20:01,N/A,https://www.facebook.com/reel/1374483311081156/,0,0,Videos,,,,,Lifetime,1840,524,53,49,2,2,51,38,,12,4608.82,5.359,0,0,0,,1
1.22114E+17,6.1584E+13,Juankada Jedi,"𝐋𝐞𝐭𝐬 𝐠𝐞𝐭 𝐢𝐭 𝐁𝐎𝐎𝐌 𝐁𝐎𝐎𝐌 𝐉𝐄𝐃𝐈𝐁𝐀𝐁𝐄𝐒! 

Can't handle my own cuteness! Can you handle it for me? 😉

#Juan365 #Juan365Studios #JuankadaJedi #Juankada #JuankadaHosts #ALLINJUANLIVE   
#JediBabes #TrendingNow #TikTokTrend #ForYou #FYP #ForYouPage #ContentCreator #HostLife","𝐋𝐞𝐭𝐬 𝐠𝐞𝐭 𝐢𝐭 𝐁𝐎𝐎𝐌 𝐁𝐎𝐎𝐌 𝐉𝐄𝐃𝐈𝐁𝐀𝐁𝐄𝐒! 

Can't handle my own cuteness! Can you handle it for me? 😉

#Juan365 #Juan365Studios #JuankadaJedi #Juankada #JuankadaHosts #ALLINJUANLIVE   
#JediBabes #TrendingNow #TikTokTrend #ForYou #FYP #ForYouPage #ContentCreator #HostLife",16,1/5/2026 3:21,N/A,https://www.facebook.com/reel/1574472580461784/,0,0,Videos,,,,,Lifetime,2785,145,17,15,1,1,5,5,,,2193.911,3.098,0,0,0,,
1.22114E+17,6.1584E+13,Juankada Jedi,"Jedi Babes! We’re still LIVE — habol pa kayo! 🎥✨
Baka dito mo na makuha ang swerte mo, kaya pasok na at samahan kami! 🍀🔥

#Juan365 #Juan365Studios #JuankadaJedi #Juankada #JuankadaHosts #ALLINJUANLIVE   
#JediBabes #TrendingNow #TikTokTrend #ForYou #FYP #ForYouPage #ContentCreator #HostLife","Jedi Babes! We’re still LIVE — habol pa kayo! 🎥✨
Baka dito mo na makuha ang swerte mo, kaya pasok na at samahan kami! 🍀🔥

#Juan365 #Juan365Studios #JuankadaJedi #Juankada #JuankadaHosts #ALLINJUANLIVE   
#JediBabes #TrendingNow #TikTokTrend #ForYou #FYP #ForYouPage #ContentCreator #HostLife",11,1/4/2026 21:40,N/A,https://www.facebook.com/reel/4147792805487917/,0,0,Videos,,,,,Lifetime,3142,248,23,18,3,2,8,8,,,2353.813,2.74,0,0,0,,
1.22114E+17,6.1584E+13,Juankada Jedi,"What’s up, Jedi Babes! ⚡️

𝐊𝐮𝐧𝐠 𝐫𝐞𝐚𝐝𝐲 𝐤𝐚 𝐬𝐚 𝐬𝐰𝐞𝐫𝐭𝐞, type “GAME!” sa comments — then nood na sa Juan365 app and website! 🎯

#Juan365 #Juan365Studios #JuankadaJedi #Juankada #JuankadaHosts #ALLINJUANLIVE   
#JediBabes #TrendingNow #TikTokTrend #ForYou #FYP #ForYouPage #ContentCreator #HostLife","What’s up, Jedi Babes! ⚡️

𝐊𝐮𝐧𝐠 𝐫𝐞𝐚𝐝𝐲 𝐤𝐚 𝐬𝐚 𝐬𝐰𝐞𝐫𝐭𝐞, type “GAME!” sa comments — then nood na sa Juan365 app and website! 🎯

#Juan365 #Juan365Studios #JuankadaJedi #Juankada #JuankadaHosts #ALLINJUANLIVE   
#JediBabes #TrendingNow #TikTokTrend #ForYou #FYP #ForYouPage #ContentCreator #HostLife",9,1/4/2026 3:01,mixed,https://www.facebook.com/reel/1852322702056151/,1,0,Videos,,,,,Lifetime,7660,5899,144,137,6,1,22,15,,7,35766.041,6.062,0,0,0,,
1.22114E+17,6.1584E+13,Juankada Jedi,"𝟕𝐊 𝐚𝐧𝐝 𝐜𝐨𝐮𝐧𝐭𝐢𝐧𝐠, Jedi Babes! 🙌

Like, heart ❤️, comment, and share — let’s spread the fun!
Kita-kits sa Color Game Live sa Juan365 app at website!

#Juan365 #Juan365Studios #JuankadaJedi #Juankada #JuankadaHosts #ALLINJUANLIVE   
#JediBabes #TrendingNow #TikTokTrend #ForYou #FYP #ForYouPage #ContentCreator #HostLife",,0,1/3/2026 20:37,N/A,https://www.facebook.com/JuankadaJedi/posts/pfbid02WYZXT7a3DR9kenTxiREvSYnmeo46BGPT5YZ5ZTm9BEp6FAkopEfvJwH6WvkwXt17l,0,0,Photos,,,,,Lifetime,437,136,21,16,5,0,19,19,,,,,,,,,
1.22114E+17,6.1584E+13,Juankada Jedi,"Good morning, Juankada! ✨
Kumpleto na ba kayo? 💖
LIVE na tayo sa Juan365 — good vibes, fun games, at lovely moments to start the day right 🌤️ kasama si JuanKada Star and Juankada Papa Joe
Comment “LIVE” kung nanonood ka na 👇

#Juan365 #Juan365Studios #JuankadaJedi #Juankada #JuankadaHosts #ALLINJUANLIVE   
#JediBabes #TrendingNow #TikTokTrend #ForYou #FYP #ForYouPage #ContentCreator #HostLife",,0,1/3/2026 18:11,N/A,https://www.facebook.com/JuankadaJedi/posts/pfbid0tDgRpUs2wsgmZpAhDXsgV1x9Txp9zAEdnqPXTzsvawEFXpc1Fde65mLVbevHZo6zl,0,0,Photos,,,,,Lifetime,1262,542,34,31,1,2,35,28,7,,,,,,,,
1.22113E+17,6.1584E+13,Juankada Jedi,Juankada Jedi updated their cover photo.,,0,1/2/2026 18:42,N/A,https://www.facebook.com/photo.php?fbid=122113454265133214&set=a.122110480779133214&type=3,0,0,Photos,,,,,Lifetime,0,1,13,12,1,0,0,,,,,,,,,,
1.22113E+17,6.1584E+13,Juankada Jedi,"🚨 Jedi Babes! 𝐎𝐧𝐞 𝐜𝐥𝐢𝐜𝐤 could be your 𝐥𝐮𝐜𝐤𝐲 𝐜𝐡𝐚𝐫𝐦 — like, share, and follow now! 🍀

#Juan365 #Juan365Studios #JuankadaJedi #Juankada #JuankadaHosts #ALLINJUANLIVE   
#JediBabes #TrendingNow #TikTokTrend #ForYou #FYP #ForYouPage",,0,1/2/2026 4:10,N/A,https://www.facebook.com/JuankadaJedi/posts/pfbid0hM6qWH2LYRWmSUzaMCmWGU2yy8FG3RUscjiFJUT7dRgwGPLoWth6thJW1m3nVzkBl,0,0,Photos,,,,,Lifetime,590,178,27,17,7,3,10,7,3,,,,,,,,
1.22113E+17,6.1584E+13,Juankada Jedi,"Juankada, kumpleto na ba kayo? 💖
LIVE na tayo sa Juan365 — good vibes, fun games, at lovely moments all night long ✨
Drop “LIVE” sa comments kung nanonood ka na 👇",,0,1/1/2026 2:29,N/A,https://www.facebook.com/JuankadaJedi/posts/pfbid021aoRy7dboPGAjjb7547xAKBfb6hSqaAt24XMx4FQENKxb2MarfsUzjMDTS8GpbZ8l,0,0,Photos,,,,,Lifetime,678,208,22,16,5,1,13,11,2,,,,,,,,
1.22113E+17,6.1584E+13,Juankada Jedi,"Happy New Year, Jedi Babes! ✨🎆
New year, same glow—more wins, more laughs, more ALL-IN JUAN moments! 💖🥂

#Juan365 #Juan365Studios #JuankadaJedi #Juankada #JuankadaHosts #ALLINJUANLIVE   
#JediBabes #TrendingNow #TikTokTrend #ForYou #FYP #ForYouPage #HappyNewYear","Happy New Year, Jedi Babes! ✨🎆
New year, same glow—more wins, more laughs, more ALL-IN JUAN moments! 💖🥂

#Juan365 #Juan365Studios #JuankadaJedi #Juankada #JuankadaHosts #ALLINJUANLIVE   
#JediBabes #TrendingNow #TikTokTrend #ForYou #FYP #ForYouPage #HappyNewYear",16,12/31/2025 8:00,uploaded,https://www.facebook.com/reel/1397655912078957/,1,0,Videos,,,,,Lifetime,3250,2584,32,25,7,0,48,14,,34,24414.508,8.688,0,0,0,,
1.22114E+17,6.1584E+13,Juankada Jedi,"Kung ikaw ‘yun, girl… tatanggapin mo ba yung 1M? 🤔

O susugal ka sa Color Game — baka mas bongga pa panalo mo! 🎡💖
Comment mo, curious ako!

#Juan365 #Juan365Studios #JuankadaJedi #Juankada #JuankadaHosts #ALLINJUANLIVE   
#JediBabes #TrendingNow #TikTokTrend #ForYou #FYP #ForYouPage #ContentCreator #HostLife","Kung ikaw ‘yun, girl… tatanggapin mo ba yung 1M? 🤔

O susugal ka sa Color Game — baka mas bongga pa panalo mo! 🎡💖
Comment mo, curious ako!

#Juan365 #Juan365Studios #JuankadaJedi #Juankada #JuankadaHosts #ALLINJUANLIVE   
#JediBabes #TrendingNow #TikTokTrend #ForYou #FYP #ForYouPage #ContentCreator #HostLife",16,1/6/2026 6:08,N/A,https://www.facebook.com/reel/856540087229021/,0,0,Videos,,,,,Lifetime,1743,428,28,22,4,2,43,34,,9,3650.529,5.384,0,0,0,,
1.2212E+17,6.15842E+13,Juankada Lance,"𝐉𝐮𝐚𝐧𝐤𝐚𝐝𝐚! 🎉 𝐎𝐧𝐜𝐞 𝐚𝐠𝐚𝐢𝐧, 𝐇𝐚𝐩𝐩𝐲 𝐍𝐞𝐰 𝐘𝐞𝐚𝐫!",,0,12/31/2025 14:26,N/A,https://www.facebook.com/permalink.php?story_fbid=pfbid0VqwGWwi3HpjHo2DQTKEpEszEk3nn7dprjbtpPKyM1VceKjegnPjT98wkrZzF8AVZl&id=61584243275518,0,1,Text,,,,,Lifetime,50,62,12,12,0,0,5,5,,,,,,,,,
1.2212E+17,6.15842E+13,Juankada Lance,"𝐅𝐢𝐧𝐞 𝐞𝐯𝐞𝐧𝐢𝐧𝐠 𝐯𝐢𝐛𝐞𝐬 ✨ 𝐊𝐚𝐦𝐮𝐬𝐭𝐚 𝐚𝐧𝐠 𝐚𝐫𝐚𝐰 𝐦𝐨? 𝐂𝐨𝐦𝐦𝐞𝐧𝐭 𝐛𝐞𝐥𝐨𝐰 👇

#Juan365 #Juan365Studios #ALLINJUANLIVE #juan365colorgame #gwapitongtito #JuankadaLance",,0,1/1/2026 5:16,N/A,https://www.facebook.com/permalink.php?story_fbid=pfbid0qhtHmvHuaG1p2b98nAREfoBeeA3hZDT48yz8xLL9TaQQgnKL1Mpfb8fcft5qMHu4l&id=61584243275518,0,0,Photos,,,,,Lifetime,212,80,17,13,3,1,10,5,5,,,,,,,,
1.2212E+17,6.15842E+13,Juankada Lance,"Hi Its me Gwapitong tito samahan niyo po kami, Live at Juan365 app at Website till 5am🤩",,0,1/1/2026 6:57,N/A,https://www.facebook.com/permalink.php?story_fbid=pfbid02G5pzwrr1B9CcVjWLchQzJdJTPwMcZFcUAihr8kXCtxquHQNsHTXqZ3cr88CxU6pYl&id=61584243275518,0,1,Photos,,,,,Lifetime,123,63,10,10,0,0,2,,2,,,,,,,,
1.2212E+17,6.15842E+13,Juankada Lance,"𝐍𝐚𝐭𝐮𝐫𝐞 𝐯𝐢𝐛𝐞𝐬 𝐥𝐚𝐧𝐠,𝐂𝐡𝐢𝐥𝐥 𝐥𝐚𝐧𝐠. 💚🌿

#Juan365 #Juan365Studios #ALLINJUANLIVE #juan365colorgame",,0,1/2/2026 8:53,N/A,https://www.facebook.com/permalink.php?story_fbid=pfbid02MgqYAzwJ1DQtSdkCv5LUCULSSLQeUFJEbNouHPgofpV9EawqyjPnyd7FVwPAxU6gl&id=61584243275518,0,0,Photos,,,,,Lifetime,210,80,30,23,5,2,11,9,2,,,,,,,,
1.2212E+17,6.15842E+13,Juankada Lance,Juankada Lance updated their cover photo.,,0,1/2/2026 18:41,N/A,https://www.facebook.com/photo.php?fbid=122120025507141442&set=a.122098330299141442&type=3,0,0,Photos,,,,,Lifetime,0,0,14,14,0,0,0,,,,,,,,,,
1.2212E+17,6.15842E+13,Juankada Lance,"In case nakalimutan mo… Gwapitong Tito ’to 😎 Juankada Lance.
👉 Hit that Follow button! 

#Juan365 #Juan365Studios #ALLINJUANLIVE #juan365colorgame #fypシviralシfypシ゚ #fypageシ","In case nakalimutan mo… Gwapitong Tito ’to 😎 Juankada Lance.
👉 Hit that Follow button! 

#Juan365 #Juan365Studios #ALLINJUANLIVE #juan365colorgame #fypシviralシfypシ゚ #fypageシ",13,1/3/2026 6:02,N/A,https://www.facebook.com/reel/1524214245534093/,0,0,Videos,,,,,Lifetime,165,69,29,16,11,2,16,16,,,1085.649,11.078,0,0,0,,
1.2212E+17,6.15842E+13,Juankada Lance,"𝐅𝐨𝐨𝐝 𝐜𝐨𝐮𝐫𝐭 𝐬𝐮𝐫𝐯𝐢𝐯𝐚𝐥 𝐭𝐢𝐩:
𝐔𝐧𝐚𝐡𝐚𝐧 𝐦𝐨 𝐧𝐚 𝐚𝐧𝐠 𝐦𝐮𝐧𝐝𝐨. 𝐋𝐚𝐠𝐲𝐚𝐧 𝐦𝐨 𝐧𝐠 𝐠𝐚𝐦𝐢𝐭. 🫡

Follow for more life hacks😝

#Juan365 #Juan365Studios #ALLINJUANLIVE #juan365colorgame #JuankadaLance #fypageシ #reelsviralシ","𝐅𝐨𝐨𝐝 𝐜𝐨𝐮𝐫𝐭 𝐬𝐮𝐫𝐯𝐢𝐯𝐚𝐥 𝐭𝐢𝐩:
𝐔𝐧𝐚𝐡𝐚𝐧 𝐦𝐨 𝐧𝐚 𝐚𝐧𝐠 𝐦𝐮𝐧𝐝𝐨. 𝐋𝐚𝐠𝐲𝐚𝐧 𝐦𝐨 𝐧𝐠 𝐠𝐚𝐦𝐢𝐭. 🫡

Follow for more life hacks😝

#Juan365 #Juan365Studios #ALLINJUANLIVE #juan365colorgame #JuankadaLance #fypageシ #reelsviralシ",22,1/4/2026 5:19,N/A,https://www.facebook.com/reel/1500871050984342/,0,0,Videos,,,,,Lifetime,108,70,14,10,3,1,11,11,,,832.505,10.673,0,0,0,,
1.2212E+17,6.15842E+13,Juankada Lance,"𝐬𝐮𝐦𝐮𝐤𝐨 𝐤𝐚𝐧𝐚 𝐛𝐚𝐠𝐨 𝐩𝐚 𝐝𝐮𝐦𝐚𝐧𝐚𝐤 𝐚𝐧𝐠 𝐝𝐮𝐠𝐨🤦

👉 Follow for more kulitan at tawanan

 #Juan365 #Juan365studios #ALLINJUANLIVE #Juan365ColorGame #JuankadaLance #Reels #fypシ゚viralシfypシ゚","𝐬𝐮𝐦𝐮𝐤𝐨 𝐤𝐚𝐧𝐚 𝐛𝐚𝐠𝐨 𝐩𝐚 𝐝𝐮𝐦𝐚𝐧𝐚𝐤 𝐚𝐧𝐠 𝐝𝐮𝐠𝐨🤦

👉 Follow for more kulitan at tawanan

 #Juan365 #Juan365studios #ALLINJUANLIVE #Juan365ColorGame #JuankadaLance #Reels #fypシ゚viralシfypシ゚",32,1/4/2026 18:00,mixed,https://www.facebook.com/reel/1189692280015669/,1,0,Videos,,,,,Lifetime,1285,64,22,16,6,0,7,7,,,4629.809,3.706,0,0,0,,
1.2212E+17,6.15842E+13,Juankada Lance,"𝐉𝐮𝐚𝐧𝐤𝐚𝐝𝐚, 𝐬𝐨𝐥𝐢𝐝 𝐚𝐧𝐠 𝐚𝐫𝐚𝐰 𝐧𝐚 ’𝐭𝐨! 💥

Kamusta ang live kanina—nag-enjoy ba kayo?

#Juan365 #Juan365Studios #ALLINJUANLIVE #juan365colorgame #JuankadaLance",,0,1/5/2026 5:15,N/A,https://www.facebook.com/permalink.php?story_fbid=pfbid0tJbScNBntBkH2mPvsuXcGUHqo9gGkJPxnvBt8KupfvfWmEm2CaCmJ14tjzgHkBNSl&id=61584243275518,0,0,Photos,,,,,Lifetime,145,65,16,12,3,1,12,11,1,,,,,,,,
1.22121E+17,6.15842E+13,Juankada Lance,"𝐄𝐡𝐡? 

Surprise pala🤦

👉 Hit that Follow button!

#Juan365 #Juan365Studios #ALLINJUANLIVE #juan365colorgame #juankadalance",,0,1/5/2026 18:00,N/A,https://www.facebook.com/permalink.php?story_fbid=pfbid0K2dj849gaWp671pHEX54WmDd6YFrDcingN2d4Yj4gpS8czzR84HH8g58LAGNf9byl&id=61584243275518,0,0,Photos,,,,,Lifetime,247,116,31,21,7,3,24,13,11,,,,,,,,
1.22121E+17,6.15842E+13,Juankada Lance,"Black is not just a color… something big is happening 👀⚫
Color Game is LIVE on Juan365 app at Website🥳 

👉 Join the live now

#Juan365 #Juan365Studios #ALLINJUANLIVE #Juan365ColorGame #JuankadaLance",,0,1/6/2026 5:27,N/A,https://www.facebook.com/permalink.php?story_fbid=pfbid07BV15didSKsdftnyuAMkwWTnJKvQpcDiwQm8KYPQzexwxdgPtaurWSxPRpctmkuhl&id=61584243275518,0,0,Photos,,,,,Lifetime,177,80,23,17,5,1,6,4,2,,,,,,,,
1.22121E+17,6.15842E+13,Juankada Lance,"𝐇𝐢, 𝐢𝐭’𝐬 𝐦𝐞—𝐆𝐰𝐚𝐩𝐢𝐭𝐨𝐧𝐠 𝐓𝐢𝐭𝐨 𝐉𝐮𝐚𝐧𝐤𝐚𝐝𝐚 𝐋𝐚𝐧𝐜𝐞 👋
Nagbibigay lang ng paalala na kaya mo. Laban lang 💪✨

👉 Like at comment “KAYA KO” kung naniniwala ka sa sarili mo

 #Juan365 #Juan365Studios #ALLINJUANLIVE #Juan365ColorGame #JuankadaLance #Reels #fypchallenge","𝐇𝐢, 𝐢𝐭’𝐬 𝐦𝐞—𝐆𝐰𝐚𝐩𝐢𝐭𝐨𝐧𝐠 𝐓𝐢𝐭𝐨 𝐉𝐮𝐚𝐧𝐤𝐚𝐝𝐚 𝐋𝐚𝐧𝐜𝐞 👋
Nagbibigay lang ng paalala na kaya mo. Laban lang 💪✨

👉 Like at comment “KAYA KO” kung naniniwala ka sa sarili mo

 #Juan365 #Juan365Studios #ALLINJUANLIVE #Juan365ColorGame #JuankadaLance #Reels #fypchallenge",17,1/6/2026 18:00,N/A,https://www.facebook.com/reel/1800048733998580/,1,0,Videos,,,,,Lifetime,1310,58,12,10,2,0,3,3,,,4306.866,3.38,0,0,0,,
1.22121E+17,6.15842E+13,Juankada Lance,"𝐎𝐡! 𝐖𝐚𝐠 𝐤𝐚 𝐦𝐚𝐥𝐢𝐭𝐨 𝐧𝐚𝐬𝐚 𝐤𝐚𝐧𝐚𝐧 𝐚𝐤𝐨😅
With Sir, the one and only Dennis Trillo  😎🔥

👉 Follow for more kulitan!

 #Juan365 #Juan365Studios #ALLINJUANLIVE #Juan365ColorGame #JuankadaLance",,0,1/6/2026 20:00,N/A,https://www.facebook.com/permalink.php?story_fbid=pfbid02RKcVYuwDvBgrYGHrd8wfoPAK18XBC5gQ9P2sYaeHvQGuxggiu8JNaU45xMdn56AEl&id=61584243275518,0,0,Photos,,,,,Lifetime,289,114,25,19,5,1,13,11,2,,,,,,,,
1.22121E+17,6.15842E+13,Juankada Lance,Good morning🥳,,0,1/7/2026 17:46,N/A,https://www.facebook.com/permalink.php?story_fbid=pfbid0NDrWMnBT6JRkhRa9jP4HUpgKzBcfgwbHnhuqGevHZePT9Bu8ap22CAxiR55StfKXl&id=61584243275518,0,1,Photos,,,,,Lifetime,124,56,16,13,3,0,12,11,1,,,,,,,,
1.22121E+17,6.15842E+13,Juankada Lance,"𝐇𝐢 𝐈𝐭'𝐬 𝐦𝐞 𝐆𝐰𝐚𝐩𝐢𝐭𝐨𝐧𝐠 𝐭𝐢𝐭𝐨, 𝐉𝐮𝐚𝐧𝐤𝐚𝐝𝐚 𝐋𝐚𝐧𝐜𝐞. Na laging nag sasabing kaya mo!👌

👉 Hit that follow button for more kulitan, advice at tawanan

#Juan365 #Juan365Studios #ALLINJUANLIVE #Juan365ColorGame #JuankadaLance #fypviralシ #reelsfypシ #reels","𝐇𝐢 𝐈𝐭'𝐬 𝐦𝐞 𝐆𝐰𝐚𝐩𝐢𝐭𝐨𝐧𝐠 𝐭𝐢𝐭𝐨, 𝐉𝐮𝐚𝐧𝐤𝐚𝐝𝐚 𝐋𝐚𝐧𝐜𝐞. Na laging nag sasabing kaya mo!👌

👉 Hit that follow button for more kulitan, advice at tawanan

#Juan365 #Juan365Studios #ALLINJUANLIVE #Juan365ColorGame #JuankadaLance #fypviralシ #reelsfypシ #reels",24,1/7/2026 17:54,N/A,https://www.facebook.com/reel/1423181262553499/,0,0,Videos,,,,,Lifetime,1605,80,29,23,6,0,11,11,,,5535.022,3.568,0,0,0,,
1.22121E+17,6.15842E+13,Juankada Lance,"𝐇𝐢, 𝐢𝐭’𝐬 𝐦𝐞 𝐆𝐰𝐚𝐩𝐢𝐭𝐨𝐧𝐠 𝐓𝐢𝐭𝐨, 𝐉𝐮𝐚𝐧𝐤𝐚𝐝𝐚 𝐋𝐚𝐧𝐜𝐞 😎

Ang magbibigay ng saya, swerte, at walang katapusang tawanan! 🎉🍀

🎥 Watch Color Game LIVE sa Juan365 App & Website!

#Juan365 #Juan365Studios #ALLINJUANLIVE #Juan365ColorGame #JuankadaLance #fypviralシ #fyp",,0,1/8/2026 3:07,N/A,https://www.facebook.com/permalink.php?story_fbid=pfbid02viAUN9qbugrS6zgqe95AqoFXP8eiQpbJQopuGYbexWzPr7fNVMhAJ2UHR8wNczZjl&id=61584243275518,0,0,Photos,,,,,Lifetime,177,85,31,24,6,1,20,19,1,,,,,,,,
1.22121E+17,6.15842E+13,Juankada Lance,"Syempre dun tayo sa positive ""𝐂𝐎𝐍𝐅𝐈𝐃𝐄𝐍𝐓""🤦✨

👉𝐖𝐚𝐭𝐜𝐡 𝐂𝐨𝐥𝐨𝐫 𝐆𝐚𝐦𝐞 𝐥𝐢𝐯𝐞 𝐚𝐭 Juan365  𝐚𝐩𝐩 𝐚𝐭 𝐖𝐞𝐛𝐬𝐢𝐭𝐞.

#Juan365 #Juan365Studios #ALLINJUANLIVE #Juan365ColorGame #JuankadaLance #fypreelsシviralシ #fypchallenge #reelsfypシ","Syempre dun tayo sa positive ""𝐂𝐎𝐍𝐅𝐈𝐃𝐄𝐍𝐓""🤦✨

👉𝐖𝐚𝐭𝐜𝐡 𝐂𝐨𝐥𝐨𝐫 𝐆𝐚𝐦𝐞 𝐥𝐢𝐯𝐞 𝐚𝐭 @[61572881214141:2048:Juan365]  𝐚𝐩𝐩 𝐚𝐭 𝐖𝐞𝐛𝐬𝐢𝐭𝐞.

#Juan365 #Juan365Studios #ALLINJUANLIVE #Juan365ColorGame #JuankadaLance #fypreelsシviralシ #fypchallenge #reelsfypシ",10,1/8/2026 18:00,mixed,https://www.facebook.com/reel/1203161674631685/,1,0,Videos,,,,,Lifetime,1188,62,23,18,4,1,7,7,,,3835.398,3.367,0,0,0,,
1.22121E+17,6.15842E+13,Juankada Lance,"𝐁𝐄𝐇𝐈𝐍𝐃 𝐓𝐇𝐄 𝐒𝐂𝐄𝐍𝐄 kulitan at kwentuhan With Ms. Loisa Andalio and Juankada Papa Joe.💖

Juankada ikaw ano ang gusto mo makita sa likod ng camera ng mga Juankada hosts🎬🎥

#Juan365 #Juan365Studios #ALLINJUANLIVE #Juan365ColorGame #JuankadaLance #fypreelsシviralシ #fypchallenge #reelsfypシ",,0,1/9/2026 18:00,N/A,https://www.facebook.com/permalink.php?story_fbid=pfbid02smFViDKQrK2pJE4EBMZ3iCM85dPgvobTs8ZfKbdnMPvuE5jg4rmQis1sjz9LCedEl&id=61584243275518,0,0,Photos,,,,,Lifetime,178,73,25,19,3,3,11,7,4,,,,,,,,
1.22121E+17,6.15842E+13,Juankada Lance,"𝐓𝐚𝐧𝐠𝐠𝐚𝐥 𝐚𝐧𝐠 𝐚𝐧𝐠𝐚𝐬 𝐤𝐚𝐡𝐢𝐭 𝐰𝐚𝐥𝐚 𝐩𝐚𝐧𝐠 𝟏𝟎𝐩𝐦😅🤦

👉 Watch Color game live sa Juan365 app at Website

 #Juan365 #Juan365Studios #ALLINJUANLIVE #Juan365ColorGame #JuankadaLance #fypreelsシviralシ #fypchallenge #Reels","𝐓𝐚𝐧𝐠𝐠𝐚𝐥 𝐚𝐧𝐠 𝐚𝐧𝐠𝐚𝐬 𝐤𝐚𝐡𝐢𝐭 𝐰𝐚𝐥𝐚 𝐩𝐚𝐧𝐠 𝟏𝟎𝐩𝐦😅🤦

👉 Watch Color game live sa Juan365 app at Website

 #Juan365 #Juan365Studios #ALLINJUANLIVE #Juan365ColorGame #JuankadaLance #fypreelsシviralシ #fypchallenge #Reels",10,1/10/2026 4:00,mixed,https://www.facebook.com/reel/1235525328455149/,1,0,Videos,,,,,Lifetime,1020,58,22,17,4,1,11,11,,,710.122,2.72,0,0,0,,
1.22121E+17,6.15842E+13,Juankada Lance,"𝐆𝐫𝐚𝐛𝐢 𝐧𝐚 𝐭𝐚𝐥𝐚𝐠𝐚 𝐀𝐈 𝐧𝐠𝐚𝐲𝐮𝐧 𝐉𝐮𝐚𝐧𝐤𝐚𝐝𝐚!
👉Hit that follow button for more kulitan at tawanan!

 #Juan365 #Juan365Studios #ALLINJUANLIVE #Juan365ColorGame #JuankadaLance #Reels #reelsfypシ #fypchallenge #fypreelsシviralシ","𝐆𝐫𝐚𝐛𝐢 𝐧𝐚 𝐭𝐚𝐥𝐚𝐠𝐚 𝐀𝐈 𝐧𝐠𝐚𝐲𝐮𝐧 𝐉𝐮𝐚𝐧𝐤𝐚𝐝𝐚!
👉Hit that follow button for more kulitan at tawanan!

 #Juan365 #Juan365Studios #ALLINJUANLIVE #Juan365ColorGame #JuankadaLance #Reels #reelsfypシ #fypchallenge #fypreelsシviralシ",9,1/10/2026 20:00,N/A,https://www.facebook.com/reel/2076194503176300/,1,0,Videos,,,,,Lifetime,798,49,16,12,4,0,9,9,,,632.124,3.192,0,0,0,,
1.22121E+17,6.15842E+13,Juankada Lance,"𝐇𝐢 𝐢𝐭'𝐬 𝐦𝐞 𝐆𝐰𝐚𝐩𝐢𝐭𝐨𝐧𝐠 𝐭𝐢𝐭𝐨, 𝐉𝐮𝐚𝐧𝐤𝐚𝐝𝐚 𝐋𝐚𝐧𝐜𝐞!
with special guest Sir  James Reid   and the one and only Juankada Papa Joe !🎥🎬

👉 Play Color Game live at Juan365 app at Website

 #Juan365 #Juan365Studios #AllInJuanSaSaya #Juan365ColorGame #JamesReid #JuankadaLance #JuankadaPapaJoe #Reels #fypchallenge #fypシ゚viralシfypシ゚ #fypシviralシfypシ゚","𝐇𝐢 𝐢𝐭'𝐬 𝐦𝐞 𝐆𝐰𝐚𝐩𝐢𝐭𝐨𝐧𝐠 𝐭𝐢𝐭𝐨, 𝐉𝐮𝐚𝐧𝐤𝐚𝐝𝐚 𝐋𝐚𝐧𝐜𝐞!
with special guest Sir  @[100079635633924:2048:James Reid]   and the one and only @[61584233476725:2048:Juankada Papa Joe] !🎥🎬

👉 Play Color Game live at Juan365 app at Website

 #Juan365 #Juan365Studios #AllInJuanSaSaya #Juan365ColorGame #JamesReid #JuankadaLance #JuankadaPapaJoe #Reels #fypchallenge #fypシ゚viralシfypシ゚ #fypシviralシfypシ゚",12,1/11/2026 4:00,mixed,https://www.facebook.com/reel/1207650407464594/,1,0,Videos,,,,,Lifetime,1160,84,26,22,3,1,11,11,,,944.33,2.978,0,0,0,,
1.22121E+17,6.15842E+13,Juankada Lance,"𝐐𝐮𝐢𝐜𝐤 𝐑𝐞𝐜𝐚𝐩 👀
𝐊𝐨𝐧𝐭𝐢𝐧𝐠 𝐛𝐚𝐥𝐢𝐤-𝐭𝐚𝐧𝐚𝐰 𝐬𝐚 𝐦𝐠𝐚 𝐠𝐚𝐧𝐚𝐩 𝐧𝐚 𝐧𝐚𝐠𝐩𝐚-𝐢𝐧𝐠𝐚𝐲 𝐧𝐢𝐭𝐨𝐧𝐠 𝐦𝐠𝐚 𝐚𝐫𝐚𝐰 🔥

👉 Alin sa mga moments na ito ang fave mo? Comment na! 👀

 #Juan365 #Juan365Studios #ALLINJUANLIVE #Juan365ColorGame #JuankadaLance #Reels #AllInJuanSaSaya #fypシviralシfypシ゚ #reelsfypシ","𝐐𝐮𝐢𝐜𝐤 𝐑𝐞𝐜𝐚𝐩 👀
𝐊𝐨𝐧𝐭𝐢𝐧𝐠 𝐛𝐚𝐥𝐢𝐤-𝐭𝐚𝐧𝐚𝐰 𝐬𝐚 𝐦𝐠𝐚 𝐠𝐚𝐧𝐚𝐩 𝐧𝐚 𝐧𝐚𝐠𝐩𝐚-𝐢𝐧𝐠𝐚𝐲 𝐧𝐢𝐭𝐨𝐧𝐠 𝐦𝐠𝐚 𝐚𝐫𝐚𝐰 🔥

👉 Alin sa mga moments na ito ang fave mo? Comment na! 👀

 #Juan365 #Juan365Studios #ALLINJUANLIVE #Juan365ColorGame #JuankadaLance #Reels #AllInJuanSaSaya #fypシviralシfypシ゚ #reelsfypシ",16,1/11/2026 18:00,mixed,https://www.facebook.com/reel/1220645953361714/,1,0,Videos,,,,,Lifetime,1046,47,16,16,0,0,2,2,,,426.115,1.732,0,0,0,,
1.22121E+17,6.15842E+13,Juankada Lance,"No color needed.𝐅𝐢𝐞𝐫𝐜𝐞 𝐥𝐨𝐨𝐤𝐬 𝐛𝐞𝐭𝐭𝐞𝐫 𝐢𝐧 𝐛𝐥𝐚𝐜𝐤 & 𝐰𝐡𝐢𝐭𝐞😏🖤🤍

Comment 🖤🤍 if you agree 👇

#Juan365 #Juan365Studios #ALLINJUANLIVE #Juan365ColorGame #JuankadaLance #fypreelsシviralシ #fypchallenge #reelsfypシ",,0,1/11/2026 21:00,N/A,https://www.facebook.com/permalink.php?story_fbid=pfbid032NzjRcz756vbqBEWDqziEzN3SmtLgtYHAwLmUttivVjkTyvvThfCaqJe9VWS2e8Vl&id=61584243275518,0,0,Photos,,,,,Lifetime,205,82,27,21,5,1,14,10,4,,,,,,,,
1.22122E+17,6.15842E+13,Juankada Lance,"𝐀𝐧𝐨 𝐛𝐚’𝐧𝐠 𝐧𝐢𝐥𝐚𝐦𝐚𝐧𝐠 𝐧𝐢𝐲𝐚 𝐬𝐚’𝐤𝐢𝐧?🤔

Sabihin mo nga sa comment section 👇😂

#Juan365 #Juan365Studios #ALLINJUANLIVE #Juan365ColorGame #JuankadaLance #fypreelsシviralシ #fypchallenge #reelsfypシ","𝐀𝐧𝐨 𝐛𝐚’𝐧𝐠 𝐧𝐢𝐥𝐚𝐦𝐚𝐧𝐠 𝐧𝐢𝐲𝐚 𝐬𝐚’𝐤𝐢𝐧?🤔

Sabihin mo nga sa comment section 👇😂

#Juan365 #Juan365Studios #ALLINJUANLIVE #Juan365ColorGame #JuankadaLance #fypreelsシviralシ #fypchallenge #reelsfypシ",13,1/12/2026 18:00,mixed,https://www.facebook.com/reel/769417412846516/,1,0,Videos,,,,,Lifetime,1408,60,29,18,8,3,9,9,,,857.932,2.56,0,0,0,,
1.22122E+17,6.15842E+13,Juankada Lance,"𝐆𝐰𝐚𝐩𝐢𝐭𝐨𝐧𝐠 𝐓𝐢𝐭𝐨, 𝐉𝐮𝐚𝐧𝐤𝐚𝐝𝐚 𝐋𝐚𝐧𝐜𝐞 😎
Good vibes, swerte at tawanan ✨

👉 Watch Color Game LIVE sa Juan365 app & website
👉 Follow for more!

#Juan365 #Juan365Studios #ALLINJUANLIVE #Juan365ColorGame #JuankadaLance #fypreelsシviralシ #fypchallenge #reelsfypシ","𝐆𝐰𝐚𝐩𝐢𝐭𝐨𝐧𝐠 𝐓𝐢𝐭𝐨, 𝐉𝐮𝐚𝐧𝐤𝐚𝐝𝐚 𝐋𝐚𝐧𝐜𝐞 😎
Good vibes, swerte at tawanan ✨

👉 Watch Color Game LIVE sa Juan365 app & website
👉 Follow for more!

#Juan365 #Juan365Studios #ALLINJUANLIVE #Juan365ColorGame #JuankadaLance #fypreelsシviralシ #fypchallenge #reelsfypシ",15,1/12/2026 22:00,N/A,https://www.facebook.com/reel/1201162421558939/,0,0,Videos,,,,,Lifetime,1014,74,26,20,5,1,6,6,,,653.91,2.386,0,0,0,,
1.22122E+17,6.15842E+13,Juankada Lance,"𝐁𝐈𝐍𝐈 𝐤𝐚𝐛𝐚𝐡𝐚𝐧 𝐧𝐚 𝐤𝐚𝐲𝐨...🫢
Dahil nandito na ang BINI-Birocha🤪

Kidding aside, what a fun, wild, at extra vibey day! 😍💖

#Juan365 #Juan365Studios #ALLINJUANLIVE #Juan365ColorGame #JuankadaLance #fypreelsシviralシ #fypchallenge #reelsfypシ",,0,1/13/2026 8:18,N/A,https://www.facebook.com/permalink.php?story_fbid=pfbid0Wd9eS5oqUcjGnNHggpwqzxuJ6PAM2SrGjFogWoXFHvjbdEtfSiPB5GhgEfWnQuCSl&id=61584243275518,0,0,Photos,,,,,Lifetime,226,76,23,18,3,2,12,4,8,,,,,,,1,
1.22122E+17,6.15842E+13,Juankada Lance,"𝐋𝐚𝐧𝐜𝐞 𝐦𝐞𝐧𝐭𝐚𝐥𝐢𝐭𝐲 𝐢𝐬 𝐪𝐮𝐚𝐥𝐢𝐭𝐲!

👉 Follow for more kulitan

 #Juan365 #Juan365Studios #ALLINJUANLIVE #Juan365ColorGame #JuankadaLance #Reels #AllInJuanSaSaya #fypシviralシfypシ #reelsfypシ #Lancementality","𝐋𝐚𝐧𝐜𝐞 𝐦𝐞𝐧𝐭𝐚𝐥𝐢𝐭𝐲 𝐢𝐬 𝐪𝐮𝐚𝐥𝐢𝐭𝐲!

👉 Follow for more kulitan

 #Juan365 #Juan365Studios #ALLINJUANLIVE #Juan365ColorGame #JuankadaLance #Reels #AllInJuanSaSaya #fypシviralシfypシ #reelsfypシ #Lancementality",16,1/13/2026 18:00,N/A,https://www.facebook.com/reel/861551950129221/,1,0,Videos,,,,,Lifetime,990,56,22,15,5,2,2,2,,,587.438,2.34,0,0,0,,
1.22122E+17,6.15842E+13,Juankada Lance,"𝐊𝐚𝐥𝐦𝐚𝐝𝐨 𝐩𝐞𝐫𝐨 𝐬𝐨𝐥𝐢𝐝 😎
𝐒𝐰𝐞𝐫𝐭𝐞 𝐬𝐮𝐦𝐚𝐬𝐚𝐛𝐚𝐲🔥

👉 Color Game LIVE sa Juan365

#Juan365 #Juan365Studios #ALLINJUANLIVE #Juan365ColorGame #JuankadaLance #fypreelsシviralシ #fypchallenge #reelsfypシ","𝐊𝐚𝐥𝐦𝐚𝐝𝐨 𝐩𝐞𝐫𝐨 𝐬𝐨𝐥𝐢𝐝 😎
𝐒𝐰𝐞𝐫𝐭𝐞 𝐬𝐮𝐦𝐚𝐬𝐚𝐛𝐚𝐲🔥

👉 Color Game LIVE sa Juan365

#Juan365 #Juan365Studios #ALLINJUANLIVE #Juan365ColorGame #JuankadaLance #fypreelsシviralシ #fypchallenge #reelsfypシ",24,1/13/2026 20:05,N/A,https://www.facebook.com/reel/24885109661162451/,0,0,Videos,,,,,Lifetime,1111,74,24,16,7,1,9,9,,,1046.505,3.621,0,0,0,,
1.22122E+17,6.15842E+13,Juankada Lance,"𝐒𝐚𝐛𝐢 𝐧𝐢𝐥𝐚, 𝐦𝐨𝐧𝐞𝐲 𝐜𝐚𝐧’𝐭 𝐛𝐮𝐲 𝐡𝐚𝐩𝐩𝐢𝐧𝐞𝐬𝐬… 🤦

Agree ka ba? Comment below 👇 

#Juan365 #Juan365Studios #ALLINJUANLIVE #Juan365ColorGame #JuankadaLance #japan #fypageシ #fypシ゚viralシfypシ゚viralシalシ #reelschallenge","𝐒𝐚𝐛𝐢 𝐧𝐢𝐥𝐚, 𝐦𝐨𝐧𝐞𝐲 𝐜𝐚𝐧’𝐭 𝐛𝐮𝐲 𝐡𝐚𝐩𝐩𝐢𝐧𝐞𝐬𝐬… 🤦

Agree ka ba? Comment below 👇 

#Juan365 #Juan365Studios #ALLINJUANLIVE #Juan365ColorGame #JuankadaLance #japan #fypageシ #fypシ゚viralシfypシ゚viralシalシ #reelschallenge",16,1/14/2026 4:00,mixed,https://www.facebook.com/reel/898674322630561/,1,0,Videos,,,,,Lifetime,1234,51,18,14,2,2,1,1,,,4045.092,3.318,0,0,0,,
1.22122E+17,6.15842E+13,Juankada Lance,"𝐎𝐨𝐨𝐩𝐩𝐬𝐬! 𝐉𝐮𝐚𝐧𝐤𝐚𝐝𝐚, 𝐚𝐧𝐨 𝐛𝐚’𝐧𝐠 𝐧𝐚𝐦𝐚𝐧 𝐲𝐚𝐧, 𝐬𝐰𝐨𝐫𝐝 𝐟𝐢𝐠𝐡𝐭? 😂⚔️

sino sa tingin mo panalo! 👇🤣

#Juan365 #Juan365Studios #ALLINJUANLIVE #Juan365ColorGame #JuankadaLance #fypreelsシviralシ #fypchallenge #reelsfypシ","𝐎𝐨𝐨𝐩𝐩𝐬𝐬! 𝐉𝐮𝐚𝐧𝐤𝐚𝐝𝐚, 𝐚𝐧𝐨 𝐛𝐚’𝐧𝐠 𝐧𝐚𝐦𝐚𝐧 𝐲𝐚𝐧, 𝐬𝐰𝐨𝐫𝐝 𝐟𝐢𝐠𝐡𝐭? 😂⚔️

sino sa tingin mo panalo! 👇🤣

#Juan365 #Juan365Studios #ALLINJUANLIVE #Juan365ColorGame #JuankadaLance #fypreelsシviralシ #fypchallenge #reelsfypシ",16,1/14/2026 18:00,mixed,https://www.facebook.com/reel/1562547765488978/,1,0,Videos,,,,,Lifetime,1733,65,29,20,6,3,20,20,,,5961.743,3.559,0,0,0,,
1.22122E+17,6.15842E+13,Juankada Lance,"Juankada Shann  𝐠𝐢𝐯𝐢𝐧𝐠 𝐢𝐭 𝐚𝐥𝐥 😂
𝐋𝐞𝐭’𝐬 𝐣𝐮𝐬𝐭 𝐜𝐚𝐥𝐥 𝐢𝐭 𝐭𝐡𝐞 𝐥𝐮𝐜𝐤𝐲 𝐝𝐚𝐧𝐜𝐞 🍀.

Drop a 🕺 if this brought you good vibes today

#Juan365 #Juan365Studios #AllInJuanSaSaya #Juan365ColorGame #JuankadaLance #JuankadaShann #fyp #fypviralシ #reelsviral #reels","@[61584482528597:2048:Juankada Shann]  𝐠𝐢𝐯𝐢𝐧𝐠 𝐢𝐭 𝐚𝐥𝐥 😂
𝐋𝐞𝐭’𝐬 𝐣𝐮𝐬𝐭 𝐜𝐚𝐥𝐥 𝐢𝐭 𝐭𝐡𝐞 𝐥𝐮𝐜𝐤𝐲 𝐝𝐚𝐧𝐜𝐞 🍀.

Drop a 🕺 if this brought you good vibes today

#Juan365 #Juan365Studios #AllInJuanSaSaya #Juan365ColorGame #JuankadaLance #JuankadaShann #fyp #fypviralシ #reelsviral #reels",10,1/14/2026 21:50,N/A,https://www.facebook.com/reel/1896158084626772/,0,0,Videos,,,,,Lifetime,1321,65,35,20,11,4,13,13,,,4617.034,3.678,0,0,0,,
1.22122E+17,6.15842E+13,Juankada Lance,"𝐇𝐞𝐲 𝐉𝐮𝐚𝐧𝐤𝐚𝐝𝐚, 𝐢𝐭’𝐬 𝐦𝐞, 𝐆𝐰𝐚𝐩𝐢𝐭𝐨𝐧𝐠 𝐓𝐢𝐭𝐨, 𝐋𝐚𝐧𝐜𝐞 😏💙

Good morning, Juankada! 😄☕
Smile muna ✨ Kamusta tulog niyo?

#Juan365 #Juan365Studios #ALLINJUANLIVE #Juan365ColorGame #JuankadaLance #fypageシ #fypシ゚viralシfypシ゚viralシalシ #reelschallenge","𝐇𝐞𝐲 𝐉𝐮𝐚𝐧𝐤𝐚𝐝𝐚, 𝐢𝐭’𝐬 𝐦𝐞, 𝐆𝐰𝐚𝐩𝐢𝐭𝐨𝐧𝐠 𝐓𝐢𝐭𝐨, 𝐋𝐚𝐧𝐜𝐞 😏💙

Good morning, Juankada! 😄☕
Smile muna ✨ Kamusta tulog niyo?

#Juan365 #Juan365Studios #ALLINJUANLIVE #Juan365ColorGame #JuankadaLance #fypageシ #fypシ゚viralシfypシ゚viralシalシ #reelschallenge",10,1/15/2026 4:00,N/A,https://www.facebook.com/reel/1624591308990899/,1,0,Videos,,,,,Lifetime,2016,64,23,15,7,1,15,15,,,6666.736,3.431,0,0,0,,
1.22122E+17,6.15842E+13,Juankada Lance,"𝐰𝐚𝐥𝐚𝐧𝐠 𝐢𝐛𝐚 𝐤𝐮𝐧𝐝𝐢 𝐬𝐢 𝐆𝐰𝐚𝐩𝐢𝐭𝐨𝐧𝐠 𝐭𝐢𝐭𝐨, 𝐉𝐮𝐚𝐧𝐤𝐚𝐝𝐚 𝐋𝐚𝐧𝐜𝐞 𝐧𝐠 𝐉𝐮𝐚𝐧𝟑𝟔𝟓😆 

#Juan365 #Juan365Studios #ALLINJUANLIVE #Juan365ColorGame #JuankadaLance #fyp #reels #foryourpage","𝐰𝐚𝐥𝐚𝐧𝐠 𝐢𝐛𝐚 𝐤𝐮𝐧𝐝𝐢 𝐬𝐢 𝐆𝐰𝐚𝐩𝐢𝐭𝐨𝐧𝐠 𝐭𝐢𝐭𝐨, 𝐉𝐮𝐚𝐧𝐤𝐚𝐝𝐚 𝐋𝐚𝐧𝐜𝐞 𝐧𝐠 𝐉𝐮𝐚𝐧𝟑𝟔𝟓😆 

#Juan365 #Juan365Studios #ALLINJUANLIVE #Juan365ColorGame #JuankadaLance #fyp #reels #foryourpage",16,1/15/2026 18:00,mixed,https://www.facebook.com/reel/1945685023043136/,1,0,Videos,,,,,Lifetime,1455,50,18,14,3,1,6,6,,,4650.729,3.24,0,0,0,,
1.22122E+17,6.15842E+13,Juankada Lance,"𝐔𝐦𝐚𝐭𝐚𝐤𝐞 𝐧𝐚𝐧𝐚𝐦𝐚𝐧 𝐬𝐢 𝐆𝐰𝐚𝐩𝐢𝐭𝐨𝐧𝐠 𝐭𝐢𝐭𝐨
𝐚𝐤𝐢𝐧 𝐤𝐚𝐧𝐚𝐥𝐚𝐧𝐠 𝐤𝐚𝐲𝐚?🫢

#Juan365 #Juan365Studios #ALLINJUANLIVE #Juan365ColorGame #JuankadaLance  #fyp #foryourpage #reels #reelsfypシ #boyfriend","𝐔𝐦𝐚𝐭𝐚𝐤𝐞 𝐧𝐚𝐧𝐚𝐦𝐚𝐧 𝐬𝐢 𝐆𝐰𝐚𝐩𝐢𝐭𝐨𝐧𝐠 𝐭𝐢𝐭𝐨
𝐚𝐤𝐢𝐧 𝐤𝐚𝐧𝐚𝐥𝐚𝐧𝐠 𝐤𝐚𝐲𝐚?🫢

#Juan365 #Juan365Studios #ALLINJUANLIVE #Juan365ColorGame #JuankadaLance  #fyp #foryourpage #reels #reelsfypシ #boyfriend",16,1/15/2026 22:00,N/A,https://www.facebook.com/reel/861767516639842/,1,0,Videos,,,,,Lifetime,1286,58,20,15,3,2,10,10,,,4275.963,3.39,0,0,0,,
1.22122E+17,6.15842E+13,Juankada Lance,"𝐎 𝐬𝐢𝐲𝐚 𝐬𝐢𝐠𝐞 𝐬𝐚𝐲𝐨 𝐧𝐚... 𝐩𝐚𝐠 𝐧𝐚𝐤𝐮𝐡𝐚 𝐦𝐨😜

👉🏼 Follow for more kulitan

#Juan365 #Juan365Studios #ALLINJUANLIVE #Juan365ColorGame #JuankadaLance  #fyp #foryourpage #reels #reelsfypシ","𝐎 𝐬𝐢𝐲𝐚 𝐬𝐢𝐠𝐞 𝐬𝐚𝐲𝐨 𝐧𝐚... 𝐩𝐚𝐠 𝐧𝐚𝐤𝐮𝐡𝐚 𝐦𝐨😜

👉🏼 Follow for more kulitan

#Juan365 #Juan365Studios #ALLINJUANLIVE #Juan365ColorGame #JuankadaLance  #fyp #foryourpage #reels #reelsfypシ",15,1/16/2026 4:00,uploaded,https://www.facebook.com/reel/1456563709164330/,1,0,Videos,,,,,Lifetime,1409,52,22,13,9,0,10,10,,,4825.431,3.537,0,0,0,,
1.22122E+17,6.15842E+13,Juankada Lance,"𝐆𝐮𝐬𝐭𝐨 𝐦𝐨 𝐦𝐚𝐥𝐚𝐦𝐚𝐧 𝐩𝐚𝐧𝐨 𝐦𝐚𝐧𝐚𝐥𝐨 𝐧𝐠 𝐢𝐬𝐚𝐧𝐠 𝐦𝐢𝐥𝐲𝐨𝐧 𝐬𝐚 𝐂𝐨𝐥𝐨𝐫 𝐆𝐚𝐦𝐞? 😏

watch till the end and make sure to check out Color game live sa Juan365 app at Website.👌🏼

#Juan365 #Juan365Studios #ALLINJUANLIVE #Juan365ColorGame #JuankadaLance  #fyp #foryourpage #reels #reelsfypシ","𝐆𝐮𝐬𝐭𝐨 𝐦𝐨 𝐦𝐚𝐥𝐚𝐦𝐚𝐧 𝐩𝐚𝐧𝐨 𝐦𝐚𝐧𝐚𝐥𝐨 𝐧𝐠 𝐢𝐬𝐚𝐧𝐠 𝐦𝐢𝐥𝐲𝐨𝐧 𝐬𝐚 𝐂𝐨𝐥𝐨𝐫 𝐆𝐚𝐦𝐞? 😏

watch till the end and make sure to check out Color game live sa Juan365 app at Website.👌🏼

#Juan365 #Juan365Studios #ALLINJUANLIVE #Juan365ColorGame #JuankadaLance  #fyp #foryourpage #reels #reelsfypシ",108,1/16/2026 17:00,N/A,https://www.facebook.com/reel/3945971219027816/,1,0,Videos,,,,,Lifetime,1620,57,1041,1027,11,3,7,7,,,6040.813,3.804,0,0,0,,
1.22122E+17,6.15842E+13,Juankada Lance,"𝐇𝐚𝐡𝐚, 𝐬𝐞𝐫𝐲𝐨𝐬𝐨, 𝐢𝐤𝐚𝐰 𝐝𝐢𝐧 𝐛𝐚, 𝐩𝐚𝐫𝐚𝐧𝐠 𝐠𝐚𝐧𝐢𝐭𝐨 𝐧𝐚 𝐫𝐢𝐧? 😆

#Juan365 #Juan365Studios #ALLINJUANLIVE #Juan365ColorGame #JuankadaLance  #fyp #foryourpage #reels #reelsfypシ","𝐇𝐚𝐡𝐚, 𝐬𝐞𝐫𝐲𝐨𝐬𝐨, 𝐢𝐤𝐚𝐰 𝐝𝐢𝐧 𝐛𝐚, 𝐩𝐚𝐫𝐚𝐧𝐠 𝐠𝐚𝐧𝐢𝐭𝐨 𝐧𝐚 𝐫𝐢𝐧? 😆

#Juan365 #Juan365Studios #ALLINJUANLIVE #Juan365ColorGame #JuankadaLance  #fyp #foryourpage #reels #reelsfypシ",52,1/16/2026 20:00,mixed,https://www.facebook.com/reel/4241900842756555/,1,0,Videos,,,,,Lifetime,1314,79,44,21,15,8,9,9,,,5327.474,4.168,0,0,0,,
1.22122E+17,6.15842E+13,Juankada Lance,"𝐌𝐚𝐬𝐚𝐫𝐚𝐩 𝐚𝐧𝐠 𝐥𝐢𝐛𝐫𝐞 𝐡𝐞𝐡𝐞🤪
Sign na ito para i-tag ang manlilibre sayo😜

#Juan365 #Juan365Studios #ALLINJUANLIVE #Juan365ColorGame #JuankadaLance","𝐌𝐚𝐬𝐚𝐫𝐚𝐩 𝐚𝐧𝐠 𝐥𝐢𝐛𝐫𝐞 𝐡𝐞𝐡𝐞🤪
Sign na ito para i-tag ang manlilibre sayo😜

#Juan365 #Juan365Studios #ALLINJUANLIVE #Juan365ColorGame #JuankadaLance",19,1/17/2026 9:00,mixed,https://www.facebook.com/reel/875301978531610/,1,0,Videos,,,,,Lifetime,1593,46,18,13,3,2,4,4,,,5409.877,3.456,0,0,0,,
1.22122E+17,6.15842E+13,Juankada Lance,"𝐆𝐰𝐚𝐩𝐢𝐭𝐨𝐧𝐠 𝐭𝐢𝐭𝐨 𝐧𝐚 𝐧𝐚𝐠-𝐨𝐮𝐭𝐟𝐢𝐭 𝐜𝐡𝐞𝐜𝐤! 😏🔥

#Juan365 #Juan365Studios #ALLINJUANLIVE #Juan365ColorGame #JuankadaLance #fouryouシ #foryoupageシ  #reelschallenge","𝐆𝐰𝐚𝐩𝐢𝐭𝐨𝐧𝐠 𝐭𝐢𝐭𝐨 𝐧𝐚 𝐧𝐚𝐠-𝐨𝐮𝐭𝐟𝐢𝐭 𝐜𝐡𝐞𝐜𝐤! 😏🔥

#Juan365 #Juan365Studios #ALLINJUANLIVE #Juan365ColorGame #JuankadaLance #fouryouシ #foryoupageシ  #reelschallenge",17,1/17/2026 20:00,mixed,https://www.facebook.com/reel/1980684306182140/,1,0,Videos,,,,,Lifetime,1437,87,39,26,10,3,9,9,,,5259.957,3.8,0,0,0,,
1.22122E+17,6.15842E+13,Juankada Lance,"𝐅𝐨𝐫𝐞𝐬𝐡𝐚𝐝𝐨𝐰𝐢𝐧𝐠? 🤔 𝐁𝐚𝐤𝐚 𝐧𝐚𝐬𝐚 𝐰𝐡𝐢𝐭𝐞 𝐧𝐚 𝐚𝐧𝐠 𝐥𝐮𝐜𝐤! 🍀✨

#Juan365 #Juan365Studios #ALLINJUANLIVE #Juan365ColorGame #JuankadaLance #JuankadaEllise #JuankadaIkay",,0,1/18/2026 5:18,N/A,https://www.facebook.com/permalink.php?story_fbid=pfbid0ZP9ThihAQ6QNKhETXQG3rDKEFcAHmYUWsaWyTDmmehj1TkXvzRepo4hWjk9ncD6l&id=61584243275518,0,0,Photos,,,,,Lifetime,301,141,25,17,4,4,15,10,5,,,,,,,,
1.22122E+17,6.15842E+13,Juankada Lance,"𝐓𝐞𝐤𝐚 𝐥𝐚𝐧𝐠 𝐧𝐚𝐦𝐚𝐧 𝐩𝐨 𝐮𝐛𝐮𝐬𝐢𝐧 𝐤𝐨 𝐥𝐚𝐧𝐠 𝐭𝐨😅

#Juan365 #Juan365Studios  #AllInJuanSaSaya #ALLINJUANLIVE #Juan365ColorGame #JuankadaLance #trendingreelsvideo #fypシ゚viralシfypシ゚ #fypシviralシfypシ゚","𝐓𝐞𝐤𝐚 𝐥𝐚𝐧𝐠 𝐧𝐚𝐦𝐚𝐧 𝐩𝐨 𝐮𝐛𝐮𝐬𝐢𝐧 𝐤𝐨 𝐥𝐚𝐧𝐠 𝐭𝐨😅

#Juan365 #Juan365Studios  #AllInJuanSaSaya #ALLINJUANLIVE #Juan365ColorGame #JuankadaLance #trendingreelsvideo #fypシ゚viralシfypシ゚ #fypシviralシfypシ゚",16,1/18/2026 17:00,mixed,https://www.facebook.com/reel/3556154664526659/,1,0,Videos,,,,,Lifetime,161,85,29,22,6,1,14,14,,,1192.663,12.047,0,0,0,,
1.22122E+17,6.15842E+13,Juankada Lance,"𝐋𝐚𝐬𝐭 𝐧𝐢𝐠𝐡𝐭 𝐰𝐚𝐬 𝐨𝐧𝐞 𝐟𝐨𝐫 𝐭𝐡𝐞 𝐛𝐨𝐨𝐤𝐬. 👊🔥

#Juan365 #Juan365Studios #ALLINJUANLIVE #Juan365ColorGame #oneforthebooks",,0,1/18/2026 20:00,N/A,https://www.facebook.com/permalink.php?story_fbid=pfbid0VWw9Lv2MbUsk47qVuT4RVTpt1KR6HZVDPXQiiS1nnYJ9CNLUHCY5b6jQSG8fvTZQl&id=61584243275518,0,0,Photos,,,,,Lifetime,139,73,26,20,3,3,1,,1,,,,,,,,
1.22123E+17,6.15842E+13,Juankada Lance,apaka kulit...😅🤣,,0,1/19/2026 11:11,N/A,https://www.facebook.com/permalink.php?story_fbid=pfbid0LVP4BKpnzakCCb9tUuu7Uewc8KscTFhcjFyLPwvyvGFhP9Yyi8me5h5gKLe1Vwyzl&id=61584243275518,0,1,Text,,,,,Lifetime,62,54,14,11,3,0,6,6,,,,,,,,,
1.22123E+17,6.15842E+13,Juankada Lance,"𝐀 𝐛𝐞𝐚𝐮𝐭𝐢𝐟𝐮𝐥 𝐦𝐨𝐫𝐧𝐢𝐧𝐠 𝐭𝐨 𝐲𝐨𝐮, 𝐚 𝐠𝐥𝐢𝐦𝐩𝐬𝐞 𝐨𝐟 𝐬𝐮𝐧𝐬𝐡𝐢𝐧𝐞 𝐚𝐧𝐝 𝐠𝐨𝐨𝐝 𝐯𝐢𝐛𝐞𝐬 ☀️😎

#Juan365 #Juan365Studios #ALLINJUANLIVE #Juan365ColorGame #JuankadaLance #sunrise #beach #reelschallenge #foryourpage","𝐀 𝐛𝐞𝐚𝐮𝐭𝐢𝐟𝐮𝐥 𝐦𝐨𝐫𝐧𝐢𝐧𝐠 𝐭𝐨 𝐲𝐨𝐮, 𝐚 𝐠𝐥𝐢𝐦𝐩𝐬𝐞 𝐨𝐟 𝐬𝐮𝐧𝐬𝐡𝐢𝐧𝐞 𝐚𝐧𝐝 𝐠𝐨𝐨𝐝 𝐯𝐢𝐛𝐞𝐬 ☀️😎

#Juan365 #Juan365Studios #ALLINJUANLIVE #Juan365ColorGame #JuankadaLance #sunrise #beach #reelschallenge #foryourpage",14,1/19/2026 15:00,mixed,https://www.facebook.com/reel/1826110604773251/,1,0,Videos,,,,,Lifetime,110,66,24,15,7,2,5,5,,,544.127,6.635,0,0,0,,
1.22123E+17,6.15842E+13,Juankada Lance,"𝐊𝐮𝐧𝐠 𝐢𝐭𝐨 𝐚𝐲 𝐭𝐞𝐥𝐞𝐬𝐞𝐫𝐲𝐞 𝐚𝐧𝐨𝐧𝐠 𝐦𝐚𝐠𝐚𝐧𝐝𝐚𝐧𝐠 𝐭𝐢𝐭𝐥𝐞?

👉 Comment mo nga kung ano maganda

#Juan365 #Juan365Studios #AllInJuanSaSaya #ALLINJUANLIVE #Juan365ColorGame #JuankadaLance #JuankadaEllise #JuankadaIkay #JuankadaCharm #fyp #foryourpage #trending #reels",,0,1/19/2026 20:00,N/A,https://www.facebook.com/permalink.php?story_fbid=pfbid0CBKxUkRbAgVq1LLv6CWqUy6SZ6MEnoJDHSPkgviTmGQXVfpHiZnvApNJKuW3QAMgl&id=61584243275518,0,0,Photos,,,,,Lifetime,210,82,27,14,11,2,27,17,10,,,,,,,,
1.22123E+17,6.15842E+13,Juankada Lance,"𝐌𝐞𝐝𝐲𝐨 𝐩𝐞𝐫𝐬𝐨𝐧𝐚𝐥 𝐲𝐮𝐧 𝐚𝐡... 😤

#Juan365 #Juan365Studios #ALLINJUANLIVE #Juan365ColorGame #JuankadaLance #trendingreelsvideo #fyp #foryourpage #reelschallenge","𝐌𝐞𝐝𝐲𝐨 𝐩𝐞𝐫𝐬𝐨𝐧𝐚𝐥 𝐲𝐮𝐧 𝐚𝐡... 😤

#Juan365 #Juan365Studios #ALLINJUANLIVE #Juan365ColorGame #JuankadaLance #trendingreelsvideo #fyp #foryourpage #reelschallenge",25,1/20/2026 2:00,uploaded,https://www.facebook.com/reel/1363485812218063/,1,0,Videos,,,,,Lifetime,1116,63,29,21,7,1,5,5,,,3805.196,3.529,0,0,0,,
1.22123E+17,6.15842E+13,Juankada Lance,"𝐎𝐮𝐭𝐟𝐢𝐭 𝐜𝐡𝐞𝐜𝐤: 𝐭𝐢𝐭𝐨 𝐞𝐝𝐢𝐭𝐢𝐨𝐧. 😎

👉 Rate 1-10.

#Juan365 #Juan365Studios #ALLINJUANLIVE #Juan365ColorGame #JuankadaLance #foryourpage #reelsvideoシ #fypシ","𝐎𝐮𝐭𝐟𝐢𝐭 𝐜𝐡𝐞𝐜𝐤: 𝐭𝐢𝐭𝐨 𝐞𝐝𝐢𝐭𝐢𝐨𝐧. 😎

👉 Rate 1-10.

#Juan365 #Juan365Studios #ALLINJUANLIVE #Juan365ColorGame #JuankadaLance #foryourpage #reelsvideoシ #fypシ",22,1/20/2026 12:38,N/A,https://www.facebook.com/reel/26564459999807412/,0,0,Videos,,,,,Lifetime,1174,53,17,13,3,1,2,2,,,3828.152,3.396,0,0,0,,
1.22123E+17,6.15842E+13,Juankada Lance,"𝐃𝐨 𝐦𝐨𝐫𝐞 𝐨𝐟 𝐰𝐡𝐚𝐭 𝐦𝐚𝐤𝐞𝐬 𝐲𝐨𝐮 𝐟𝐨𝐫𝐠𝐞𝐭 𝐭𝐡𝐞 𝐭𝐢𝐦𝐞. ⏳
Good memories = best investments. 💯

#Juan365 #Juan365Studios #ALLINJUANLIVE #Juan365ColorGame #JuankadaLance #reelsviralシ #fypシ  #foryourpage","𝐃𝐨 𝐦𝐨𝐫𝐞 𝐨𝐟 𝐰𝐡𝐚𝐭 𝐦𝐚𝐤𝐞𝐬 𝐲𝐨𝐮 𝐟𝐨𝐫𝐠𝐞𝐭 𝐭𝐡𝐞 𝐭𝐢𝐦𝐞. ⏳
Good memories = best investments. 💯

#Juan365 #Juan365Studios #ALLINJUANLIVE #Juan365ColorGame #JuankadaLance #reelsviralシ #fypシ  #foryourpage",16,1/20/2026 16:00,N/A,https://www.facebook.com/reel/2017297008832753/,1,0,Videos,,,,,Lifetime,1188,119,19,17,1,1,3,3,,,3934.446,3.512,0,0,0,,
1.22123E+17,6.15842E+13,Juankada Lance,"𝐈𝐤𝐚𝐰 𝐚𝐥𝐚𝐦 𝐦𝐨 𝐛𝐚 𝐤𝐮𝐧𝐠 𝐬𝐢𝐧𝐨 𝐚𝐧𝐠 𝐧𝐚𝐬𝐚 𝐠𝐢𝐭𝐧𝐚?🧐

#Juan365 #Juan365Studios #ALLINJUANLIVE #Juan365ColorGame #JuankadaLance #JuankadaHosts #JuankadaEllise #JuankadaCharm",,0,1/20/2026 20:30,N/A,https://www.facebook.com/permalink.php?story_fbid=pfbid026E1Cah44EMdpkhjNJHQCZbq5ZegVyARcirokWzwd23VFATdnddQmRBt3xukovgP8l&id=61584243275518,0,0,Photos,,,,,Lifetime,498,216,32,21,7,4,31,27,4,,,,,,,,
1.22123E+17,6.15842E+13,Juankada Lance,"𝐀𝐡, 𝐭𝐡𝐞 𝐠𝐨𝐨𝐝 𝐨𝐥𝐝 𝐝𝐚𝐲𝐬… 𝐦𝐢𝐬𝐬𝐢𝐧𝐠 𝐭𝐡𝐞𝐬𝐞 𝐦𝐨𝐦𝐞𝐧𝐭𝐬 𝐰𝐢𝐭𝐡 𝐲𝐨𝐮 𝐠𝐮𝐲𝐬 😌

#Juan365 #Juan365Studios #ALLINJUANLIVE #Juan365ColorGame #JuankadaLance #viralreelschallenge2025viralreelschallengejaiviralreelschallengeviralreelschallenge","𝐀𝐡, 𝐭𝐡𝐞 𝐠𝐨𝐨𝐝 𝐨𝐥𝐝 𝐝𝐚𝐲𝐬… 𝐦𝐢𝐬𝐬𝐢𝐧𝐠 𝐭𝐡𝐞𝐬𝐞 𝐦𝐨𝐦𝐞𝐧𝐭𝐬 𝐰𝐢𝐭𝐡 𝐲𝐨𝐮 𝐠𝐮𝐲𝐬 😌

#Juan365 #Juan365Studios #ALLINJUANLIVE #Juan365ColorGame #JuankadaLance #viralreelschallenge2025viralreelschallengejaiviralreelschallengeviralreelschallenge",15,1/21/2026 3:00,mixed,https://www.facebook.com/reel/2003484166883102/,1,0,Videos,,,,,Lifetime,99,55,9,9,0,0,2,2,,,485.426,7.138,0,0,0,,
1.22123E+17,6.15842E+13,Juankada Lance,"Good morning!🌞

 It’s me, 𝐠𝐰𝐚𝐩𝐢𝐭𝐨𝐧𝐠 𝐭𝐢𝐭𝐨 𝐉𝐮𝐚𝐧𝐤𝐚𝐝𝐚 𝐋𝐚𝐧𝐜𝐞, here to bless your day with lucky colors and good vibes. 😎✨

#Juan365 #Juan365Studios #ALLINJUANLIVE #Juan365ColorGame #JuankadaLance #foryourpage #reelsvideoシ #fypシ","Good morning!🌞

 It’s me, 𝐠𝐰𝐚𝐩𝐢𝐭𝐨𝐧𝐠 𝐭𝐢𝐭𝐨 𝐉𝐮𝐚𝐧𝐤𝐚𝐝𝐚 𝐋𝐚𝐧𝐜𝐞, here to bless your day with lucky colors and good vibes. 😎✨

#Juan365 #Juan365Studios #ALLINJUANLIVE #Juan365ColorGame #JuankadaLance #foryourpage #reelsvideoシ #fypシ",68,1/21/2026 16:00,N/A,https://www.facebook.com/reel/908884378398358/,1,0,Videos,,,,,Lifetime,71,58,11,10,1,0,9,9,,,545.802,8.528,0,0,0,,
1.22123E+17,6.15842E+13,Juankada Lance,,,0,1/21/2026 17:52,N/A,https://www.facebook.com/permalink.php?story_fbid=pfbid02x3V5PeC3CGje5Guatkk3dbat623fvQb2GckJJHviRqfJ3KY12TKaEgsyNThu5zerl&id=61584243275518,0,1,Photos,,,,,Lifetime,128,62,10,9,1,0,8,4,4,,,,,,,,
1.22123E+17,6.15842E+13,Juankada Lance,"𝐆𝐚𝐦𝐞 𝐨𝐧! Dito umiikot ang 𝐬𝐚𝐲𝐚 𝐚𝐭 𝐩𝐚𝐧𝐚𝐥𝐨 🏆

👉 𝐑𝐞𝐝 might be your color of the day!

#Juan365 #Juan365Studios #ALLINJUANLIVE #Juan365ColorGame #JuankadaLance",,0,1/21/2026 20:00,N/A,https://www.facebook.com/permalink.php?story_fbid=pfbid02z6CLVwb4LCRn3Ur9pdWTLPEQe18dg92SNg4EPX6C7SzT2YXa2y3ER5b95QaeHZbWl&id=61584243275518,0,0,Photos,,,,,Lifetime,296,137,21,13,3,5,8,7,1,,,,,,,,
1.22123E+17,6.15842E+13,Juankada Lance,"𝐈𝐤𝐚𝐰 𝐭𝐚𝐥𝐚𝐠𝐚 𝐨𝐡 𝐝𝐢 𝐦𝐨𝐤𝐨 𝐦𝐚𝐝𝐚𝐝𝐚𝐥𝐞 𝐬𝐚 𝟑𝟎𝟎 𝐦𝐨... 𝐬𝐢𝐠𝐞 🤣

#Juan365 #Juan365Studios #ALLINJUANLIVE #Juan365ColorGame #JuankadaLance #foryourpage #reelsvideoシ #fypシ゚viralシfypシ゚viralシalシ","𝐈𝐤𝐚𝐰 𝐭𝐚𝐥𝐚𝐠𝐚 𝐨𝐡 𝐝𝐢 𝐦𝐨𝐤𝐨 𝐦𝐚𝐝𝐚𝐝𝐚𝐥𝐞 𝐬𝐚 𝟑𝟎𝟎 𝐦𝐨... 𝐬𝐢𝐠𝐞 🤣

#Juan365 #Juan365Studios #ALLINJUANLIVE #Juan365ColorGame #JuankadaLance #foryourpage #reelsvideoシ #fypシ゚viralシfypシ゚viralシalシ",21,1/22/2026 2:30,N/A,https://www.facebook.com/reel/1877933326416435/,1,0,Videos,,,,,Lifetime,181,84,27,15,4,8,13,13,,,1285.544,10.043,0,0,0,,
1.22123E+17,6.15842E+13,Juankada Lance,"Totoo nga nakaka kiliti nga😆

#Juan365 #Juan365Studios #ALLINJUANLIVE #Juan365ColorGame #JuankadaLance #trending","Totoo nga nakaka kiliti nga😆

#Juan365 #Juan365Studios #ALLINJUANLIVE #Juan365ColorGame #JuankadaLance #trending",14,1/22/2026 17:00,mixed,https://www.facebook.com/reel/2094921531278226/,1,0,Videos,,,,,Lifetime,330,238,21,14,7,0,10,10,,,1812.674,7.459,0,0,0,,
1.22123E+17,6.15842E+13,Juankada Lance,"Flying cocolance is on the way 😅

#Juan365Studios #JuankadaLance #foryourpage #reelsvideoシ #fypシ゚viralシfypシ゚viralシalシ","Flying cocolance is on the way 😅

#Juan365Studios #JuankadaLance #foryourpage #reelsvideoシ #fypシ゚viralシfypシ゚viralシalシ",16,1/22/2026 20:30,N/A,https://www.facebook.com/reel/1200196172292066/,1,0,Videos,,,,,Lifetime,121,75,31,15,6,10,10,10,,,1056.906,12.289,0,0,0,,
1.22123E+17,6.15842E+13,Juankada Lance,"𝐌𝐲 𝐛𝐫𝐚𝐢𝐧: “𝐋𝐞𝐭’𝐬 𝐨𝐯𝐞𝐫𝐭𝐡𝐢𝐧𝐤.”
𝐌𝐞: “𝐒𝐚𝐲 𝐥𝐞𝐬𝐬.” 😌 

#Juan365Studios   #JuankadaLance #fouryou #reels #fypシ゚viralシfypシ゚","𝐌𝐲 𝐛𝐫𝐚𝐢𝐧: “𝐋𝐞𝐭’𝐬 𝐨𝐯𝐞𝐫𝐭𝐡𝐢𝐧𝐤.”
𝐌𝐞: “𝐒𝐚𝐲 𝐥𝐞𝐬𝐬.” 😌 

#Juan365Studios   #JuankadaLance #fouryou #reels #fypシ゚viralシfypシ゚",15,1/23/2026 3:00,N/A,https://www.facebook.com/reel/1242189277246590/,1,0,Videos,,,,,Lifetime,101,76,6,5,1,0,5,5,,,469.756,5.592,0,0,0,,
1.22123E+17,6.15842E+13,Juankada Lance,"𝐊𝐚𝐰𝐚𝐰𝐚 𝐲𝐮𝐧𝐠 𝐢𝐭𝐥𝐨𝐠 𝐧𝐚 𝟑 𝐩𝐨𝐢𝐧𝐭𝐬 🤣

#Juan365 #Juan365Studios #ALLINJUANLIVE #Juan365ColorGame #Followme #JuankadaLance #reelsfypシ #foryourpage","𝐊𝐚𝐰𝐚𝐰𝐚 𝐲𝐮𝐧𝐠 𝐢𝐭𝐥𝐨𝐠 𝐧𝐚 𝟑 𝐩𝐨𝐢𝐧𝐭𝐬 🤣

#Juan365 #Juan365Studios #ALLINJUANLIVE #Juan365ColorGame #Followme #JuankadaLance #reelsfypシ #foryourpage",15,1/23/2026 16:30,mixed,https://www.facebook.com/reel/1385387433335800/,1,0,Videos,,,,,Lifetime,150,122,7,6,0,1,3,3,,,1012.454,8.298,0,0,0,,
1.22123E+17,6.15842E+13,Juankada Lance,"Shhhhhhh🤫

#JuankadaLance #reelsfypシ #foryourpage #reels","Shhhhhhh🤫

#JuankadaLance #reelsfypシ #foryourpage #reels",7,1/23/2026 20:30,mixed,https://www.facebook.com/reel/898993312820637/,1,0,Videos,,,,,Lifetime,139,102,7,7,0,0,1,1,,,465.467,4.563,0,0,0,,
1.22123E+17,6.15842E+13,Juankada Lance,"𝐓𝐫𝐮𝐬𝐭 𝐭𝐡𝐞 𝐩𝐫𝐨𝐜𝐞𝐬𝐬🙉

#JuankadaLance #reelsfypシ #foryourpage #reelsfypシ #Reels","𝐓𝐫𝐮𝐬𝐭 𝐭𝐡𝐞 𝐩𝐫𝐨𝐜𝐞𝐬𝐬🙉

#JuankadaLance #reelsfypシ #foryourpage #reelsfypシ #Reels",17,1/24/2026 3:30,uploaded,https://www.facebook.com/reel/1593077285178576/,1,0,Videos,,,,,Lifetime,73,51,8,7,1,0,1,1,,,411.387,7.092,0,0,0,,
1.22123E+17,6.15842E+13,Juankada Lance,"To see is to believe?😜

#JuankadaLance #foryourpage  #reelschallenge  #fypシ  #trendingreelsvideo","To see is to believe?😜

#JuankadaLance #foryourpage  #reelschallenge  #fypシ  #trendingreelsvideo",15,1/24/2026 16:30,N/A,https://www.facebook.com/reel/1336730328220950/,1,0,Videos,,,,,Lifetime,116,86,14,13,1,0,5,5,,,567.401,6.235,0,0,0,,
1.22123E+17,6.15842E+13,Juankada Lance,"𝐒𝐦𝐢𝐥𝐞𝐬 𝐬𝐡𝐚𝐫𝐞𝐝 𝐦𝐚𝐤𝐞 𝐥𝐢𝐟𝐞 𝐥𝐢𝐠𝐡𝐭𝐞𝐫 ✨😄

#Juan365 #Juan365Studios #ALLINJUANSALIVE #Juan365ColorGame #JuankadaLance #JuankadaGeoff #JuankadaLigaya #JuankadaSabbie",,0,1/24/2026 21:00,N/A,https://www.facebook.com/permalink.php?story_fbid=pfbid02vGHGe7y1tPkUHa9f8DNFkAQg5JbJgYDqBESCXo3bj11QgzTJATqU4NDKZ49y5Fy2l&id=61584243275518,0,0,Photos,,,,,Lifetime,186,89,9,8,0,1,5,2,3,,,,,,,,
1.22123E+17,6.15842E+13,Juankada Lance,Happy Birthday sa nag iisayang Juankada Ligaya 🥳💙,,0,1/24/2026 23:04,N/A,https://www.facebook.com/permalink.php?story_fbid=pfbid0Mw9MMY4qDHq8KQSYSXDWH8gAGij2hRMZvY4x2qsA64QNXKVoRFiXCXBNcwGpeL6Vl&id=61584243275518,0,1,Photos,,,,,Lifetime,122,56,5,4,1,0,3,3,,,,,,,,,
1.22123E+17,6.15842E+13,Juankada Lance,"Di na fair… sinagad pa 😂

#JuankadaLance #reels #foryourpage #fyp #trending","Di na fair… sinagad pa 😂

#JuankadaLance #reels #foryourpage #fyp #trending",15,1/25/2026 3:00,mixed,https://www.facebook.com/reel/723367597298649/,1,0,Videos,,,,,Lifetime,98,52,11,8,3,0,4,4,,,384.329,5.056,0,0,0,,
1.22123E+17,6.15842E+13,Juankada Lance,"𝐉𝐮𝐬𝐭 𝐚 𝐬𝐦𝐢𝐥𝐞 𝐚𝐧𝐝 𝐚 𝐥𝐢𝐭𝐭𝐥𝐞 𝐥𝐨𝐯𝐞 𝐭𝐨 𝐛𝐫𝐢𝐠𝐡𝐭𝐞𝐧 𝐲𝐨𝐮𝐫 𝐟𝐞𝐞𝐝 𝐭𝐨𝐝𝐚𝐲! 😊

#JuankadaLance #Juan365Studios #trendingpost  #fypシ  #foryourpage #facebookpostシ",,0,1/25/2026 16:00,N/A,https://www.facebook.com/permalink.php?story_fbid=pfbid02WRgVmafLZtDVis3z8caoKoWRVArSaZGMdVM5i7Y511zfv2bGWF4xQnSvYQaRDiw9l&id=61584243275518,0,0,Photos,,,,,Lifetime,167,82,9,8,0,1,8,5,3,,,,,,,,
1.22123E+17,6.15842E+13,Juankada Lance,"𝐃𝐨𝐧’𝐭 𝐫𝐮𝐬𝐡. 𝐓𝐫𝐮𝐬𝐭 𝐲𝐨𝐮𝐫 𝐠𝐫𝐢𝐧𝐝. 𝐄𝐯𝐞𝐫𝐲 𝐦𝐨𝐦𝐞𝐧𝐭, 𝐞𝐯𝐞𝐫𝐲 𝐟𝐢𝐠𝐡𝐭, 𝐬𝐡𝐚𝐩𝐞𝐬 𝐲𝐨𝐮.💪🔥

#JuankadaLance #Juan365Studios #trendingreelsvideo  #fypシ  #foryourpage  #facebookpost","𝐃𝐨𝐧’𝐭 𝐫𝐮𝐬𝐡. 𝐓𝐫𝐮𝐬𝐭 𝐲𝐨𝐮𝐫 𝐠𝐫𝐢𝐧𝐝. 𝐄𝐯𝐞𝐫𝐲 𝐦𝐨𝐦𝐞𝐧𝐭, 𝐞𝐯𝐞𝐫𝐲 𝐟𝐢𝐠𝐡𝐭, 𝐬𝐡𝐚𝐩𝐞𝐬 𝐲𝐨𝐮.💪🔥

#JuankadaLance #Juan365Studios #trendingreelsvideo  #fypシ  #foryourpage  #facebookpost",25,1/25/2026 20:30,N/A,https://www.facebook.com/reel/887343153879352/,1,0,Videos,,,,,Lifetime,115,92,10,9,1,0,7,7,,,592.709,6.11,0,0,0,,
1.22123E+17,6.15842E+13,Juankada Lance,"Game na puno ng saya at kulitan? Dito lang sa 𝐉𝐮𝐚𝐧𝟑𝟔𝟓 𝐂𝐨𝐥𝐨𝐫 𝐆𝐚𝐦𝐞 𝐋𝐢𝐯𝐞! Huwag palampasin ang ultimate fun experience👌

#Juan365 #Juan365Studios #ALLINJUANLIVE #Juan365ColorGame #JuankadaLance","Game na puno ng saya at kulitan? Dito lang sa 𝐉𝐮𝐚𝐧𝟑𝟔𝟓 𝐂𝐨𝐥𝐨𝐫 𝐆𝐚𝐦𝐞 𝐋𝐢𝐯𝐞! Huwag palampasin ang ultimate fun experience👌

#Juan365 #Juan365Studios #ALLINJUANLIVE #Juan365ColorGame #JuankadaLance",29,1/26/2026 2:00,N/A,https://www.facebook.com/reel/2915178875354760/,1,0,Videos,,,,,Lifetime,70,51,7,7,0,0,2,2,,,285.348,4.458,0,0,0,,
1.22124E+17,6.15842E+13,Juankada Lance,"Lalabas ang pa premyo!!!!😎

#Juan365 #Juan365Studios #ALLINJUANLIVE #Juan365ColorGame #JuankadaLance #foryoupageシ #reelsvideo  #reelsvideoシ","Lalabas ang pa premyo!!!!😎

#Juan365 #Juan365Studios #ALLINJUANLIVE #Juan365ColorGame #JuankadaLance #foryoupageシ #reelsvideo  #reelsvideoシ",16,1/26/2026 18:00,mixed,https://www.facebook.com/reel/1877905440268466/,1,0,Videos,,,,,Lifetime,701,524,29,22,7,0,34,34,,,4780.338,8.885,0,0,0,,
1.22124E+17,6.15842E+13,Juankada Lance,"What a beautiful day today,
Lights, camera… kulit all the way! 🎥😂

#Juan365 #Juan365Studios #ALLINJUANLIVE #Juan365ColorGame #JuankadaLance","What a beautiful day today,
Lights, camera… kulit all the way! 🎥😂

#Juan365 #Juan365Studios #ALLINJUANLIVE #Juan365ColorGame #JuankadaLance",48,1/26/2026 21:30,N/A,https://www.facebook.com/reel/1572137200743647/,1,0,Videos,,,,,Lifetime,82,52,10,9,1,0,6,6,,,804.782,12.381,0,0,0,,
1.22124E+17,6.15842E+13,Juankada Lance,"pasabi naman sakaniya na minamahal ko siya🤫

#Juan365 #Juan365Studios #ALLINJUANLIVE #Juan365ColorGame #JuankadaLance","pasabi naman sakaniya na minamahal ko siya🤫

#Juan365 #Juan365Studios #ALLINJUANLIVE #Juan365ColorGame #JuankadaLance",15,1/27/2026 2:59,mixed,https://www.facebook.com/reel/902475625768281/,1,0,Videos,,,,,Lifetime,92,53,12,10,2,0,6,6,,,405.363,6.141,0,0,0,,
1.22124E+17,6.15842E+13,Juankada Lance,"Beep beep makikiraan po... hi binibini😁

#Juan365 #Juan365Studios #ALLINJUANLIVE #Juan365ColorGame #JuankadaLance","Beep beep makikiraan po... hi binibini😁

#Juan365 #Juan365Studios #ALLINJUANLIVE #Juan365ColorGame #JuankadaLance",15,1/27/2026 17:00,N/A,https://www.facebook.com/reel/2069259160574462/,1,0,Videos,,,,,Lifetime,95,65,12,12,0,0,2,2,,,410.801,5.705,0,0,0,,
1.22124E+17,6.15842E+13,Juankada Lance,"Green is the color of quiet growth and stubborn hope that never quits. 🌿

#JuankadaLance #reelsviral #fypviralシ  #foryourpage","Green is the color of quiet growth and stubborn hope that never quits. 🌿

#JuankadaLance #reelsviral #fypviralシ  #foryourpage",31,1/28/2026 20:40,N/A,https://www.facebook.com/reel/910141821388337/,0,0,Videos,,,,,Lifetime,47,44,8,7,1,0,2,2,,,180.172,4.19,0,0,0,,
1.22124E+17,6.15842E+13,Juankada Lance,"𝐀𝐭 𝐭𝐚𝐥𝐚𝐠𝐚 𝐧𝐚𝐦𝐚𝐧𝐠 𝐬𝐚𝐬𝐚𝐦𝐚 𝐧𝐚 🤣

#Juankadalance #trending #foryourpage #reels","𝐀𝐭 𝐭𝐚𝐥𝐚𝐠𝐚 𝐧𝐚𝐦𝐚𝐧𝐠 𝐬𝐚𝐬𝐚𝐦𝐚 𝐧𝐚 🤣

#Juankadalance #trending #foryourpage #reels",21,1/29/2026 16:30,N/A,https://www.facebook.com/reel/838439845870258/,1,0,Videos,,,,,Lifetime,65,50,7,7,0,0,1,1,,,451.82,8.524,0,0,0,,
1.22124E+17,6.15842E+13,Juankada Lance,"𝐖𝐚𝐠 𝐦𝐨 𝐬𝐮𝐛𝐮𝐤𝐚𝐧 𝐛𝐚𝐤𝐚 𝐝𝐢 𝐦𝐨 𝐤𝐚𝐲𝐚𝐧𝐢𝐧😜

#Juankadalance #trending #foryourpage #reels","𝐖𝐚𝐠 𝐦𝐨 𝐬𝐮𝐛𝐮𝐤𝐚𝐧 𝐛𝐚𝐤𝐚 𝐝𝐢 𝐦𝐨 𝐤𝐚𝐲𝐚𝐧𝐢𝐧😜

#Juankadalance #trending #foryourpage #reels",14,1/29/2026 20:30,N/A,https://www.facebook.com/reel/4139797072940794/,1,0,Videos,,,,,Lifetime,74,55,6,6,0,0,3,3,,,319.004,5.406,0,0,0,,
1.22124E+17,6.15842E+13,Juankada Lance,"𝐤𝐞𝐧𝐜𝐡𝐚𝐧𝐚... 𝐝𝐢𝐧𝐠 𝐝𝐢𝐧𝐠 𝐝𝐢𝐧𝐠 🎵🤩

#Juankadalance #Juan365ColorGame #trending #foryourpage #reels","𝐤𝐞𝐧𝐜𝐡𝐚𝐧𝐚... 𝐝𝐢𝐧𝐠 𝐝𝐢𝐧𝐠 𝐝𝐢𝐧𝐠 🎵🤩

#Juankadalance #Juan365ColorGame #trending #foryourpage #reels",10,1/30/2026 4:00,N/A,https://www.facebook.com/reel/1289833043209883/,1,0,Videos,,,,,Lifetime,89,55,14,11,3,0,1,1,,,324.871,5.239,0,0,0,,
1.22124E+17,6.15842E+13,Juankada Lance,"Silipin lang kita kung okay kapa🧐

#JuankadaLance #foryourpage #reels #fyp",,0,1/30/2026 20:00,N/A,https://www.facebook.com/permalink.php?story_fbid=pfbid02KTKCAdpaxUDF9Ck9JkTCToAnYyvitkrTBbyxGoZ7yikYYvGCNKUvJRvpLcwy9wjkl&id=61584243275518,0,0,Photos,,,,,Lifetime,124,62,14,11,2,1,5,5,,,,,,,,,
1.22124E+17,6.15842E+13,Juankada Lance,"Intense game against telemarketing🔥

#JuankadaLance #foryourpage #reels #fyp #basketball #highlights","Intense game against telemarketing🔥

#JuankadaLance #foryourpage #reels #fyp #basketball #highlights",71,1/31/2026 2:00,N/A,https://www.facebook.com/reel/2047982545985614/,1,0,Videos,,,,,Lifetime,49,39,7,7,0,0,5,5,,,368.235,8.981,0,0,0,,
1.22124E+17,6.15842E+13,Juankada Lance,"Hi everyone! It’s me, 𝐆𝐰𝐚𝐩𝐢𝐭𝐨 𝐧𝐚 𝐭𝐢𝐭𝐨 𝐉𝐮𝐚𝐧𝐤𝐚𝐝𝐚 𝐋𝐚𝐧𝐜𝐞 😎✨",,0,1/31/2026 9:41,N/A,https://www.facebook.com/photo.php?fbid=122124302811141442&set=a.122098327023141442&type=3,0,0,Photos,,,,,Lifetime,170,76,21,17,3,1,11,10,1,,,,,,,,
1.22124E+17,6.15842E+13,Juankada Lance,"𝐎𝐨𝐧𝐚 𝐬𝐢𝐠𝐞 𝐧𝐚 𝐀𝐈 𝐧𝐚😤

#Juan365Studios #Juan365ColorGame #JuankadaLance #foryourpage #reels #fyp #trending","𝐎𝐨𝐧𝐚 𝐬𝐢𝐠𝐞 𝐧𝐚 𝐀𝐈 𝐧𝐚😤

#Juan365Studios #Juan365ColorGame #JuankadaLance #foryourpage #reels #fyp #trending",26,1/31/2026 15:00,N/A,https://www.facebook.com/reel/2988755581321977/,1,0,Videos,,,,,Lifetime,1218,1039,9,9,0,0,1,1,,,10867.326,10.581,0,0,0,,
1.22124E+17,6.15842E+13,Juankada Lance,,,0,1/31/2026 15:07,N/A,https://www.facebook.com/permalink.php?story_fbid=pfbid02Yx2JjA1LanVK8QCETykGaW6xpeyD6NTHBvasM1rRm232YjboE5WKse5aGYVz7JDYl&id=61584243275518,0,1,Text,,,,,Lifetime,26,32,9,8,1,0,3,3,,,,,,,,,
1.22124E+17,6.15842E+13,Juankada Lance,"Bugoy na koykoy kabahan kana😁

#JuankadaLance #JuankadaEllise #JuankadaIkay #JuankadaCharm #foryourpage #fyp",,0,1/31/2026 20:00,N/A,https://www.facebook.com/permalink.php?story_fbid=pfbid02swjaTfmmyNFjcrjFMzsFf6ysWCQ5XxnMeoaPng2Wt6d5qkHu9r1Tysp9rfXXDKSTl&id=61584243275518,0,0,Photos,,,,,Lifetime,464,201,30,24,4,2,24,20,4,,,,,,,,
1.22124E+17,6.15842E+13,Juankada Lance,"𝐁𝐚'𝐭 𝐦𝐨𝐤𝐨 𝐩𝐢𝐧𝐢𝐠𝐢𝐥𝐚𝐧 𝐩𝐚𝐥𝐚𝐛𝐚𝐬 𝐧𝐚🤨

#JuankadaLance #Juan365Studios #foryoupagereels #reelsviralシ #fypviralシ","𝐁𝐚'𝐭 𝐦𝐨𝐤𝐨 𝐩𝐢𝐧𝐢𝐠𝐢𝐥𝐚𝐧 𝐩𝐚𝐥𝐚𝐛𝐚𝐬 𝐧𝐚🤨

#JuankadaLance #Juan365Studios #foryoupagereels #reelsviralシ #fypviralシ",13,2/1/2026 2:00,N/A,https://www.facebook.com/reel/1997156640829080/,1,0,Videos,,,,,Lifetime,83,48,17,13,4,0,10,10,,,528.615,9.114,0,0,0,,
1.22124E+17,6.15842E+13,Juankada Lance,"𝐒𝐢𝐧𝐨 𝐤𝐚𝐲𝐚 𝐚𝐧𝐠 𝐬𝐮𝐬𝐮𝐧𝐨𝐝 𝐧𝐚 𝐦𝐚𝐬𝐚𝐬𝐚𝐥𝐬𝐚👌

#JuankadaLance #Juan365Studios #foryoupagereels #reelsviralシ #fypviralシ",,0,2/1/2026 15:00,N/A,https://www.facebook.com/permalink.php?story_fbid=pfbid02SXBPqFLm8K7PYKiqQXJRHxwTx4ffZgDkbNe3gxVKoZZ2E1SXQD4f4FrHkY9gFPSnl&id=61584243275518,0,0,Photos,,,,,Lifetime,134,72,13,11,1,1,5,5,,,,,,,,,
1.22125E+17,6.15842E+13,Juankada Lance,"𝐂𝐢𝐧𝐞𝐦𝐚𝐭𝐢𝐜 𝐦𝐨𝐝𝐞: 𝐎𝐍📸⚡

#JuankadaLance #Juan365Studios #trending #fypシ #foryourpage #reelsviralシ","𝐂𝐢𝐧𝐞𝐦𝐚𝐭𝐢𝐜 𝐦𝐨𝐝𝐞: 𝐎𝐍📸⚡

#JuankadaLance #Juan365Studios #trending #fypシ #foryourpage #reelsviralシ",30,2/2/2026 2:00,N/A,https://www.facebook.com/reel/1685818479492495/,1,0,Videos,,,,,Lifetime,57,44,10,8,2,0,9,9,,,411.094,8.746,0,0,0,,
1.22125E+17,6.15842E+13,Juankada Lance,Mga taga piga ng kalamansi🤣,,0,2/2/2026 13:28,N/A,https://www.facebook.com/permalink.php?story_fbid=pfbid02abFiXt8p7rGkBBnVa8sF36QPooMDs96Jmn4LQ6SvNomMWfb7UEHgipKqd138obbbl&id=61584243275518,0,1,Photos,,,,,Lifetime,111,49,8,7,1,0,11,5,6,,,,,,,,
1.22125E+17,6.15842E+13,Juankada Lance,"𝐊𝐮𝐥𝐢𝐭𝐚𝐧, 𝐬𝐚𝐲𝐚, 𝐚𝐭 𝐠𝐨𝐨𝐝 𝐯𝐢𝐛𝐞𝐬 lang with these amazing peeps. 
Ready na ba kayo sa next level ng fun? Let’s go, 𝐉𝐮𝐚𝐧𝐤𝐚𝐝𝐚! 🎉✨

#Juan365 #Juan365Studios #ALLINJUANLIVE #Juan365ColorGame #JuankadaLance #JuankadaStar #JuankadaJedi #JuankadaZia",,0,2/2/2026 19:30,N/A,https://www.facebook.com/permalink.php?story_fbid=pfbid02qDvgJpBSUrNeAMekptRDF3cfoaAoHxYxTdjLmQbQKqe7cijvZp2nyqZXLyqPkUHHl&id=61584243275518,0,0,Photos,,,,,Lifetime,126,61,12,10,1,1,4,4,,,,,,,,,
1.2212E+17,6.15842E+13,Juankada Lance,"Happy New Year! 🤍

See you live tonight sa Juan365 app & website 🎉 Time to start 2026 with good energy ✨ 

#Juan365 #Juan365Studios #ALLINJUANLIVE #Juan365ColorGame #JuankadaLance #fypviralシ2025","Happy New Year! 🤍

See you live tonight sa Juan365 app & website 🎉 Time to start 2026 with good energy ✨ 

#Juan365 #Juan365Studios #ALLINJUANLIVE #Juan365ColorGame #JuankadaLance #fypviralシ2025",9,12/31/2025 4:04,N/A,https://www.facebook.com/reel/1179986784326411/,0,0,Videos,,,,,Lifetime,173,84,26,22,4,0,6,6,,,604.214,5.035,0,0,0,,
1.22148E+17,6.15841E+13,Juankada Ligaya,meet the parents,"Pasado na ba ako kila mama mo? 🥰

#trendingreel #followers #highlights #fypシ",15,2/2/2026 2:00,N/A,https://www.facebook.com/reel/1377800227003055/,0,0,Videos,,,,,Lifetime,10785,7758,1010,900,102,8,285,285,,,68032.302,8.265,0,0,0,,
1.22148E+17,6.15841E+13,Juankada Ligaya,Juankada Ligaya updated her cover photo.,,0,2/1/2026 4:27,N/A,https://www.facebook.com/photo.php?fbid=122147968119135583&set=a.122100489423135583&type=3,0,0,Photos,,,,,Lifetime,0,0,29,26,3,0,0,,,,,,,,,,
1.22148E+17,6.15841E+13,Juankada Ligaya,Gusto mo ba ng LIGAYA this valentines day? 🙈🥰,,0,2/1/2026 4:24,N/A,https://www.facebook.com/photo.php?fbid=122147967417135583&set=a.122100486537135583&type=3,0,0,Photos,,,,,Lifetime,1290,587,91,61,28,2,55,52,3,,,,,,,,
1.22148E+17,6.15841E+13,Juankada Ligaya,Sweetgurl,"Gusto mo ba yung ganito ka sweet? 😛

#fyp #trendingreel #dancechallenge #Ligaya",20,1/31/2026 3:48,N/A,https://www.facebook.com/reel/2177213443052786/,0,0,Videos,,,,,Lifetime,37986,30061,3730,3563,135,32,638,638,,,242922.975,8.144,0,0,0,,
1.22146E+17,6.15841E+13,Juankada Ligaya,Pretty,"Do u hate me coz i'm beautiful?🥺

#Ligaya #trendingreel #fyp #followers #beauty",13,1/30/2026 2:00,N/A,https://www.facebook.com/reel/955358730221745/,1,0,Videos,,,,,Lifetime,29139,22501,2934,2752,149,33,585,585,,,122444.953,5.357,0,0,0,,
1.22144E+17,6.15841E+13,Juankada Ligaya,shake,"ganito ba mag shake?

#fyp #dancechallenge #Ligaya #trendingreel",12,1/28/2026 2:00,N/A,https://www.facebook.com/reel/1220536520035038/,1,0,Videos,,,,,Lifetime,12508,7765,1758,1639,91,28,357,357,,,66242.793,7.21,0,0,0,,
1.22143E+17,6.15841E+13,Juankada Ligaya,potacca,"pwede na ba to?

#fypシ #Ligaya #followers #trendingreel #dancechallenge",15,1/27/2026 2:00,N/A,https://www.facebook.com/reel/864613853115302/,1,0,Videos,,,,,Lifetime,9908,5553,1050,937,100,13,329,329,,,59575.558,8.2,0,0,0,,
1.22142E+17,6.15841E+13,Juankada Ligaya,Birthday Treat,"Birthday treat for myself, coz who will?😏

#fyp #trendingreel #followers #birthday",31,1/26/2026 2:00,N/A,https://www.facebook.com/reel/2622675108110476/,1,0,Videos,,,,,Lifetime,7774,5882,545,476,61,8,98,98,,,32992.648,4.934,0,0,0,,
1.22141E+17,6.15841E+13,Juankada Ligaya,Birthday Salsa,"Sino mag Sa-Salsa ngayong Birthday ko?!🤭

#fyp #birthday  #trendingreel #followers #highlights",21,1/24/2026 21:40,N/A,https://www.facebook.com/reel/2261064087753743/,0,0,Videos,,,,,Lifetime,71392,54092,6724,6372,298,54,943,943,,,449068.575,7.836,0,0,0,,
1.22141E+17,6.15841E+13,Juankada Ligaya,Pick,"What's your pick?

#fyp #trendingreel #followers #Ligaya #hairtok",11,1/24/2026 3:25,N/A,https://www.facebook.com/reel/2083600529105674/,0,0,Videos,,,,,Lifetime,95031,65507,5531,5254,194,83,1359,1359,,,433450.146,6.416,0,0,0,,
1.22141E+17,6.15841E+13,Juankada Ligaya,"Happy 10k mga luvs ko! 😍😍😍 

#fypシ #followers #Ligaya",,0,1/23/2026 23:26,N/A,https://www.facebook.com/JuankadaLigayaOfficialPage/posts/pfbid02m6KSzveooKSFkP7ucsLWZHBVLTRsfBQeb4nEk8VDRbTeYLxjH8iqBJjiBAgbP4Vzl,0,0,Photos,,,,,Lifetime,2481,1331,109,81,26,2,79,67,12,,,,,,,,
1.2214E+17,6.15841E+13,Juankada Ligaya,Pov,"lalabas ka pa ba?😉

#fypシ  #trendingreel  #followers  #Ligaya",15,1/23/2026 3:20,N/A,https://www.facebook.com/reel/4452256275004971/,0,0,Videos,,,,,Lifetime,43035,29607,1811,1666,111,34,862,862,,,272198.465,8.758,0,0,0,,
1.22138E+17,6.15841E+13,Juankada Ligaya,saksakan,"Saksakan ng? 🤭 

#fypシ  #trendingreel  #followers  #Ligaya",15,1/22/2026 3:29,N/A,https://www.facebook.com/reel/1903370000307690/,0,0,Videos,,,,,Lifetime,83398,59551,6088,5854,177,57,1200,1200,,,462300.372,7.164,0,0,0,,
1.22138E+17,6.15841E+13,Juankada Ligaya,Juankada,"Diring diri yarn?😆 @[61584482528597:2048:Juankada Shann]🙄

#trendingreel #fypシ #followers #Ligaya #collab",13,1/21/2026 4:00,N/A,https://www.facebook.com/reel/1197463825788343/,0,0,Videos,,,,,Lifetime,6679,5428,151,135,14,2,61,61,,,25942.445,4.718,0,0,0,,
1.22137E+17,6.15841E+13,Juankada Ligaya,Marikit,"Bigyan ko ng kulay yung mundo mo?

#trendingreel #followers #Ligaya #Binibini #fypシ",25,1/20/2026 2:00,mixed,https://www.facebook.com/reel/1233276628748811/,1,0,Videos,,,,,Lifetime,5911,5205,215,188,19,8,56,56,,,23825.25,4.654,0,0,0,,
1.22137E+17,6.15841E+13,Juankada Ligaya,Lucky Color or mas Lucky kay Ligaya? 🥰,,0,1/19/2026 20:30,N/A,https://www.facebook.com/JuankadaLigayaOfficialPage/posts/pfbid0JfLY3JLXhxkv4JbWNTjd8EpNbawHKyeShwmVZJAsqm77EvdubauP7tEJWUWVEKa4l,0,1,Photos,,,,,Lifetime,1092,518,47,39,6,2,12,12,,,,,,,,,
1.22136E+17,6.15841E+13,Juankada Ligaya,GRWM,"GRWM! Jogging papunta sa di inaasahan 😆
sino naka relate?

 #Ligaya #jogging #followers #grwm #trendingreel #foodie",39,1/19/2026 2:00,mixed,https://www.facebook.com/reel/4206775876263834/,1,0,Videos,,,,,Lifetime,13816,7038,663,579,71,13,233,233,,,134565.255,13.34,0,0,0,,
1.22136E+17,6.15841E+13,Juankada Ligaya,"Maganda ba yung view?🙈

#Ligaya #followers #cityviews #photographychallenge #sexy",,0,1/18/2026 3:33,N/A,https://www.facebook.com/JuankadaLigayaOfficialPage/posts/pfbid02eJ54WXhWDpVVTox5PR94ec41QbdRvUUT7sS34haV8wbL3tYYWXoFkxHeha7TsWC5l,0,0,Photos,,,,,Lifetime,3819,1801,159,126,23,10,272,87,185,,,,,,,1,
1.22136E+17,6.15841E+13,Juankada Ligaya,BabyLhia,"Baby lika? 😉

 #Ligaya #FollowNow #followers #dancechallenge #trendingreel",15,1/17/2026 19:00,mixed,https://www.facebook.com/reel/891205176933822/,1,0,Videos,,,,,Lifetime,10678,6413,517,457,48,12,107,107,,,55694.46,6.762,0,0,0,,
1.22136E+17,6.15841E+13,Juankada Ligaya,Juankada Ligaya's Video,,31,1/16/2026 20:47,N/A,https://www.facebook.com/reel/1437797054441440/,0,0,Videos,,,,,Lifetime,9782,7529,722,677,37,8,173,173,,,58044.254,6.931,0,0,0,,
1.22135E+17,6.15841E+13,Juankada Ligaya,LaLhia,"Labubu or Ako?🥺

#juankadahostligaya #Ligaya #FollowNow #Lovelots #fyp #followers #Labubu",8,1/16/2026 4:30,N/A,https://www.facebook.com/reel/24773698645636916/,1,0,Videos,,,,,Lifetime,5455,4324,119,97,16,6,47,47,,,12935.984,2.823,0,0,0,,
1.22135E+17,6.15841E+13,Juankada Ligaya,Bebot,"What if ako nalang yung bebot mo?

#juankadahostligaya #Ligaya #FollowNow #Lovelots #fyp #followers",15,1/15/2026 19:00,N/A,https://www.facebook.com/reel/1996770417568009/,1,0,Videos,,,,,Lifetime,16707,4744,940,889,38,13,52,52,,,28118.789,3.615,0,0,0,,
1.22135E+17,6.15841E+13,Juankada Ligaya,"Kung ako ba teacher mo papasok ka?🤭 

#juankadahostligaya #Ligaya #FollowNow #Lovelots #fyp #followers",,0,1/15/2026 3:12,N/A,https://www.facebook.com/JuankadaLigayaOfficialPage/posts/pfbid0z4ZQfMohgK5XkhLx8S1f56g7u1q5K2Uva8JEAeuumdpPsqe6JDmLDX2v4vyqra2Al,0,0,Photos,,,,,Lifetime,1474,576,1730,1696,31,3,75,44,31,,,,,,,1,
1.22134E+17,6.15841E+13,Juankada Ligaya,Sexbomb LIGAYA,"Ang nawawalang member ng sexbomb! 😆

#JuankadaHostLigaya #Ligaya #FollowNow #Lovelots #fyp #followers #juankadaligaya
 #sexbomb",52,1/14/2026 19:00,N/A,https://www.facebook.com/reel/1420230146122556/,1,0,Videos,,,,,Lifetime,18376,6168,976,932,36,8,84,84,,,71027.672,7.78,0,0,0,,
1.22134E+17,6.15841E+13,Juankada Ligaya,Juankada Ligaya's Video,,59,1/13/2026 20:00,N/A,https://www.facebook.com/reel/1203701448084404/,0,0,Videos,,,,,Lifetime,2674,1051,94,75,16,3,68,68,,,26706.135,10.721,0,0,0,,
1.22133E+17,6.15841E+13,Juankada Ligaya,"Gusto mo saputan kita? saputan ng swerte🕸️😉

Watch us on LIVE now LUVS! 🕷️

Check our Juan365 App or Website, JOIN US NOW LUVSS! 🌸

#Juan365 #Juan365PH #AllInJuanSaSaya #JuanKada #Juan365ColorGame #LigayaLuvs #JuankadaHostLigaya #Ligaya #FollowNow #Lovelots #fyp #followers #FriendlyNeighborhood",,0,1/13/2026 2:00,N/A,https://www.facebook.com/JuankadaLigayaOfficialPage/posts/pfbid0goYFshuUEzdfZfvFHBT7TCdbbKfsupdtCTC5cJ131PWHWBhDYGN1w7VVDkRVh2nzl,0,0,Photos,,,,,Lifetime,1043,484,73,57,13,3,37,30,7,,,,,,,1,
1.22133E+17,6.15841E+13,Juankada Ligaya,"With great power comes main character energy 🕸️

It’s your friendly neighborhood LIGAYAAA~ 

Share, Heart, and Follow now Luvs! Don’t miss me sa ating LIVE mamayang 2PM 🤩

#LigayaLuvs #JuankadaHostLigaya #Ligaya #FollowNow #Lovelots #fyp #followers #FriendlyNeighborhood","With great power comes main character energy 🕸️

It’s your friendly neighborhood LIGAYAAA~ 

Share, Heart, and Follow now Luvs! Don’t miss me sa ating LIVE mamayang 2PM 🤩

#LigayaLuvs #JuankadaHostLigaya #Ligaya #FollowNow #Lovelots #fyp #followers #FriendlyNeighborhood",13,1/12/2026 20:44,N/A,https://www.facebook.com/reel/854102160765030/,0,0,Videos,,,,,Lifetime,3637,3751,194,174,16,4,24,24,,,11578.481,3.523,0,0,0,,
1.22133E+17,6.15841E+13,Juankada Ligaya,"Hello LUVS~!

Songerist naman ang atake! 🥰💖

Nood na ng LIVE natin! Para makita nyo naman ang dancerist mode. Go Visit our Juan365 App or Website. Makikulit na saamin LIVE 😁

#LigayaLuvs #JuankadaHostLigaya #Ligaya #FollowNow #Lovelots #fyp #followers #Songerist","Hello LUVS~!

Songerist naman ang atake! 🥰💖

Nood na ng LIVE natin! Para makita nyo naman ang dancerist mode. Go Visit our Juan365 App or Website. Makikulit na saamin LIVE 😁

#LigayaLuvs #JuankadaHostLigaya #Ligaya #FollowNow #Lovelots #fyp #followers #Songerist",101,1/12/2026 2:46,uploaded,https://www.facebook.com/reel/896615896180000/,0,0,Videos,,,,,Lifetime,1888,5411,402,378,20,4,87,87,,,14780.35,8.623,0,0,0,,
1.22133E+17,6.15841E+13,Juankada Ligaya,"Pretty in White~

Join us on our LIVE, and let’s see if white is your LUCKY COLOR 🤍

Check our Juan365 App or Website Luvss!

#LigayaLuvs #JuankadaHostLigaya #Ligaya #FollowNow #Lovelots #fyp #followers #Songerist",,0,1/11/2026 20:00,N/A,https://www.facebook.com/JuankadaLigayaOfficialPage/posts/pfbid0cT3cq8xXrS6Dz9C2U814PQ9iyv7QgibTkZiABEwLYZW7yLfaEPp8MyPJj8pyn8kul,0,0,Photos,,,,,Lifetime,1400,588,68,60,4,4,52,24,23,5,,,,,,,
1.22132E+17,6.15841E+13,Juankada Ligaya,"𝐖𝐡𝐨’𝐬 𝐭𝐡𝐢𝐬 𝐠𝐢𝐫𝐥 𝐢𝐧 𝐑𝐄𝐃? ❤️

Hmmm… is it the LUCKY COLOR? 
It’s your Lucky Ligayaaa~🌸

See you on LIVE! Visit our APP or Website para mas exciting ang inyong color game 🥰

#LigayaLuvs #JuankadaHostLigaya #Ligaya #FollowNow #Lovelots #fyp #followers",,0,1/11/2026 2:00,N/A,https://www.facebook.com/JuankadaLigayaOfficialPage/posts/pfbid02RYcHYGPWEWLvHFtr8SwdsvJPZemYteZP638EgTJGnhmeuzthhFZcw8HtCYNe2AyXl,0,0,Photos,,,,,Lifetime,958,446,1701,1686,10,5,60,19,35,6,,,,,,,
1.22132E+17,6.15841E+13,Juankada Ligaya,"𝐄𝐘𝐘𝐘𝐘𝐘 𝐁𝐈𝐓𝐈𝐍 𝐁𝐀? 🤭

Abangan na sa 𝗟𝗜𝗩𝗘 ng 𝗖𝗢𝗟𝗢𝗥 𝗚𝗔𝗠𝗘 para di ka na mabitin. Let’s Goooo! See you there LUVS~ 🤩

#Juan365 #Juan365PH #AllInJuanSaSaya #JuanKada #Juan365ColorGame #LigayaLuvs #JuankadaHostLigaya #Ligaya #FollowNow #Lovelots #fyp #followers","𝐄𝐘𝐘𝐘𝐘𝐘 𝐁𝐈𝐓𝐈𝐍 𝐁𝐀? 🤭

Abangan na sa 𝗟𝗜𝗩𝗘 ng 𝗖𝗢𝗟𝗢𝗥 𝗚𝗔𝗠𝗘 para di ka na mabitin. Let’s Goooo! See you there LUVS~ 🤩

#Juan365 #Juan365PH #AllInJuanSaSaya #JuanKada #Juan365ColorGame #LigayaLuvs #JuankadaHostLigaya #Ligaya #FollowNow #Lovelots #fyp #followers",15,1/10/2026 20:00,mixed,https://www.facebook.com/reel/3065816613624693/,1,0,Videos,,,,,Lifetime,3315,3360,196,185,7,4,42,42,,,10539.425,3.709,0,0,0,,
1.22131E+17,6.15841E+13,Juankada Ligaya,"Sailing on a sunset with your lovely LIGAYA~ ⛵️

Let’s get good vibes and unwind LUVS! 🌅🌊

#Juan365 #Juan365PH #AllInJuanSaSaya #JuanKada #Juan365ColorGame #LigayaLuvs #JuankadaHostLigaya #Ligaya #FollowNow #Lovelots #fyp #followers",,0,1/10/2026 1:00,N/A,https://www.facebook.com/JuankadaLigayaOfficialPage/posts/pfbid02MgjCnoBX5FpXMroHGxyz2oTdy6E4NFkSrsmVDunFtjCfXiZPJBQX2UCNNfgPupTfl,0,0,Photos,,,,,Lifetime,1116,516,61,47,8,6,65,26,39,,,,,,,,
1.22131E+17,6.15841E+13,Juankada Ligaya,"Wonderful Morning Luvs! 💕

A little rest won’t hurt you, Chill and relax luvs! Come and take a rest with me 🫣

#Juan365 #Juan365PH #AllInJuanSaSaya #JuanKada #Juan365ColorGame #LigayaLuvs #JuankadaHostLigaya #Ligaya #FollowNow #Lovelots #fyp #followers","Wonderful Morning Luvs! 💕

A little rest won’t hurt you, Chill and relax luvs! Come and take a rest with me 🫣

#Juan365 #Juan365PH #AllInJuanSaSaya #JuanKada #Juan365ColorGame #LigayaLuvs #JuankadaHostLigaya #Ligaya #FollowNow #Lovelots #fyp #followers",11,1/9/2026 17:46,N/A,https://www.facebook.com/reel/1202000318146083/,0,0,Videos,,,,,Lifetime,5398,3795,275,257,14,4,46,46,,,18218.586,4.058,0,0,0,,
1.22131E+17,6.15841E+13,Juankada Ligaya,"Kung di ka makuha sa tingin, makuha ka sa matatamis na ngiti 🥰

Endless love for LUVS! Irresistible looks with Juankada Host Star and Juankada Host Shann ✨

#Juan365 #Juan365PH #AllInJuanSaSaya #JuanKada #JuankadaLigaya #JuankadaHostStar #JuankadaHostShann #Juan365ColorGame #LigayaLuvs #Ligaya #FollowNow #Lovelots #fyp #followers",,0,1/9/2026 2:00,N/A,https://www.facebook.com/JuankadaLigayaOfficialPage/posts/pfbid02aQDxsQuaMTeyJhpAzoMtuj1U72AAN4SivCZxaHMwQcxd58BJLHbNyyjoYdCHQ3Zfl,0,0,Photos,,,,,Lifetime,812,407,37,30,4,3,19,11,8,,,,,,,,
1.2213E+17,6.15841E+13,Juankada Ligaya,"Another Sayawan with our gorgeous Juankada Host Sabbie and Juankada Host Ikay~ 🌸

Want to see more Luvs? Follow and watch our LIVE on Juan365 Website or APP 🤭

#Juan365 #Juan365PH #AllInJuanSaSaya #JuanKada #Juan365ColorGame #LigayaLuvs #Ligaya #JuankadaHostIkay #JuankadaHostSabbie #FollowNow #Lovelots #fyp #followers","Another Sayawan with our gorgeous Juankada Host Sabbie and Juankada Host Ikay~ 🌸

Want to see more Luvs? Follow and watch our LIVE on Juan365 Website or APP 🤭

#Juan365 #Juan365PH #AllInJuanSaSaya #JuanKada #Juan365ColorGame #LigayaLuvs #Ligaya #JuankadaHostIkay #JuankadaHostSabbie #FollowNow #Lovelots #fyp #followers",15,1/8/2026 20:39,N/A,https://www.facebook.com/reel/1901655290430491/,0,0,Videos,,,,,Lifetime,3718,3240,121,113,6,2,27,27,,,15743.516,5.121,0,0,0,,
1.22129E+17,6.15841E+13,Juankada Ligaya,"Look so fabulous with brown? 🤎

See you later at 10pm 🤭

#Juan365 #Juan365PH #AllInJuanSaSaya #JuanKada #Juan365ColorGame #LigayaLuvs #Ligaya #FollowNow #Lovelots #fyp #followers",,0,1/8/2026 3:01,N/A,https://www.facebook.com/JuankadaLigayaOfficialPage/posts/pfbid0LWh4mkt68hif8QHQuA1M3mo7oDvDeQ2rU3GspJ8aiRxaraJZW8LEnBwyMRU3fK32l,0,0,Photos,,,,,Lifetime,885,400,59,48,6,5,28,16,12,,,,,,,,
1.22129E+17,6.15841E+13,Juankada Ligaya,"How’s the view?🤭 
LET ME HIT THAT FLOOR ON OUR LIVE! 🤭

Come and Catch me sa ating LIVE mamaya! 10pm to 5am see you!😘

#Juan365 #Juan365PH #AllInJuanSaSaya #JuanKada #Juan365ColorGame #LigayaLuvs #Ligaya #FollowNow #Lovelots #fyp #followers","How’s the view?🤭 
LET ME HIT THAT FLOOR ON OUR LIVE! 🤭

Come and Catch me sa ating LIVE mamaya! 10pm to 5am see you!😘

#Juan365 #Juan365PH #AllInJuanSaSaya #JuanKada #Juan365ColorGame #LigayaLuvs #Ligaya #FollowNow #Lovelots #fyp #followers",18,1/7/2026 20:57,N/A,https://www.facebook.com/reel/4368990286763942/,0,0,Videos,,,,,Lifetime,4745,3136,277,251,22,4,35,35,,,21985.415,5.401,0,0,0,,
1.22129E+17,6.15841E+13,Juankada Ligaya,"ANOTHER NIGHT WITH ME~ 🌸

The camera is still rolling LUVS! Visit our website or App and watch our LIVE now! 🤭

#Juan365 #Juan365PH #AllInJuanSaSaya #JuanKada #Juan365ColorGame #LigayaLuvs #Ligaya #FollowNow #Lovelots #fyp #followers","ANOTHER NIGHT WITH ME~ 🌸

The camera is still rolling LUVS! Visit our website or App and watch our LIVE now! 🤭

#Juan365 #Juan365PH #AllInJuanSaSaya #JuanKada #Juan365ColorGame #LigayaLuvs #Ligaya #FollowNow #Lovelots #fyp #followers",5,1/7/2026 9:52,N/A,https://www.facebook.com/reel/897387213051415/,0,0,Videos,,,,,Lifetime,2575,2255,84,80,2,2,6,6,,,4596.099,2.104,0,0,0,,
1.22129E+17,6.15841E+13,Juankada Ligaya,"Fit check🤍 Ready na ba kayo sa live later? 😉 

Kita kits ulit luvs 10pm to 5am tayo😘 

#Juan365 #Juan365PH #AllInJuanSaSaya #JuanKada #Juan365ColorGame #LigayaLuvs #Ligaya #FollowNow #Lovelots #fyp #followers","Fit check🤍 Ready na ba kayo sa live later? 😉 

Kita kits ulit luvs 10pm to 5am tayo😘 

#Juan365 #Juan365PH #AllInJuanSaSaya #JuanKada #Juan365ColorGame #LigayaLuvs #Ligaya #FollowNow #Lovelots #fyp #followers",14,1/7/2026 1:29,N/A,https://www.facebook.com/reel/4223572574574158/,0,0,Videos,,,,,Lifetime,2450,2196,115,110,4,1,11,11,,,7558.617,3.545,0,0,0,,
1.22129E+17,6.15841E+13,Juankada Ligaya,"Panis ka boiii!

#trendingreel #fyp #Ligaya #dancechallenge","Panis ka boiii!

#trendingreel #fyp #Ligaya #dancechallenge",15,1/6/2026 20:00,uploaded,https://www.facebook.com/reel/4132682777061959/,1,0,Videos,,,,,Lifetime,76812,56237,5525,5309,158,58,647,647,,,503976.161,8.661,0,0,0,,
1.22129E+17,6.15841E+13,Juankada Ligaya,"𝐋𝐄𝐓𝐒 𝐌𝐀𝐊𝐄 𝐘𝐎𝐔𝐑 𝐍𝐈𝐆𝐇𝐓 𝐖𝐎𝐍𝐃𝐄𝐑𝐅𝐔𝐋 𝐋𝐔𝐕𝐒! 🫣

Kung di ka pa nanonood ng LIVE, its your time to watch now! Just open your Juan365 Website or App to catch up with our kulitan and sayawan! 🌸

#Juan365 #Juan365PH #AllInJuanSaSaya #JuanKada #Juan365ColorGame #LigayaLuvs #Ligaya #FollowNow #Lovelots #fyp #followers",,0,1/6/2026 9:26,N/A,https://www.facebook.com/JuankadaLigayaOfficialPage/posts/pfbid0ACYj9kCTTGtpFjtnXyBNcyNCaW66evsnneq7Be7rwKKHHmpBwgxhUQwPDZNcZSySl,0,0,Photos,,,,,Lifetime,2692,1404,85,75,6,4,89,47,42,,,,,,,,
1.22128E+17,6.15841E+13,Juankada Ligaya,"𝐇𝐄𝐘 𝐇𝐄𝐘 𝐇𝐄𝐘𝐘𝐘 𝐋𝐔𝐕𝐒!

Nanonood ka na ba sa ating LIVE? On going na! Tara at makisaya na sa kulitan ng Night Shift 💕

Together with Juankada Geoff, Juankada Sabbie and Juankada Shann! Tara na!

#Juan365 #Juan365PH #AllInJuanSaSaya #JuanKada #Juan365ColorGame #LigayaLuvs #Ligaya #FollowNow #Lovelots #fyp #followers",,0,1/6/2026 7:05,N/A,https://www.facebook.com/JuankadaLigayaOfficialPage/posts/pfbid0j52cmic7zsPVvWoZ5ywSypirLneixtZz14ibmspgKcXrQc1DoKDh9yeGEaTENzr3l,0,0,Photos,,,,,Lifetime,3099,1398,97,81,6,10,70,29,41,,,,,,,,
1.22128E+17,6.15841E+13,Juankada Ligaya,"Hello LUVS! 💖Excited ka na ba? Kasi ako OO! 😆💖

Meet me sa LIVE mamayang 9PM more chikahan at kulitawan na may tawanan at sayawan! 👀

#Juan365 #Juan365PH #AllInJuanSaSaya #JuanKada #Juan365ColorGame #LigayaLuvs #Ligaya #FollowNow #Lovelots #fyp #followers","Hello LUVS! 💖Excited ka na ba? Kasi ako OO! 😆💖

Meet me sa LIVE mamayang 9PM more chikahan at kulitawan na may tawanan at sayawan! 👀

#Juan365 #Juan365PH #AllInJuanSaSaya #JuanKada #Juan365ColorGame #LigayaLuvs #Ligaya #FollowNow #Lovelots #fyp #followers",12,1/6/2026 4:01,N/A,https://www.facebook.com/reel/1209246747204477/,0,0,Videos,,,,,Lifetime,2799,1933,153,143,7,3,33,33,,,9334.105,4.018,0,0,0,,
1.22128E+17,6.15841E+13,Juankada Ligaya,"MGA LUVS! Ready na ang iyong one and only LIGAYA para sa ating LIVE mamaya! 

Today’s Agenda: TODO NA SAYAW at WALANG HUMPAY NA PANALO 🤩

See you LATER sa ating LIVE for color game 😉

Excited ako makita yung color choice niyo  comment nyo na yan ⬇️⬇️⬇️

#Juan365 #Juan365PH #AllInJuanSaSaya #JuanKada #Juan365ColorGame #LigayaLuvs #Ligaya #FollowNow #Lovelots #fyp #followers",,0,1/5/2026 21:22,N/A,https://www.facebook.com/JuankadaLigayaOfficialPage/posts/pfbid02Rp1P5cAdHx23YPrTPcxW2Pg4RL4KBwiqRw3MCVBQJNQU8tDoDQXDcnrSXMX6njbbl,0,0,Photos,,,,,Lifetime,738,344,42,39,2,1,32,13,19,,,,,,,,
1.22127E+17,6.15841E+13,Juankada Ligaya,"Who’s your BINI Bias? BINI Ligaya? 😆

Hindi nyo lang ako sa ARAW-ARAW makakasama, ngayon ay masusubay bayan nyo na din GABI-GABI 💖

All night na tayong mag sasama kaya nood na ng LIVE dito sa pinaka exciting na color game 10pm to 5am 🥳

It’s your JuankadaHost LIGAYAAAAA~ 
See tou there 😉

#Juan365 #Juan365PH #AllInJuanSaSaya #JuanKada #Juan365ColorGame #LigayaLuvs #Ligaya #FollowNow #Lovelots #fyp #followers","Who’s your BINI Bias? BINI Ligaya? 😆

Hindi nyo lang ako sa ARAW-ARAW makakasama, ngayon ay masusubay bayan nyo na din GABI-GABI 💖

All night na tayong mag sasama kaya nood na ng LIVE dito sa pinaka exciting na color game 10pm to 5am 🥳

It’s your JuankadaHost LIGAYAAAAA~ 
See tou there 😉

#Juan365 #Juan365PH #AllInJuanSaSaya #JuanKada #Juan365ColorGame #LigayaLuvs #Ligaya #FollowNow #Lovelots #fyp #followers",30,1/5/2026 4:06,N/A,https://www.facebook.com/reel/1416285813550228/,0,0,Videos,,,,,Lifetime,2138,1948,127,121,5,1,29,29,,,12221.662,6.372,0,0,0,,
1.22127E+17,6.15841E+13,Juankada Ligaya,"APAT NA YAN LUVS, baka maghanap kapa ng iba? 😏

Kulitan at sayawan na may tawanan ang aabangan tuwing gabi 10pm to 5am 😜

#Juan365 #Juan365PH #AllInJuanSaSaya #JuanKada #Juan365ColorGame #LigayaLuvs #Ligaya #FollowNow #Lovelots #fyp #followers",,0,1/5/2026 2:00,N/A,https://www.facebook.com/JuankadaLigayaOfficialPage/posts/pfbid0xfdn1BYhkvYbL2H6pEqg6iN1K4ACeh5a4FMK3Emnk4AgFxfrpmqeAVJtS8rPtbVVl,0,0,Photos,,,,,Lifetime,2418,1262,120,99,15,6,90,55,35,,,,,,,,
1.22127E+17,6.15841E+13,Juankada Ligaya,"BEEN HERE ALL NIGHT, BEEN HERE ALL DAY FOR YOU LUVS! 💖🔥

Solid ang energy sa LIVE kagabi, Salamat sa lahat ng tumutok with Host LIGAYA~ 💖

#Juan365 #Juan365PH #AllInJuanSaSaya #JuanKada #Juan365ColorGame #LigayaLuvs #Ligaya #FollowNow #Lovelots #fyp #followers","BEEN HERE ALL NIGHT, BEEN HERE ALL DAY FOR YOU LUVS! 💖🔥

Solid ang energy sa LIVE kagabi, Salamat sa lahat ng tumutok with Host LIGAYA~ 💖

#Juan365 #Juan365PH #AllInJuanSaSaya #JuanKada #Juan365ColorGame #LigayaLuvs #Ligaya #FollowNow #Lovelots #fyp #followers",36,1/4/2026 20:28,N/A,https://www.facebook.com/reel/1196840502026939/,0,0,Videos,,,,,Lifetime,2298,1617,105,94,4,7,33,33,,,12152.436,5.834,0,0,0,,
1.22127E+17,6.15841E+13,Juankada Ligaya,"Mapupuno ng Ligaya ang inyong Linggo! Dahil magsisimula nanaman ang panibangong kulitan at sayawan with our Juankada Host Ligayaaa! 🤩

Tumutok na at makisaya mamayang 9PM NA YAN! You can check out here sa ating page para mas update ka 💖

Visit and Join us on our website and App ✨

See you there LUVS! 😘

#Juan365 #Juan365PH #AllInJuanSaSaya #JuanKada #Juan365ColorGame #LigayaLuvs #Ligaya #FollowNow #Lovelots #fyp #followers","Mapupuno ng Ligaya ang inyong Linggo! Dahil magsisimula nanaman ang panibangong kulitan at sayawan with our Juankada Host Ligayaaa! 🤩

Tumutok na at makisaya mamayang 9PM NA YAN! You can check out here sa ating page para mas update ka 💖

Visit and Join us on our website and App ✨

See you there LUVS! 😘

#Juan365 #Juan365PH #AllInJuanSaSaya #JuanKada #Juan365ColorGame #LigayaLuvs #Ligaya #FollowNow #Lovelots #fyp #followers",15,1/4/2026 2:04,N/A,https://www.facebook.com/reel/33548443778074076/,0,0,Videos,,,,,Lifetime,2075,1725,106,91,13,2,15,15,,,8788.087,5.016,0,0,0,,
1.22127E+17,6.15841E+13,Juankada Ligaya,"Hi LUVS! Ready, set, COLOR! 🎨

Ready na ba kayo sa ultimate Color Game? Level up ang fun! quick snap with JUANKADA HOST Geof & JUANKADA HOST Evo

Join na sa LIVE Color Game at patunayan ang galing mo! 👀

#Juan365 #Juan365PH #AllInJuanSaSaya #JuanKada #Juan365ColorGame #LigayaLuvs #Ligaya #FollowNow #Lovelots #fyp #followers",,0,1/3/2026 23:11,N/A,https://www.facebook.com/JuankadaLigayaOfficialPage/posts/pfbid02CfinYDkq7VmpqpaT9PRhiUuHNMZRtwP9dkuFzYe7x1FA4fM7G4M7dNFtCx9KvqESl,0,0,Photos,,,,,Lifetime,487,244,23,18,4,1,12,10,2,,,,,,,,
1.22127E+17,6.15841E+13,Juankada Ligaya,"Sweet smiles ang hatid bago ang kulay na punong puno ng saya 💕

See you sa color game mamaya ✨

Anong color ang bet mo today? Comment mo na 🎨 

Huwag kakalimutan Bisitahin na din ang ating Website or App. para sa more exciting updates!🤗

#Juan365 #Juan365PH #AllInJuanSaSaya #JuanKada #Juan365ColorGame #LigayaLuvs #Ligaya #FollowNow #Lovelots #fyp #followers #followersreelsfyp",,0,1/3/2026 18:06,N/A,https://www.facebook.com/JuankadaLigayaOfficialPage/posts/pfbid0APuTXb3vAR4xV4UbGQKpeYcn6qSULq9ELe4kMHs67gZHxhTWR1zm4rLzsgfgusdpl,0,0,Photos,,,,,Lifetime,631,354,32,27,1,4,8,3,5,,,,,,,,
1.22127E+17,6.15841E+13,Juankada Ligaya,"MALIGAYANG-MALIGAYA ANG GABING ITO, DAHIL ISANG LIGAYA ANG MAG BIBIGAY SWERTE SAIYO! 🥳✨

Today’s energy ay mas pinabongga at pinasaya! Come and Join our LIVE makigulo sa ating color game 🎲🌈

PAANO SUMALI: Nood lang sa ating website or App 💕What are you waiting for LUVS?

TUTOK NA! 

#Juan365 #Juan365PH #AllInJuanSaSaya #JuanKada #Juan365ColorGame #LigayaLuvs #Ligaya #FollowNow #Lovelots #fyp #followers","MALIGAYANG-MALIGAYA ANG GABING ITO, DAHIL ISANG LIGAYA ANG MAG BIBIGAY SWERTE SAIYO! 🥳✨

Today’s energy ay mas pinabongga at pinasaya! Come and Join our LIVE makigulo sa ating color game 🎲🌈

PAANO SUMALI: Nood lang sa ating website or App 💕What are you waiting for LUVS?

TUTOK NA! 

#Juan365 #Juan365PH #AllInJuanSaSaya #JuanKada #Juan365ColorGame #LigayaLuvs #Ligaya #FollowNow #Lovelots #fyp #followers",7,1/3/2026 4:13,N/A,https://www.facebook.com/reel/905212288515821/,0,0,Videos,,,,,Lifetime,5379,2344,225,194,20,11,45,45,,,16655.914,4.197,0,0,0,,
1.22127E+17,6.15841E+13,Juankada Ligaya,"GOOD MORNING LUVS! 
Napanood nyo ba ako kagabi sa LIVE? 🫣

GOOD NEWS! Lagi na tayo mag sasama tuwing 9PM! Sumama na gabi-gabi sa ating Color Game. At itaya ang your LUCKY COLOR with your LUCKY LIGAYA ❤️💙💚💛

Start to Hit that follow button LUVS! Bisitahin na din ang ating Website or App. Stay tune para sa more update!🤗

#Juan365 #Juan365PH #AllInJuanSaSaya #JuanKada #Juan365ColorGame #LigayaLuvs #Ligaya #FollowNow #Lovelots #fyp #followers","GOOD MORNING LUVS! 
Napanood nyo ba ako kagabi sa LIVE? 🫣

GOOD NEWS! Lagi na tayo mag sasama tuwing 9PM! Sumama na gabi-gabi sa ating Color Game. At itaya ang your LUCKY COLOR with your LUCKY LIGAYA ❤️💙💚💛

Start to Hit that follow button LUVS! Bisitahin na din ang ating Website or App. Stay tune para sa more update!🤗

#Juan365 #Juan365PH #AllInJuanSaSaya #JuanKada #Juan365ColorGame #LigayaLuvs #Ligaya #FollowNow #Lovelots #fyp #followers",14,1/2/2026 19:49,mixed,https://www.facebook.com/reel/720070717844901/,0,0,Videos,,,,,Lifetime,4095,1768,282,247,25,10,55,55,,,17811.774,5.404,0,0,0,,
1.22127E+17,6.15841E+13,Juankada Ligaya,Juankada Ligaya updated her cover photo.,,0,1/2/2026 18:42,N/A,https://www.facebook.com/photo.php?fbid=122126542149135583&set=a.122100489423135583&type=3,0,0,Photos,,,,,Lifetime,2,1,23,22,1,0,0,,,,,,,,,,
1.22126E+17,6.15841E+13,Juankada Ligaya,"Tutok na, LUVS! 
LIVE na ang kulitan with Juankada host Juankada Charm and Juankada Evo~ 

Umagang puno ng tawa, kulay, at good vibes, makijoin sa Color Game 🌈

#Juan365 #Juan365PH #AllInJuanSaSaya #JuanKada #Juan365ColorGame #LigayaLuvs #Ligaya #FollowNow #Lovelots #fyp #followers #Like #Share #followersreelsfypシ゚viralシfypシ゚viralシ",,0,1/2/2026 8:53,N/A,https://www.facebook.com/JuankadaLigayaOfficialPage/posts/pfbid0uK8bEEN6LBNSMTS95JaMZ3Wjkxrw9rCeMUqjfVq67qvrGzkmjTFcrx91XypiAWptl,0,0,Photos,,,,,Lifetime,570,232,12,10,0,2,25,8,17,,,,,,,,
1.22126E+17,6.15841E+13,Juankada Ligaya,"Hello Luvs!😍

Ready na ba kayong sumayaw at sumaya? 🕺💃

Hindi lang sa sayaw niyo ako kasama—subaybayan niyo rin araw-araw sa Live para kulayan natin ang bawat araw ng happiness at Color Game fun! 🌈✨

Huwag palampasin, dahil bawat kulay, may ngiti para sa inyo! 😄💜💚

#Juan365 #Juan365PH #AllInJuanSaSaya #JuanKada #Juan365ColorGame #LigayaLuvs #Ligaya #FollowNow #Lovelots #fyp #followers","Hello Luvs!😍

Ready na ba kayong sumayaw at sumaya? 🕺💃

Hindi lang sa sayaw niyo ako kasama—subaybayan niyo rin araw-araw sa Live para kulayan natin ang bawat araw ng happiness at Color Game fun! 🌈✨

Huwag palampasin, dahil bawat kulay, may ngiti para sa inyo! 😄💜💚

#Juan365 #Juan365PH #AllInJuanSaSaya #JuanKada #Juan365ColorGame #LigayaLuvs #Ligaya #FollowNow #Lovelots #fyp #followers",15,1/2/2026 3:25,N/A,https://www.facebook.com/reel/1531129141480802/,0,0,Videos,,,,,Lifetime,2740,1503,213,194,16,3,25,25,,,12408.711,5.471,0,0,0,,
1.22126E+17,6.15841E+13,Juankada Ligaya,"First day of 2026 pa lang, pero panalo na agad ang aura at saya.

Slaying looks, unstoppable charm, at walang kupas na energy 🔥✨
Our Juankada Host Ligaya is serving ganda + saya + confidence all in one frame 💃💎

👉 Comment “LIGAYA” kung ready ka na to Slay ngayong 2026!

#JuankadaHostLigaya #Juan365 #Hello2026",,0,12/31/2025 16:21,N/A,https://www.facebook.com/JuankadaLigayaOfficialPage/posts/pfbid038DYi7tfT1ms6iyB8cLeGSC7NcwDaXifU1DWsNt4jDLve1gVLukLTUViV95Ak6yMPl,0,0,Photos,,,,,Lifetime,525,234,35,31,4,0,31,15,16,,,,,,,,
1.2211E+17,6.15842E+13,Juankada Papa Joe,,,0,1/1/2026 16:04,N/A,https://www.facebook.com/permalink.php?story_fbid=pfbid0xgqTDQrDy7i1LDeFTkzaoDbxkR2PrmRsNzbVBEcnQVtMUoGLAaM3zvHk3kDE2yM3l&id=61584233476725,0,1,Photos,,,,,Lifetime,199,76,5,5,0,0,4,4,,,,,,,,,
1.2211E+17,6.15842E+13,Juankada Papa Joe,"What’s up mga ka-Joekada! Salamat sa pagsama sa amin sa live sa Juan365. We appreciate your effort and support.☺️💖 

Don’t forget to follow, like, and share! 💙

#Juan365Studios #ALLINJUANLIVE #JuankadaPapaJoe #JuankadaHosts #Juan365 #fbreelsfypシ",,0,1/2/2026 0:02,N/A,https://www.facebook.com/permalink.php?story_fbid=pfbid0W2Xi5qZHBbTntYivzPHLZy14KpbR9fjVa3srWEiq5jEdBd6otaEJXQbXcLCKe8Asl&id=61584233476725,0,0,Photos,,,,,Lifetime,1195,407,26,20,3,3,61,29,32,,,,,,,,
1.2211E+17,6.15842E+13,Juankada Papa Joe,"Another day, another live! ✌️🔥

What’s up mga ka-Joekada! Samahan niyo kami and let’s enjoy the Color Game live on https://juan365.com/

Don’t forget to follow, like, and share! 💙

#Juan365Studios #ALLINJUANLIVE #JuankadaPapaJoe #JuankadaHosts #Juan365 #fbreelsfypシ",,0,1/2/2026 18:21,N/A,https://www.facebook.com/permalink.php?story_fbid=pfbid02FNYgFFZCFaHCCNkG6Z7XWXT6Z1J6CZreL69TBPd72XNr2mBDYACwhxAaBFqx8YpWl&id=61584233476725,0,0,Photos,,,,,Lifetime,745,276,13,11,0,2,28,10,17,1,,,,,,,
1.2211E+17,6.15842E+13,Juankada Papa Joe,Juankada Papa Joe updated their cover photo.,,0,1/2/2026 18:41,N/A,https://www.facebook.com/photo.php?fbid=122110229583141115&set=a.122102925279141115&type=3,0,0,Photos,,,,,Lifetime,0,0,10,10,0,0,0,,,,,,,,,,
1.2211E+17,6.15842E+13,Juankada Papa Joe,"Saturday pa lang pero it feels sunday na. Senti-vibes with me🥹

Bakit di na lang??? 
Bakit di na lang nag triple color😂

Comment your senti song👇

#Juan365Studios #ALLINJUANLIVE #JuankadaPapaJoe #JuankadaHosts #Juan365 #fbreelsfypシ゚viralfbreelsfypシ゚viral","Saturday pa lang pero it feels sunday na. Senti-vibes with me🥹

Bakit di na lang??? 
Bakit di na lang nag triple color😂

Comment your senti song👇

#Juan365Studios #ALLINJUANLIVE #JuankadaPapaJoe #JuankadaHosts #Juan365 #fbreelsfypシ゚viralfbreelsfypシ゚viral",26,1/2/2026 23:19,N/A,https://www.facebook.com/reel/734854506343472/,0,0,Videos,,,,,Lifetime,5602,171,40,20,16,4,22,22,,,4037.815,2.919,0,0,0,,
1.2211E+17,6.15842E+13,Juankada Papa Joe,"Thankyou for today mga ka-Joekada!☺️

Abangan niyo ulit kami tomorrow 6AM to 2PM sa ating website or app: https://juan365.com/

Don’t forget to follow, like, and share! 💙

#Juan365Studios #ALLINJUANLIVE #JuankadaPapaJoe #JuankadaHosts #Juan365 #fbreelsfypシ゚","Thankyou for today mga ka-Joekada!☺️

Abangan niyo ulit kami tomorrow 6AM to 2PM sa ating website or app: https://juan365.com/

Don’t forget to follow, like, and share! 💙

#Juan365Studios #ALLINJUANLIVE #JuankadaPapaJoe #JuankadaHosts #Juan365 #fbreelsfypシ゚",26,1/3/2026 4:01,mixed,https://www.facebook.com/reel/1353112906565066/,1,0,Videos,,,,,Lifetime,1248,478,16,12,2,2,5,4,,1,2408.359,3.671,0,0,0,,
1.22111E+17,6.15842E+13,Juankada Papa Joe,"When the trio is all together, the fun never stops😄💖

Tag your trio for the fun and good times👇

#Juan365Studios #ALLINJUANLIVE #JuankadaPapaJoe #JuankadaHosts #Juan365 #GoodVibesOnly #fblifestylechallenge",,0,1/3/2026 16:50,N/A,https://www.facebook.com/permalink.php?story_fbid=pfbid07xv3mBKyUawGAZ6xHiSJ8izeZH7rxU33HRTpRk6Ak4V8ihgf56o6o7wZy7KNzL3fl&id=61584233476725,0,0,Photos,,,,,Lifetime,666,295,18,16,0,2,20,7,13,,,,,,,,
1.22111E+17,6.15842E+13,Juankada Papa Joe,,,0,1/3/2026 19:31,N/A,https://www.facebook.com/permalink.php?story_fbid=pfbid02LyEBtYk4TLUYP4tAWUKGRQ7hmEhncV6KSWEkjUehuLgsNKqVSVpYz1d13XfLkfhjl&id=61584233476725,0,1,Photos,,,,,Lifetime,267,96,11,11,0,0,5,4,1,,,,,,,,
1.22111E+17,6.15842E+13,Juankada Papa Joe,"Am I still cute Joekada?🥹

Send this to your bestie and do the trend together 🤍

Tag your bestie and comment your entry🤗

#Juan365Studios #ALLINJUANLIVE #JuankadaPapaJoe #JuankadaHosts #Juan365 #fbreelsfypシ゚","Am I still cute Joekada?🥹

Send this to your bestie and do the trend together 🤍

Tag your bestie and comment your entry🤗

#Juan365Studios #ALLINJUANLIVE #JuankadaPapaJoe #JuankadaHosts #Juan365 #fbreelsfypシ゚",9,1/3/2026 19:36,mixed,https://www.facebook.com/reel/847664741388039/,1,0,Videos,,,,,Lifetime,6905,1161,281,269,9,3,31,31,,,8342.602,3.586,0,0,0,,
1.22111E+17,6.15842E+13,Juankada Papa Joe,"Individually, we're strong, but together, we're unstoppable.💪

Pew! Pew! Pew!🔫

Don’t miss our live tomorrow on https://juan365.com/ from 6AM to 2PM.
To watch us smoothly, just register on our website or download our app.
See you, Joekada!☺️

#Juan365Studios #ALLINJUANLIVE #JuankadaPapaJoe #JuankadaHosts #Juan365 #fbreelsfypシ゚",,0,1/4/2026 3:00,N/A,https://www.facebook.com/permalink.php?story_fbid=pfbid0VDTefFdKDTAnWBNqbUYE3ZPPqePz38XkDZeXiiPUAp67aGyQQzZtK4eijfTfziAsl&id=61584233476725,0,0,Photos,,,,,Lifetime,1099,516,53,36,11,6,17,15,2,,,,,,,,
1.22111E+17,6.15842E+13,Juankada Papa Joe,"Happy monday, don't forget to be awesome🍃✨

What’s your mission this week?

#Juan365Studios #ALLINJUANLIVE #JuankadaPapaJoe #JuankadaHosts #Juan365 #highlightseveryonefollowers",,0,1/4/2026 18:13,N/A,https://www.facebook.com/permalink.php?story_fbid=pfbid02y6eDm8qq5eRk2kPfEUX5KSkXN48gTqu3wsNcwYt17wUCxUPWPK6WAetQamUT2SAAl&id=61584233476725,0,0,Photos,,,,,Lifetime,1469,585,52,44,3,5,23,15,8,,,,,,,,
1.22111E+17,6.15842E+13,Juankada Papa Joe,"Thankyou so much sa pagsama saamin ngayon araw mga ka-Joekada🤗 

Abangan niyo ulit kami bukas sa Juan365 color game live from 6AM to 2PM. You can register on our website or download our app. 

Follow for more!💙

#Juan365Studios #ALLINJUANLIVE #JuankadaPapaJoe #JuankadaHosts #Juan365 #fbreelsfypシ゚viralfbreelsfypシ゚viral","Thankyou so much sa pagsama saamin ngayon araw mga ka-Joekada🤗 

Abangan niyo ulit kami bukas sa Juan365 color game live from 6AM to 2PM. You can register on our website or download our app. 

Follow for more!💙

#Juan365Studios #ALLINJUANLIVE #JuankadaPapaJoe #JuankadaHosts #Juan365 #fbreelsfypシ゚viralfbreelsfypシ゚viral",39,1/4/2026 23:45,mixed,https://www.facebook.com/reel/1337159294830930/,1,0,Videos,,,,,Lifetime,934,206,35,27,6,2,5,5,,,2081.189,5.088,0,0,0,,
1.22111E+17,6.15842E+13,Juankada Papa Joe,"MUSTAAAAAAARD.............💛

Comment ""Dancing JOE"" if you want to see me dance again🕺

#Juan365Studios #ALLINJUANLIVE #JuankadaPapaJoe #JuankadaHosts #Juan365 #fbreelsfypシ","MUSTAAAAAAARD.............💛

Comment ""Dancing JOE"" if you want to see me dance again🕺

#Juan365Studios #ALLINJUANLIVE #JuankadaPapaJoe #JuankadaHosts #Juan365 #fbreelsfypシ",16,1/5/2026 2:00,mixed,https://www.facebook.com/reel/1525379068515741/,1,0,Videos,,,,,Lifetime,4252,804,80,53,18,9,13,13,,,11487.562,5.33,0,0,0,,
1.22111E+17,6.15842E+13,Juankada Papa Joe,"Another day, another live! ✌️

What’s up, mga ka-Joekada! Samahan niyo kami and let’s enjoy the Color Game live on Juan365. You can register on our website or download our app.

Don’t forget to follow, like, and share!💙

#Juan365Studios #ALLINJUANLIVE #JuankadaPapaJoe #JuankadaHosts #Juan365livestream #fypageシ",,0,1/5/2026 17:52,N/A,https://www.facebook.com/permalink.php?story_fbid=pfbid02t1fcExwfPu4tAt8qs5dZqCEbGAQ55SBzahBfYEmeowG3iTiQBrDLHzP6yL8FKbKBl&id=61584233476725,0,0,Photos,,,,,Lifetime,745,317,61,37,15,9,31,13,18,,,,,,,,
1.22111E+17,6.15842E+13,Juankada Papa Joe,"Dont miss me JOEKADA, mag rest day lang ang inyong PAPA😁

Mark your calendar FRIDAY this WEEK for more fun and kwentuhan!

#Juan365Studios #ALLINJUANLIVE #JuankadaPapaJoe #JuankadaHosts #Juan365livestream #fypageシ",,0,1/6/2026 23:06,N/A,https://www.facebook.com/permalink.php?story_fbid=pfbid02j2dBSoTpJYTpuYpXCWYo2hvyqLZSForaX732SjqGHgSfS6X11SHABJX9xoHEimhLl&id=61584233476725,0,0,Photos,,,,,Lifetime,829,374,65,34,21,10,24,17,7,,,,,,,,
1.22112E+17,6.15842E+13,Juankada Papa Joe,,,0,1/8/2026 2:06,N/A,https://www.facebook.com/permalink.php?story_fbid=pfbid0AVoXdmSr8gwjCkxoNfSs9wgWgyxzgRAgqy7cLKXRHkJ2wzPRX358MLX61CD2fZvpl&id=61584233476725,0,1,Photos,,,,,Lifetime,190,85,12,8,2,2,8,7,1,,,,,,,,
1.22112E+17,6.15842E+13,Juankada Papa Joe,"Hello mga ka-Joekada!😊

Abangan niyo ako sa live tomorrow 10PM to 6AM sa ating website or app na Juan365.😁 

Makisaya at makipag kulitan with Papa Joe!🤙

Don’t forget to follow, like, and share! 💙

#Juan365Studios #ALLINJUANLIVE #JuankadaPapaJoe #JuankadaHosts #Juan365 #fbreelsfypシ゚","Hello mga ka-Joekada!😊

Abangan niyo ako sa live tomorrow 10PM to 6AM sa ating website or app na Juan365.😁 

Makisaya at makipag kulitan with Papa Joe!🤙

Don’t forget to follow, like, and share! 💙

#Juan365Studios #ALLINJUANLIVE #JuankadaPapaJoe #JuankadaHosts #Juan365 #fbreelsfypシ゚",43,1/8/2026 2:56,N/A,https://www.facebook.com/reel/1393542778847205/,0,0,Videos,,,,,Lifetime,1611,140,35,22,9,4,2,2,,,1472.347,3.214,0,0,0,,
1.22112E+17,6.15842E+13,Juankada Papa Joe,"Ready na ba kayo sa sayahan at kulitan mamaya?👀 

Abangan niyo ako mamayang 10PM to 6AM sa Juan365 live.

Promise hindi masasayang ang effort niyo dahil full energy ang Papa Joe niyo today!😁

#Juan365Studios #ALLINJUANLIVE #JuankadaPapaJoe #JuankadaHosts #Juan365livestream #fypageシ","Ready na ba kayo sa sayahan at kulitan mamaya?👀 

Abangan niyo ako mamayang 10PM to 6AM sa Juan365 live.

Promise hindi masasayang ang effort niyo dahil full energy ang Papa Joe niyo today!😁

#Juan365Studios #ALLINJUANLIVE #JuankadaPapaJoe #JuankadaHosts #Juan365livestream #fypageシ",20,1/8/2026 20:04,N/A,https://www.facebook.com/reel/898352252766467/,0,0,Videos,,,,,Lifetime,3584,273,62,38,17,7,16,16,,,4651.142,3.682,0,0,0,,
1.22112E+17,6.15842E+13,Juankada Papa Joe,"Ooops Papajoe is back 🥰 

Tara sasalang na tayo sa shift ng 10PM to 6AM sa Juan365 live 💙🧡 see youuu Joekadaaaa! 🫶🏻 

#Juan365Studios #ALLINJUANLIVE #JuankadaPapaJoe #JuankadaHosts #Juan365livestream #fypageシ",,0,1/9/2026 6:19,N/A,https://www.facebook.com/permalink.php?story_fbid=pfbid0323LZ5uVa8C1yd7rWgeQf4EAmf1dHGRWAiYuY6agLJAxRXoF8W86iPtfD8kEMCHsyl&id=61584233476725,0,0,Photos,,,,,Lifetime,1074,422,60,43,10,7,29,16,13,,,,,,,,
1.22112E+17,6.15842E+13,Juankada Papa Joe,"You are stronger than you think, braver than you feel, and smarter than you know. ✨

#Juan365Studios #ALLINJUANLIVE #JuankadaPapaJoe #JuankadaHosts #Juan365livestream #fypageシ",,0,1/9/2026 17:38,N/A,https://www.facebook.com/permalink.php?story_fbid=pfbid0byJjbfFn3ekfPMZx8idKRmvAg8t3e3K4JJSbHTeheKqC3cKq4yes5g9frkZHhPnpl&id=61584233476725,0,0,Photos,,,,,Lifetime,620,198,27,15,8,4,6,5,1,,,,,,,,
1.22112E+17,6.15842E+13,Juankada Papa Joe,,,0,1/9/2026 18:25,N/A,https://www.facebook.com/permalink.php?story_fbid=pfbid0mfjmcAW1K3WhDaszTDn6FSbbSTkhfuVpAf4wV58W3fKKVDTPF8UNjrULz61UreZvl&id=61584233476725,0,1,Photos,,,,,Lifetime,214,82,17,10,6,1,1,1,,,,,,,,,
1.22112E+17,6.15842E+13,Juankada Papa Joe,"𝐖𝐡𝐨’𝐬 𝐬𝐭𝐢𝐥𝐥 𝐚𝐰𝐚𝐤𝐞 𝐚𝐭 𝟐𝐀𝐌? 👀
Color Game LIVE till 5AM on Juan365 app & website 🔥 

with Juankada Star ✨ & Juankada Shann 💥

👉 Sali na habang live pa!

#Juan365Studios #ALLINJUANLIVE #JuankadaPapaJoe #JuankadaHosts #Juan365livestream #fypageシ",,0,1/10/2026 10:08,N/A,https://www.facebook.com/permalink.php?story_fbid=pfbid0EFZtwtPTJVxqgKkArU5BwkevaBNHiyN9rrFinEsgWXHB91JpsRnBEdPLGayhTbaXl&id=61584233476725,0,0,Photos,,,,,Lifetime,1237,479,70,53,10,7,59,33,26,,,,,,,,
1.22112E+17,6.15842E+13,Juankada Papa Joe,"Three amigos, one epic bond✨

Tara na at makisaya, makipagkulitan kasama sina JuanKada Star, Juankada Jedi, and ofcourse your one and only Juankada Papa Joe😊💙

Please follow the trio for more kulitan!😁

#Juan365Studios #ALLINJUANLIVE #JuankadaPapaJoe #juankadastar #juankadajedi #juankadahost #Juan365livestream #fypageシ",,0,1/11/2026 21:16,N/A,https://www.facebook.com/permalink.php?story_fbid=pfbid02AkDahJAwFMQqDuTVmndjeYUKcuEcUEv8FWeyvw6Z4dnjndGUQu8jQ3thiRZyzNGKl&id=61584233476725,0,0,Photos,,,,,Lifetime,609,227,32,26,1,5,18,6,12,,,,,,,,
1.22112E+17,6.15842E+13,Juankada Papa Joe,"What's up mga ka-Joekada!🙌

Thankyou sa pagsama sa amin☺️ Abangan niyo ulit kami mamayang 10PM to 5AM sa Color Game LIVE on Juan365 app & website. Let's enjoy the live together✨

Don’t forget to follow, like, and share! 💙

#Juan365Studios #ALLINJUANLIVE #JuankadaPapaJoe #JuankadaHosts #Juan365livestream #fypageシ","What's up mga ka-Joekada!🙌

Thankyou sa pagsama sa amin☺️ Abangan niyo ulit kami mamayang 10PM to 5AM sa Color Game LIVE on Juan365 app & website. Let's enjoy the live together✨

Don’t forget to follow, like, and share! 💙

#Juan365Studios #ALLINJUANLIVE #JuankadaPapaJoe #JuankadaHosts #Juan365livestream #fypageシ",42,1/11/2026 21:30,mixed,https://www.facebook.com/reel/1972519786943497/,1,0,Videos,,,,,Lifetime,2158,178,32,19,9,4,10,10,,,2186.593,3.662,0,0,0,,
1.22112E+17,6.15842E+13,Juankada Papa Joe,"Tara’t samahan niyo kami hanggang 5am sa kulitan, saya , kwentuhan habang nag eenjoy sa pag lalaro 😊 🎲 

#JuankadaPapaJoe #ALLINJUANLIVE #Juan365Studios #juankadahost #juankadahosts",,0,1/12/2026 8:57,N/A,https://www.facebook.com/permalink.php?story_fbid=pfbid0mUANTv8zk2tyr3FNNVQdNCJ14JHFKLVw4Q9W6xemNAg4ZZAUwVsZT7VMs9kfZsqsl&id=61584233476725,0,1,Photos,,,,,Lifetime,210,94,9,8,1,0,6,1,2,3,,,,,,,
1.22112E+17,6.15842E+13,Juankada Papa Joe,"Hindi lang kayo basta nanunuod kundi , kasama ka sa kwentuhan, kulitan ☺️💙🧡 Tara Joekada 👉 Join the live at maging ka-Juankada ni Papa Joe 🥰 

#JuankadaPapaJoe #ALLINJUANLIVE #Juan365Studios #juankadahost","Hindi lang kayo basta nanunuod kundi , kasama ka sa kwentuhan, kulitan ☺️💙🧡 Tara Joekada 👉 Join the live at maging ka-Juankada ni Papa Joe 🥰 

#JuankadaPapaJoe #ALLINJUANLIVE #Juan365Studios #juankadahost",9,1/12/2026 9:16,N/A,https://www.facebook.com/reel/1184364130346210/,0,0,Videos,,,,,Lifetime,2207,123,75,71,2,2,4,4,,,1116.194,1.82,0,0,0,,
1.22112E+17,6.15842E+13,Juankada Papa Joe,"Keep on sharing lang mga ka-Joekada to spread the kulitan and tawanan sa live😊💞

#Juan365Studios #ALLINJUANLIVE #JuankadaPapaJoe #JuankadaHosts #Juan365 #fbreelsfypシ゚viralfbreelsfypシ゚viral","Keep on sharing lang mga ka-Joekada to spread the kulitan and tawanan sa live😊💞

#Juan365Studios #ALLINJUANLIVE #JuankadaPapaJoe #JuankadaHosts #Juan365 #fbreelsfypシ゚viralfbreelsfypシ゚viral",45,1/13/2026 1:00,N/A,https://www.facebook.com/reel/1221037152736653/,1,0,Videos,,,,,Lifetime,1168,103,22,15,5,2,8,8,,,1158.178,3.467,0,0,0,,
1.22112E+17,6.15842E+13,Juankada Papa Joe,,,0,1/13/2026 12:41,N/A,https://www.facebook.com/permalink.php?story_fbid=pfbid0mxmvm1swyf4EB9YAhKKNCeTqZDm866MCG14h2nWmopZRZQuMSVDTJ43M5DoK8sYol&id=61584233476725,0,1,Photos,,,,,Lifetime,168,60,6,5,0,1,2,1,1,,,,,,,,
1.22112E+17,6.15842E+13,Juankada Papa Joe,HAHAHAHA si dorangmon at shitshiuka 😄,,0,1/13/2026 22:38,N/A,https://www.facebook.com/permalink.php?story_fbid=pfbid0WA4mVpdjF1L1ZbtK9xw32FmEomkx7cuU8AjUrRJfV3C7PzLeFBDJUKM6bVe29gdtl&id=61584233476725,0,1,Text,,,,,Lifetime,100,74,14,12,2,0,8,8,,,,,,,,,
1.22112E+17,6.15842E+13,Juankada Papa Joe,"Do you remember?🥺💞 Let's bring it back on friday!⏳

#Juan365Studios #ALLINJUANLIVE #JuankadaPapaJoe #JuankadaHosts #Juan365 #fbreelsfypシ゚viralfbreelsfypシ゚viral","Do you remember?🥺💞 Let's bring it back on friday!⏳

#Juan365Studios #ALLINJUANLIVE #JuankadaPapaJoe #JuankadaHosts #Juan365 #fbreelsfypシ゚viralfbreelsfypシ゚viral",20,1/14/2026 0:00,uploaded,https://www.facebook.com/reel/1773060183357219/,0,0,Videos,,,,,Lifetime,2052,141,12,9,1,2,5,5,,,1551.105,2.861,0,0,0,,
1.22113E+17,6.15842E+13,Juankada Papa Joe,"Bagay ba sakin? O mas bagay tayo?👀

#Juan365Studios #ALLINJUANLIVE #JuankadaPapaJoe #JuankadaHosts #Juan365 #fbreelsfypシ゚viralfbreelsfypシ゚viral","Bagay ba sakin? O mas bagay tayo?👀

#Juan365Studios #ALLINJUANLIVE #JuankadaPapaJoe #JuankadaHosts #Juan365 #fbreelsfypシ゚viralfbreelsfypシ゚viral",21,1/14/2026 3:00,N/A,https://www.facebook.com/reel/1573285306943534/,1,0,Videos,,,,,Lifetime,2350,139,38,29,6,3,10,10,,,2227.805,3.29,0,0,0,,
1.22113E+17,6.15842E+13,Juankada Papa Joe,"Rest day hits different , night coffee stroll with good company 😊 City Lights, Street Vibes while unting ulan 😁🌬️⚡️🏍️

#Juan365Studios #ALLINJUANLIVE #JuankadaPapaJoe #JuankadaHosts #Juan365 #fbreelsfypシ",,0,1/15/2026 3:36,N/A,https://www.facebook.com/permalink.php?story_fbid=pfbid0377zDKwQchjeUgt7P4dHAfDZVjBhwa7tcrEqFVk9g9v1W92pVctfdhxfGtf5HVf8xl&id=61584233476725,0,0,Photos,,,,,Lifetime,523,196,50,31,16,3,40,26,14,,,,,,,,
1.22113E+17,6.15842E+13,Juankada Papa Joe,"OTW na ko pa studio Joekada see you 2pm tomorrow! Byahe na ko ngayon galing pa ko mindanao . miss ko na kayo! 😁🏍️🌬️ 

#Juan365Studios #ALLINJUANLIVE #JuankadaPapaJoe #JuankadaHosts #Juan365 #fbreelsfypシ","OTW na ko pa studio Joekada see you 2pm tomorrow! Byahe na ko ngayon galing pa ko mindanao . miss ko na kayo! 😁🏍️🌬️ 

#Juan365Studios #ALLINJUANLIVE #JuankadaPapaJoe #JuankadaHosts #Juan365 #fbreelsfypシ",22,1/15/2026 3:45,N/A,https://www.facebook.com/reel/1188937790056089/,0,0,Videos,,,,,Lifetime,2938,124,52,27,17,8,16,16,,,1934.483,2.724,0,0,0,,
1.22113E+17,6.15842E+13,Juankada Papa Joe,"Play Smart , have fun while winning your bets 🎰

See you again tomorrow 2pm - 10pm Joekadaaaas😊 

#Juan365Studios #ALLINJUANLIVE #JuankadaPapaJoe #JuankadaHosts #Juan365 #fbreelsfypシ゚viralfbreelsfypシ゚viral","Play Smart , have fun while winning your bets 🎰

See you again tomorrow 2pm - 10pm Joekadaaaas😊 

#Juan365Studios #ALLINJUANLIVE #JuankadaPapaJoe #JuankadaHosts #Juan365 #fbreelsfypシ゚viralfbreelsfypシ゚viral",31,1/16/2026 9:11,N/A,https://www.facebook.com/reel/1170779511882007/,0,0,Videos,,,,,Lifetime,4738,97,28,16,6,6,11,11,,,7431.671,2.939,0,0,0,,
1.22113E+17,6.15842E+13,Juankada Papa Joe,"Mag Go Crazy ka talaga pag na hit mo jackpot sa Color Game!🤪

Ano ang lucky color mo today? 

Comment down below!👇

#Juan365Studios #ALLINJUANLIVE #JuankadaPapaJoe #JuankadaHosts #Juan365 #fbreelsfypシ゚viralfbreelsfypシ゚viral","Mag Go Crazy ka talaga pag na hit mo jackpot sa Color Game!🤪

Ano ang lucky color mo today? 

Comment down below!👇

#Juan365Studios #ALLINJUANLIVE #JuankadaPapaJoe #JuankadaHosts #Juan365 #fbreelsfypシ゚viralfbreelsfypシ゚viral",30,1/17/2026 21:53,N/A,https://www.facebook.com/reel/1191942912643846/,0,0,Videos,,,,,Lifetime,5683,81,15,13,1,1,5,5,,,18538.618,3.308,0,0,0,,
1.22113E+17,6.15842E+13,Juankada Papa Joe,"Success doesn’t need noise It speaks through consistency and confidence. 🖤

#Juan365Studios #ALLINJUANLIVE #JuankadaPapaJoe #JuankadaHosts #Juan365 #fbreelsfypシ",,0,1/18/2026 8:46,N/A,https://www.facebook.com/permalink.php?story_fbid=pfbid0qL3TDPLyu8HKsHj5dtsmVsN1reGu9s7ompjNWrbRg3RTzDYGALbYuaGiGogZkgobl&id=61584233476725,0,0,Photos,,,,,Lifetime,404,175,22,15,5,2,10,7,3,,,,,,,,
1.22113E+17,6.15842E+13,Juankada Papa Joe,"My favorite colors 🖤🤍🩶

#Juan365Studios #ALLINJUANLIVE #JuankadaPapaJoe #JuankadaHosts #Juan365 #fbreelsfypシ","My favorite colors 🖤🤍🩶

#Juan365Studios #ALLINJUANLIVE #JuankadaPapaJoe #JuankadaHosts #Juan365 #fbreelsfypシ",10,1/19/2026 5:19,N/A,https://www.facebook.com/reel/1349264770306308/,0,0,Videos,,,,,Lifetime,2060,82,16,14,1,1,2,2,,,6502.211,3.241,0,0,0,,
1.22114E+17,6.15842E+13,Juankada Papa Joe,"Goodmorning Joekadas 🥰😎 Happy Weekdays! Tara na’t humakot ng biyaya sa Color G Live 🎲 

Team morning shift 6am till 2pm niyo kaming makakasama 😊 

#Juan365Studios #ALLINJUANLIVE #JuankadaPapaJoe #JuankadaHosts #Juan365 #fbreelsfypシ",,0,1/19/2026 14:36,N/A,https://www.facebook.com/permalink.php?story_fbid=pfbid0FXHULgqKxDeMgcxRqB1eT53pjz61TdKB3L5oouo2Rx7pxLgtM8pgrxbDGYwXXTJQl&id=61584233476725,0,0,Photos,,,,,Lifetime,1783,643,67,55,6,6,81,46,35,,,,,,,,
1.22114E+17,6.15842E+13,Juankada Papa Joe,"Here's your PAPA Joe na PAPAnalo sainyo🖤😁

See you tomorrow Joekada! Abangan nyo ulit kami LIVE 6am - 2pm 

#Juan365Studios #ALLINJUANLIVE #JuankadaPapaJoe #JuankadaHosts #Juan365 #fbreelsfypシ","Here's your PAPA Joe na PAPAnalo sainyo🖤😁

See you tomorrow Joekada! Abangan nyo ulit kami LIVE 6am - 2pm 

#Juan365Studios #ALLINJUANLIVE #JuankadaPapaJoe #JuankadaHosts #Juan365 #fbreelsfypシ",40,1/20/2026 3:30,N/A,https://www.facebook.com/reel/935420885477859/,0,0,Videos,,,,,Lifetime,1222,94,8,8,0,0,2,2,,,4060.452,3.397,0,0,0,,
1.22114E+17,6.15842E+13,Juankada Papa Joe,🎲  💙🤎,,0,1/20/2026 4:41,N/A,https://www.facebook.com/permalink.php?story_fbid=pfbid02XvHWLJAcmBtDLpKVXHQRTRn9uBrhZR87hbMSdJFJKuRvnWB2g2M6FyJvJicQG8S7l&id=61584233476725,0,1,Photos,,,,,Lifetime,192,72,19,13,6,0,4,4,,,,,,,,,
1.22114E+17,6.15842E+13,Juankada Papa Joe,"Be ready sa ma𝐏𝐀𝐏𝐀nood nyo every morning dito lang yan sa Juan365 Color Game💙💛❤️

#Juan365Studios #ALLINJUANLIVE #JuankadaPapaJoe #JuankadaHosts #Juan365 #fbreelsfypシ゚viralfbreelsfypシ゚viral","Be ready sa ma𝐏𝐀𝐏𝐀nood nyo every morning dito lang yan sa Juan365 Color Game💙💛❤️

#Juan365Studios #ALLINJUANLIVE #JuankadaPapaJoe #JuankadaHosts #Juan365 #fbreelsfypシ゚viralfbreelsfypシ゚viral",20,1/20/2026 22:03,N/A,https://www.facebook.com/reel/747056224686044/,0,0,Videos,,,,,Lifetime,3277,153,49,32,10,7,11,11,,,10948.159,3.485,0,0,0,,
1.22114E+17,6.15842E+13,Juankada Papa Joe,"CRAZY PEEPZ 🤪

Kung trip niyo ng ganito kakulit, visit our website Juan365 at laruin ang Color Game ✨

#Juan365Studios #ALLINJUANLIVE #JuankadaPapaJoe #juankadageoff #juankadasabbie #juankadashann #JuankadaHosts #Juan365 #fbreelsfypシ゚","CRAZY PEEPZ 🤪

Kung trip niyo ng ganito kakulit, visit our website Juan365 at laruin ang Color Game ✨

#Juan365Studios #ALLINJUANLIVE #JuankadaPapaJoe #juankadageoff #juankadasabbie #juankadashann #JuankadaHosts #Juan365 #fbreelsfypシ゚",14,1/20/2026 22:40,N/A,https://www.facebook.com/reel/763098809582948/,0,0,Videos,,,,,Lifetime,2943,155,40,29,9,2,11,11,,,10218.851,3.698,0,0,0,,
1.22114E+17,6.15842E+13,Juankada Papa Joe,"Director's chair, clapperboard ready 📹 What's next scene? 👉🏻👉🏻👉🏻 Colorrrr Game Liveeee 🎲 

Here's your PAPA Joe na PAPAnalo sainyo 🫰🏻

#Juan365Studios #ALLINJUANLIVE #JuankadaPapaJoe #JuankadaHosts #Juan365 #fbreelsfypシ",,0,1/23/2026 4:43,N/A,https://www.facebook.com/permalink.php?story_fbid=pfbid0noNe7Cjf6inVPZfCbH26vZCjL3iDLmzEFcnbDxs8ACGyjt3RHuWTD3mmNVTWSvJ6l&id=61584233476725,0,0,Photos,,,,,Lifetime,280,131,124,121,1,2,3,1,2,,,,,,,,
1.22114E+17,6.15842E+13,Juankada Papa Joe,"Makulay ang buhay ko everytime nakakasama ko kayo sa Color Game Live 🥰 🎲 🎰🫶🏻

Thank youuu sa warm support and love niyo samin mga Juankadahost 😊🫶🏻
#Juan365Studios #ALLINJUANLIVE #JuankadaPapaJoe #JuankadaHosts #Juan365 #fbreelsfypシ","Makulay ang buhay ko everytime nakakasama ko kayo sa Color Game Live 🥰 🎲 🎰🫶🏻

Thank youuu sa warm support and love niyo samin mga Juankadahost 😊🫶🏻
#Juan365Studios #ALLINJUANLIVE #JuankadaPapaJoe #JuankadaHosts #Juan365 #fbreelsfypシ",18,1/23/2026 4:50,N/A,https://www.facebook.com/reel/1107272424763066/,0,0,Videos,,,,,Lifetime,1879,107,20,18,1,1,4,4,,,6018.779,3.305,0,0,0,,
1.22114E+17,6.15842E+13,Juankada Papa Joe,"Nakasama ba kayo sa pa Elias ni Papa Joe? 😁 well kung hindi , See you tomorrow Joekada! Abangan nyo ulit kami LIVE 2pm - 10pm 🎲 😊

#Juan365Studios #ALLINJUANLIVE #JuankadaPapaJoe #JuankadaHosts #Juan365 #fbreelsfypシ","Nakasama ba kayo sa pa Elias ni Papa Joe? 😁 well kung hindi , See you tomorrow Joekada! Abangan nyo ulit kami LIVE 2pm - 10pm 🎲 😊

#Juan365Studios #ALLINJUANLIVE #JuankadaPapaJoe #JuankadaHosts #Juan365 #fbreelsfypシ",22,1/24/2026 5:51,N/A,https://www.facebook.com/reel/908154511562540/,0,0,Videos,,,,,Lifetime,1284,221,13,13,0,0,4,4,,,4637.615,3.782,0,0,0,,
1.22114E+17,6.15842E+13,Juankada Papa Joe,"Zup napasayaw kadng ganto nuon? Amininnn 😁😎 kaya malamang napa perya kana din nuon kaya tara See you tomorrow Color Game tayo Joekada! LIVE tayo 2pm - 10pm 🎲 😊

#Juan365Studios #ALLINJUANLIVE #JuankadaPapaJoe #JuankadaHosts #Juan365 #fbreelsfypシ","Zup napasayaw kadng ganto nuon? Amininnn 😁😎 kaya malamang napa perya kana din nuon kaya tara See you tomorrow Color Game tayo Joekada! LIVE tayo 2pm - 10pm 🎲 😊

#Juan365Studios #ALLINJUANLIVE #JuankadaPapaJoe #JuankadaHosts #Juan365 #fbreelsfypシ",16,1/25/2026 5:35,N/A,https://www.facebook.com/reel/1909648566608108/,0,0,Videos,,,,,Lifetime,1618,278,16,14,1,1,3,3,,,6134.395,3.952,0,0,0,,
1.22115E+17,6.15842E+13,Juankada Papa Joe,"See you on friday sa Color Game Joekada! LIVE tayo 2pm - 10pm 🎲 😊

#Juan365Studios #ALLINJUANLIVE #JuankadaPapaJoe #JuankadaHosts #Juan365 #fbreelsfypシ",,0,1/28/2026 4:02,N/A,https://www.facebook.com/permalink.php?story_fbid=pfbid02aLBaGgLpAdNcnrfMzhNjSEyn5xBDoorPE55dtPCQRaAuFQhYt3UdQGyq9uUb6KJGl&id=61584233476725,0,1,Photos,,,,,Lifetime,197,63,3,3,0,0,3,,3,,,,,,,,
1.22115E+17,6.15842E+13,Juankada Papa Joe,"Its good to be back Juankadassss 🥰 see you again tomorrow Color Game tayo Joekada! LIVE tayo 2pm - 10pm 🎲 😊

#Juan365Studios #ALLINJUANLIVE #JuankadaPapaJoe #JuankadaHosts #Juan365 #fbreelsfypシ",,0,1/30/2026 6:01,N/A,https://www.facebook.com/permalink.php?story_fbid=pfbid0MDRh87kvaDtoQFgpWRYVaKGbg27zoSqMNgVt2FrienaXLxHCHxzsjC5KLKbsSo65l&id=61584233476725,0,0,Photos,,,,,Lifetime,316,101,10,5,4,1,11,8,3,,,,,,,,
1.22115E+17,6.15842E+13,Juankada Papa Joe,,,0,1/31/2026 4:42,N/A,https://www.facebook.com/permalink.php?story_fbid=pfbid02GnZejTMwTbGEU7BLktrRwh48kntACp7FgftDpfLep6MPmAuLqBgvUa2BYAFNMyyCl&id=61584233476725,0,1,Photos,,,,,Lifetime,207,72,4,4,0,0,10,4,6,,,,,,,,
1.22115E+17,6.15842E+13,Juankada Papa Joe,"SayaJuan as always tayo mga Joekada 😊 💃 🕺🏻 makisaya at makisayaw everyday , kaya tutok na sa Juan365 😊💙🧡 🎲 

#Juan365Studios #ALLINJUANLIVE #JuankadaPapaJoe #JuankadaHosts #Juan365 #fbreelsfypシ","SayaJuan as always tayo mga Joekada 😊 💃 🕺🏻 makisaya at makisayaw everyday , kaya tutok na sa Juan365 😊💙🧡 🎲 

#Juan365Studios #ALLINJUANLIVE #JuankadaPapaJoe #JuankadaHosts #Juan365 #fbreelsfypシ",43,1/31/2026 4:44,N/A,https://www.facebook.com/reel/1589109185875957/,0,0,Videos,,,,,Lifetime,1155,225,19,14,4,1,10,10,,,4773.189,4.28,0,0,0,,
1.22115E+17,6.15842E+13,Juankada Papa Joe,"Kami ang kasama niyo ngayong hapon na ito ! 🥰 tutok na sa Juan365 2-10pm niyo kaming makakasama 😊💙🧡 🎲 

See you Joekadaaaaas 😎🫡

#Juan365Studios #ALLINJUANLIVE #JuankadaPapaJoe #JuankadaHosts #Juan365 #fbreelsfypシ",,0,1/31/2026 22:12,N/A,https://www.facebook.com/permalink.php?story_fbid=pfbid0APMp3ov9MtTWoS9dmJFkTep9qP8xSC9K1tM3ogkaupYAj5QDfgPG3d8VPxewAJT9l&id=61584233476725,0,0,Photos,,,,,Lifetime,594,208,13,9,1,3,20,8,12,,,,,,,,
1.22115E+17,6.15842E+13,Juankada Papa Joe,Juankada Papa Joe updated their cover photo.,,0,2/1/2026 6:37,N/A,https://www.facebook.com/photo.php?fbid=122115302949141115&set=a.122102925279141115&type=3,0,0,Photos,,,,,Lifetime,0,0,7,6,1,0,0,,,,,,,,,,
1.22115E+17,6.15842E+13,Juankada Papa Joe,Yo! It’s Papa Joe! 🔥 If you heard the name… you already know the game.,,0,2/1/2026 6:41,N/A,https://www.facebook.com/photo.php?fbid=122115303471141115&set=a.122102888301141115&type=3,0,0,Photos,,,,,Lifetime,835,374,39,27,9,3,18,17,1,,,,,,,,
1.22115E+17,6.15842E+13,Juankada Papa Joe,"Nakikita niyo ba kong sayaw ng sayaw sa LIVE? aba maki sabay kana, mahirap pag di tayo gumalaw galaw 😁😊💙🧡 🎲 

See you on Wednesday Night Joekadassss 10pm - 6am 🫶🏻 

See you Joekadaaaaas 😎🫡

#Juan365Studios #ALLINJUANLIVE #JuankadaPapaJoe #JuankadaHosts #Juan365 #fbreelsfypシ","Nakikita niyo ba kong sayaw ng sayaw sa LIVE? aba maki sabay kana, mahirap pag di tayo gumalaw galaw 😁😊💙🧡 🎲 

See you on Wednesday Night Joekadassss 10pm - 6am 🫶🏻 

See you Joekadaaaaas 😎🫡

#Juan365Studios #ALLINJUANLIVE #JuankadaPapaJoe #JuankadaHosts #Juan365 #fbreelsfypシ",22,2/2/2026 0:34,N/A,https://www.facebook.com/reel/1823431491785832/,0,0,Videos,,,,,Lifetime,8269,192,23,20,1,2,8,8,,,27504.756,3.388,0,0,0,,
1.2211E+17,6.15842E+13,Juankada Papa Joe,"1st day of work this Year , morning shift na tayo ☺️  Letsjoeee Go na Go with Papa Joe 🎉🎊🥳  #ALLINJUANLIVE #JuankadaPapaJoe #JuankadaHosts #Juan365 #fbreelsfypシ","1st day of work this Year , morning shift na tayo ☺️  Letsjoeee Go na Go with Papa Joe 🎉🎊🥳  #ALLINJUANLIVE #JuankadaPapaJoe #JuankadaHosts #Juan365 #fbreelsfypシ",40,1/1/2026 13:58,N/A,https://www.facebook.com/reel/769695359477307/,0,0,Videos,,,,,Lifetime,798,307,48,35,8,5,7,7,,,4461.114,6.531,0,0,0,,
1.22112E+17,6.15844E+13,Juankada Sabbie,"GOOD MORNING, SABBIES! 🌞🎉
Unang pasok ng 2026—simulan natin sa tawanan, kwentuhan, good vibes at swerte! 🍀✨

Kung hanap mo ang saya, kulitan, at panalong energy
nandito na kami LIVE!☺

Tara na, sabay-sabay tayong mag-ENJOY! 💛🔥

#Juan365 #Juan365PH #AllInJuanSaSaya #JuanKada #Juan365ColorGame #JuankadaSabbies
#FollowMe #Trending #FYP #Reels","GOOD MORNING, SABBIES! 🌞🎉
Unang pasok ng 2026—simulan natin sa tawanan, kwentuhan, good vibes at swerte! 🍀✨

Kung hanap mo ang saya, kulitan, at panalong energy
nandito na kami LIVE!☺

Tara na, sabay-sabay tayong mag-ENJOY! 💛🔥

#Juan365 #Juan365PH #AllInJuanSaSaya #JuanKada #Juan365ColorGame #JuankadaSabbies
#FollowMe #Trending #FYP #Reels",13,12/31/2025 15:29,N/A,https://www.facebook.com/reel/3784413481864502/,0,0,Videos,,,,,Lifetime,2195,1643,21,20,0,1,20,20,,,11867.591,6.716,0,0,0,,
1.22113E+17,6.15844E+13,Juankada Sabbie,"🌈 HELLOOO SABBIES!!! 🌈

Samahan niyo ako palagi sa LIVE ha 💙
Sabay-sabay tayong ngumiti, tumawa, at magbigay ng kulay sa mga mata niyo ✨😊

Tag ka-Sabbies 👇
Follow & Share 💙

Good vibes lang tayo sa LIVE🎨

#Juan365 #Juan365PH #AllInJuanSaSaya #JuanKada #Juan365ColorGame #JuankadaSabbies
#FollowMe #Trending #FYP #Reels","🌈 HELLOOO SABBIES!!! 🌈

Samahan niyo ako palagi sa LIVE ha 💙
Sabay-sabay tayong ngumiti, tumawa, at magbigay ng kulay sa mga mata niyo ✨😊

Tag ka-Sabbies 👇
Follow & Share 💙

Good vibes lang tayo sa LIVE🎨

#Juan365 #Juan365PH #AllInJuanSaSaya #JuanKada #Juan365ColorGame #JuankadaSabbies
#FollowMe #Trending #FYP #Reels",35,1/1/2026 23:06,N/A,https://www.facebook.com/reel/1508851590202757/,0,0,Videos,,,,,Lifetime,363,223,19,17,1,1,23,23,,,3536.784,11.868,0,0,0,,
1.22113E+17,6.15844E+13,Juankada Sabbie,"Your juankada host Sabbie mantra 2026 ay maging loyal sa sarili! 😄🥰

Kayo Sabbies ano ang mantra nyo this 2026? Comment down below na 👇

Isingit nyo na sa mga mantra nyo ang pagiging loyal sa Colorgame live at sabay sabay tayong mag enjoy sa bawat kulay, tawanan at kulitin. 😍💖

#Juan365 #Juan365PH #AllInJuanSaSaya #JuanKada #Juan365ColorGame #JuankadaSabbies
#FollowMe #Trending #FYP #Reels","Your juankada host Sabbie mantra 2026 ay maging loyal sa sarili! 😄🥰

Kayo Sabbies ano ang mantra nyo this 2026? Comment down below na 👇

Isingit nyo na sa mga mantra nyo ang pagiging loyal sa Colorgame live at sabay sabay tayong mag enjoy sa bawat kulay, tawanan at kulitin. 😍💖

#Juan365 #Juan365PH #AllInJuanSaSaya #JuanKada #Juan365ColorGame #JuankadaSabbies
#FollowMe #Trending #FYP #Reels",10,1/2/2026 2:08,N/A,https://www.facebook.com/reel/749691031483944/,0,0,Videos,,,,,Lifetime,1587,306,62,54,5,3,102,102,,,7753.262,8.178,0,0,0,,
1.22113E+17,6.15844E+13,Juankada Sabbie,"Restday vibes activated Sabbies💆🏻‍♀️ 

Wanna share you how cute Juankada host Sabbie on her Pj’s 😜

What’s your favorite thing to do on your restday Sabbies? 😉♥️

#Juan365 #Juan365PH #AllInJuanSaSaya #JuanKada #Juan365ColorGame #colorGame #JuankadaSabbies
#FollowMe #Trending #FYP #Reels","Restday vibes activated Sabbies💆🏻‍♀️ 

Wanna share you how cute Juankada host Sabbie on her Pj’s 😜

What’s your favorite thing to do on your restday Sabbies? 😉♥️

#Juan365 #Juan365PH #AllInJuanSaSaya #JuanKada #Juan365ColorGame #colorGame #JuankadaSabbies
#FollowMe #Trending #FYP #Reels",16,1/2/2026 7:17,N/A,https://www.facebook.com/reel/1295049919113430/,0,0,Videos,,,,,Lifetime,487,227,32,27,4,1,14,14,,,3039.482,8.992,0,0,0,,
1.22113E+17,6.15844E+13,Juankada Sabbie,Juankada Sabbie updated their cover photo.,,0,1/2/2026 18:40,N/A,https://www.facebook.com/photo.php?fbid=122112683475145396&set=a.122094606033145396&type=3,0,0,Photos,,,,,Lifetime,1,2,23,21,1,1,0,,,,,,,,,,
1.22113E+17,6.15844E+13,Juankada Sabbie,"Rest day today ✨
Can’t let the Sabbies miss this pretty face 😉

See you tomorrow, Sabbies! 10PM–5AM 💙

#Juan365 #Juan365PH #AllInJuanSaSaya #JuanKada #Juan365ColorGame #JuankadaSabbies
#FollowMe #Trending #FYP #Reels","Rest day today ✨
Can’t let the Sabbies miss this pretty face 😉

See you tomorrow, Sabbies! 10PM–5AM 💙

#Juan365 #Juan365PH #AllInJuanSaSaya #JuanKada #Juan365ColorGame #JuankadaSabbies
#FollowMe #Trending #FYP #Reels",14,1/3/2026 2:15,N/A,https://www.facebook.com/reel/1438574924552910/,0,0,Videos,,,,,Lifetime,482,247,43,29,10,4,15,15,,,2920.119,9.211,0,0,0,,
1.22113E+17,6.15844E+13,Juankada Sabbie,"Hello Sabbies!😍
Makisabay na sa LIVE ngayong gabi! ✨

Tara na sa Color Game para sabay-sabay tayong magbigay  kulay ngayong gabi para sa saya at swerte 💛💜💚

2026 na, paniguradong full ng good vibes at ngiti ang bawat kulay na ibibigay natin! 😄🎨

Huwag kalimutang follow, like, at share para mas marami ang makisaya! 💖

#Juan365 #Juan365PH #AllInJuanSaSaya #JuanKada #Juan365ColorGame #colorGame #JuankadaSabbies
#FollowMe #Trending #FYP #Reels","Hello Sabbies!😍
Makisabay na sa LIVE ngayong gabi! ✨

Tara na sa Color Game para sabay-sabay tayong magbigay  kulay ngayong gabi para sa saya at swerte 💛💜💚

2026 na, paniguradong full ng good vibes at ngiti ang bawat kulay na ibibigay natin! 😄🎨

Huwag kalimutang follow, like, at share para mas marami ang makisaya! 💖

#Juan365 #Juan365PH #AllInJuanSaSaya #JuanKada #Juan365ColorGame #colorGame #JuankadaSabbies
#FollowMe #Trending #FYP #Reels",14,1/4/2026 8:32,N/A,https://www.facebook.com/reel/914609281064708/,0,0,Videos,,,,,Lifetime,455,227,34,26,6,2,25,25,,,3095.16,10.114,0,0,0,,
1.22113E+17,6.15844E+13,Juankada Sabbie,"Nakapanood ba ang lahat last Night Sabbies?☺
 
Your marilag Sabbie will go on live again tonight 10pm-5am😉 See you later Sabbies! 

#Juan365 #Juan365PH #AllInJuanSaSaya #JuanKada #Juan365ColorGame #JuankadaSabbies
#FollowMe #Trending #FYP #Reels","Nakapanood ba ang lahat last Night Sabbies?☺
 
Your marilag Sabbie will go on live again tonight 10pm-5am😉 See you later Sabbies! 

#Juan365 #Juan365PH #AllInJuanSaSaya #JuanKada #Juan365ColorGame #JuankadaSabbies
#FollowMe #Trending #FYP #Reels",29,1/5/2026 1:38,N/A,https://www.facebook.com/reel/1191048733145301/,0,0,Videos,,,,,Lifetime,419,242,34,27,6,1,28,28,,,3950.813,12.744,0,0,0,,
1.22113E+17,6.15844E+13,Juankada Sabbie,"HELLO SABBIES!☺

Handa na ba kayo ngayong gabi sa SAYA, EXCITEMENT, at SWERTE sa ating LIVE COLOR GAME?🎨

Swerte? MERON!
Saya? SAGAD!
Good vibes? UMAAPAW!🥳

#Juan365 #Juan365PH #AllInJuanSaSaya #JuanKada #Juan365ColorGame #JuankadaSabbies
#FollowMe #Trending #FYP #Reels",,0,1/5/2026 6:34,N/A,https://www.facebook.com/JuankadaSabbie/posts/pfbid02dDbt7NMKMWn4ooN2nwjL39HLSw8KJZFd9mFmj2AkM1wcNGY7f7d3ER5VjcMYRFBGl,0,0,Photos,,,,,Lifetime,1862,675,94,77,9,8,95,44,51,,,,,,,,
1.22113E+17,6.15844E+13,Juankada Sabbie,"Hindi lang SAYA at SWERTE ang hatid ng isang Juankada host SABBIE 🥰

Hanggang dulo, Full of SAYAW & GOOD VIBES while playing 🔥💃 

#Juan365 #Juan365PH #AllInJuanSaSaya #JuanKada #Juan365ColorGame #JuankadaSabbies
#FollowMe #Trending #FYP #Reels","Hindi lang SAYA at SWERTE ang hatid ng isang Juankada host SABBIE 🥰

Hanggang dulo, Full of SAYAW & GOOD VIBES while playing 🔥💃 

#Juan365 #Juan365PH #AllInJuanSaSaya #JuanKada #Juan365ColorGame #JuankadaSabbies
#FollowMe #Trending #FYP #Reels",24,1/6/2026 0:49,N/A,https://www.facebook.com/reel/1356353379145059/,0,0,Videos,,,,,Lifetime,3372,544,254,214,36,4,366,366,,,29705.442,13.255,0,0,0,,
1.22113E+17,6.15844E+13,Juankada Sabbie,"We are now Live Sabbies!😉

Ready na kayo sa Kagandahan ko? Ay sa Makulay na laro pala!😅😘

#Juan365 #Juan365PH #AllInJuanSaSaya #JuanKada #Juan365ColorGame #JuankadaSabbies
#FollowMe #Trending #FYP #Reels",,0,1/6/2026 6:14,N/A,https://www.facebook.com/JuankadaSabbie/posts/pfbid02eUt9QbRC8cyM42DsybYygPrvMgisnDDYEC9J2GdtmgpTCiTpb4t8HSFhEZ6Q9Aebl,0,0,Photos,,,,,Lifetime,358,156,26,21,2,3,20,2,18,,,,,,,,
1.22113E+17,6.15844E+13,Juankada Sabbie,🔥🔥,,0,1/6/2026 8:04,N/A,https://www.facebook.com/JuankadaSabbie/posts/pfbid0tUeBq1d4J6ekwiC3XKCqkmJGoVG3zQauCvyzB2ukcoojxM8s5TrghcMBPTLb8vSol,0,1,Photos,,,,,Lifetime,228,104,14,14,0,0,6,3,3,,,,,,,,
1.22113E+17,6.15844E+13,Juankada Sabbie,"Goodmorning Sabbies! ☺️

Gising pa ba ang lahat? Watch me live and enjoy Color game 🧡💙

Makisaya, makilaro at sabay sabay naten abangan ang swerte nyo ngayon gabi!

Last night na ng nightshift ng inyong Sabbie girl kaya habol naaaa😉

#Juan365 #Juan365PH #AllInJuanSaSaya #JuanKada #Juan365ColorGame #JuankadaSabbies
#FollowMe #Trending #FYP #Reels","Goodmorning Sabbies! ☺️

Gising pa ba ang lahat? Watch me live and enjoy Color game 🧡💙

Makisaya, makilaro at sabay sabay naten abangan ang swerte nyo ngayon gabi!

Last night na ng nightshift ng inyong Sabbie girl kaya habol naaaa😉

#Juan365 #Juan365PH #AllInJuanSaSaya #JuanKada #Juan365ColorGame #JuankadaSabbies
#FollowMe #Trending #FYP #Reels",43,1/6/2026 10:01,N/A,https://www.facebook.com/reel/760136089827954/,0,0,Videos,,,,,Lifetime,244,163,22,18,2,2,4,4,,,2366.357,12.135,0,0,0,,
1.22113E+17,6.15844E+13,Juankada Sabbie,"Dahil daily maintenance tayo ng 1hr from 5am-6am.

Eto muna panuorin nyo 😜

Dont forget to log in sa Juan365 app and website🧡💙

Thankyou so much Sabbies for always supporting on my live! I’ll see you all on friday 2-10pm naman. 😘♥️

#Juan365 #Juan365PH #AllInJuanSaSaya #JuanKada #Juan365ColorGame #JuankadaSabbies
#FollowMe #Trending #FYP #Reels","Dahil daily maintenance tayo ng 1hr from 5am-6am.

Eto muna panuorin nyo 😜

Dont forget to log in sa Juan365 app and website🧡💙

Thankyou so much Sabbies for always supporting on my live! I’ll see you all on friday 2-10pm naman. 😘♥️

#Juan365 #Juan365PH #AllInJuanSaSaya #JuanKada #Juan365ColorGame #JuankadaSabbies
#FollowMe #Trending #FYP #Reels",10,1/6/2026 13:06,N/A,https://www.facebook.com/reel/882606100830683/,0,0,Videos,,,,,Lifetime,429,199,32,26,4,2,14,14,,,2101.328,7.811,0,0,0,,
1.22114E+17,6.15844E+13,Juankada Sabbie,"Can't wait to be with you Sabbies!☺️

See you on our LIVE tomorrow, 2pm! Can't wait to see me din ba?😍

#Juan365 #Juan365PH #AllInJuanSaSaya #JuanKada #Juan365ColorGame #JuankadaSabbies
#FollowMe #Trending #FYP #Reels","Can't wait to be with you Sabbies!☺️

See you on our LIVE tomorrow, 2pm! Can't wait to see me din ba?😍

#Juan365 #Juan365PH #AllInJuanSaSaya #JuanKada #Juan365ColorGame #JuankadaSabbies
#FollowMe #Trending #FYP #Reels",14,1/7/2026 23:16,N/A,https://www.facebook.com/reel/25940220165570591/,0,0,Videos,,,,,Lifetime,218,156,26,19,5,2,3,3,,,936.391,5.26,0,0,0,,
1.22114E+17,6.15844E+13,Juankada Sabbie,💖💖,,0,1/7/2026 23:17,N/A,https://www.facebook.com/JuankadaSabbie/posts/pfbid0gPd3c5yj6Fk1SBdHMTjQZwywocQBMLpBDHYw8zfxY1n9hk8XkX7KYtxfPPbjpvBul,0,1,Photos,,,,,Lifetime,233,117,30,20,8,2,10,5,5,,,,,,,,
1.22114E+17,6.15844E+13,Juankada Sabbie,💖🔥,,0,1/9/2026 0:33,N/A,https://www.facebook.com/JuankadaSabbie/posts/pfbid02EguLrSwuQtJfpWY1PkcSdLsND3yT5s2x8Bp6Y5BrsgTrv5dj9YXf3FnnCnMZAuZEl,0,1,Photos,,,,,Lifetime,139,74,6,5,1,0,6,6,,,,,,,,,
1.22114E+17,6.15844E+13,Juankada Sabbie,"Serving hot 🔥 Sabbie is on fire! 

Magsasabog tayo ng saya at enerhiya 2pm-10pm tayo today.

Ano pang hinihintay ninyo Sabbies. Log in sa Juan365app and website!🥳

#Juan365 #Juan365PH #AllInJuanSaSaya #JuanKada #Juan365ColorGame #JuankadaSabbies
#FollowMe #Trending #FYP #Reels","Serving hot 🔥 Sabbie is on fire! 

Magsasabog tayo ng saya at enerhiya 2pm-10pm tayo today.

Ano pang hinihintay ninyo Sabbies. Log in sa Juan365app and website!🥳

#Juan365 #Juan365PH #AllInJuanSaSaya #JuanKada #Juan365ColorGame #JuankadaSabbies
#FollowMe #Trending #FYP #Reels",14,1/9/2026 0:50,N/A,https://www.facebook.com/reel/752064567396318/,0,0,Videos,,,,,Lifetime,208,153,19,16,3,0,10,10,,,1263.837,7.522,0,0,0,,
1.22114E+17,6.15844E+13,Juankada Sabbie,"Look who’s back Sabbies! 😉

Your Juankada Host Sabbie is ready to give you a happy days ahead!😘

#Juan365 #Juan365PH #AllInJuanSaSaya #JuanKada #Juan365ColorGame #JuankadaSabbies
#FollowMe #Trending #FYP #Reels","Look who’s back Sabbies! 😉

Your Juankada Host Sabbie is ready to give you a happy days ahead!😘

#Juan365 #Juan365PH #AllInJuanSaSaya #JuanKada #Juan365ColorGame #JuankadaSabbies
#FollowMe #Trending #FYP #Reels",16,1/9/2026 4:58,N/A,https://www.facebook.com/reel/887954503730230/,0,0,Videos,,,,,Lifetime,448,195,21,15,4,2,16,16,,,2661.165,8.368,0,0,0,,
1.22114E+17,6.15844E+13,Juankada Sabbie,"Sabbies… Ready na ba kayo saluhin ang swerteng dala ng inyong pretty Sabbie?😉

Walong triple color lang naman tayo kahapon Sabbies at lima don minor jackpot ☺️

Mamaya ulit Sabbies 2-10pm! See youuuu!😘

#Juan365 #Juan365PH #AllInJuanSaSaya #JuanKada #Juan365ColorGame #JuankadaSabbies
#FollowMe #Trending #FYP #Reels","Sabbies… Ready na ba kayo saluhin ang swerteng dala ng inyong pretty Sabbie?😉

Walong triple color lang naman tayo kahapon Sabbies at lima don minor jackpot ☺️

Mamaya ulit Sabbies 2-10pm! See youuuu!😘

#Juan365 #Juan365PH #AllInJuanSaSaya #JuanKada #Juan365ColorGame #JuankadaSabbies
#FollowMe #Trending #FYP #Reels",31,1/9/2026 21:55,N/A,https://www.facebook.com/reel/1496423099152573/,0,0,Videos,,,,,Lifetime,197,147,24,16,6,2,12,12,,,862.349,4.927,0,0,0,,
1.22114E+17,6.15844E+13,Juankada Sabbie,"SABBIES! Look who’s here! The one and only Babygirl JUANABABESENA~🥰

Nag sama ang mga baby girl na hindi nagpapatalo sa dance floor!🤭

#Juan365 #Juan365PH #AllInJuanSaSaya #JuanKada #Juan365ColorGame #JuankadaSabbies
#FollowMe #Trending #FYP #Reels","SABBIES! Look who’s here! The one and only Babygirl JUANABABESENA~🥰

Nag sama ang mga baby girl na hindi nagpapatalo sa dance floor!🤭

#Juan365 #Juan365PH #AllInJuanSaSaya #JuanKada #Juan365ColorGame #JuankadaSabbies
#FollowMe #Trending #FYP #Reels",21,1/10/2026 3:59,uploaded,https://www.facebook.com/reel/755081327059927/,0,0,Videos,,,,,Lifetime,332,202,24,20,2,2,17,17,,,2644.627,11.301,0,0,0,,
1.22114E+17,6.15844E+13,Juankada Sabbie,"THANKYOUSOMUCH SABBIES!! 💖

Grabe kayo kanina! 🔥 Maraming salamat po sa laging suporta ninyo Sabbies ☺️ bukas ulit 2pm-10pm padin tayo.

Eto muna panuorin nyo while im not on live! Still serving you hot 🔥😜

#Juan365 #Juan365PH #AllInJuanSaSaya #JuanKada #Juan365ColorGame #JuankadaSabbies
#FollowMe #Trending #FYP #Reels","THANKYOUSOMUCH SABBIES!! 💖

Grabe kayo kanina! 🔥 Maraming salamat po sa laging suporta ninyo Sabbies ☺️ bukas ulit 2pm-10pm padin tayo.

Eto muna panuorin nyo while im not on live! Still serving you hot 🔥😜

#Juan365 #Juan365PH #AllInJuanSaSaya #JuanKada #Juan365ColorGame #JuankadaSabbies
#FollowMe #Trending #FYP #Reels",15,1/10/2026 5:53,N/A,https://www.facebook.com/reel/2247954392351417/,0,0,Videos,,,,,Lifetime,337,190,33,27,4,2,23,23,,,2425.642,10.975,0,0,0,,
1.22114E+17,6.15844E+13,Juankada Sabbie,"Hello SABBIES! 😍
Gusto niyo rin ba ng SWERTE at PANALO? 🍀💸 anim na triple na tayo. Habol na Juankada

TARA NA SA LIVE!
Mag-log in na sa JUAN365 APP/ Website
Baka ikaw na ang susunod na panalo!

🎉 MINOR / x5 WINNERS – GREEN 🎉
🎉MINOR / x5 WINNERS -  GREEN 🎉
🎉 x10 WINNER 🎉

#Juan365 #Juan365PH #AllInJuanSaSaya #JuanKada #Juan365ColorGame #JuankadaSabbies
#FollowMe #Trending #FYP #Reels",,0,1/11/2026 1:34,N/A,https://www.facebook.com/JuankadaSabbie/posts/pfbid02FUt4T1L86g3LjxAHUGnF1sT8RXWozkChbQwe2e7QCtBymkV2nr6oJdLg2gBKd9Kgl,0,0,Photos,,,,,Lifetime,435,173,39,25,8,6,33,15,17,1,,,,,,,
1.22114E+17,6.15844E+13,Juankada Sabbie,"Sabbies! Sasayawan ko muna kayo kahit kakagising ko lang 🥱

bago tayo mag-LIVE para magbigay ng saya, kilig, at swerte sa inyo! Handa na ba kayo?😉

#Juan365 #Juan365PH #AllInJuanSaSaya #JuanKada #Juan365ColorGame #JuankadaSabbies
#FollowMe #Trending #FYP #Reels","Sabbies! Sasayawan ko muna kayo kahit kakagising ko lang 🥱

bago tayo mag-LIVE para magbigay ng saya, kilig, at swerte sa inyo! Handa na ba kayo?😉

#Juan365 #Juan365PH #AllInJuanSaSaya #JuanKada #Juan365ColorGame #JuankadaSabbies
#FollowMe #Trending #FYP #Reels",15,1/11/2026 21:49,mixed,https://www.facebook.com/reel/1534654107829756/,0,0,Videos,,,,,Lifetime,430,210,49,39,6,4,31,31,,,3255.477,11.881,0,0,0,,
1.22114E+17,6.15844E+13,Juankada Sabbie,"Hello, Sabbies! 🤗

LIVE na kami nila Juankada host LIGAYA at Juankada host GEOFF  Andito na ang saya at swerte para sa inyo ngayong araw kaya tara na, sama-sama tayong mag enjoy!☺️

Log in na sa JUAN365 App/Website!🥳

#Juan365 #Juan365PH #AllInJuanSaSaya #JuanKada #Juan365ColorGame #JuankadaSabbies
#FollowMe #Trending #FYP #Reels",,0,1/12/2026 1:01,N/A,https://www.facebook.com/JuankadaSabbie/posts/pfbid02p6jAmpbzFBek95Y8S4rt2fT7eLv1eT79WrHBZ58DCETY8ip8snVynkUHAin3cBX2l,0,0,Photos,,,,,Lifetime,423,183,24,22,1,1,12,1,11,,,,,,,,
1.22114E+17,6.15844E+13,Juankada Sabbie,"Pwede ba ako muna ang kasama ninyo tonight Sabbies? 💙

Tuloy-tuloy ang pamimigay ng swerte humabol na at mag-log in sa Juan365 app/website🫰

#Juan365 #Juan365PH #AllInJuanSaSaya #JuanKada #Juan365ColorGame #JuankadaSabbies
#FollowMe #Trending #FYP #Reels","Pwede ba ako muna ang kasama ninyo tonight Sabbies? 💙

Tuloy-tuloy ang pamimigay ng swerte humabol na at mag-log in sa Juan365 app/website🫰

#Juan365 #Juan365PH #AllInJuanSaSaya #JuanKada #Juan365ColorGame #JuankadaSabbies
#FollowMe #Trending #FYP #Reels",16,1/12/2026 6:40,N/A,https://www.facebook.com/reel/852277824465982/,0,0,Videos,,,,,Lifetime,353,198,34,28,5,1,22,22,,,3486.69,14.289,0,0,0,,
1.22115E+17,6.15844E+13,Juankada Sabbie,"Don’t live in black and white, Sabbies!🫰

Make your life more exciting add color, add fun, add Juan365 to your game life! Tara na at maglaro sa Juan365 website!🎨

#Juan365 #Juan365PH #AllInJuanSaSaya #JuanKada #Juan365ColorGame #JuankadaSabbies
#FollowMe #Trending #FYP #Reels","Don’t live in black and white, Sabbies!🫰

Make your life more exciting add color, add fun, add Juan365 to your game life! Tara na at maglaro sa Juan365 website!🎨

#Juan365 #Juan365PH #AllInJuanSaSaya #JuanKada #Juan365ColorGame #JuankadaSabbies
#FollowMe #Trending #FYP #Reels",7,1/13/2026 5:31,N/A,https://www.facebook.com/reel/1558473721866271/,0,0,Videos,,,,,Lifetime,2682,1264,43,39,3,1,66,66,,,9976.95,5.893,0,0,0,,
1.22115E+17,6.15844E+13,Juankada Sabbie,"Hello sabbies 💕

Off today  ✨rest & reset 🤍💙

#Juan365 #Juan365PH #AllInJuanSaSaya #JuanKada #Juan365ColorGame #JuankadaSabbies
#FollowMe #Trending #FYP #Reels",,0,1/14/2026 0:40,N/A,https://www.facebook.com/JuankadaSabbie/posts/pfbid036tE5fAfutX157EwfnEGPgCU7eWddCeQespkKAQLwN46m6xXu1B3AenMWCw3cNSKPl,0,0,Photos,,,,,Lifetime,492,182,30,22,6,2,41,15,26,,,,,,,,
1.22115E+17,6.15844E+13,Juankada Sabbie,"🌄 sabbies

pause & breathe💛

#Juan365 #Juan365PH #AllInJuanSaSaya #JuanKada #Juan365ColorGame #JuankadaSabbies
#FollowMe #Trending #FYP #Reels","🌄 sabbies

pause & breathe💛

#Juan365 #Juan365PH #AllInJuanSaSaya #JuanKada #Juan365ColorGame #JuankadaSabbies
#FollowMe #Trending #FYP #Reels",19,1/14/2026 2:32,N/A,https://www.facebook.com/reel/1501782357551781/,0,0,Videos,,,,,Lifetime,282,164,19,13,5,1,21,21,,,1760.901,8.717,0,0,0,,
1.22115E+17,6.15844E+13,Juankada Sabbie,"Officially off today pero sumasagi pa rin kayo sa isip ko? 😂 

 Miss niyo rin ba ako, Sabbies? 🙈

#Juan365 #Juan365PH #AllInJuanSaSaya #JuanKada #Juan365ColorGame #JuankadaSabbies
#FollowMe #Trending #FYP #Reels","Officially off today pero sumasagi pa rin kayo sa isip ko? 😂 

 Miss niyo rin ba ako, Sabbies? 🙈

#Juan365 #Juan365PH #AllInJuanSaSaya #JuanKada #Juan365ColorGame #JuankadaSabbies
#FollowMe #Trending #FYP #Reels",16,1/15/2026 4:29,N/A,https://www.facebook.com/reel/1177156644454243/,0,0,Videos,,,,,Lifetime,271,176,15,13,1,1,11,11,,,1452.848,6.951,0,0,0,,
1.22115E+17,6.15844E+13,Juankada Sabbie,"Mga sabbies kooo! Join me LIVE NOW! 💋

Tara na! Nood na, kulitan tayo at makipagsabayan sa Color Game!

#Juan365 #Juan365PH #AllInJuanSaSaya #JuanKada #Juan365ColorGame #JuankadaSabbies
#FollowMe #Trending #FYP #Reels","Mga sabbies kooo! Join me LIVE NOW! 💋

Tara na! Nood na, kulitan tayo at makipagsabayan sa Color Game!

#Juan365 #Juan365PH #AllInJuanSaSaya #JuanKada #Juan365ColorGame #JuankadaSabbies
#FollowMe #Trending #FYP #Reels",40,1/15/2026 18:18,mixed,https://www.facebook.com/reel/3521117061375069/,0,0,Videos,,,,,Lifetime,1166,316,91,82,7,2,165,165,,,13800.227,15.99,0,0,0,,
1.22115E+17,6.15844E+13,Juankada Sabbie,"𝑹𝒆𝒂𝒍 𝒉𝒖𝒆, 𝒔𝒍𝒂𝒚 𝒊𝒏 𝒃𝒍𝒖𝒆🩵

Did you catch me on LIVE Sabbies? 🤗
Magkita-kita ulit tayo bukas! ❤️

#Juan365 #Juan365PH #AllInJuanSaSaya #JuanKada #Juan365ColorGame #JuankadaSabbies
#FollowMe #Trending #FYP #Reels #fyp 
#reels #foryourpage",,0,1/15/2026 21:10,N/A,https://www.facebook.com/JuankadaSabbie/posts/pfbid02uTKbUD52XaAiDTCQiPkCahkhhGKBwRMNwW9BiPbQbBj2kcGzD5KW6P69yr1omHfQl,0,0,Photos,,,,,Lifetime,430,170,32,25,6,1,32,13,19,,,,,,,,
1.22115E+17,6.15844E+13,Juankada Sabbie,"Ngiti muna, Sabbies! ✨ Tamang duet muna kami ni Juankada Evo!

Like niyo naman kung gusto niyo pa ng mas maraming duets from us 🤣

#Juan365 #Juan365PH #AllInJuanSaSaya #JuanKada #Juan365ColorGame #JuankadaSabbies
#FollowMe #Trending #FYP #Reels #JuankadaEvo","Ngiti muna, Sabbies! ✨ Tamang duet muna kami ni Juankada Evo!

Like niyo naman kung gusto niyo pa ng mas maraming duets from us 🤣

#Juan365 #Juan365PH #AllInJuanSaSaya #JuanKada #Juan365ColorGame #JuankadaSabbies
#FollowMe #Trending #FYP #Reels #JuankadaEvo",16,1/16/2026 2:09,N/A,https://www.facebook.com/reel/867450722742925/,0,0,Videos,,,,,Lifetime,457,230,54,35,16,3,26,25,,1,3712.737,13.801,0,0,0,,
1.22115E+17,6.15844E+13,Juankada Sabbie,"𝑮𝒐𝒐𝒅 𝒎𝒐𝒓𝒏𝒊𝒏𝒈, 𝒔𝒂𝒃𝒃𝒊𝒆𝒔!☀️

Gising na ba ang lahat?👀 
LIVE na tayo sabay sabay nating salubungin ang masayang umaga at maswerteng araw! 💫♥️
Kita-kits! 🥰

#Juan365 #Juan365PH #AllInJuanSaSaya #JuanKada #Juan365ColorGame #JuankadaSabbies
#FollowMe #Trending #FYP #Reels #fyp 
#reels #foryourpage","𝑮𝒐𝒐𝒅 𝒎𝒐𝒓𝒏𝒊𝒏𝒈, 𝒔𝒂𝒃𝒃𝒊𝒆𝒔!☀️

Gising na ba ang lahat?👀 
LIVE na tayo sabay sabay nating salubungin ang masayang umaga at maswerteng araw! 💫♥️
Kita-kits! 🥰

#Juan365 #Juan365PH #AllInJuanSaSaya #JuanKada #Juan365ColorGame #JuankadaSabbies
#FollowMe #Trending #FYP #Reels #fyp 
#reels #foryourpage",18,1/16/2026 14:48,N/A,https://www.facebook.com/reel/868994839361099/,0,0,Videos,,,,,Lifetime,1965,341,175,134,35,6,173,173,,,16274.28,13.019,0,0,0,,
1.22115E+17,6.15844E+13,Juankada Sabbie,"𝑯𝒆𝒍𝒍𝒐 𝑾𝒆𝒆𝒌𝒆𝒏𝒅𝒔, 𝑰𝒕𝒔 𝒔𝒂𝒕𝒖𝒓-𝒃𝒂𝒃𝒊𝒆𝒔!😍

Nag enjoy ba kayo sa LIVE natin kanina? 😳❤️

#Juan365 #Juan365PH #AllInJuanSaSaya #JuanKada #Juan365ColorGame #JuankadaSabbies
#FollowMe #Trending #FYP #Reels #fyp 
#reels #foryourpage","𝑯𝒆𝒍𝒍𝒐 𝑾𝒆𝒆𝒌𝒆𝒏𝒅𝒔, 𝑰𝒕𝒔 𝒔𝒂𝒕𝒖𝒓-𝒃𝒂𝒃𝒊𝒆𝒔!😍

Nag enjoy ba kayo sa LIVE natin kanina? 😳❤️

#Juan365 #Juan365PH #AllInJuanSaSaya #JuanKada #Juan365ColorGame #JuankadaSabbies
#FollowMe #Trending #FYP #Reels #fyp 
#reels #foryourpage",17,1/17/2026 0:13,N/A,https://www.facebook.com/reel/1531617791287510/,0,0,Videos,,,,,Lifetime,385,298,38,26,10,2,18,18,,,1613.01,4.963,0,0,0,,
1.22115E+17,6.15844E+13,Juankada Sabbie,"𝑺𝒆𝒙𝒚 𝑹𝒆𝒅 𝒆𝒏𝒆𝒓𝒈𝒚 𝒐𝒏 🔥

Kita kits ulit tayo sa LIVE, sabbies 💋

#Juan365 #Juan365PH #AllInJuanSaSaya #JuanKada #Juan365ColorGame #JuankadaSabbies
#FollowMe #Trending #FYP #Reels #fyp 
#reels #foryourpage","𝑺𝒆𝒙𝒚 𝑹𝒆𝒅 𝒆𝒏𝒆𝒓𝒈𝒚 𝒐𝒏 🔥

Kita kits ulit tayo sa LIVE, sabbies 💋

#Juan365 #Juan365PH #AllInJuanSaSaya #JuanKada #Juan365ColorGame #JuankadaSabbies
#FollowMe #Trending #FYP #Reels #fyp 
#reels #foryourpage",38,1/17/2026 5:09,N/A,https://www.facebook.com/reel/846581964911103/,0,0,Videos,,,,,Lifetime,245,172,22,19,2,1,8,8,,,3970.162,19.557,0,0,0,,
1.22115E+17,6.15844E+13,Juankada Sabbie,,,0,1/17/2026 14:18,N/A,https://www.facebook.com/JuankadaSabbie/posts/pfbid0SPD2vSWGww7VgxpWfvqQAnX3WhWNeCr7EkxrBYJmGhFo1rEYNiRHvtNZYKJXTNsul,0,1,Photos,,,,,Lifetime,302,130,16,14,2,0,15,2,13,,,,,,,,
1.22115E+17,6.15844E+13,Juankada Sabbie,"𝐘𝐨𝐮𝐫 𝐝𝐫𝐞𝐚𝐦 𝐠𝐢𝐫𝐥 𝐬𝐚𝐛𝐛𝐢𝐞𝐬💗

Araw gabi nyong nasa isip at napapanaginipan🥰

#Juan365 #Juan365PH #AllInJuanSaSaya #JuanKada #Juan365ColorGame #JuankadaSabbies
#FollowMe #Trending #FYP #Reels #fyp 
#reels #foryourpage","𝐘𝐨𝐮𝐫 𝐝𝐫𝐞𝐚𝐦 𝐠𝐢𝐫𝐥 𝐬𝐚𝐛𝐛𝐢𝐞𝐬💗

Araw gabi nyong nasa isip at napapanaginipan🥰

#Juan365 #Juan365PH #AllInJuanSaSaya #JuanKada #Juan365ColorGame #JuankadaSabbies
#FollowMe #Trending #FYP #Reels #fyp 
#reels #foryourpage",37,1/17/2026 18:51,uploaded,https://www.facebook.com/reel/3166784730150043/,0,0,Videos,,,,,Lifetime,1752,365,148,123,17,8,144,144,,,18547.235,14.115,0,0,0,,
1.22115E+17,6.15844E+13,Juankada Sabbie,"𝗢𝗢𝗣𝗦! 😳 𝗦𝗮𝗮𝗻 𝗸𝗮𝘆𝗼 𝗻𝗮𝗸𝗮𝘁𝗶𝗻𝗴𝗶𝗻, 𝘀𝗮𝗯𝗯𝗶𝗲𝘀? 🤭

 Sumabay na sa sayaw namin nila JUANKADA, HOST LIGAY, at IKAY!🔥

#Juan365 #Juan365PH #AllInJuanSaSaya #JuanKada #Juan365ColorGame #JuankadaSabbies
#FollowMe #Trending #FYP #Reels #fyp 
#reels #foryourpage #JuankadaLigaya #JuankadaIkay","𝗢𝗢𝗣𝗦! 😳 𝗦𝗮𝗮𝗻 𝗸𝗮𝘆𝗼 𝗻𝗮𝗸𝗮𝘁𝗶𝗻𝗴𝗶𝗻, 𝘀𝗮𝗯𝗯𝗶𝗲𝘀? 🤭

 Sumabay na sa sayaw namin nila JUANKADA, HOST LIGAY, at IKAY!🔥

#Juan365 #Juan365PH #AllInJuanSaSaya #JuanKada #Juan365ColorGame #JuankadaSabbies
#FollowMe #Trending #FYP #Reels #fyp 
#reels #foryourpage #JuankadaLigaya #JuankadaIkay",25,1/18/2026 2:42,N/A,https://www.facebook.com/reel/2070716660439368/,0,0,Videos,,,,,Lifetime,713,271,43,31,8,4,34,34,,,6562.382,14.518,0,0,0,,
1.22115E+17,6.15844E+13,Juankada Sabbie,"𝐑𝐞𝐬𝐭 𝐝𝐚𝐲? 𝐨𝐫 𝐑𝐞𝐬𝐭 𝐰𝐢𝐭𝐡 𝐦𝐞?😉

Ayusin nyo desisyon nyo Sabbies! Mas masarap mag rest sa feeling ko😜

#Juan365 #Juan365PH #AllInJuanSaSaya #JuanKada #Juan365ColorGame #JuankadaSabbies
#FollowMe #Trending #FYP #Reels #fy #reels #foryourpage","𝐑𝐞𝐬𝐭 𝐝𝐚𝐲? 𝐨𝐫 𝐑𝐞𝐬𝐭 𝐰𝐢𝐭𝐡 𝐦𝐞?😉

Ayusin nyo desisyon nyo Sabbies! Mas masarap mag rest sa feeling ko😜

#Juan365 #Juan365PH #AllInJuanSaSaya #JuanKada #Juan365ColorGame #JuankadaSabbies
#FollowMe #Trending #FYP #Reels #fy #reels #foryourpage",16,1/19/2026 2:24,N/A,https://www.facebook.com/reel/1827540544613184/,0,0,Videos,,,,,Lifetime,489,227,45,35,10,0,52,52,,,3398.512,11.481,0,0,0,,
1.22116E+17,6.15844E+13,Juankada Sabbie,"𝐆𝐨𝐨𝐝 𝐦𝐨𝐫𝐧𝐢𝐧𝐠, 𝐬𝐚𝐛𝐛𝐢𝐞𝐬!😍

A little smile, good vibes, at swerte ang dala ng inyong sabbie girl ✨ 

#Juan365 #Juan365PH #AllInJuanSaSaya #JuanKada #Juan365ColorGame #Juankada #Sabbies
#FollowMe #Trending #FYP #Reels #fyp #reels #foryourpage","𝐆𝐨𝐨𝐝 𝐦𝐨𝐫𝐧𝐢𝐧𝐠, 𝐬𝐚𝐛𝐛𝐢𝐞𝐬!😍

A little smile, good vibes, at swerte ang dala ng inyong sabbie girl ✨ 

#Juan365 #Juan365PH #AllInJuanSaSaya #JuanKada #Juan365ColorGame #Juankada #Sabbies
#FollowMe #Trending #FYP #Reels #fyp #reels #foryourpage",17,1/20/2026 18:02,N/A,https://www.facebook.com/reel/25314794314886025/,0,0,Videos,,,,,Lifetime,907,240,70,63,6,1,64,64,,,6441.396,10.224,0,0,0,,
1.22116E+17,6.15844E+13,Juankada Sabbie,"𝑺𝒂𝒃𝒃𝒊𝒆𝒔 𝒕𝒖𝒎𝒖𝒕𝒐𝒌 𝒌𝒂 𝒃𝒂 𝒔𝒂 𝑳𝑰𝑽𝑬 𝒏𝒂𝒕𝒊𝒏 𝒌𝒂𝒏𝒊𝒏𝒂? 😍

Ano ang naging lucky color mo? ❤️👀

#Juan365 #Juan365PH #AllInJuanSaSaya #JuanKada #Juan365ColorGame #JuankadaSabbies
#FollowMe #Trending #FYP #Reels #fy #reels #foryourpage",,0,1/20/2026 23:28,N/A,https://www.facebook.com/JuankadaSabbie/posts/pfbid0kN4BKiUBx9pSimW2F1XjwCkxzVjuHXxxkLsaGFBRd5Z9mbbXUxrWcEmt2z96tuzTl,0,0,Photos,,,,,Lifetime,494,176,30,20,8,2,51,25,25,1,,,,,,,
1.22116E+17,6.15844E+13,Juankada Sabbie,"𝑰𝒕’𝒔 𝒕𝒊𝒎𝒆 𝒕𝒐 𝒈𝒓𝒐𝒐𝒗𝒆, 𝑺𝒂𝒃𝒃𝒊𝒆𝒔! 🥰💖

Drop a heart kung na-feel niyo rin ang energy namin!🩵

#Juan365 #Juan365PH #AllInJuanSaSaya #JuanKada #Juan365ColorGame #JuankadaSabbies #Juankadahostgeoff #juankadahostpapajoe
#FollowMe #Trending #FYP #Reels #fy #reels #foryourpage","𝑰𝒕’𝒔 𝒕𝒊𝒎𝒆 𝒕𝒐 𝒈𝒓𝒐𝒐𝒗𝒆, 𝑺𝒂𝒃𝒃𝒊𝒆𝒔! 🥰💖

Drop a heart kung na-feel niyo rin ang energy namin!🩵

#Juan365 #Juan365PH #AllInJuanSaSaya #JuanKada #Juan365ColorGame #JuankadaSabbies #Juankadahostgeoff #juankadahostpapajoe
#FollowMe #Trending #FYP #Reels #fy #reels #foryourpage",19,1/21/2026 3:48,N/A,https://www.facebook.com/reel/2217468712115847/,0,0,Videos,,,,,Lifetime,326,178,25,20,4,1,15,15,,,2444.292,11.751,0,0,0,,
1.22116E+17,6.15844E+13,Juankada Sabbie,"𝐇𝐞𝐥𝐥𝐨 𝐒𝐚𝐛𝐛𝐢𝐞𝐬! 🤍

Hataw vibes with my girl Ligaya🥰

#Juan365 #Juan365PH #AllInJuanSaSaya #JuanKada #Juan365ColorGame #Juankada #Sabbies
#JuankadahostLigaya
#FollowMe #Trending #FYP #Reels #fyp #reels #foryourpage","𝐇𝐞𝐥𝐥𝐨 𝐒𝐚𝐛𝐛𝐢𝐞𝐬! 🤍

Hataw vibes with my girl Ligaya🥰

#Juan365 #Juan365PH #AllInJuanSaSaya #JuanKada #Juan365ColorGame #Juankada #Sabbies
#JuankadahostLigaya
#FollowMe #Trending #FYP #Reels #fyp #reels #foryourpage",13,1/21/2026 20:52,N/A,https://www.facebook.com/reel/1375714470451128/,0,0,Videos,,,,,Lifetime,529,261,31,27,4,0,33,33,,,3583.56,11.269,0,0,0,,
1.22116E+17,6.15844E+13,Juankada Sabbie,"𝐀𝐧𝐨𝐭𝐡𝐞𝐫 𝐝𝐚𝐧𝐜𝐞 𝐜𝐡𝐚𝐥𝐥𝐞𝐧𝐠𝐞 𝐰𝐢𝐭𝐡 𝐲𝐨𝐮𝐫 𝐟𝐚𝐯𝐨𝐫𝐢𝐭𝐞 𝐉𝐔𝐀𝐍𝐊𝐀𝐃𝐀 𝐡𝐨𝐬𝐭 🤍

Simple steps, light vibes, good energy only.🥰

#Juan365 #Juan365PH #AllInJuanSaSaya #JuanKada #Juan365ColorGame #Juankada #Sabbies
#FollowMe #Trending #FYP #Reels #fyp #reels #foryourpage
#JuankadahostpapaJoe #JuankadahostGeoff #Juankadahostshann","𝐀𝐧𝐨𝐭𝐡𝐞𝐫 𝐝𝐚𝐧𝐜𝐞 𝐜𝐡𝐚𝐥𝐥𝐞𝐧𝐠𝐞 𝐰𝐢𝐭𝐡 𝐲𝐨𝐮𝐫 𝐟𝐚𝐯𝐨𝐫𝐢𝐭𝐞 𝐉𝐔𝐀𝐍𝐊𝐀𝐃𝐀 𝐡𝐨𝐬𝐭 🤍

Simple steps, light vibes, good energy only.🥰

#Juan365 #Juan365PH #AllInJuanSaSaya #JuanKada #Juan365ColorGame #Juankada #Sabbies
#FollowMe #Trending #FYP #Reels #fyp #reels #foryourpage
#JuankadahostpapaJoe #JuankadahostGeoff #Juankadahostshann",19,1/22/2026 1:05,N/A,https://www.facebook.com/reel/918135484208901/,0,0,Videos,,,,,Lifetime,417,226,22,19,3,0,17,17,,,2866.294,10.057,0,0,0,,
1.22116E+17,6.15844E+13,Juankada Sabbie,"𝐈𝐭’𝐬 𝐲𝐨𝐮𝐫 𝐒𝐚𝐛𝐛𝐢𝐞 𝐠𝐢𝐫𝐥✨

here to bring you smiles and a little bit of luck ❤️💛💙

See you tomorrow sa 𝐋𝐈𝐕𝐄, Sabbies 🤗

#Juan365 #Juan365PH #AllInJuanSaSaya #JuanKada #Juan365ColorGame #Juankada #Sabbies
#FollowMe #Trending #FYP #Reels #fyp #reels #foryourpage","𝐈𝐭’𝐬 𝐲𝐨𝐮𝐫 𝐒𝐚𝐛𝐛𝐢𝐞 𝐠𝐢𝐫𝐥✨

here to bring you smiles and a little bit of luck ❤️💛💙

See you tomorrow sa 𝐋𝐈𝐕𝐄, Sabbies 🤗

#Juan365 #Juan365PH #AllInJuanSaSaya #JuanKada #Juan365ColorGame #Juankada #Sabbies
#FollowMe #Trending #FYP #Reels #fyp #reels #foryourpage",39,1/22/2026 5:56,N/A,https://www.facebook.com/reel/2057418788388544/,0,0,Videos,,,,,Lifetime,219,152,15,11,4,0,13,13,,,1227.451,6.67,0,0,0,,
1.22116E+17,6.15844E+13,Juankada Sabbie,"𝗥𝗜𝗦𝗘 𝗔𝗡𝗗 𝗦𝗛𝗜𝗡𝗘 ☀️

Morningshift is ready to bring the vibe 🔥

#Juan365 #Juan365PH #AllInJuanSaSaya #JuanKada #Juan365ColorGame #JuankadaSabbies
#FollowMe #Trending #FYP #Reels  #fy #reels #foryourpage",,0,1/22/2026 15:14,N/A,https://www.facebook.com/JuankadaSabbie/posts/pfbid02ZVhCJhEsy6845cwE8gUJpnU6KJA9FEdV9tL9uF9moAT1YJdD13ztzzD64Dk7jv7yl,0,0,Photos,,,,,Lifetime,1331,508,15,12,2,1,150,29,121,,,,,,,,
1.22116E+17,6.15844E+13,Juankada Sabbie,"𝑺𝒂𝒃𝒃𝒊𝒆𝒔 𝒏𝒂 𝒍𝒂𝒈𝒊𝒏𝒈 𝒎𝒂𝒚 𝒆𝒏𝒆𝒓𝒈𝒚 𝒑𝒂𝒓𝒂 𝒔𝒂 𝒊𝒏𝒚𝒐😍

Abangan niyo ulit ako sa 𝑪𝒐𝒍𝒐𝒓 𝑮𝒂𝒎𝒆 𝑳𝑰𝑽𝑬
Sama sama ulit tayo.🤗

#Juan365 #Juan365PH #AllInJuanSaSaya #JuanKada #Juan365ColorGame #JuankadaSabbies
#FollowMe #Trending #FYP #Reels #fy #reels #foryourpage","𝑺𝒂𝒃𝒃𝒊𝒆𝒔 𝒏𝒂 𝒍𝒂𝒈𝒊𝒏𝒈 𝒎𝒂𝒚 𝒆𝒏𝒆𝒓𝒈𝒚 𝒑𝒂𝒓𝒂 𝒔𝒂 𝒊𝒏𝒚𝒐😍

Abangan niyo ulit ako sa 𝑪𝒐𝒍𝒐𝒓 𝑮𝒂𝒎𝒆 𝑳𝑰𝑽𝑬
Sama sama ulit tayo.🤗

#Juan365 #Juan365PH #AllInJuanSaSaya #JuanKada #Juan365ColorGame #JuankadaSabbies
#FollowMe #Trending #FYP #Reels #fy #reels #foryourpage",29,1/22/2026 22:15,N/A,https://www.facebook.com/reel/1953302895544931/,0,0,Videos,,,,,Lifetime,269,188,22,19,2,1,5,5,,,1714.949,7.724,0,0,0,,
1.22116E+17,6.15844E+13,Juankada Sabbie,"𝐀𝐬𝐢𝐚𝐧 𝐜𝐡𝐢𝐜𝐤, 𝐒𝐚𝐛𝐛𝐢𝐞𝐬 𝐊𝐧𝐨𝐰 𝐦𝐞 𝐰𝐞𝐥𝐥! 💋

Abang sa susunod na LIVE, watch me there 😉

#Juan365 #Juan365PH #AllInJuanSaSaya #JuanKada #Juan365ColorGame #JuankadaSabbies
#FollowMe #Trending #FYP #Reels #fy #reels #foryourpage","𝐀𝐬𝐢𝐚𝐧 𝐜𝐡𝐢𝐜𝐤, 𝐒𝐚𝐛𝐛𝐢𝐞𝐬 𝐊𝐧𝐨𝐰 𝐦𝐞 𝐰𝐞𝐥𝐥! 💋

Abang sa susunod na LIVE, watch me there 😉

#Juan365 #Juan365PH #AllInJuanSaSaya #JuanKada #Juan365ColorGame #JuankadaSabbies
#FollowMe #Trending #FYP #Reels #fy #reels #foryourpage",16,1/23/2026 2:01,N/A,https://www.facebook.com/reel/1528712044889462/,0,0,Videos,,,,,Lifetime,399,255,31,26,4,1,15,15,,,2561.342,8.741,0,0,0,,
1.22116E+17,6.15844E+13,Juankada Sabbie,"𝐍𝐚𝐤𝐚-𝐊𝐇𝐀𝐊𝐈-𝐥𝐢𝐠 𝐧𝐚 𝐠𝐚𝐧𝐚𝐩 𝐬𝐚𝐛𝐛𝐢𝐞𝐬 𝐚𝐧𝐠 𝐧𝐚𝐧𝐠𝐲𝐚𝐲𝐚𝐫𝐢 𝐚𝐫𝐚𝐰 𝐚𝐫𝐚𝐰 𝐬𝐚 𝐚𝐭𝐢𝐧𝐠 𝐋𝐈𝐕𝐄 🤭

#Juan365 #Juan365PH #AllInJuanSaSaya #JuanKada #Juan365ColorGame #JuankadaSabbies
#FollowMe #Trending #FYP #Reels #fy #reels #foryourpage","𝐍𝐚𝐤𝐚-𝐊𝐇𝐀𝐊𝐈-𝐥𝐢𝐠 𝐧𝐚 𝐠𝐚𝐧𝐚𝐩 𝐬𝐚𝐛𝐛𝐢𝐞𝐬 𝐚𝐧𝐠 𝐧𝐚𝐧𝐠𝐲𝐚𝐲𝐚𝐫𝐢 𝐚𝐫𝐚𝐰 𝐚𝐫𝐚𝐰 𝐬𝐚 𝐚𝐭𝐢𝐧𝐠 𝐋𝐈𝐕𝐄 🤭

#Juan365 #Juan365PH #AllInJuanSaSaya #JuanKada #Juan365ColorGame #JuankadaSabbies
#FollowMe #Trending #FYP #Reels #fy #reels #foryourpage",28,1/23/2026 22:32,N/A,https://www.facebook.com/reel/882037251095160/,0,0,Videos,,,,,Lifetime,329,210,21,14,4,3,12,12,,,2643.026,11.105,0,0,0,,
1.22116E+17,6.15844E+13,Juankada Sabbie,"𝐖𝐞𝐚𝐫𝐢𝐧𝐠 𝐞𝐦𝐞𝐫𝐚𝐥𝐝 𝐠𝐫𝐞𝐞𝐧 𝐭𝐨𝐝𝐚𝐲💚

 letting good vibes find me☺

#JuankadaSabbie #foryourpage #reels #fy #FollowMe",,0,1/24/2026 18:59,N/A,https://www.facebook.com/JuankadaSabbie/posts/pfbid0pq6tmgLht9VvNDYCKhYjXGqZJnJaKGxMRnsL1WHnZa3zmmmWvzGRUzWL3mfjY29Ml,0,0,Photos,,,,,Lifetime,695,316,35,27,6,2,56,23,33,,,,,,,,
1.22116E+17,6.15844E+13,Juankada Sabbie,"𝐇𝐚𝐩𝐩𝐢𝐞𝐬𝐭 𝐛𝐢𝐫𝐭𝐡𝐝𝐚𝐲 𝐭𝐨 𝐦𝐲 𝐝𝐚𝐲 𝐨𝐧𝐞 🤍

Always know how loved you are.
I’ve got your back now and always.💖
Enjoy your day, love 😘

#Juan365 #Juan365PH #AllInJuanSaSaya #JuanKada #Juan365ColorGame #JuankadaSabbies #JuankadahostLigaya
#FollowMe #Trending #FYP #Reels #fy #reels #foryourpage","𝐇𝐚𝐩𝐩𝐢𝐞𝐬𝐭 𝐛𝐢𝐫𝐭𝐡𝐝𝐚𝐲 𝐭𝐨 𝐦𝐲 𝐝𝐚𝐲 𝐨𝐧𝐞 🤍

Always know how loved you are.
I’ve got your back now and always.💖
Enjoy your day, love 😘

#Juan365 #Juan365PH #AllInJuanSaSaya #JuanKada #Juan365ColorGame #JuankadaSabbies #JuankadahostLigaya
#FollowMe #Trending #FYP #Reels #fy #reels #foryourpage",67,1/24/2026 23:12,N/A,https://www.facebook.com/reel/1420419706140886/,0,0,Videos,,,,,Lifetime,211,175,12,11,1,0,8,8,,,2378.015,12.923,0,0,0,,
1.22116E+17,6.15844E+13,Juankada Sabbie,"𝐇𝐞𝐫𝐞 𝐜𝐨𝐦𝐞𝐬 𝐬𝐚𝐛𝐛𝐢𝐞 𝐧𝐚 𝐚𝐥𝐰𝐚𝐲𝐬 𝐫𝐞𝐚𝐝𝐲!😍

Ready mag bigay ng lucky at cutie vibes sa inyo sabbies 🤭

 #JuankadaSabbie #foryourpage #FollowMe #reels #fy #Juan365","𝐇𝐞𝐫𝐞 𝐜𝐨𝐦𝐞𝐬 𝐬𝐚𝐛𝐛𝐢𝐞 𝐧𝐚 𝐚𝐥𝐰𝐚𝐲𝐬 𝐫𝐞𝐚𝐝𝐲!😍

Ready mag bigay ng lucky at cutie vibes sa inyo sabbies 🤭

 #JuankadaSabbie #foryourpage #FollowMe #reels #fy #Juan365",30,1/25/2026 3:59,N/A,https://www.facebook.com/reel/2074097436684836/,0,0,Videos,,,,,Lifetime,667,292,41,40,0,1,53,53,,,5789.37,11.154,0,0,0,,
1.22117E+17,6.15844E+13,Juankada Sabbie,Let’s go Juankada💪🏻,,0,1/25/2026 22:29,N/A,https://www.facebook.com/JuankadaSabbie/posts/pfbid0cgv4Ssouknujq54Pw9fWnQ9gBrXnyXbae9DdqpxFWhsPCSSrbCfHFSVfYNkErtHpl,0,1,Photos,,,,,Lifetime,838,313,44,27,14,3,64,56,8,,,,,,,,
1.22117E+17,6.15844E+13,Juankada Sabbie,"𝐂𝐚𝐧𝐜𝐞𝐥 𝐚𝐧𝐠 𝐤𝐢𝐥𝐢𝐠🥴 
Juankada Lance 

 #JuankadaSabbie #foryourpage #FollowMe #reels #fy #Juan365 #juankadalance","𝐂𝐚𝐧𝐜𝐞𝐥 𝐚𝐧𝐠 𝐤𝐢𝐥𝐢𝐠🥴 
@[61584243275518:2048:Juankada Lance] 

 #JuankadaSabbie #foryourpage #FollowMe #reels #fy #Juan365 #juankadalance",11,1/26/2026 0:48,N/A,https://www.facebook.com/reel/1208112331298819/,0,0,Videos,,,,,Lifetime,2274,1355,47,38,9,0,76,76,,,15266.311,10.608,0,0,0,,
1.22117E+17,6.15844E+13,Juankada Sabbie,"Sana sainyo din 🤪

 #JuankadaSabbie #foryourpage #FollowMe #reels #fy #Juan365","Sana sainyo din 🤪

 #JuankadaSabbie #foryourpage #FollowMe #reels #fy #Juan365",11,1/27/2026 7:01,N/A,https://www.facebook.com/reel/1954419408792112/,0,0,Videos,,,,,Lifetime,1982,1277,26,25,1,0,9,9,,,11866.465,8.731,0,0,0,,
1.22117E+17,6.15844E+13,Juankada Sabbie,"Cancel ang self love 🤪

#JuankadaSabbie  #foryourpage #FollowMe #reels #fy #Juan365 #Juan365ColorGame","Cancel ang self love 🤪

#JuankadaSabbie  #foryourpage #FollowMe #reels #fy #Juan365 #Juan365ColorGame",10,1/28/2026 7:31,N/A,https://www.facebook.com/reel/1425089475951502/,0,0,Videos,,,,,Lifetime,1579,1069,30,26,4,0,26,26,,,8322.445,7.593,0,0,0,,
1.22117E+17,6.15844E+13,Juankada Sabbie,"Vibe with me? 🫣

#JuankadaSabbie  #foryourpage #FollowMe #reels #fy #Juan365 #Juan365ColorGame","Vibe with me? 🫣

#JuankadaSabbie  #foryourpage #FollowMe #reels #fy #Juan365 #Juan365ColorGame",11,1/28/2026 16:10,N/A,https://www.facebook.com/reel/1288018509817603/,0,0,Videos,,,,,Lifetime,331,159,28,25,3,0,16,16,,,2051.739,9.959,0,0,0,,
1.22117E+17,6.15844E+13,Juankada Sabbie,"This is how we do it 😎

 #JuankadaSabbie #foryourpage #FollowMe #reels #fy #Juan365","This is how we do it 😎

 #JuankadaSabbie #foryourpage #FollowMe #reels #fy #Juan365",30,1/29/2026 7:01,N/A,https://www.facebook.com/reel/2531772163884492/,0,0,Videos,,,,,Lifetime,285,174,22,20,2,0,11,11,,,2726.815,13.046,0,0,0,,
1.22117E+17,6.15844E+13,Juankada Sabbie,"I’m dancing just as good as I look, right? Agree ba kayo, Sabbies? 😌✨

#JuankadaSabbie","I’m dancing just as good as I look, right? Agree ba kayo, Sabbies? 😌✨

#JuankadaSabbie",25,1/30/2026 3:56,N/A,https://www.facebook.com/reel/725825180407741/,0,0,Videos,,,,,Lifetime,406,283,28,23,5,0,22,22,,,2939.917,9.073,0,0,0,,
1.22117E+17,6.15844E+13,Juankada Sabbie,"A diva is a female version of a hustler, and this is what she looks like 😌✨

#JuankadaSabbie #LuckySabbie #Sabbie","A diva is a female version of a hustler, and this is what she looks like 😌✨

#JuankadaSabbie #LuckySabbie #Sabbie",18,1/31/2026 1:14,N/A,https://www.facebook.com/reel/897672896554563/,0,0,Videos,,,,,Lifetime,1379,567,58,53,4,1,97,97,,,9709.979,9.125,0,0,0,,
1.22117E+17,6.15844E+13,Juankada Sabbie,"3am na, relapse na? ☹️ 
Balik tayo self love Sabbies🤣

#JuankadaSabbie #LuckySabbie #Sabbie","3am na, relapse na? ☹️ 
Balik tayo self love Sabbies🤣

#JuankadaSabbie #LuckySabbie #Sabbie",22,1/31/2026 11:09,N/A,https://www.facebook.com/reel/920681117282419/,0,0,Videos,,,,,Lifetime,605,393,41,29,12,0,22,22,,,5145.664,11.511,0,0,0,,
1.22117E+17,6.15844E+13,Juankada Sabbie,Hello Feb-ibig 💗,,0,1/31/2026 18:45,N/A,https://www.facebook.com/photo.php?fbid=122117330133145396&set=a.122094562035145396&type=3,0,0,Photos,,,,,Lifetime,1533,604,90,75,13,2,73,57,16,,,,,,,,
1.22117E+17,6.15844E+13,Juankada Sabbie,Juankada Sabbie updated their cover photo.,,0,1/31/2026 18:46,N/A,https://www.facebook.com/photo.php?fbid=122117330301145396&set=a.122094606033145396&type=3,0,0,Photos,,,,,Lifetime,0,1,12,10,1,1,0,,,,,,,,,,
1.22117E+17,6.15844E+13,Juankada Sabbie,"i'll use my... Ay hindi tayo gaganyan 😜
Hello February! 🥰

#JuankadaSabbie #Sabbies #luckysabbie  #foryourpage #reels #followme","i'll use my... Ay hindi tayo gaganyan 😜
Hello February! 🥰

#JuankadaSabbie #Sabbies #luckysabbie  #foryourpage #reels #followme",16,2/1/2026 1:18,N/A,https://www.facebook.com/reel/1387753753096433/,0,0,Videos,,,,,Lifetime,554,408,23,20,3,0,16,16,,,2317.076,5.242,0,0,0,,
1.22117E+17,6.15844E+13,Juankada Sabbie,"Anong point??? Powerpoint!

#JuankadaSabbie #Sabbies #LuckySabbie #foryourpage #foryoupagereels #followersreelsfypシ゚viralシfypシ゚viralシalシ","Anong point??? Powerpoint!

#JuankadaSabbie #Sabbies #LuckySabbie #foryourpage #foryoupagereels #followersreelsfypシ゚viralシfypシ゚viralシalシ",11,2/1/2026 19:56,N/A,https://www.facebook.com/reel/1163763305836417/,0,0,Videos,,,,,Lifetime,1725,1131,32,24,4,4,61,61,,,9949.286,8.062,0,0,0,,
1.22118E+17,6.15844E+13,Juankada Sabbie,"Nandito lang ako, waitings sa tawag mo 😉

 #JuankadaSabbie #Sabbies #LuckySabbie #foryoupagereels #followersreelsfypシ゚viralシfypシ゚viralシalシ","Nandito lang ako, waitings sa tawag mo 😉

 #JuankadaSabbie #Sabbies #LuckySabbie #foryoupagereels #followersreelsfypシ゚viralシfypシ゚viralシalシ",7,2/2/2026 2:18,N/A,https://www.facebook.com/reel/1506955883736936/,0,0,Videos,,,,,Lifetime,1133,720,36,30,6,0,24,24,,,4137.979,5.43,0,0,0,,
1.22118E+17,6.15844E+13,Juankada Sabbie,"Eto na entry ng bebot nyo, wag na mag pm! Chariz 😂

#JuankadaSabbie #Sabbies #LuckySabbie #foryoupagereels #trendingreelsvideo #bebot","Eto na entry ng bebot nyo, wag na mag pm! Chariz 😂

#JuankadaSabbie #Sabbies #LuckySabbie #foryoupagereels #trendingreelsvideo #bebot",15,2/2/2026 5:02,N/A,https://www.facebook.com/reel/1562200971730536/,0,0,Videos,,,,,Lifetime,646,492,26,22,3,1,20,20,,,3842.495,7.249,0,0,0,,
1.22112E+17,6.15844E+13,Juankada Sabbie,"Hello, Sabbies!

Here’s our little recap for 2025 🥳
We hope for more moments like this with you, Sabbies! Don’t forget to follow and share us so we can grow even more next year.

Happy New Year! Same love, same good vibes in all our LIVE sessions in 2026 🎉✨

#Juan365 #Juan365PH #AllInJuanSaSaya #JuanKada #Juan365ColorGame #JuankadaSabbies
#Followme #trending #fyp #reels","Hello, Sabbies!

Here’s our little recap for 2025 🥳
We hope for more moments like this with you, Sabbies! Don’t forget to follow and share us so we can grow even more next year.

Happy New Year! Same love, same good vibes in all our LIVE sessions in 2026 🎉✨

#Juan365 #Juan365PH #AllInJuanSaSaya #JuanKada #Juan365ColorGame #JuankadaSabbies
#Followme #trending #fyp #reels",49,12/31/2025 2:08,N/A,https://www.facebook.com/reel/704163429219020/,0,0,Videos,,,,,Lifetime,1565,1368,19,18,1,0,12,12,,,8085.201,5.657,0,0,0,,
1.22115E+17,6.15845E+13,Juankada Shann,"𝘂𝗻𝗯𝗼𝘁𝗵𝗲𝗿𝗲𝗱 & 𝘂𝗻𝘀𝘁𝗼𝗽𝗽𝗮𝗯𝗹𝗲 😎

#JuankadaShann #Shanshines #Followme #TagAFriend #OOTDStatement",,0,2/2/2026 20:00,N/A,https://www.facebook.com/JuankadaShannOfficialPage/posts/pfbid02mgPjsPmbHiDYQYn11d954Ugrmx5B9VysVNPcqy4fMwNcuhjxhV2Y1nb9cEtsttHBl,0,0,Photos,,,,,Lifetime,99,47,6,5,0,1,3,,3,,,,,,,,
1.22115E+17,6.15845E+13,Juankada Shann,Kaya naman let's g mga shanshines and mga ka juankada catch me at color game live in juan365 at 2pm po lets roll the dice and are spinning wheel 😘✨💗🌈 #JUAN365 #Shanshines #JUANKADA #COLORGAME,,0,2/2/2026 19:42,N/A,https://www.facebook.com/JuankadaShannOfficialPage/posts/pfbid02o5kgd9Qb5xWgRDBrCHeMPcXMuPYPsdBjtNP2Ra8vD71oNfojkuh6VnqBGwGue9uzl,0,1,Text,,,,,Lifetime,43,28,9,7,2,0,11,11,,,,,,,,,
1.22115E+17,6.15845E+13,Juankada Shann,"𝗗𝗼 𝘆𝗼𝘂 𝘄𝗮𝗻𝘁 𝗺𝗮𝗴𝗶𝗰? ✨

#JuankadaShann #Shanshines #Followme #TagAFriend  #DoYouWantMagic","𝗗𝗼 𝘆𝗼𝘂 𝘄𝗮𝗻𝘁 𝗺𝗮𝗴𝗶𝗰? ✨

#JuankadaShann #Shanshines #Followme #TagAFriend  #DoYouWantMagic",15,2/2/2026 16:01,N/A,https://www.facebook.com/reel/3798178417152866/,1,0,Videos,,,,,Lifetime,111,49,16,4,2,10,5,5,,,627.875,8.601,0,0,0,,
1.22115E+17,6.15845E+13,Juankada Shann,"𝗪𝗔𝗟𝗔 𝗻𝗴 🤭🤭

#JuankadaShann #Shanshines #Followme #TagAFriend","𝗪𝗔𝗟𝗔 𝗻𝗴 🤭🤭

#JuankadaShann #Shanshines #Followme #TagAFriend",16,2/2/2026 3:00,N/A,https://www.facebook.com/reel/2845175199010052/,1,0,Videos,,,,,Lifetime,130,93,15,10,4,1,4,4,,,811.164,8.111,0,0,0,,
1.22115E+17,6.15845E+13,Juankada Shann,"𝗔𝗬 𝗠𝗔𝗟𝗜!hahahaha 😅💥

#JuankadaShann #Shanshines #Followme #TagAFriend","𝗔𝗬 𝗠𝗔𝗟𝗜!hahahaha 😅💥

#JuankadaShann #Shanshines #Followme #TagAFriend",9,2/1/2026 20:00,N/A,https://www.facebook.com/reel/1378718540234333/,1,0,Videos,,,,,Lifetime,91,48,14,10,3,1,12,12,,,489.33,8.896,0,0,0,,
1.22115E+17,6.15845E+13,Juankada Shann,"𝗡𝗼𝘁 𝗷𝘂𝘀𝘁 𝗮 𝗽𝗵𝗼𝘁𝗼 𝗶𝘁’𝘀 𝗮 𝘄𝗵𝗼𝗹𝗲 𝘀𝘁𝗼𝗿𝘆 𝗶𝗻 𝗼𝗻𝗲 𝗳𝗿𝗮𝗺𝗲

#StoryInAPhoto #CreativeShots  #Memories #CapturedMoments #JuankadaShann #Shanshines #Followme",,0,2/1/2026 16:00,N/A,https://www.facebook.com/JuankadaShannOfficialPage/posts/pfbid0345WAiRkpTdAu6UJLvVqo5rLwxVx4ghT81ciQ8Tiat5cY2FB1s2YKpxBuJKzzqynjl,0,0,Photos,,,,,Lifetime,86,46,4,3,1,0,7,6,1,,,,,,,,
1.22115E+17,6.15845E+13,Juankada Shann,"Kapag hindi niyo na 𝗽𝗮𝗻𝘀𝗶𝗻 yon, ewan ko na lang! 💥

#JuankadaShann #Shanshines #Followme #TagAFriend #JuanadaZia","Kapag hindi niyo na 𝗽𝗮𝗻𝘀𝗶𝗻 yon, ewan ko na lang! 💥

#JuankadaShann #Shanshines #Followme #TagAFriend #JuanadaZia",11,2/1/2026 3:00,N/A,https://www.facebook.com/reel/1265259705497474/,1,0,Videos,,,,,Lifetime,67,46,6,5,1,0,2,2,,,569.61,12.382,0,0,0,,
1.22115E+17,6.15845E+13,Juankada Shann,"𝗦𝗼𝗺𝗲 𝗽𝗵𝗼𝘁𝗼𝘀 𝗮𝗿𝗲𝗻’𝘁 𝗷𝘂𝘀𝘁 𝗽𝗶𝗰𝘁𝘂𝗿𝗲𝘀 🥹

#HeartfeltMoments #MemoriesForLife  #Memories #CapturedMoments #JuankadaShann #Shanshines #Followme",,0,2/1/2026 0:00,N/A,https://www.facebook.com/JuankadaShannOfficialPage/posts/pfbid02nD5eSLrGACaGknbxGdbEtSJFE63SgHEB8YaCkft1AYHjfNZqiNvZjDe8KjqAuKCgl,0,0,Photos,,,,,Lifetime,88,47,6,5,1,0,10,7,3,,,,,,,,
1.22115E+17,6.15845E+13,Juankada Shann,Its FEB IBIG💗month kaya naman SHANSHINES✨ spread some good vibes and happiness this FEB IBIG🥰🌈💗 #JuankadaShann #Shanshines #Followme #LuckyVibes #GoodVibesOnly,,0,1/31/2026 20:51,N/A,https://www.facebook.com/photo.php?fbid=122114661465149417&set=a.122099315145149417&type=3,0,0,Photos,,,,,Lifetime,103,58,14,12,1,1,0,,,,,,,,,,
1.22115E+17,6.15845E+13,Juankada Shann,"𝗠𝗮𝗶𝗻 𝗰𝗵𝗮𝗿𝗮𝗰𝘁𝗲𝗿 𝗲𝗻𝗲𝗿𝗴𝘆, 𝗰𝗮𝗽𝘁𝘂𝗿𝗲𝗱 𝗽𝗲𝗿𝗳𝗲𝗰𝘁𝗹𝘆 🎬

#MainCharacter #ConfidenceLook #Memories #CapturedMoments #JuankadaShann #Shanshines #Followme",,0,1/31/2026 20:00,N/A,https://www.facebook.com/JuankadaShannOfficialPage/posts/pfbid02zLq9ELMxaGCem5wKaNDiyn1rMbkL3dFw5DyFLfnL2D5o23iXvEqMZcvPQ8BtqE5Zl,0,0,Photos,,,,,Lifetime,85,44,5,5,0,0,1,,1,,,,,,,,
1.22115E+17,6.15845E+13,Juankada Shann,O TO THE M TO THE G! Hey SHANSHINES✨🌈💗🥰,,0,1/31/2026 18:15,N/A,https://www.facebook.com/photo.php?fbid=122114651685149417&set=a.122099314527149417&type=3,0,0,Photos,,,,,Lifetime,130,68,17,15,1,1,4,4,,,,,,,,,
1.22115E+17,6.15845E+13,Juankada Shann,"𝗖𝗿𝗮𝘇𝘆 𝗺𝗼𝗺𝗲𝗻𝘁𝘀. 𝗥𝗲𝗮𝗹 𝘀𝗺𝗶𝗹𝗲𝘀. 𝗨𝗻𝗳𝗼𝗿𝗴𝗲𝘁𝘁𝗮𝗯𝗹𝗲 𝗺𝗲𝗺𝗼𝗿𝗶𝗲𝘀 📸

#GoodTimes #Memories #CapturedMoments #JuankadaShann #Shanshines #Followme #Y2K",,0,1/31/2026 16:00,N/A,https://www.facebook.com/JuankadaShannOfficialPage/posts/pfbid02V4BD63DQiFZTFSGaf3k5mhM4jC3NagYVBhM8rTTHJrCCRzQjRCU2LgGExkpmFHR5l,0,0,Photos,,,,,Lifetime,89,44,5,5,0,0,0,,,,,,,,,,
1.22115E+17,6.15845E+13,Juankada Shann,"𝗣𝗵𝗼𝘁𝗼𝘀 𝘁𝗵𝗮𝘁 𝘀𝗽𝗲𝗮𝗸 𝗹𝗼𝘂𝗱𝗲𝗿 𝘁𝗵𝗮𝗻 𝘄𝗼𝗿𝗱𝘀 📸

#Memories #CapturedMoments #JuankadaShann #Shanshines #Followme #TagAFriend #FireballVibes",,0,1/31/2026 2:00,N/A,https://www.facebook.com/JuankadaShannOfficialPage/posts/pfbid0XhHmpAcVt2CMw4VkDSGvvdYFSCJKRuPFm4Exr2Tyg4EvfQ63iXpyEtVvqtKAUr5Yl,0,0,Photos,,,,,Lifetime,122,61,11,9,2,0,3,2,1,,,,,,,,
1.22115E+17,6.15845E+13,Juankada Shann,"𝗜 𝘄𝗮𝗻𝘁 𝘆𝗼𝘂 💙

#JuankadaShann #Shanshines #Followme #TagAFriend #IWantYou #HappyMood","𝗜 𝘄𝗮𝗻𝘁 𝘆𝗼𝘂 💙

#JuankadaShann #Shanshines #Followme #TagAFriend #IWantYou #HappyMood",45,1/30/2026 20:00,N/A,https://www.facebook.com/reel/2370588456698565/,1,0,Videos,,,,,Lifetime,78,60,10,8,1,1,2,2,,,869.222,13.372,0,0,0,,
1.22115E+17,6.15845E+13,Juankada Shann,"𝗪𝗿𝗮𝗽𝗽𝗲𝗱 𝗶𝗻 𝗮 𝗰𝗹𝗼𝘂𝗱 𝗼𝗳 𝗽𝗶𝗻𝗸 𝗱𝗿𝗲𝗮𝗺𝘀 🌸

#PinkMood #DreamyVibes #SoftAndFierce #JuankadaShann #Shanshines #Followme #TagAFriend #Juan365livestream",,0,1/30/2026 18:00,N/A,https://www.facebook.com/JuankadaShannOfficialPage/posts/pfbid0Hg7StLVj5ZtmnZqpb6TG8kgPMTNo77RvzEsWaQ28WhvXyet62CJ5NtXii8XvZAWKl,0,0,Photos,,,,,Lifetime,101,61,4,3,0,1,1,1,,,,,,,,,
1.22115E+17,6.15845E+13,Juankada Shann,"𝗙𝗶𝗿𝗲𝗯𝗮𝗹𝗹 𝗺𝗼𝗱𝗲 𝗢𝗡 🔥✨

#JuankadaShann #Shanshines #Followme #TagAFriend #FireballVibes #ShanshinesEnergy","𝗙𝗶𝗿𝗲𝗯𝗮𝗹𝗹 𝗺𝗼𝗱𝗲 𝗢𝗡 🔥✨

#JuankadaShann #Shanshines #Followme #TagAFriend #FireballVibes #ShanshinesEnergy",19,1/30/2026 16:00,N/A,https://www.facebook.com/reel/867660316047605/,1,0,Videos,,,,,Lifetime,59,46,4,3,0,1,1,1,,,235.125,4.898,0,0,0,,
1.22114E+17,6.15845E+13,Juankada Shann,"𝗧𝘂𝗻𝗮𝘆 𝗮𝗻𝗴 𝗻𝗮𝗱𝗮𝗿𝗮𝗺 🫶✨

#JuankadaShann #Shanshines #Followme #TagAFriend #TunayAngNadarama #NoFilterVibes","𝗧𝘂𝗻𝗮𝘆 𝗮𝗻𝗴 𝗻𝗮𝗱𝗮𝗿𝗮𝗺 🫶✨

#JuankadaShann #Shanshines #Followme #TagAFriend #TunayAngNadarama #NoFilterVibes",16,1/30/2026 3:05,N/A,https://www.facebook.com/reel/2064277491021624/,0,0,Videos,,,,,Lifetime,123,84,9,8,0,1,3,3,,,1192.254,12.165,0,0,0,,
1.22114E+17,6.15845E+13,Juankada Shann,"𝗙𝗲𝗲𝗹𝗶𝗻𝗴 𝗹𝘂𝗰𝗸𝘆 𝘁𝗼𝗱𝗮𝘆? ✨

#JuankadaShann #Shanshines #Followme #TagAFriend #LuckyVibes #GoodVibesOnly #goodvibesonly2026",,0,1/29/2026 23:00,N/A,https://www.facebook.com/JuankadaShannOfficialPage/posts/pfbid0zJyVksnrPBeJVioAPucgiumkYLQVWBxsV2Kz4eEGuvuQQmGmzPqmqeCzaQsGkodcl,0,0,Photos,,,,,Lifetime,125,61,9,8,1,0,10,6,4,,,,,,,,
1.22114E+17,6.15845E+13,Juankada Shann,"Just here for the 𝗰𝗼𝘇𝘆 𝘃𝗶𝗯𝗲𝘀 ✨

#CozyMood #ChillVibes #SelfCareMoments #JuankadaShann #Shanshines #Followme #TagAFriend",,0,1/29/2026 20:10,N/A,https://www.facebook.com/JuankadaShannOfficialPage/posts/pfbid033o1gUb9kSKKic9qqqegXX9eqTxHwheS8SAuYYMB88KaneJE4txUYjSvhE5Xf43Qxl,0,0,Photos,,,,,Lifetime,113,56,8,7,1,0,7,4,3,,,,,,,,
1.22114E+17,6.15845E+13,Juankada Shann,"Where style meets 𝗽𝘂𝗿𝗽𝗼𝘀𝗲 in every detail ♥️

#ModernClassic #TimelessVibes #MeaningfulStyle",,0,1/29/2026 0:11,N/A,https://www.facebook.com/JuankadaShannOfficialPage/posts/pfbid02mWtfZm7CXBuFQAC7xrPeSk1ENUw4tpN2AksGz9rxM6a9ieJ82EpyBDuLYzv5UcXXl,0,0,Photos,,,,,Lifetime,340,168,11,10,0,1,14,7,7,,,,,,,,
1.22114E+17,6.15845E+13,Juankada Shann,"𝗞𝗮𝗴𝗶𝗹𝗶𝗻𝗴-𝗴𝗶𝗹𝗶𝗻𝗴 na vibes, Shanshines! 💃

#JuankadaShann #Shanshines #Followme #TagAFriend #KagilingGiling #ShanshinesEnergy","𝗞𝗮𝗴𝗶𝗹𝗶𝗻𝗴-𝗴𝗶𝗹𝗶𝗻𝗴 na vibes, Shanshines! 💃

#JuankadaShann #Shanshines #Followme #TagAFriend #KagilingGiling #ShanshinesEnergy",15,1/28/2026 20:00,N/A,https://www.facebook.com/reel/1221391219460460/,1,0,Videos,,,,,Lifetime,55,48,5,4,1,0,3,3,,,267.484,5.349,0,0,0,,
1.22114E+17,6.15845E+13,Juankada Shann,"𝗣𝗿𝗲𝘁𝘁𝘆 𝗶𝗻 𝗽𝗶𝗻𝗸 𝗮𝗻𝗱 𝗽𝗼𝘄𝗲𝗿𝗲𝗱 𝗯𝘆 𝗰𝗼𝗻𝗳𝗶𝗱𝗲𝗻𝗰𝗲 💗

#JuankadaShann #Shanshines #Followme #TagAFriend #PrettyInPink #PinkEnergy",,0,1/28/2026 16:00,N/A,https://www.facebook.com/JuankadaShannOfficialPage/posts/pfbid031SieAtt7fteAvcSDM77PhmzVHHwT8s5LBsc5YuHymqbXStYZJyf54QEZnJi8YU7gl,0,0,Photos,,,,,Lifetime,124,57,8,7,1,0,5,4,1,,,,,,,,
1.22114E+17,6.15845E+13,Juankada Shann,😘🥰,,0,1/28/2026 3:57,N/A,https://www.facebook.com/JuankadaShannOfficialPage/posts/pfbid02kc9EEdvxH8q67byfzPgiinGdEGNdw6crtcn1jhZFnaA7XLA1LuqpRunbEk8Xq9Ztl,0,1,Photos,,,,,Lifetime,113,53,3,3,0,0,11,9,2,,,,,,,,
1.22114E+17,6.15845E+13,Juankada Shann,"𝗔 𝗹𝗶𝘁𝘁𝗹𝗲 𝗯𝗶𝘁 𝗼𝗳 𝗼𝗹𝗱-𝘀𝗰𝗵𝗼𝗼𝗹 𝘀𝘄𝗲𝗲𝘁𝗻𝗲𝘀𝘀, 𝘄𝗿𝗮𝗽𝗽𝗲𝗱 𝗶𝗻 𝗽𝘂𝗿𝗲 𝗰𝘂𝘁𝗲𝗻𝗲𝘀𝘀. 🥰

#RetroVibes #CutenessOverload #JuankadaShann #Shanshines #Followme #TagAFriend",,0,1/28/2026 3:00,N/A,https://www.facebook.com/JuankadaShannOfficialPage/posts/pfbid024USQaD9erHBFURGL4aCAL4Fs6nphvGKARw9vFVUyeQacGpnRcTkBLCHxJo2WUfnol,0,0,Photos,,,,,Lifetime,103,53,5,4,1,0,6,4,2,,,,,,,,
1.22114E+17,6.15845E+13,Juankada Shann,"Keeping it 𝗰𝗹𝗮𝘀𝘀𝗶𝗰 in 𝗯𝗹𝗮𝗰𝗸 & 𝘄𝗵𝗶𝘁𝗲 ♥️︎

#BlackAndWhiteMood #ClassicVibes #OOTDGoals",,0,1/28/2026 0:00,N/A,https://www.facebook.com/JuankadaShannOfficialPage/posts/pfbid033RVsVu7FPTzZ8RddLG5BVF5V7dar7cJdX5p1XvmMSv8FtsuACcDm3zgtnyq7gu2yl,0,0,Photos,,,,,Lifetime,330,181,11,8,0,3,5,,5,,,,,,,,
1.22114E+17,6.15845E+13,Juankada Shann,"Kulitan muna bago game time, 𝗦𝗵𝗮𝗻𝘀𝗵𝗶𝗻𝗲𝘀! 🔥😂

#JuankadaShann #Shanshines #Followme #TagAFriend","Kulitan muna bago game time, 𝗦𝗵𝗮𝗻𝘀𝗵𝗶𝗻𝗲𝘀! 🔥😂

#JuankadaShann #Shanshines #Followme #TagAFriend",33,1/27/2026 20:00,N/A,https://www.facebook.com/reel/1405137674590052/,1,0,Videos,,,,,Lifetime,115,78,12,6,1,5,7,7,,,1384.377,15.731,0,0,0,,
1.22114E+17,6.15845E+13,Juankada Shann,"Just here for the 𝗰𝗼𝘇𝘆 𝘃𝗶𝗯𝗲𝘀 ✨

#CozyMood #ChillVibes #SelfCareMoments #JuankadaShann #Shanshines #Followme #TagAFriend",,0,1/27/2026 3:01,N/A,https://www.facebook.com/JuankadaShannOfficialPage/posts/pfbid07d3Cf4KtgBcXjwyf9pksHncQsS4NVbeBVLybZ37XAS8jJkB69syvSZzmo2DDkhZwl,0,0,Photos,,,,,Lifetime,168,80,9,7,0,2,4,2,2,,,,,,,,
1.22114E+17,6.15845E+13,Juankada Shann,"Turn your 𝘀𝘁𝗿𝗲𝘀𝘀 into 𝗰𝗼𝗹𝗼𝗿 🎨

#ColorTherapy #VibesOnPoint #ChillAF",,0,1/27/2026 0:00,N/A,https://www.facebook.com/JuankadaShannOfficialPage/posts/pfbid031yqrqRLnR9HAeos4CPPA4EBvRpXZqxhxXfEih52bwjMvwGuBYABFJkzZzbvTWGCdl,0,0,Photos,,,,,Lifetime,186,97,15,11,3,1,8,3,5,,,,,,,,
1.22114E+17,6.15845E+13,Juankada Shann,"𝗦𝗮 𝘀𝗮𝗹-𝘀𝗮 kapa ha 😅

#JuankadaShann #Shanshines #Followme #TagAFriend #SaSalsaKaPa #CuteButSassy #JuankadaLance","𝗦𝗮 𝘀𝗮𝗹-𝘀𝗮 kapa ha 😅

#JuankadaShann #Shanshines #Followme #TagAFriend #SaSalsaKaPa #CuteButSassy #JuankadaLance",15,1/26/2026 20:00,mixed,https://www.facebook.com/reel/1404614291125285/,1,0,Videos,,,,,Lifetime,172,81,15,9,4,2,13,13,,,1317.253,11.657,0,0,0,,
1.22114E+17,6.15845E+13,Juankada Shann,"𝗰𝗮𝗻 𝗶𝘁 𝗴𝗲𝘁 𝗮𝗻𝘆 𝘀𝘄𝗲𝗲𝘁𝗲𝗿? 🥰💖

#BlushMood #TooCuteToHandle #JuankadaShann #Shanshines #Followme #TagAFriend",,0,1/25/2026 21:00,N/A,https://www.facebook.com/JuankadaShannOfficialPage/posts/pfbid023WjyLrEbP1umZ8dLN9euxSzW2F7eVwmGczEsWA4oWPvKzPyZQWnjUTqjqfFwnqJYl,0,0,Photos,,,,,Lifetime,375,186,23,15,5,3,21,14,7,,,,,,,,
1.22114E+17,6.15845E+13,Juankada Shann,"All about that 𝗙𝗮𝗻𝘁𝗮𝘀𝘆 𝗣𝗶𝗻𝗸💖

#JuankadaShann #Shanshines #Followme #TagAFriend #BobblyJollyLive #MusicusedbelongstoitsrightfulownerNocopyrightinfringementintended","All about that 𝗙𝗮𝗻𝘁𝗮𝘀𝘆 𝗣𝗶𝗻𝗸💖

#JuankadaShann #Shanshines #Followme #TagAFriend #BobblyJollyLive #MusicusedbelongstoitsrightfulownerNocopyrightinfringementintended",21,1/25/2026 16:00,N/A,https://www.facebook.com/reel/903917608714048/,1,0,Videos,,,,,Lifetime,93,68,9,7,2,0,5,5,,,431.698,5.534,0,0,0,,
1.22114E+17,6.15845E+13,Juankada Shann,"𝟰 𝗳𝗼𝗿 𝘆𝗼𝘂, 𝗦𝗵𝗮𝗻𝘀𝗵𝗶𝗻𝗲𝘀!

#JuankadaShann #Shanshines #Followme #TagAFriend #BobblyJollyLive #JuankadapapaJoe #JuankadaZia #JuankadaJedi",,0,1/24/2026 20:00,N/A,https://www.facebook.com/JuankadaShannOfficialPage/posts/pfbid0AyS43okjB42KhQk4tEroJ54sb1yJ6gJ3jGv2XVHazaMeDHwxtxVrNfNAZMToEKRWl,0,0,Photos,,,,,Lifetime,286,139,10,8,2,0,15,5,10,,,,,,,,
1.22114E+17,6.15845E+13,Juankada Shann,"𝗦𝗺𝗶𝗹𝗶𝗻𝗴 𝘁𝗵𝗿𝗼𝘂𝗴𝗵 𝘁𝗵𝗲 𝘀𝗽𝗼𝘁𝗹𝗶𝗴𝗵𝘁 ✨

#JuankadaShann #Shanshines #Followme #TagAFriend #BobblyJollyLive #SmileWithStyle #BoldAndBeautiful",,0,1/24/2026 18:20,N/A,https://www.facebook.com/JuankadaShannOfficialPage/posts/pfbid02v43sCf5MkKtcb3WQfwb6P3YYRMZRpoS8y5HVu1MAZwJmizQv9JTeNvsRZ6YDUcRwl,0,0,Photos,,,,,Lifetime,166,84,11,10,1,0,0,,,,,,,,,,
1.22114E+17,6.15845E+13,Juankada Shann,"𝗪𝗵𝗲𝗻 𝗰𝘂𝘁𝗲𝗻𝗲𝘀𝘀 𝗺𝗲𝗲𝘁𝘀 𝘁𝗵𝗲 𝗵𝗲𝗮𝗿𝘁  🥰

#ClassicCuteness #TimelessMoments #JuankadaShann #Shanshines #Followme #TagAFriend",,0,1/24/2026 16:00,N/A,https://www.facebook.com/JuankadaShannOfficialPage/posts/pfbid0CpgFQ4YWfyABz2jb8JpC6Hd3URefFbQ5T61bA5b7XUiP2ikZrNYjC5iwE6qxSSWWl,0,0,Photos,,,,,Lifetime,243,117,14,11,3,0,18,10,8,,,,,,,,
1.22113E+17,6.15845E+13,Juankada Shann,"𝐒𝐦𝐢𝐥𝐢𝐧𝐠 𝐥𝐢𝐤𝐞 𝐈 𝐚𝐥𝐫𝐞𝐚𝐝𝐲 𝐰𝐨𝐧 🫶💙

#JuankadaShann #Shanshines #Followme #TagAFriend #Juan365Live #FeelingWinning",,0,1/24/2026 3:01,N/A,https://www.facebook.com/JuankadaShannOfficialPage/posts/pfbid02NWLtFvcA1H4SEkxmo3Rs3YYVY78NP3CKyNYRJFdCy6Vw8ayTWMh1t7AT6pj7Cuskl,0,0,Photos,,,,,Lifetime,219,117,14,13,1,0,15,10,5,,,,,,,,
1.22113E+17,6.15845E+13,Juankada Shann,"𝗗𝗼𝗻’𝘁 𝗵𝗲𝘀𝗶𝘁𝗮𝘁𝗲 𝗷𝗼𝗶𝗻 𝘁𝗵𝗲 𝗳𝘂𝗻, 𝗦𝗵𝗮𝗻𝘀𝗵𝗶𝗻𝗲𝘀! ✨

#JuankadaShann #Shanshines #Followme #TagAFriend #LiveLaughPlay #GoodVibesOnly #MusicusedbelongstoitsrightfulownerNocopyrightinfringementintended.","𝗗𝗼𝗻’𝘁 𝗵𝗲𝘀𝗶𝘁𝗮𝘁𝗲 𝗷𝗼𝗶𝗻 𝘁𝗵𝗲 𝗳𝘂𝗻, 𝗦𝗵𝗮𝗻𝘀𝗵𝗶𝗻𝗲𝘀! ✨

#JuankadaShann #Shanshines #Followme #TagAFriend #LiveLaughPlay #GoodVibesOnly #MusicusedbelongstoitsrightfulownerNocopyrightinfringementintended.",22,1/23/2026 23:00,uploaded,https://www.facebook.com/reel/1619437062428459/,1,0,Videos,,,,,Lifetime,269,242,5,5,0,0,0,,,,1015.879,4.268,0,0,0,,
1.22113E+17,6.15845E+13,Juankada Shann,"𝗧𝗮𝘄𝗮 𝗺𝘂𝗻𝗮 𝗯𝗮𝗴𝗼 𝘁𝗶𝗸𝗶𝗺 😄💖

#JuankadaShann #Shanshines #Followme #TagAFriend #BobblyJollyLive #StreetFoodPH #KantoEats",,0,1/23/2026 21:00,N/A,https://www.facebook.com/JuankadaShannOfficialPage/posts/pfbid02cEbSHaNxkL8RxP4vkYUAJWfLwwpUa3fuBSqRcoVmPvJTyNyi5xRCxe63p9MAJhnVl,0,0,Photos,,,,,Lifetime,216,113,9,7,2,0,11,1,10,,,,,,,,
1.22113E+17,6.15845E+13,Juankada Shann,"𝗝𝘂𝗮𝗻𝗸𝗮𝗱𝗮 𝗣𝗮𝗽𝗮 𝗝𝗼𝗲 𝘀𝗵𝗼𝘄𝗶𝗻𝗴 𝗵𝗶𝘀 𝘀𝗸𝗶𝗹𝗹𝘀! 🔥😎

#JuankadaShann #Shanshines #Followme #TagAFriend #ShowYourSkills #LiveEnergy #JuankadapapaJoe","𝗝𝘂𝗮𝗻𝗸𝗮𝗱𝗮 𝗣𝗮𝗽𝗮 𝗝𝗼𝗲 𝘀𝗵𝗼𝘄𝗶𝗻𝗴 𝗵𝗶𝘀 𝘀𝗸𝗶𝗹𝗹𝘀! 🔥😎

#JuankadaShann #Shanshines #Followme #TagAFriend #ShowYourSkills #LiveEnergy #JuankadapapaJoe",75,1/23/2026 20:00,mixed,https://www.facebook.com/reel/1281724943796300/,1,0,Videos,,,,,Lifetime,140,86,14,12,2,0,8,8,,,1080.165,9.153,0,0,0,,
1.22113E+17,6.15845E+13,Juankada Shann,"𝐎𝐧𝐞 𝐬𝐦𝐢𝐥𝐞 𝐜𝐚𝐧 𝐜𝐡𝐚𝐧𝐠𝐞 𝐭𝐡𝐞 𝐰𝐡𝐨𝐥𝐞 𝐦𝐨𝐨𝐝 𝐒𝐡𝐚𝐧𝐬𝐡𝐢𝐧𝐞𝐬! 😊✨

#JuankadaShann #Shanshines #Followme #TagAFriend #Juan365Live #SmileMore #GoodVibesOnly",,0,1/23/2026 2:00,N/A,https://www.facebook.com/JuankadaShannOfficialPage/posts/pfbid02WXaX1Hn4rkL1Mk7ffA93P1iPLTkqimNJAwfZRiGorzfdrpVZyaf1fczpy5jA2MiPl,0,0,Photos,,,,,Lifetime,355,176,29,19,8,2,27,21,6,,,,,,,,
1.22113E+17,6.15845E+13,Juankada Shann,"𝐁𝐚𝐰𝐢𝐧𝐠-𝐛𝐚𝐰𝐢! 😎

All in ang saya, all out ang vibes

#JuankadaShann #Shanshines #Followme #TagAFriend #BawingBawi #SolidVibes #JuankadaEllise","𝐁𝐚𝐰𝐢𝐧𝐠-𝐛𝐚𝐰𝐢! 😎

All in ang saya, all out ang vibes

#JuankadaShann #Shanshines #Followme #TagAFriend #BawingBawi #SolidVibes #JuankadaEllise",25,1/22/2026 21:00,N/A,https://www.facebook.com/reel/26608398662094331/,1,0,Videos,,,,,Lifetime,233,126,20,13,6,1,24,24,,,4211.849,28.458,0,0,0,,
1.22113E+17,6.15845E+13,Juankada Shann,"𝗗𝗼𝗶𝗻𝗴 𝗖𝗿𝗮𝘇𝘆! 😜🔥

#JuankadaShann #Shanshines #Followme #TagAFriend #DoingCrazy #JuankadaJedi #JuankadaDrea #JuankadaTanya","𝗗𝗼𝗶𝗻𝗴 𝗖𝗿𝗮𝘇𝘆! 😜🔥

#JuankadaShann #Shanshines #Followme #TagAFriend #DoingCrazy #JuankadaJedi #JuankadaDrea #JuankadaTanya",14,1/22/2026 18:00,mixed,https://www.facebook.com/reel/1581666249426520/,1,0,Videos,,,,,Lifetime,259,162,19,15,3,1,9,9,,,2023.859,10.88,0,0,0,,
1.22113E+17,6.15845E+13,Juankada Shann,"𝐁𝐥𝐚𝐜𝐤 𝐨𝐧, 𝐦𝐨𝐨𝐝 𝐨𝐧 🖤✨

#AestheticBlack #AllBlackLook #OOTD #JuankadaShann #Shanshines #Followme #TagAFriend",,0,1/22/2026 0:00,N/A,https://www.facebook.com/JuankadaShannOfficialPage/posts/pfbid0VyagkNBN7piy9cKRrpHG6U77kvhvELL3DS5AEGiY9L4uvU7PxzSM9PEf8hqhNPevl,0,0,Photos,,,,,Lifetime,174,83,8,8,0,0,5,3,2,,,,,,,,
1.22113E+17,6.15845E+13,Juankada Shann,"𝐒𝐡𝐚𝐧𝐬𝐡𝐢𝐧𝐞𝐬!!!! 🥰

#JuankadaShann #Shanshines #Followme #TagAFriend #JuankadaSabbie #Juankadapapajoe #JuankadaGeoff","𝐒𝐡𝐚𝐧𝐬𝐡𝐢𝐧𝐞𝐬!!!! 🥰

#JuankadaShann #Shanshines #Followme #TagAFriend #JuankadaSabbie #Juankadapapajoe #JuankadaGeoff",16,1/21/2026 20:01,uploaded,https://www.facebook.com/reel/752431811245209/,1,0,Videos,,,,,Lifetime,332,179,24,17,5,2,16,16,,,2946.737,13.155,0,0,0,,
1.22113E+17,6.15845E+13,Juankada Shann,"𝐒𝐡𝐚𝐧𝐬𝐡𝐢𝐧𝐞𝐬, 𝐢𝐭’𝐬 𝐨𝐮𝐫 𝐭𝐢𝐦𝐞 𝐭𝐨 𝐬𝐡𝐢𝐧𝐞! ✨ 💚

#JuankadaShann #Shanshines #Followme #TagAFriend #FeelTheVibe #ShineWithUs #LiveEnergy","𝐒𝐡𝐚𝐧𝐬𝐡𝐢𝐧𝐞𝐬, 𝐢𝐭’𝐬 𝐨𝐮𝐫 𝐭𝐢𝐦𝐞 𝐭𝐨 𝐬𝐡𝐢𝐧𝐞! ✨ 💚

#JuankadaShann #Shanshines #Followme #TagAFriend #FeelTheVibe #ShineWithUs #LiveEnergy",11,1/21/2026 17:01,N/A,https://www.facebook.com/reel/1636595117329553/,1,0,Videos,,,,,Lifetime,214,139,13,9,3,1,5,5,,,829.873,5.186,0,0,0,,
1.22113E+17,6.15845E+13,Juankada Shann,Lets g mga ka JUANKADA AND MGA SHANSHINES KO!💗,,0,1/21/2026 5:01,N/A,https://www.facebook.com/JuankadaShannOfficialPage/posts/pfbid09LRLSimuLB42hdxVAGeNajx22CYwh3QiDqrtnLVnafmAjqXrdQETnzSDQ6TP4ZAil,0,1,Text,,,,,Lifetime,125,93,21,19,2,0,30,30,,,,,,,,,
1.22113E+17,6.15845E+13,Juankada Shann,"𝐒𝐦𝐢𝐥𝐞𝐬, 𝐬𝐭𝐲𝐥𝐞, 𝐚𝐧𝐝 𝐚 𝐥𝐢𝐭𝐭𝐥𝐞 𝐛𝐢𝐭 𝐨𝐟 𝐂𝐨𝐥𝐨𝐫𝐠𝐚𝐦𝐞 𝐥𝐢𝐯𝐞 𝐢𝐧 𝐉𝐮𝐚𝐧𝟑𝟔𝟓 ✨🌈💗🥰

#JuankadaShann #Shanshines #Followme #TagAFriend #Juan365Live #ShanshineEnergy",,0,1/20/2026 23:42,N/A,https://www.facebook.com/JuankadaShannOfficialPage/posts/pfbid02hUCVvEBXTG2FBNN7PcaEoa8uknSe7JN5CAcFgYftiG9CQ8H6AxH73q4fj4wdtDR8l,0,0,Photos,,,,,Lifetime,309,172,41,32,7,2,10,4,6,,,,,,,,
1.22113E+17,6.15845E+13,Juankada Shann,"𝗜𝘁’𝘀 𝗴𝗼𝗻𝗻𝗮 𝗯𝗲 𝗮𝗹𝗿𝗶𝗴𝗵𝘁 💖😎

#JuanababeAshley #JuanababeSena #JuankadaShann #Shanshines #Followme #TagAFriend","𝗜𝘁’𝘀 𝗴𝗼𝗻𝗻𝗮 𝗯𝗲 𝗮𝗹𝗿𝗶𝗴𝗵𝘁 💖😎

#JuanababeAshley #JuanababeSena #JuankadaShann #Shanshines #Followme #TagAFriend",13,1/20/2026 20:00,mixed,https://www.facebook.com/reel/1481522470648009/,1,0,Videos,,,,,Lifetime,1024,453,75,59,10,6,16,16,,,5941.186,8.105,0,0,0,,
1.22113E+17,6.15845E+13,Juankada Shann,"𝐏𝐫𝐚𝐧𝐤𝐢𝐧𝐠 𝐦𝐲 𝐦𝐚𝐤𝐞𝐮𝐩 𝐚𝐫𝐭𝐢𝐬𝐭 😎💄

#JuankadaShann #Shanshines #Followme #TagAFriend #MakeupFun","𝐏𝐫𝐚𝐧𝐤𝐢𝐧𝐠 𝐦𝐲 𝐦𝐚𝐤𝐞𝐮𝐩 𝐚𝐫𝐭𝐢𝐬𝐭 😎💄

#JuankadaShann #Shanshines #Followme #TagAFriend #MakeupFun",24,1/20/2026 16:00,mixed,https://www.facebook.com/reel/1856794901679190/,1,0,Videos,,,,,Lifetime,318,227,35,21,11,3,12,12,,,2585.831,10.1,0,0,0,,
1.22113E+17,6.15845E+13,Juankada Shann,"𝐌𝐚𝐲 𝐝𝐚𝐩𝐚𝐭 𝐤𝐚𝐲𝐨𝐧𝐠 𝐚𝐛𝐚𝐧𝐠𝐚𝐧 𝐬𝐚 𝐉𝐮𝐚𝐧𝟑𝟔𝟓 𝐂𝐨𝐥𝐨𝐫 𝐠𝐚𝐦𝐞 👀💖

Tap ♥️ at comment 💬 para first kayo makakita ng saya at kulitan!

#JuankadaShann #Shanshines #Followme #TagAFriend #AllInSaSaya
#MusicusedbelongstoitsrightfulownerNocopyrightinfringementintended.","𝐌𝐚𝐲 𝐝𝐚𝐩𝐚𝐭 𝐤𝐚𝐲𝐨𝐧𝐠 𝐚𝐛𝐚𝐧𝐠𝐚𝐧 𝐬𝐚 𝐉𝐮𝐚𝐧𝟑𝟔𝟓 𝐂𝐨𝐥𝐨𝐫 𝐠𝐚𝐦𝐞 👀💖

Tap ♥️ at comment 💬 para first kayo makakita ng saya at kulitan!

#JuankadaShann #Shanshines #Followme #TagAFriend #AllInSaSaya
#MusicusedbelongstoitsrightfulownerNocopyrightinfringementintended.",26,1/20/2026 5:01,uploaded,https://www.facebook.com/reel/2367269180460669/,1,0,Videos,,,,,Lifetime,264,186,16,13,3,0,10,10,,,1927.602,9.402,0,0,0,,
1.22113E+17,6.15845E+13,Juankada Shann,"𝐃𝐚𝐫𝐧𝐚! 🦸‍♀️

#FlyingHigh #SuperheroVibes #GoodVibesOnly #JuankadaShann #Shanshines #Followme #TagAFriend","𝐃𝐚𝐫𝐧𝐚! 🦸‍♀️

#FlyingHigh #SuperheroVibes #GoodVibesOnly #JuankadaShann #Shanshines #Followme #TagAFriend",14,1/20/2026 2:00,mixed,https://www.facebook.com/reel/1608911620564076/,1,0,Videos,,,,,Lifetime,400,247,32,22,7,3,14,14,,,2275.12,8.273,0,0,0,,
1.22113E+17,6.15845E+13,Juankada Shann,"𝐃𝐨𝐮𝐛𝐥𝐞 𝐭𝐡𝐞 𝐬𝐦𝐢𝐥𝐞𝐬, 𝐝𝐨𝐮𝐛𝐥𝐞 𝐭𝐡𝐞 𝐬𝐮𝐧𝐬𝐡𝐢𝐧𝐞𝐬 𝐰𝐢𝐭𝐡 𝐉𝐮𝐚𝐧𝐤𝐚𝐝𝐚 𝐒𝐭𝐚𝐫 ✨💖

#BestiesEnergy #SunshineSmiles #JuankadaStar #JuankadaShann #Shanshines #Followme #TagAFriend #Juan365Live",,0,1/19/2026 23:22,N/A,https://www.facebook.com/JuankadaShannOfficialPage/posts/pfbid02mhp5r2afMbtPwfpBpeL2raofCwPM3K9n22nxwxeLrV9F9FJMwKQ6azDzkLP1BFKFl,0,0,Photos,,,,,Lifetime,507,192,37,32,4,1,24,15,9,,,,,,,,
1.22113E+17,6.15845E+13,Juankada Shann,"𝐒𝐡𝐚𝐧𝐬𝐡𝐢𝐧𝐞𝐬!✨ 𝐈𝐭’𝐬 𝐲𝐨𝐮𝐫 𝐉𝐮𝐚𝐧𝐤𝐚𝐝𝐚 𝐒𝐡𝐚𝐧𝐧 💗

Magbibigay ng kulay sa araw n’yo dito sa 𝐉𝐮𝐚𝐧𝟑𝟔𝟓 𝐂𝐨𝐥𝐨𝐫 𝐆𝐚𝐦𝐞 𝐋𝐈𝐕𝐄!🎨✨

 #JuankadaShann #Shanshines #Followme #TagAFriend #Juan365Live #ColorGameVibes #ShanshineEnergy","𝐒𝐡𝐚𝐧𝐬𝐡𝐢𝐧𝐞𝐬!✨ 𝐈𝐭’𝐬 𝐲𝐨𝐮𝐫 𝐉𝐮𝐚𝐧𝐤𝐚𝐝𝐚 𝐒𝐡𝐚𝐧𝐧 💗

Magbibigay ng kulay sa araw n’yo dito sa 𝐉𝐮𝐚𝐧𝟑𝟔𝟓 𝐂𝐨𝐥𝐨𝐫 𝐆𝐚𝐦𝐞 𝐋𝐈𝐕𝐄!🎨✨

 #JuankadaShann #Shanshines #Followme #TagAFriend #Juan365Live #ColorGameVibes #ShanshineEnergy",30,1/19/2026 4:55,N/A,https://www.facebook.com/reel/3257336081106420/,0,0,Videos,,,,,Lifetime,181,122,12,10,1,1,6,6,,,926.96,6.179,0,0,0,,
1.22113E+17,6.15845E+13,Juankada Shann,"𝐊𝐞𝐞𝐩 𝐭𝐡𝐞 𝐜𝐡𝐚𝐧𝐠𝐞! 🤣

#JuankadaShann #Shanshines #Followme #TagAFriend #Juan365Live #SmileMore #JustForFun","𝐊𝐞𝐞𝐩 𝐭𝐡𝐞 𝐜𝐡𝐚𝐧𝐠𝐞! 🤣

#JuankadaShann #Shanshines #Followme #TagAFriend #Juan365Live #SmileMore #JustForFun",13,1/18/2026 21:11,N/A,https://www.facebook.com/reel/2498433980575570/,0,0,Videos,,,,,Lifetime,579,385,13,12,1,0,10,10,,,3786.714,9.538,0,0,0,,
1.22113E+17,6.15845E+13,Juankada Shann,"𝐖𝐡𝐢𝐭𝐞 𝐥𝐨𝐯𝐞𝐫 🤍

#JuankadaShann #Shanshines #Followme #TagAFriend #Juan365Live #WhiteLover #AllWhiteLook",,0,1/18/2026 17:42,N/A,https://www.facebook.com/JuankadaShannOfficialPage/posts/pfbid0ovF9Vb3nZ4PkBLvsm9RjsmCADWHmgHmB5wYxe51RxuyQxpY9oxS4UeWVajE1i7Qol,0,0,Photos,,,,,Lifetime,177,82,15,11,4,0,9,7,2,,,,,,,,
1.22112E+17,6.15845E+13,Juankada Shann,"𝐓𝐚𝐫𝐠𝐞𝐭 𝐥𝐨𝐜𝐤 𝐬𝐞𝐜𝐮𝐫𝐞𝐝 🎯

Kasama si Juankada Host Papa Joe, panalo ang vibes! 🔥

#TargetSecured #PapajoeVibes #JuankadaShann #Shanshines #Followme #TagAFriend #Juan365Live #Juankadahostpapajoe","𝐓𝐚𝐫𝐠𝐞𝐭 𝐥𝐨𝐜𝐤 𝐬𝐞𝐜𝐮𝐫𝐞𝐝 🎯

Kasama si Juankada Host Papa Joe, panalo ang vibes! 🔥

#TargetSecured #PapajoeVibes #JuankadaShann #Shanshines #Followme #TagAFriend #Juan365Live #Juankadahostpapajoe",9,1/18/2026 3:00,mixed,https://www.facebook.com/reel/1128949675852698/,1,0,Videos,,,,,Lifetime,2910,102,14,11,3,0,12,12,,,9721.249,3.489,0,0,0,,
1.22112E+17,6.15845E+13,Juankada Shann,"𝗛𝗮𝘃𝗲 𝘆𝗼𝘂 𝗲𝘃𝗲𝗿 𝗺𝗲𝘁 𝗦𝗵𝗮𝗻𝗻𝗶𝗲? 💙

#JuankadaShann #Shanshines #Followme #TagAFriend #Juan365Live #JennieVibes #KiligMoments","𝗛𝗮𝘃𝗲 𝘆𝗼𝘂 𝗲𝘃𝗲𝗿 𝗺𝗲𝘁 𝗦𝗵𝗮𝗻𝗻𝗶𝗲? 💙

#JuankadaShann #Shanshines #Followme #TagAFriend #Juan365Live #JennieVibes #KiligMoments",23,1/17/2026 20:00,mixed,https://www.facebook.com/reel/1254861119892446/,1,0,Videos,,,,,Lifetime,289,211,24,16,3,5,7,7,,,1341.446,5.589,0,0,0,,
1.22112E+17,6.15845E+13,Juankada Shann,"𝐂𝐨𝐥𝐨𝐫𝐟𝐮𝐥, 𝐜𝐨𝐦𝐟𝐲, 𝐚𝐧𝐝 𝐜𝐨𝐧𝐟𝐢𝐝𝐞𝐧𝐭𝐥𝐲 𝐨𝐰𝐧𝐢𝐧𝐠 𝐭𝐡𝐞 𝐦𝐨𝐦𝐞𝐧𝐭 💖✨

#juankadashann #Shanshines #followme #tagafriend #juan365live #colorpop #UnfilteredJoy #OOTDGoals",,0,1/17/2026 17:50,N/A,https://www.facebook.com/JuankadaShannOfficialPage/posts/pfbid02nU3Rt7FPM3kTBhjmma42CoX2Us7iKMDZd18JCEFeStSZiDyPntfGKUqtJvfdp1o8l,0,0,Photos,,,,,Lifetime,198,91,19,15,3,1,27,19,8,,,,,,,,
1.22112E+17,6.15845E+13,Juankada Shann,"𝐆𝐨𝐨𝐝 𝐟𝐨𝐨𝐝 𝐦𝐚𝐤𝐞 𝐲𝐨𝐮𝐫 𝐦𝐨𝐨𝐝 𝐠𝐨𝐨𝐝 😋💖

 #JuankadaShann #Shanshines #Followme #TagAFriend #Juan365Live #GoodFoodGoodMood","𝐆𝐨𝐨𝐝 𝐟𝐨𝐨𝐝 𝐦𝐚𝐤𝐞 𝐲𝐨𝐮𝐫 𝐦𝐨𝐨𝐝 𝐠𝐨𝐨𝐝 😋💖

 #JuankadaShann #Shanshines #Followme #TagAFriend #Juan365Live #GoodFoodGoodMood",490,1/17/2026 6:00,uploaded,https://www.facebook.com/reel/25951430331143561/,1,0,Videos,,,,,Lifetime,416,253,41,29,9,3,47,47,,,16007.593,48.361,0,0,0,,
1.22112E+17,6.15845E+13,Juankada Shann,"Ramdam ang 𝐥𝐨𝐯𝐞 sa 𝐉𝐮𝐚𝐧𝟑𝟔𝟓 𝐂𝐨𝐥𝐨𝐫 𝐆𝐚𝐦𝐞 𝐋𝐈𝐕𝐄💖🎨

Join na at sabay tayo sa saya!

 #JuankadaShann #Shanshines #Followme #TagAFriend #Juan365Live #ColorGameVibes #FeelTheLove","Ramdam ang 𝐥𝐨𝐯𝐞 sa 𝐉𝐮𝐚𝐧𝟑𝟔𝟓 𝐂𝐨𝐥𝐨𝐫 𝐆𝐚𝐦𝐞 𝐋𝐈𝐕𝐄💖🎨

Join na at sabay tayo sa saya!

 #JuankadaShann #Shanshines #Followme #TagAFriend #Juan365Live #ColorGameVibes #FeelTheLove",31,1/17/2026 2:00,mixed,https://www.facebook.com/reel/1429315725293621/,1,0,Videos,,,,,Lifetime,238,164,21,11,5,5,11,11,,,1522.902,7.89,0,0,0,,
1.22112E+17,6.15845E+13,Juankada Shann,"𝐍𝐞𝐯𝐞𝐫 𝐥𝐞𝐭 𝐭𝐡𝐞𝐦 𝐤𝐧𝐨𝐰 𝐲𝐨𝐮𝐫 𝐧𝐞𝐱𝐭 𝐦𝐨𝐯𝐞😏🔥

#JuankadaShann #Shanshines #Followme #TagAFriend #WaitForIt #PlotTwist #Unexpected","𝐍𝐞𝐯𝐞𝐫 𝐥𝐞𝐭 𝐭𝐡𝐞𝐦 𝐤𝐧𝐨𝐰 𝐲𝐨𝐮𝐫 𝐧𝐞𝐱𝐭 𝐦𝐨𝐯𝐞😏🔥

#JuankadaShann #Shanshines #Followme #TagAFriend #WaitForIt #PlotTwist #Unexpected",24,1/16/2026 20:00,mixed,https://www.facebook.com/reel/1531242974820425/,1,0,Videos,,,,,Lifetime,304,141,37,21,11,5,22,22,,,2456.925,11.427,0,0,0,,
1.22112E+17,6.15845E+13,Juankada Shann,"𝐄𝐧𝐞𝐫𝐠𝐲 𝐮𝐩 𝐰𝐢𝐭𝐡 𝐉𝐮𝐚𝐧𝐤𝐚𝐝𝐚 𝐇𝐨𝐬𝐭 𝐯𝐢𝐛𝐞𝐬! 🔥

 #JuankadaShann #Shanshines #Followme #TagAFriend #Juan365Live #VibeCheck #InstantEnergy #JuankadaGeoff #JuankadaSabbie",,0,1/16/2026 17:17,N/A,https://www.facebook.com/JuankadaShannOfficialPage/posts/pfbid02hmnH7d495iAJaM2LtYKPWU1L391fhNqaiozrNH6WLbPto8MPMRjScMrcYSnT8t8gl,0,0,Photos,,,,,Lifetime,166,61,11,5,5,1,9,7,2,,,,,,,,
1.22112E+17,6.15845E+13,Juankada Shann,"𝐆𝐮𝐬𝐭𝐨 𝐤𝐨 𝐥𝐚𝐧𝐠 𝐧𝐚𝐦𝐚𝐧 𝐦𝐚𝐥𝐚𝐦𝐚𝐧 𝐤𝐮𝐧𝐠.....🤭

#GoodVibesOnly #JuankadaShann #Shanshines #Followme #TagAFriend #ShanshineVibes #GoodVibesOnly #Juankadalance","𝐆𝐮𝐬𝐭𝐨 𝐤𝐨 𝐥𝐚𝐧𝐠 𝐧𝐚𝐦𝐚𝐧 𝐦𝐚𝐥𝐚𝐦𝐚𝐧 𝐤𝐮𝐧𝐠.....🤭

#GoodVibesOnly #JuankadaShann #Shanshines #Followme #TagAFriend #ShanshineVibes #GoodVibesOnly #Juankadalance",11,1/16/2026 3:00,mixed,https://www.facebook.com/reel/1602689224080160/,1,0,Videos,,,,,Lifetime,265,180,19,14,4,1,11,11,,,1340.422,6.981,0,0,0,,
1.22112E+17,6.15845E+13,Juankada Shann,"𝐁𝐥𝐚𝐜𝐤 𝐧𝐞𝐯𝐞𝐫 𝐦𝐢𝐬𝐬𝐞𝐬 🖤

#CleanFit #StyleCheck #JuankadaShann #Shanshines #Followme #TagAFriend",,0,1/15/2026 17:40,N/A,https://www.facebook.com/JuankadaShannOfficialPage/posts/pfbid0K9WnEphV4bwWUyqWu51uPX6SxakbzULw8LzejG4E2ABVecnMUSbbfeqwhY5FXm6xl,0,0,Photos,,,,,Lifetime,287,126,20,15,3,2,12,10,2,,,,,,,,
1.22112E+17,6.15845E+13,Juankada Shann,"𝐇𝐢𝐧𝐝𝐢 𝐦𝐚𝐭𝐮𝐭𝐮𝐦𝐛𝐚𝐬𝐚𝐧 𝐲𝐮𝐧𝐠.. 🫣

#GoodVibesOnly #JuankadaShann #Shanshines #Followme #TagAFriend #ShanshineVibes #GoodVibesOnly #Juankada #JuankadaGeoff","𝐇𝐢𝐧𝐝𝐢 𝐦𝐚𝐭𝐮𝐭𝐮𝐦𝐛𝐚𝐬𝐚𝐧 𝐲𝐮𝐧𝐠.. 🫣

#GoodVibesOnly #JuankadaShann #Shanshines #Followme #TagAFriend #ShanshineVibes #GoodVibesOnly #Juankada #JuankadaGeoff",11,1/15/2026 17:00,mixed,https://www.facebook.com/reel/865399916276046/,1,0,Videos,,,,,Lifetime,398,245,26,17,7,2,21,21,,,1914.069,7.418,0,0,0,,
1.22112E+17,6.15845E+13,Juankada Shann,"𝐁𝐨𝐫𝐧 𝐭𝐨 𝐜𝐞𝐥𝐞𝐛𝐫𝐚𝐭𝐞 🎂🔥

#JuankadaShann #Shanshines #Followme #TagAFriend #BirthdayShine #AllLove","𝐁𝐨𝐫𝐧 𝐭𝐨 𝐜𝐞𝐥𝐞𝐛𝐫𝐚𝐭𝐞 🎂🔥

#JuankadaShann #Shanshines #Followme #TagAFriend #BirthdayShine #AllLove",266,1/15/2026 6:00,mixed,https://www.facebook.com/reel/1979262406137478/,1,0,Videos,,,,,Lifetime,760,507,81,55,22,4,113,113,,,17208.996,29.721,0,0,0,,
1.22112E+17,6.15845E+13,Juankada Shann,"𝐈 𝐜𝐚𝐧 𝐝𝐨 𝐛𝐞𝐭𝐭𝐞𝐫, 𝐒𝐡𝐚𝐧𝐬𝐡𝐢𝐧𝐞𝐬 ✨

#JuankadaShann #Shanshines #Followme #TagAFriend #Juan365Live #FeelingMyself","𝐈 𝐜𝐚𝐧 𝐝𝐨 𝐛𝐞𝐭𝐭𝐞𝐫, 𝐒𝐡𝐚𝐧𝐬𝐡𝐢𝐧𝐞𝐬 ✨

#JuankadaShann #Shanshines #Followme #TagAFriend #Juan365Live #FeelingMyself",15,1/15/2026 2:00,mixed,https://www.facebook.com/reel/887925477216838/,1,0,Videos,,,,,Lifetime,204,172,10,10,0,0,5,5,,,891.719,5.066,0,0,0,,
1.22112E+17,6.15845E+13,Juankada Shann,,,0,1/15/2026 0:18,N/A,https://www.facebook.com/JuankadaShannOfficialPage/posts/pfbid02LzDCLNY2ozpqg2ZndWg3gLEKkN3poBaU1DukiJhbwCuDDnpyTmKg1UnJMh5bpspWl,0,1,Text,,,,,Lifetime,59,36,1,1,0,0,0,,,,,,,,,,
1.22112E+17,6.15845E+13,Juankada Shann,"𝐆𝐫𝐚𝐛𝐞 𝐠𝐚𝐧𝐝𝐚 𝐧𝐠 𝐄𝐀 𝐬𝐡𝐚𝐧𝐬𝐡𝐢𝐧𝐞𝐬! 😍

#JuankadaShann #Shanshines #Followme #TagAFriend #EAVisuals #GoodVibesOnly #Juankadaligaya #JuankadaGeoff","𝐆𝐫𝐚𝐛𝐞 𝐠𝐚𝐧𝐝𝐚 𝐧𝐠 𝐄𝐀 𝐬𝐡𝐚𝐧𝐬𝐡𝐢𝐧𝐞𝐬! 😍

#JuankadaShann #Shanshines #Followme #TagAFriend #EAVisuals #GoodVibesOnly #Juankadaligaya #JuankadaGeoff",14,1/14/2026 20:00,N/A,https://www.facebook.com/reel/917756634178221/,1,0,Videos,,,,,Lifetime,984,619,42,32,7,3,23,23,,,6202.431,8.531,0,0,0,,
1.22112E+17,6.15845E+13,Juankada Shann,"𝐏𝐞𝐚𝐜𝐞 𝐥𝐨𝐨𝐤𝐬 𝐠𝐨𝐨𝐝 𝐨𝐧 𝐲𝐨𝐮, 𝐒𝐡𝐚𝐧𝐬𝐡𝐢𝐧𝐞𝐬 💖✨

Music used belongs to its rightful owner. No copyright infringement intended.
#GoodVibesOnly #JuankadaShann #Shanshines #Followme #TagAFriend #PeaceAndLove #FeelTheVibe #SnowOnTheBeach","𝐏𝐞𝐚𝐜𝐞 𝐥𝐨𝐨𝐤𝐬 𝐠𝐨𝐨𝐝 𝐨𝐧 𝐲𝐨𝐮, 𝐒𝐡𝐚𝐧𝐬𝐡𝐢𝐧𝐞𝐬 💖✨

Music used belongs to its rightful owner. No copyright infringement intended.
#GoodVibesOnly #JuankadaShann #Shanshines #Followme #TagAFriend #PeaceAndLove #FeelTheVibe #SnowOnTheBeach",26,1/14/2026 18:00,mixed,https://www.facebook.com/reel/34328095940114579/,1,0,Videos,,,,,Lifetime,243,166,22,18,1,3,4,4,,,1312.684,6.53,0,0,0,,
1.22112E+17,6.15845E+13,Juankada Shann,"𝐋𝐞𝐯𝐞𝐥 𝐧𝐠 𝐬𝐚𝐲𝐚: 𝐎𝐕𝐄𝐑𝐋𝐎𝐀𝐃! 😆

Tatlong beses ang kulitan, triple ang tawa, at walang tigil na good vibes!

#JuankadaShann #Shanshines #Followme #TagAFriend #JuankadaPapajoe #JuankadaStar #TripLangAngSaya",,0,1/14/2026 0:09,N/A,https://www.facebook.com/JuankadaShannOfficialPage/posts/pfbid0rrB7hhn1FnLizYzBApXUhYwhpotAEeG4CWhmoswEgjreVgh3o73u87rR7YEzRYy1l,0,0,Photos,,,,,Lifetime,324,117,24,17,3,4,17,11,6,,,,,,,,
1.22112E+17,6.15845E+13,Juankada Shann,"𝐍𝐚𝐧𝐢𝐠𝐚𝐬 𝐧𝐚! 𝐚𝐧𝐠 𝐤𝐚𝐦𝐚𝐨 𝐤𝐨!

#GoodVibesOnly #JuankadaShann #Shanshines #Followme #TagAFriend","𝐍𝐚𝐧𝐢𝐠𝐚𝐬 𝐧𝐚! 𝐚𝐧𝐠 𝐤𝐚𝐦𝐚𝐨 𝐤𝐨!

#GoodVibesOnly #JuankadaShann #Shanshines #Followme #TagAFriend",50,1/13/2026 22:01,mixed,https://www.facebook.com/reel/2091736884912012/,1,0,Videos,,,,,Lifetime,168,90,22,17,2,3,17,17,,,2138.955,16.975,0,0,0,,
1.22112E+17,6.15845E+13,Juankada Shann,"𝐖𝐢𝐬𝐡𝐢𝐧𝐠 𝐞𝐯𝐞𝐫𝐲𝐨𝐧𝐞 𝐚 𝐜𝐨𝐥𝐨𝐫𝐟𝐮𝐥 𝐲𝐞𝐚𝐫 𝐩𝐚𝐜𝐤𝐞𝐝 𝐰𝐢𝐭𝐡 𝐛𝐥𝐞𝐬𝐬𝐢𝐧𝐠𝐬, 𝐠𝐨𝐨𝐝 𝐡𝐞𝐚𝐥𝐭𝐡, 𝐚𝐧𝐝 𝐰𝐢𝐧𝐧𝐢𝐧𝐠 𝐯𝐢𝐛𝐞𝐬. 𝐂𝐡𝐞𝐞𝐫𝐬 𝐭𝐨 𝐦𝐨𝐫𝐞 𝐰𝐢𝐧𝐬!

#JuanKada #Shanshines #followme #tagafriend",,0,1/13/2026 18:21,N/A,https://www.facebook.com/JuankadaShannOfficialPage/posts/pfbid026qw868iopqEXunWRER4mhzMXWaMYwAUcf6ECuKHHxhen78uYhzxjvz82qULRfgkWl,0,1,Photos,,,,,Lifetime,170,68,16,12,2,2,12,7,1,4,,,,,,,
1.22112E+17,6.15845E+13,Juankada Shann,"Hindi talaga kaya maging lalaki mga Shanshines.

#JuankadaShann #Shanshines #Followme #TagAFriend","Hindi talaga kaya maging lalaki mga Shanshines.

#JuankadaShann #Shanshines #Followme #TagAFriend",11,1/12/2026 22:58,N/A,https://www.facebook.com/reel/2654632998207922/,0,0,Videos,,,,,Lifetime,302,111,20,15,3,2,16,16,,,2019.125,12.943,0,0,0,,
1.22112E+17,6.15845E+13,Juankada Shann,"𝐃𝐞𝐧𝐢𝐦 𝐨𝐧 𝐝𝐞𝐧𝐢𝐦, 𝐡𝐞𝐚𝐫𝐭 𝐨𝐧 𝐜𝐡𝐢𝐥𝐥 😎💖

JuankadaShann #Shanshines #Followme #TagAFriend #OOTDInspo #RelaxMode",,0,1/12/2026 2:06,N/A,https://www.facebook.com/JuankadaShannOfficialPage/posts/pfbid02CvMZqNtdWq1okEN6hx8RRMmV2KDvA5LgtDCABG5bNYbuHLrcdUm5z6q8g2mF11uql,0,0,Photos,,,,,Lifetime,200,72,14,9,3,2,18,16,2,,,,,,,,
1.22112E+17,6.15845E+13,Juankada Shann,"𝐅𝐫𝐢𝐞𝐧𝐝𝐬𝐡𝐢𝐩 𝐧𝐞𝐯𝐞𝐫 𝐞𝐧𝐝𝐬 𝐒𝐡𝐚𝐧𝐬𝐡𝐢𝐧𝐞𝐬 ✨

#JuankadaShann #Shanshines #Followme #TagAFriend #FriendshipGoals","𝐅𝐫𝐢𝐞𝐧𝐝𝐬𝐡𝐢𝐩 𝐧𝐞𝐯𝐞𝐫 𝐞𝐧𝐝𝐬 𝐒𝐡𝐚𝐧𝐬𝐡𝐢𝐧𝐞𝐬 ✨

#JuankadaShann #Shanshines #Followme #TagAFriend #FriendshipGoals",25,1/11/2026 20:00,mixed,https://www.facebook.com/reel/1241722457918803/,1,0,Videos,,,,,Lifetime,225,169,15,14,0,1,1,1,,,1333.131,6.943,0,0,0,,
1.22112E+17,6.15845E+13,Juankada Shann,"𝐒𝐨𝐫𝐫𝐲 𝐧𝐚 𝐤𝐢𝐧𝐢𝐥𝐢𝐠 𝐥𝐚𝐧𝐠 𝐚𝐧𝐠 𝐄𝐀! 😳💖

#JuankadaShann #Shanshines #Followme #TagAFriend #KiligMoments  #JuankadaPapaJoe","𝐒𝐨𝐫𝐫𝐲 𝐧𝐚 𝐤𝐢𝐧𝐢𝐥𝐢𝐠 𝐥𝐚𝐧𝐠 𝐚𝐧𝐠 𝐄𝐀! 😳💖

#JuankadaShann #Shanshines #Followme #TagAFriend #KiligMoments  #JuankadaPapaJoe",11,1/11/2026 17:00,mixed,https://www.facebook.com/reel/1427411102503088/,1,0,Videos,,,,,Lifetime,1402,1102,34,30,2,2,11,11,,,7348.729,6.584,0,0,0,,
1.22111E+17,6.15845E+13,Juankada Shann,"𝐅𝐞𝐞𝐥 𝐭𝐡𝐞 𝐛𝐞𝐚𝐭  𝐉𝐨𝐢𝐧 𝐂𝐨𝐥𝐨𝐫 𝐆𝐚𝐦𝐞𝐬 𝐋𝐈𝐕𝐄 𝐚𝐭 𝐉𝐮𝐚𝐧𝟑𝟔𝟓! 🔥

#JuankadaShann #Shanshines #Followme #TagAFriend #FeelTheBeat","𝐅𝐞𝐞𝐥 𝐭𝐡𝐞 𝐛𝐞𝐚𝐭  𝐉𝐨𝐢𝐧 𝐂𝐨𝐥𝐨𝐫 𝐆𝐚𝐦𝐞𝐬 𝐋𝐈𝐕𝐄 𝐚𝐭 𝐉𝐮𝐚𝐧𝟑𝟔𝟓! 🔥

#JuankadaShann #Shanshines #Followme #TagAFriend #FeelTheBeat",16,1/11/2026 6:00,N/A,https://www.facebook.com/reel/2276668319493099/,1,0,Videos,,,,,Lifetime,223,166,8,6,1,1,1,1,,,1193.097,6.628,0,0,0,,
1.22111E+17,6.15845E+13,Juankada Shann,"𝐒𝐡𝐚𝐧𝐬𝐡𝐢𝐧𝐞𝐬, 𝐭𝐚𝐫𝐚 𝐧𝐚 𝐚𝐭 𝐬𝐚𝐛𝐚𝐲-𝐬𝐚𝐛𝐚𝐲 𝐭𝐚𝐲𝐨 𝐬𝐚 𝐬𝐚𝐲𝐚! 💙🧡

#JuankadaShann #Shanshines #Followme #TagAFriend #GoodVibesLang","𝐒𝐡𝐚𝐧𝐬𝐡𝐢𝐧𝐞𝐬, 𝐭𝐚𝐫𝐚 𝐧𝐚 𝐚𝐭 𝐬𝐚𝐛𝐚𝐲-𝐬𝐚𝐛𝐚𝐲 𝐭𝐚𝐲𝐨 𝐬𝐚 𝐬𝐚𝐲𝐚! 💙🧡

#JuankadaShann #Shanshines #Followme #TagAFriend #GoodVibesLang",35,1/11/2026 3:01,mixed,https://www.facebook.com/reel/1218466123576329/,1,0,Videos,,,,,Lifetime,221,144,7,6,0,1,2,2,,,1239.01,6.226,0,0,0,,
1.22111E+17,6.15845E+13,Juankada Shann,"𝐈𝐭’𝐬 𝐚 𝐁𝐎𝐘! 💙🎉

#JuankadaShann #Shanshines #Followme #TagAFriend #ItsABoy #CelebrateWithUs","𝐈𝐭’𝐬 𝐚 𝐁𝐎𝐘! 💙🎉

#JuankadaShann #Shanshines #Followme #TagAFriend #ItsABoy #CelebrateWithUs",23,1/10/2026 23:00,mixed,https://www.facebook.com/reel/850665047836149/,1,0,Videos,,,,,Lifetime,103,62,8,7,1,0,6,6,,,711.464,9.239,0,0,0,,
1.22111E+17,6.15845E+13,Juankada Shann,"𝐂𝐨𝐳𝐲 𝐯𝐢𝐛𝐞𝐬, 𝐛𝐢𝐠 𝐬𝐦𝐢𝐥𝐞𝐬! 🧸✨💗🌈

#JuankadaShann #Shanshines #Followme #TagAFriend #StyleWithPersonality",,0,1/10/2026 18:47,N/A,https://www.facebook.com/JuankadaShannOfficialPage/posts/pfbid0YaQAy1q2MjkG7TGFZ42TNsqX68PZNhA2VHrttAWDWxvJ3Pf2yKP1VG5C2BfaG5Fbl,0,0,Photos,,,,,Lifetime,161,69,12,7,4,1,3,2,1,,,,,,,,
1.22111E+17,6.15845E+13,Juankada Shann,"𝐆𝐨𝐨𝐝 𝐦𝐨𝐫𝐧𝐢𝐧𝐠, 𝐒𝐡𝐚𝐧𝐬𝐡𝐢𝐧𝐞𝐬!! ☀️💗
Triple Pink… tapos 𝐉𝐀𝐂𝐊𝐏𝐎𝐓 agad! 😏💥
Huling chance na baka ma-miss mo ulit! 😱✨
Drop a 💗 kung gusto mo next ma-feel ang swerte!

#Juan365 #AllInJuanSaSaya #Juan365Studios #CommentYourThoughts #JuankadaShann #TagAFriend #Followme #Shanshines    #SweetEnergy #DailyBeautyVibes #ColorGameVibes #ShanshineEnergy","𝐆𝐨𝐨𝐝 𝐦𝐨𝐫𝐧𝐢𝐧𝐠, 𝐒𝐡𝐚𝐧𝐬𝐡𝐢𝐧𝐞𝐬!! ☀️💗
Triple Pink… tapos 𝐉𝐀𝐂𝐊𝐏𝐎𝐓 agad! 😏💥
Huling chance na baka ma-miss mo ulit! 😱✨
Drop a 💗 kung gusto mo next ma-feel ang swerte!

#Juan365 #AllInJuanSaSaya #Juan365Studios #CommentYourThoughts #JuankadaShann #TagAFriend #Followme #Shanshines    #SweetEnergy #DailyBeautyVibes #ColorGameVibes #ShanshineEnergy",24,1/10/2026 13:22,N/A,https://www.facebook.com/reel/2072525326621296/,0,0,Videos,,,,,Lifetime,94,50,8,6,2,0,2,2,,,880.407,12.577,0,0,0,,
1.22111E+17,6.15845E+13,Juankada Shann,"𝐇𝐢𝐧𝐝𝐢 𝐚𝐤𝐨 𝐠𝐚𝐥𝐢𝐭 ,𝐧𝐚𝐠 𝐥𝐚𝐥𝐚𝐦𝐛𝐢𝐧𝐠 𝐥𝐚𝐧𝐠, 𝐒𝐡𝐚𝐧𝐬𝐡𝐢𝐧𝐞𝐬!  ✨

#JuankadaShann #Shanshines #Followme #TagAFriend #LambingLang","𝐇𝐢𝐧𝐝𝐢 𝐚𝐤𝐨 𝐠𝐚𝐥𝐢𝐭 ,𝐧𝐚𝐠 𝐥𝐚𝐥𝐚𝐦𝐛𝐢𝐧𝐠 𝐥𝐚𝐧𝐠, 𝐒𝐡𝐚𝐧𝐬𝐡𝐢𝐧𝐞𝐬!  ✨

#JuankadaShann #Shanshines #Followme #TagAFriend #LambingLang",48,1/10/2026 6:00,mixed,https://www.facebook.com/reel/2780079275663353/,1,0,Videos,,,,,Lifetime,75,50,7,7,0,0,8,8,,,781.023,13.017,0,0,0,,
1.22111E+17,6.15845E+13,Juankada Shann,"Umpisahan nanating kulayan ang iniyong mga kapalaran ng kasiwertehan dito sa pinaka makulay na laro dito sa color game tara na manood at mag laro ngayong gabi ✨🌈💗

#JuankadaShann #Shanshines #Followme #TagAFriend #ColorGameVibes",,0,1/10/2026 5:40,N/A,https://www.facebook.com/JuankadaShannOfficialPage/posts/pfbid034gESSsm9gNw2mXRmZe9KudNx9tn5YbwRfGQkSVdhYSNJJtpFgRMhwwyrMojGUV5nl,0,0,Photos,,,,,Lifetime,122,49,4,3,1,0,6,2,4,,,,,,,,
1.22111E+17,6.15845E+13,Juankada Shann,,,0,1/9/2026 23:40,N/A,https://www.facebook.com/JuankadaShannOfficialPage/posts/pfbid02aqn91bsjkmsjM5Y5GiX5hPUJ83uMNuppmpoxuQRJKiYCLitLcyL8UhcTVyXtuhtol,0,1,Photos,,,,,Lifetime,77,37,5,3,2,0,6,6,,,,,,,,,
1.22111E+17,6.15845E+13,Juankada Shann,"𝐌𝐚𝐤𝐞 𝐬𝐨𝐦𝐞! 🔊

#JuankadaShann #Shanshines #Followme #TagAFriend #MakeSomeNoise","𝐌𝐚𝐤𝐞 𝐬𝐨𝐦𝐞! 🔊

#JuankadaShann #Shanshines #Followme #TagAFriend #MakeSomeNoise",15,1/9/2026 22:00,N/A,https://www.facebook.com/reel/901830128866228/,1,0,Videos,,,,,Lifetime,139,95,1,1,0,0,0,,,,707.808,6.741,0,0,0,,
1.22111E+17,6.15845E+13,Juankada Shann,"𝐈𝐧𝐬𝐭𝐚𝐧𝐭 𝐧𝐞𝐰 𝐜𝐞𝐥𝐥𝐩𝐡𝐨𝐧𝐞🤣

#JuankadaShann #CommentYourThoughts #TagAFriend #Followme #Shanshines #Juan365 #AllInJuanSaSaya #Juan365Studios  #SweetEnergy #DailyBeautyVibes #NewPhone #InstantUpgrade","𝐈𝐧𝐬𝐭𝐚𝐧𝐭 𝐧𝐞𝐰 𝐜𝐞𝐥𝐥𝐩𝐡𝐨𝐧𝐞🤣

#JuankadaShann #CommentYourThoughts #TagAFriend #Followme #Shanshines #Juan365 #AllInJuanSaSaya #Juan365Studios  #SweetEnergy #DailyBeautyVibes #NewPhone #InstantUpgrade",15,1/9/2026 12:31,N/A,https://www.facebook.com/reel/1855270335355562/,1,0,Videos,,,,,Lifetime,155,63,16,10,4,2,8,8,,,874.179,8.405,0,0,0,,
1.22111E+17,6.15845E+13,Juankada Shann,"𝐆𝐨𝐨𝐝 𝐞𝐧𝐞𝐫𝐠𝐲 𝐚𝐥𝐥 𝐝𝐚𝐲.

#WorkAndSmile #GoodVibesOnly #PositiveEnergy #JuankadaShann #CommentYourThoughts #TagAFriend #Followme #Shanshines #Juan365 #AllInJuanSaSaya #Juan365Studios  #SweetEnergy #DailyBeautyVibes","𝐆𝐨𝐨𝐝 𝐞𝐧𝐞𝐫𝐠𝐲 𝐚𝐥𝐥 𝐝𝐚𝐲.

#WorkAndSmile #GoodVibesOnly #PositiveEnergy #JuankadaShann #CommentYourThoughts #TagAFriend #Followme #Shanshines #Juan365 #AllInJuanSaSaya #Juan365Studios  #SweetEnergy #DailyBeautyVibes",15,1/9/2026 8:00,N/A,https://www.facebook.com/reel/2324270448058858/,1,0,Videos,,,,,Lifetime,309,234,16,12,3,1,5,5,,,1572.179,6.07,0,0,0,,
1.22111E+17,6.15845E+13,Juankada Shann,"𝐇𝐢 𝐒𝐡𝐚𝐧𝐬𝐡𝐢𝐧𝐞𝐬! 𝐋𝐞𝐭’𝐬 𝐩𝐥𝐚𝐲, 𝐞𝐧𝐣𝐨𝐲, 𝐚𝐧𝐝 𝐰𝐢𝐧 𝐭𝐨𝐠𝐞𝐭𝐡𝐞𝐫 ♥️

#JuankadaShann #CommentYourThoughts #TagAFriend #Followme #Shanshines #Juan365 #AllInJuanSaSaya #Juan365Studios  #SweetEnergy #DailyBeautyVibes #ColorGameVibes #ShanshineEnergy",,0,1/9/2026 5:55,N/A,https://www.facebook.com/JuankadaShannOfficialPage/posts/pfbid02NB1kwHf9XHcwFKqKxs4CaXaFBgULoBhBY9UoZgLDdLJcxWzBnhbreNHW39mSoTTCl,0,0,Photos,,,,,Lifetime,146,60,18,10,6,2,11,8,3,,,,,,,,
1.22111E+17,6.15845E+13,Juankada Shann,"𝐒𝐭𝐚𝐲 𝐰𝐢𝐭𝐡 𝐦𝐞 𝐚𝐧𝐝 𝐥𝐞𝐭’𝐬 𝐦𝐚𝐤𝐞 𝐭𝐨𝐝𝐚𝐲 𝐰𝐨𝐫𝐭𝐡 𝐫𝐞𝐦𝐞𝐦𝐛𝐞𝐫𝐢𝐧𝐠 💖

#JuankadaShann #CommentYourThoughts #TagAFriend #Followme #Shanshines #Juan365 #AllInJuanSaSaya #Juan365Studios  #SweetEnergy #DailyBeautyVibes #TodayStory #GoodVibesOnly","𝐒𝐭𝐚𝐲 𝐰𝐢𝐭𝐡 𝐦𝐞 𝐚𝐧𝐝 𝐥𝐞𝐭’𝐬 𝐦𝐚𝐤𝐞 𝐭𝐨𝐝𝐚𝐲 𝐰𝐨𝐫𝐭𝐡 𝐫𝐞𝐦𝐞𝐦𝐛𝐞𝐫𝐢𝐧𝐠 💖

#JuankadaShann #CommentYourThoughts #TagAFriend #Followme #Shanshines #Juan365 #AllInJuanSaSaya #Juan365Studios  #SweetEnergy #DailyBeautyVibes #TodayStory #GoodVibesOnly",13,1/9/2026 3:00,N/A,https://www.facebook.com/reel/1228881535872760/,1,0,Videos,,,,,Lifetime,184,145,20,9,8,3,3,3,,,550.582,3.506,0,0,0,,
1.22111E+17,6.15845E+13,Juankada Shann,"𝐏𝐥𝐚𝐲, 𝐞𝐧𝐣𝐨𝐲, 𝐚𝐧𝐝 𝐢𝐭’𝐬 𝐠𝐨𝐧𝐧𝐚 𝐛𝐞 𝐚𝐥𝐫𝐢𝐠𝐡𝐭! 😎💖

#JuankadaShann #CommentYourThoughts #TagAFriend #Followme #Shanshines #Juan365 #AllInJuanSaSaya #Juan365Studios  #SweetEnergy #DailyBeautyVibes #PlayAndEnjoy #ShanshineEnergy","𝐏𝐥𝐚𝐲, 𝐞𝐧𝐣𝐨𝐲, 𝐚𝐧𝐝 𝐢𝐭’𝐬 𝐠𝐨𝐧𝐧𝐚 𝐛𝐞 𝐚𝐥𝐫𝐢𝐠𝐡𝐭! 😎💖

#JuankadaShann #CommentYourThoughts #TagAFriend #Followme #Shanshines #Juan365 #AllInJuanSaSaya #Juan365Studios  #SweetEnergy #DailyBeautyVibes #PlayAndEnjoy #ShanshineEnergy",14,1/8/2026 23:09,N/A,https://www.facebook.com/reel/852475904091677/,0,0,Videos,,,,,Lifetime,294,223,13,12,1,0,8,8,,,1661.894,7.225,0,0,0,,
1.22111E+17,6.15845E+13,Juankada Shann,"Hi 𝐒𝐡𝐚𝐧𝐬𝐡𝐢𝐧𝐞𝐬! It’s your host, 𝐉𝐮𝐚𝐧𝐤𝐚𝐝𝐚 𝐒𝐡𝐚𝐧𝐧 💙

Samahan niyo ko mamaya sa 𝐉𝐮𝐚𝐧𝟑𝟔𝟓 𝐂𝐨𝐥𝐨𝐫 𝐆𝐚𝐦𝐞 𝐋𝐈𝐕𝐄🎨🔥

#JuankadaShann #CommentYourThoughts #TagAFriend #Followme #Shanshines #Juan365 #AllInJuanSaSaya #Juan365Studios  #SweetEnergy #DailyBeautyVibes #ColorGameVibes #ShanshineEnergy",,0,1/8/2026 6:00,N/A,https://www.facebook.com/JuankadaShannOfficialPage/posts/pfbid02U4qm7dyjKQyTgBcgVCwehhrHnxjRd158hCueLVTgUnYNKPw6q1ui3ZS4w1HNXMekl,0,0,Photos,,,,,Lifetime,267,153,12,10,1,1,6,2,4,,,,,,,,
1.22111E+17,6.15845E+13,Juankada Shann,"𝐒𝐦𝐢𝐥𝐞𝐬 𝐭𝐡𝐚𝐭 𝐥𝐢𝐠𝐡𝐭 𝐮𝐩 𝐭𝐡𝐞 𝐟𝐞𝐞𝐝! ✨

Drop a ♥️ if this made you smile today!

Music used belongs to its rightful owner. No copyright infringement intended.
#JuankadaShann #CommentYourThoughts #TagAFriend #Followme #Shanshines #Juan365 #AllInJuanSaSaya #Juan365Studios  #SweetEnergy #DailyBeautyVibes #SmileMore #ConfidenceGoals #HappyVibes #OOTDInspo #PositiveEnergy","𝐒𝐦𝐢𝐥𝐞𝐬 𝐭𝐡𝐚𝐭 𝐥𝐢𝐠𝐡𝐭 𝐮𝐩 𝐭𝐡𝐞 𝐟𝐞𝐞𝐝! ✨

Drop a ♥️ if this made you smile today!

Music used belongs to its rightful owner. No copyright infringement intended.
#JuankadaShann #CommentYourThoughts #TagAFriend #Followme #Shanshines #Juan365 #AllInJuanSaSaya #Juan365Studios  #SweetEnergy #DailyBeautyVibes #SmileMore #ConfidenceGoals #HappyVibes #OOTDInspo #PositiveEnergy",25,1/7/2026 20:00,mixed,https://www.facebook.com/reel/1551114756127999/,1,0,Videos,,,,,Lifetime,161,123,24,16,7,1,6,6,,,971.146,7.646,0,0,0,,
1.22111E+17,6.15845E+13,Juankada Shann,"Hindi kapa nakapag download! 𝐆𝐈𝐆𝐈𝐋 nako sayo!🔥

Tap a ♥️ at comment HOW para ma guide kita! 😊

#JuankadaShann #CommentYourThoughts #TagAFriend #Followme #Shanshines #Juan365 #AllInJuanSaSaya #Juan365Studios  #SweetEnergy #DailyBeautyVibes #ColorGameLive","Hindi kapa nakapag download! 𝐆𝐈𝐆𝐈𝐋 nako sayo!🔥

Tap a ♥️ at comment HOW para ma guide kita! 😊

#JuankadaShann #CommentYourThoughts #TagAFriend #Followme #Shanshines #Juan365 #AllInJuanSaSaya #Juan365Studios  #SweetEnergy #DailyBeautyVibes #ColorGameLive",40,1/7/2026 17:42,N/A,https://www.facebook.com/reel/1249244333777104/,0,0,Videos,,,,,Lifetime,114,86,20,18,2,0,11,11,,,997.327,11.081,0,0,0,,
1.22111E+17,6.15845E+13,Juankada Shann,,,0,1/7/2026 9:35,N/A,https://www.facebook.com/JuankadaShannOfficialPage/posts/pfbid0hNjpp5hrdSXoR2WZUY6LXFhf2U4hURnA4m41mKFBp4uZz4aFMLvsv99bxVg6detAl,0,1,Photos,,,,,Lifetime,81,47,4,3,0,1,6,5,1,,,,,,,,
1.22111E+17,6.15845E+13,Juankada Shann,"Hi 𝐒𝐡𝐚𝐧𝐬𝐡𝐢𝐧𝐞𝐬! It’s your host, 𝐉𝐮𝐚𝐧𝐤𝐚𝐝𝐚 𝐒𝐡𝐚𝐧𝐧 💙

Samahan niyo ko ngayong gabi sa 𝐉𝐮𝐚𝐧𝟑𝟔𝟓 𝐂𝐨𝐥𝐨𝐫 𝐆𝐚𝐦𝐞 𝐋𝐈𝐕𝐄🎨🔥

#JuankadaShann #CommentYourThoughts #TagAFriend #Followme #Shanshines #Juan365 #AllInJuanSaSaya #Juan365Studios  #SweetEnergy #DailyBeautyVibes #ColorGameVibes #ShanshineEnergy",,0,1/7/2026 6:49,N/A,https://www.facebook.com/JuankadaShannOfficialPage/posts/pfbid0uG5D5KbJVmE9CpZbjukchdzzDF1A3bBFdMCm1Zgga8Ws4C2pTNvvQuDN5jrhEUgil,0,0,Photos,,,,,Lifetime,105,46,7,5,2,0,5,3,2,,,,,,,,
1.22111E+17,6.15845E+13,Juankada Shann,"𝐒𝐡𝐚𝐧𝐬𝐡𝐢𝐧𝐞𝐬, 𝐬𝐚 𝐉𝐮𝐚𝐧𝟑𝟔𝟓 𝐂𝐨𝐥𝐨𝐫 𝐆𝐚𝐦𝐞 𝐋𝐈𝐕𝐄 𝐧𝐢𝐲𝐨 𝐥𝐚𝐧𝐠 𝐦𝐚𝐭𝐚𝐭𝐚𝐠𝐩𝐮𝐚𝐧 𝐚𝐧𝐠 𝐭𝐮𝐧𝐚𝐲 𝐧𝐚 𝐬𝐚𝐲𝐚! 🎨

React ♥️ at comment para maging masaya ka na rin! 😄

Music used belongs to its rightful owner. No copyright infringement intended.
#JuankadaShann #CommentYourThoughts #TagAFriend #Followme #Shanshines #Juan365 #AllInJuanSaSaya #Juan365Studios  #SweetEnergy #DailyBeautyVibes #ColorGameVibes #ShanshineEnergy #AllInSaSaya","𝐒𝐡𝐚𝐧𝐬𝐡𝐢𝐧𝐞𝐬, 𝐬𝐚 𝐉𝐮𝐚𝐧𝟑𝟔𝟓 𝐂𝐨𝐥𝐨𝐫 𝐆𝐚𝐦𝐞 𝐋𝐈𝐕𝐄 𝐧𝐢𝐲𝐨 𝐥𝐚𝐧𝐠 𝐦𝐚𝐭𝐚𝐭𝐚𝐠𝐩𝐮𝐚𝐧 𝐚𝐧𝐠 𝐭𝐮𝐧𝐚𝐲 𝐧𝐚 𝐬𝐚𝐲𝐚! 🎨

React ♥️ at comment para maging masaya ka na rin! 😄

Music used belongs to its rightful owner. No copyright infringement intended.
#JuankadaShann #CommentYourThoughts #TagAFriend #Followme #Shanshines #Juan365 #AllInJuanSaSaya #Juan365Studios  #SweetEnergy #DailyBeautyVibes #ColorGameVibes #ShanshineEnergy #AllInSaSaya",27,1/7/2026 2:00,N/A,https://www.facebook.com/reel/868774325930804/,1,0,Videos,,,,,Lifetime,87,61,13,9,4,0,6,6,,,622.849,9.296,0,0,0,,
1.22111E+17,6.15845E+13,Juankada Shann,"𝐁𝐨𝐥𝐝 𝐜𝐨𝐥𝐨𝐫𝐬, 𝐥𝐨𝐮𝐝𝐞𝐫 𝐜𝐨𝐧𝐟𝐢𝐝𝐞𝐧𝐜𝐞 ✨🌈

Leave ♥️  para mag karoon kana rin ng confidence! 

#ColorfulConfidence #UnapologeticallyMe #StyleWithAttitude #JuankadaShann #CommentYourThoughts #TagAFriend #Followme #Shanshines #Juan365 #AllInJuanSaSaya #Juan365Studios  #SweetEnergy #DailyBeautyVibes",,0,1/6/2026 23:30,N/A,https://www.facebook.com/JuankadaShannOfficialPage/posts/pfbid02uoJj64YgaZLAkuAXMSnts3b56TWHSAWn3zWVNVXLav3Y2zsfnGG9vgqcMn3syDLNl,0,0,Photos,,,,,Lifetime,119,55,11,8,2,1,7,5,2,,,,,,,,
1.22111E+17,6.15845E+13,Juankada Shann,"𝐂𝐡𝐢𝐥𝐥𝐢𝐧 𝐟𝐢𝐭, 𝐦𝐢𝐫𝐫𝐨𝐫 𝐦𝐨𝐦𝐞𝐧𝐭 📸

Click ♥️ and comment para swertehin ka! 

#MirrorShot #ChillVibes #OOTD #CasualFit #JuankadaShann #CommentYourThoughts #TagAFriend #Followme #Shanshines #Juan365 #AllInJuanSaSaya #Juan365Studios  #SweetEnergy #DailyBeautyVibes",,0,1/6/2026 21:30,N/A,https://www.facebook.com/JuankadaShannOfficialPage/posts/pfbid02ajE7UgEMtbxrKgsfCmG2Mdx7XfbxCNAtQKmr2yBz64RFX6V5HvMqfz1JC6xytLw4l,0,0,Photos,,,,,Lifetime,117,44,8,7,1,0,7,2,5,,,,,,,,
1.22111E+17,6.15845E+13,Juankada Shann,"𝐒𝐡𝐚𝐧𝐬𝐡𝐢𝐧𝐞𝐬 𝐋𝐢𝐤𝐞 𝐦𝐞? 💖

Hit the ♥️ and follow para ma-bless ka today! ✨💫

#JuankadaShann #CommentYourThoughts #TagAFriend #Followme #Shanshines #Juan365 #AllInJuanSaSaya #Juan365Studios  #SweetEnergy #DailyBeautyVibes #GoodVibesOnly #ChillAndDance #ShanshineVibes","𝐒𝐡𝐚𝐧𝐬𝐡𝐢𝐧𝐞𝐬 𝐋𝐢𝐤𝐞 𝐦𝐞? 💖

Hit the ♥️ and follow para ma-bless ka today! ✨💫

#JuankadaShann #CommentYourThoughts #TagAFriend #Followme #Shanshines #Juan365 #AllInJuanSaSaya #Juan365Studios  #SweetEnergy #DailyBeautyVibes #GoodVibesOnly #ChillAndDance #ShanshineVibes",9,1/6/2026 18:31,N/A,https://www.facebook.com/reel/4292804347532221/,1,0,Videos,,,,,Lifetime,178,93,13,10,2,1,6,6,,,793.951,7.152,0,0,0,,
1.22111E+17,6.15845E+13,Juankada Shann,"Hello Shanshines! ✨
Live na ang good vibes at saya ngayon! 💖

👉 Comment HERE kung nandito ka na at ready makilaro ⬇️

#JuankadaShann #CommentYourThoughts #TagAFriend #Followme #Shanshines #Juan365 #AllInJuanSaSaya #Juan365Studios  #SweetEnergy #DailyBeautyVibes",,0,1/6/2026 6:59,N/A,https://www.facebook.com/JuankadaShannOfficialPage/posts/pfbid0oJ6XnWEPGANLNtfj6GdpoyKnUYzre9xBmzyMgZpXhRktq25fsyPWQpcQ8gSzD6mUl,0,0,Photos,,,,,Lifetime,125,54,9,9,0,0,9,3,6,,,,,,,,
1.2211E+17,6.15845E+13,Juankada Shann,"𝟐𝟒/𝟕 𝐧𝐢𝐲𝐨 𝐤𝐚𝐦𝐢𝐧𝐠 𝐦𝐚𝐤𝐚𝐤𝐚𝐬𝐚𝐦𝐚 𝐬𝐚 𝐉𝐮𝐚𝐧𝟑𝟔𝟓 𝐂𝐨𝐥𝐨𝐫 𝐆𝐚𝐦𝐞 𝐋𝐈𝐕𝐄!🔥

Tap the ♥️ and follow kung gusto niyong 𝐦𝐚𝐤𝐚-𝐣𝐚𝐜𝐤𝐩𝐨𝐭!

#JuankadaShann #CommentYourThoughts #TagAFriend #Followme #Shanshines #Juan365 #AllInJuanSaSaya #Juan365Studios  #SweetEnergy #DailyBeautyVibes #JackpotFeels #GoodTimesPH","𝟐𝟒/𝟕 𝐧𝐢𝐲𝐨 𝐤𝐚𝐦𝐢𝐧𝐠 𝐦𝐚𝐤𝐚𝐤𝐚𝐬𝐚𝐦𝐚 𝐬𝐚 𝐉𝐮𝐚𝐧𝟑𝟔𝟓 𝐂𝐨𝐥𝐨𝐫 𝐆𝐚𝐦𝐞 𝐋𝐈𝐕𝐄!🔥

Tap the ♥️ and follow kung gusto niyong 𝐦𝐚𝐤𝐚-𝐣𝐚𝐜𝐤𝐩𝐨𝐭!

#JuankadaShann #CommentYourThoughts #TagAFriend #Followme #Shanshines #Juan365 #AllInJuanSaSaya #Juan365Studios  #SweetEnergy #DailyBeautyVibes #JackpotFeels #GoodTimesPH",15,1/6/2026 0:00,uploaded,https://www.facebook.com/reel/1975111956405821/,1,0,Videos,,,,,Lifetime,192,105,11,6,4,1,5,5,,,1249.857,9.764,0,0,0,,
1.2211E+17,6.15845E+13,Juankada Shann,Give ma give and its giving mothering naman talaga ang sisteret ko🥰😘💗🌈,,0,1/5/2026 20:12,N/A,https://www.facebook.com/JuankadaShannOfficialPage/posts/pfbid0HH4ugLcBMVAJtWBTZQf7Kj3jMgBwXxkr8VgDVPyeHaoVN2PZ6AEJ9kFmqEcUqRtWl,0,1,Text,,,,,Lifetime,52,38,2,2,0,0,3,3,,,,,,,,,
1.2211E+17,6.15845E+13,Juankada Shann,"Basta kami ang kasama, asahan ang 𝐀𝐋𝐋 𝐈𝐍 𝐒𝐀 𝐒𝐀𝐘𝐀! 🔥
Join na sa 𝐉𝐮𝐚𝐧𝟑𝟔𝟓 𝐂𝐨𝐥𝐨𝐫 𝐆𝐚𝐦𝐞 𝐋𝐈𝐕𝐄 at sabay-sabay tayo sa kulitan! 

Leave a ♥️ at comment 💬!

#JuankadaShann #CommentYourThoughts #TagAFriend #Followme #Shanshines #Juan365 #AllInJuanSaSaya #Juan365Studios  #SweetEnergy #DailyBeautyVibes #ColorGameVibes #ShanshineEnergy #GoodTimesPH","Basta kami ang kasama, asahan ang 𝐀𝐋𝐋 𝐈𝐍 𝐒𝐀 𝐒𝐀𝐘𝐀! 🔥
Join na sa 𝐉𝐮𝐚𝐧𝟑𝟔𝟓 𝐂𝐨𝐥𝐨𝐫 𝐆𝐚𝐦𝐞 𝐋𝐈𝐕𝐄 at sabay-sabay tayo sa kulitan! 

Leave a ♥️ at comment 💬!

#JuankadaShann #CommentYourThoughts #TagAFriend #Followme #Shanshines #Juan365 #AllInJuanSaSaya #Juan365Studios  #SweetEnergy #DailyBeautyVibes #ColorGameVibes #ShanshineEnergy #GoodTimesPH",20,1/5/2026 20:00,uploaded,https://www.facebook.com/reel/855313047353596/,1,0,Videos,,,,,Lifetime,160,96,13,10,3,0,6,6,,,1223.434,10.28,0,0,0,,
1.2211E+17,6.15845E+13,Juankada Shann,"𝐏𝐚𝐫𝐚𝐧𝐠… 🤭💖

Drop a ♥️ at comment para hindi ka ma-panis! 😆

#JuankadaShann #CommentYourThoughts #TagAFriend #Followme #Shanshines #Juan365 #AllInJuanSaSaya #Juan365Studios  #SweetEnergy #DailyBeautyVibes #Juan365Live #GoodVibesOnly #HitTheHeart #JoinTheFun","𝐏𝐚𝐫𝐚𝐧𝐠… 🤭💖

Drop a ♥️ at comment para hindi ka ma-panis! 😆

#JuankadaShann #CommentYourThoughts #TagAFriend #Followme #Shanshines #Juan365 #AllInJuanSaSaya #Juan365Studios  #SweetEnergy #DailyBeautyVibes #Juan365Live #GoodVibesOnly #HitTheHeart #JoinTheFun",15,1/5/2026 18:40,N/A,https://www.facebook.com/reel/4437328803179656/,0,0,Videos,,,,,Lifetime,262,183,12,12,0,0,8,8,,,1581.279,8.278,0,0,0,,
1.2211E+17,6.15845E+13,Juankada Shann,"𝐈𝐤𝐚𝐰 𝐧𝐚 𝐥𝐚𝐧𝐠 𝐚𝐧𝐠 𝐧𝐚𝐡𝐮𝐡𝐮𝐥𝐢!! Shanshines join na sa Juan365 Color Game LIVE!

Comment at leave a ♥️ para same tayo sa kulitan! ✨

#JuankadaShann #CommentYourThoughts #TagAFriend #Followme #Shanshines #Juan365 #AllInJuanSaSaya #Juan365Studios  #SweetEnergy #DailyBeautyVibes #ColorGameVibes #ShanshineEnergy #LuckyColor","𝐈𝐤𝐚𝐰 𝐧𝐚 𝐥𝐚𝐧𝐠 𝐚𝐧𝐠 𝐧𝐚𝐡𝐮𝐡𝐮𝐥𝐢!! Shanshines join na sa Juan365 Color Game LIVE!

Comment at leave a ♥️ para same tayo sa kulitan! ✨

#JuankadaShann #CommentYourThoughts #TagAFriend #Followme #Shanshines #Juan365 #AllInJuanSaSaya #Juan365Studios  #SweetEnergy #DailyBeautyVibes #ColorGameVibes #ShanshineEnergy #LuckyColor",37,1/4/2026 23:00,mixed,https://www.facebook.com/reel/818402557919334/,1,0,Videos,,,,,Lifetime,218,58,22,14,6,2,8,8,,,2520.974,16.057,0,0,0,,
1.2211E+17,6.15845E+13,Juankada Shann,"𝐉𝐚𝐜𝐤𝐩𝐨𝐭 𝐨 𝐣𝐚𝐜𝐤𝐩𝐨𝐭!? Huwag palampasin ang saya sa Juan365 Color Game LIVE!

Leave a ♥️ at comment 💬 para sure, sama tayo sa kulitan! 💖

#JuankadaShann #CommentYourThoughts #TagAFriend #Followme #Shanshines #Juan365 #AllInJuanSaSaya #Juan365Studios  #SweetEnergy #DailyBeautyVibes #ColorGameVibes #ShanshineEnergy #LuckyColor","𝐉𝐚𝐜𝐤𝐩𝐨𝐭 𝐨 𝐣𝐚𝐜𝐤𝐩𝐨𝐭!? Huwag palampasin ang saya sa Juan365 Color Game LIVE!

Leave a ♥️ at comment 💬 para sure, sama tayo sa kulitan! 💖

#JuankadaShann #CommentYourThoughts #TagAFriend #Followme #Shanshines #Juan365 #AllInJuanSaSaya #Juan365Studios  #SweetEnergy #DailyBeautyVibes #ColorGameVibes #ShanshineEnergy #LuckyColor",45,1/4/2026 20:00,mixed,https://www.facebook.com/reel/835843842615651/,1,0,Videos,,,,,Lifetime,68,48,11,11,0,0,6,6,,,682.408,12.185,0,0,0,,
1.2211E+17,6.15845E+13,Juankada Shann,Yung ang oa talaga ng reaction🤣 pero kung gusto niyo din mag karoon ng jackpot price at more more surprise download now JUAN365 and lets play Colorgame🥰🌈✨💗😘 #juankadashann #AllInJuanSaSaya #Juan365Studios #colorgamelive #Juan365 #Shanshines,,0,1/4/2026 5:32,N/A,https://www.facebook.com/JuankadaShannOfficialPage/posts/pfbid0nZcXsfe48DzkZpDHRt3eHMT7uDSaDQLHuTQuVsLU9o5w5TtXmh9bYqqeCEKMSNLUl,0,1,Text,,,,,Lifetime,56,45,6,5,1,0,3,3,,,,,,,,,
1.2211E+17,6.15845E+13,Juankada Shann,"Spin 𝐖𝐢𝐧 here sa 𝐉𝐮𝐚𝐧𝟑𝟔𝟓 Color Game LIVE! 🎉

Join na, comment live, at subukan ang iyong swerte!
Huwag palampasin ang saya, 𝐒𝐡𝐚𝐧𝐬𝐡𝐢𝐧𝐞𝐬! ✨

#JuankadaShann #CommentYourThoughts #TagAFriend #Followme #Shanshines #Juan365 #AllInJuanSaSaya #Juan365Studios  #SweetEnergy #DailyBeautyVibes #ColorGameLive #SpinWin","Spin 𝐖𝐢𝐧 here sa 𝐉𝐮𝐚𝐧𝟑𝟔𝟓 Color Game LIVE! 🎉

Join na, comment live, at subukan ang iyong swerte!
Huwag palampasin ang saya, 𝐒𝐡𝐚𝐧𝐬𝐡𝐢𝐧𝐞𝐬! ✨

#JuankadaShann #CommentYourThoughts #TagAFriend #Followme #Shanshines #Juan365 #AllInJuanSaSaya #Juan365Studios  #SweetEnergy #DailyBeautyVibes #ColorGameLive #SpinWin",11,1/4/2026 5:01,mixed,https://www.facebook.com/reel/4201226623525432/,1,0,Videos,,,,,Lifetime,99,49,4,4,0,0,3,3,,,438.786,7.437,0,0,0,,
1.2211E+17,6.15845E+13,Juankada Shann,"Hanap niyo ba ang 𝐮𝐥𝐭𝐢𝐦𝐚𝐭𝐞 𝐟𝐮𝐧? 𝐉𝐮𝐚𝐧𝟑𝟔𝟓 𝐂𝐨𝐥𝐨𝐫 𝐆𝐚𝐦𝐞 𝐋𝐈𝐕𝐄 𝐧𝐚! 🎨

Comment your color at sama-sama tayong magkulitan! 💖

 #JuankadaShann #CommentYourThoughts #TagAFriend #Followme #Shanshines #Juan365 #AllInJuanSaSaya #Juan365livestream #Juan365Studios  #SweetEnergy #DailyBeautyVibes","Hanap niyo ba ang 𝐮𝐥𝐭𝐢𝐦𝐚𝐭𝐞 𝐟𝐮𝐧? 𝐉𝐮𝐚𝐧𝟑𝟔𝟓 𝐂𝐨𝐥𝐨𝐫 𝐆𝐚𝐦𝐞 𝐋𝐈𝐕𝐄 𝐧𝐚! 🎨

Comment your color at sama-sama tayong magkulitan! 💖

 #JuankadaShann #CommentYourThoughts #TagAFriend #Followme #Shanshines #Juan365 #AllInJuanSaSaya #Juan365livestream #Juan365Studios  #SweetEnergy #DailyBeautyVibes",14,1/4/2026 0:00,N/A,https://www.facebook.com/reel/908941378371038/,1,0,Videos,,,,,Lifetime,121,93,14,10,4,0,3,3,,,460.323,4.557,0,0,0,,
1.2211E+17,6.15845E+13,Juankada Shann,Iba talaga pag si JuanKada Star ang kasama kaya kung gusto niyo ng more good vibes at gusto niyo makipag tawanan saamin at pumaldo TARA NA! Sa COLORGAME SA JUAN365😘✨🤗🌈💗,,0,1/3/2026 20:16,N/A,https://www.facebook.com/JuankadaShannOfficialPage/posts/pfbid0m4sz9qUfHARmydDhrJ5Bh4sRrx2rvV4FK7iBAScsmn1rJFXJSNUGWusE72a7V3tl,0,1,Photos,,,,,Lifetime,100,54,4,3,0,1,7,3,4,,,,,,,,
1.2211E+17,6.15845E+13,Juankada Shann,"𝐒𝐞𝐫𝐯𝐢𝐧𝐠 𝐂𝐨𝐥𝐨𝐫𝐬!🎨

Pick your favorite color, comment below, at join na sa Color Game LIVE sa Juan365! 💙🧡 

#JuankadaShann #CommentYourThoughts #TagAFriend #Followme #Shanshines #Juan365 #AllInJuanSaSaya #Juan365Studios  #SweetEnergy #DailyBeautyVibes #ServingColors #ColorGameLive","𝐒𝐞𝐫𝐯𝐢𝐧𝐠 𝐂𝐨𝐥𝐨𝐫𝐬!🎨

Pick your favorite color, comment below, at join na sa Color Game LIVE sa Juan365! 💙🧡 

#JuankadaShann #CommentYourThoughts #TagAFriend #Followme #Shanshines #Juan365 #AllInJuanSaSaya #Juan365Studios  #SweetEnergy #DailyBeautyVibes #ServingColors #ColorGameLive",18,1/3/2026 20:01,N/A,https://www.facebook.com/reel/1528114145178622/,1,0,Videos,,,,,Lifetime,192,134,11,8,3,0,5,5,,,1243.808,8.519,0,0,0,,
1.2211E+17,6.15845E+13,Juankada Shann,"Wearing the lucky color of the year 🤍

Hit ♥️ and comment 💬 if you agree  he’s really lucky! ✨

 #JuankadaShann #CommentYourThoughts #TagAFriend #Followme #Shanshines #Juan365 #AllInJuanSaSaya #Juan365livestream #Juan365Studios  #SweetEnergy #DailyBeautyVibes #LuckyColor #GoodVibesOnly","Wearing the lucky color of the year 🤍

Hit ♥️ and comment 💬 if you agree  he’s really lucky! ✨

 #JuankadaShann #CommentYourThoughts #TagAFriend #Followme #Shanshines #Juan365 #AllInJuanSaSaya #Juan365livestream #Juan365Studios  #SweetEnergy #DailyBeautyVibes #LuckyColor #GoodVibesOnly",11,1/3/2026 11:01,N/A,https://www.facebook.com/reel/1429766185451079/,1,0,Videos,,,,,Lifetime,147,108,12,8,2,2,1,1,,,600.425,4.962,0,0,0,,
1.2211E+17,6.15845E+13,Juankada Shann,"𝐒𝐞𝐫𝐯𝐢𝐧𝐠 𝐂𝐨𝐥𝐨𝐫𝐬!🎨

Pick your favorite color, comment below, at join na sa Color Game LIVE sa Juan365! 💙🧡 

#JuankadaShann #CommentYourThoughts #TagAFriend #Followme #Shanshines #Juan365 #AllInJuanSaSaya #Juan365Studios  #SweetEnergy #DailyBeautyVibes #ServingColors #ColorGameLive","𝐒𝐞𝐫𝐯𝐢𝐧𝐠 𝐂𝐨𝐥𝐨𝐫𝐬!🎨

Pick your favorite color, comment below, at join na sa Color Game LIVE sa Juan365! 💙🧡 

#JuankadaShann #CommentYourThoughts #TagAFriend #Followme #Shanshines #Juan365 #AllInJuanSaSaya #Juan365Studios  #SweetEnergy #DailyBeautyVibes #ServingColors #ColorGameLive",18,1/3/2026 8:52,N/A,https://www.facebook.com/reel/793402133772752/,1,0,Videos,,,,,Lifetime,142,110,6,6,0,0,2,2,,,674.697,5.576,0,0,0,,
1.2211E+17,6.15845E+13,Juankada Shann,"Hi Shanshines! ✨ Start your day with love, smiles, at good vibes! 💖

Drop a ❤️ at comment 💬 kung kasama ka!

#ShanshineVibes #Juan365Moments #GoodVibesOnly #PositiveEnergy #Juan365Studios #Juan365 #ALLINJUANLIVE #JuankadaHosts #JuankadaShann #Shanshines","Hi Shanshines! ✨ Start your day with love, smiles, at good vibes! 💖

Drop a ❤️ at comment 💬 kung kasama ka!

#ShanshineVibes #Juan365Moments #GoodVibesOnly #PositiveEnergy #Juan365Studios #Juan365 #ALLINJUANLIVE #JuankadaHosts #JuankadaShann #Shanshines",13,1/3/2026 4:01,mixed,https://www.facebook.com/reel/925193696527301/,1,0,Videos,,,,,Lifetime,82,66,8,6,1,1,4,4,,,299.161,4.335,0,0,0,,
1.2211E+17,6.15845E+13,Juankada Shann,"Ako lang ba to o kilig na rin kayo? 😳💖𝐖𝐢𝐭𝐡 𝐉𝐮𝐚𝐧𝐤𝐚𝐝𝐚 𝐉𝐚𝐦𝐞𝐬 𝐑𝐞𝐢𝐝!🔥 

Comment ❤️ kung ready ka sa saya! sa Color game live in Juan365!

#JamesReidVibes #JuankadaLive #ShanshineEnergy #KiligMode #Juan365Studios #Juan365 #ALLINJUANLIVE #JuankadaHosts #JuankadaShann #Shanshines",,0,1/3/2026 1:56,N/A,https://www.facebook.com/JuankadaShannOfficialPage/posts/pfbid02SL9cjYURXDh2Kr3K9TTqUBboXv2rcbt87tTNzBQRCWY92itasfXPwcV769gtT1ixl,0,0,Photos,,,,,Lifetime,268,114,19,12,4,3,27,21,6,,,,,,,,
1.2211E+17,6.15845E+13,Juankada Shann,"A day, 4 captures, at walang kupas na good vibes ✨📸

Swipe through and feel the energy sa 𝐉𝐮𝐚𝐧𝟑𝟔𝟓 𝐂𝐨𝐥𝐨𝐫𝐠𝐚𝐦𝐞 𝐥𝐢𝐯𝐞!💖

#Juan365Studios #Juan365 #ALLINJUANLIVE #JuankadaHosts #JuankadaShann #Shanshines #PhotoDumpAesthetic #ShanshineMoments #Juan365Live #GoodVibesPH",,0,1/2/2026 20:00,N/A,https://www.facebook.com/JuankadaShannOfficialPage/posts/pfbid02fFL8mqxN8y631nmhAiS8t58A9VF2CmkgcuQsVMvueB5FXqMQ1Ze37QrFwtmqSK64l,0,0,Photos,,,,,Lifetime,165,63,17,15,2,0,2,1,1,,,,,,,,
1.2211E+17,6.15845E+13,Juankada Shann,Juankada Shann updated their cover photo.,,0,1/2/2026 18:43,N/A,https://www.facebook.com/photo.php?fbid=122109845013149417&set=a.122099315145149417&type=3,0,0,Photos,,,,,Lifetime,0,0,1,1,0,0,0,,,,,,,,,,
1.2211E+17,6.15845E+13,Juankada Shann,"EP 1 : 𝗗𝗮𝘆 𝗶𝗻 𝘁𝗵𝗲 𝗹𝗶𝗳𝗲 𝗼𝗳 𝘆𝗼𝘂𝗿 𝗝𝘂𝗮𝗻𝗸𝗮𝗱𝗮 𝗵𝗼𝘀𝘁, 𝗦𝗵𝗮𝗻𝗻 🎥✨

Simula pa lang ito! let’s connect, Juankada Family & Shanshines! 💖
Drop a ❤️ kung excited ka sa series!

#DayInTheLife #JuankadaHost #ShannVibes #Shanshines #JuankadaFamily
#Juan365 #SeriesLaunch #GoodVibesOnly","EP 1 : 𝗗𝗮𝘆 𝗶𝗻 𝘁𝗵𝗲 𝗹𝗶𝗳𝗲 𝗼𝗳 𝘆𝗼𝘂𝗿 𝗝𝘂𝗮𝗻𝗸𝗮𝗱𝗮 𝗵𝗼𝘀𝘁, 𝗦𝗵𝗮𝗻𝗻 🎥✨

Simula pa lang ito! let’s connect, Juankada Family & Shanshines! 💖
Drop a ❤️ kung excited ka sa series!

#DayInTheLife #JuankadaHost #ShannVibes #Shanshines #JuankadaFamily
#Juan365 #SeriesLaunch #GoodVibesOnly",223,1/2/2026 18:00,N/A,https://www.facebook.com/reel/1032106505782973/,1,0,Videos,,,,,Lifetime,370,258,30,21,8,1,53,53,,,11131.172,38.251,0,0,0,,
1.2211E+17,6.15845E+13,Juankada Shann,"A day in 3 snapshots ✨📸

Ready na sa Color Game LIVE sa Juan365! 🎨
Pick your lucky color at manalo sa saya! 💙🧡

#Juan365Studios #Juan365 #ALLINJUANLIVE #JuankadaHosts #JuankadaShann #Shanshines #ColorGameLive #ShanshineVibes #Juan365Moments #LuckyColor #GoodVibesOnly",,0,1/2/2026 16:00,N/A,https://www.facebook.com/JuankadaShannOfficialPage/posts/pfbid0UBishdRhErnX11F9ycCJCKAa1s2p9McyxMMB2KKn3L77dvKpzvGoLcfFwbFQTgERl,0,0,Photos,,,,,Lifetime,111,50,7,7,0,0,12,8,4,,,,,,,,
1.2211E+17,6.15845E+13,Juankada Shann,"Shanshines! Samahan niyo kami ni 𝐉𝐮𝐚𝐧𝐤𝐚𝐝𝐚 𝐋𝐨𝐢𝐬𝐚
sa pagbibigay ng saya dito lang sa 𝗝𝘂𝗮𝗻𝟯𝟲𝟱!🥰

Huwag palampasin ang kulitan, good vibes, at surprises.
 comment 💖 kung excited ka at share sa tropa para sama-sama tayo!

#Juan365Live #ShanshineVibes #GoodVibesOnly #FunTimesPH #Juan365Moments #Juan365Studios #Juan365 #ALLINJUANLIVE #JuankadaHosts #JuankadaShann #Shanshines",,0,1/2/2026 7:31,N/A,https://www.facebook.com/JuankadaShannOfficialPage/posts/pfbid0cSwHSwCkvTkXR71Fbfr1hQuM6kG646jxk98683A6BBCnAtvzGzBjSMbpxiYBErNTl,0,0,Photos,,,,,Lifetime,118,50,3,2,1,0,10,6,4,,,,,,,,
1.2211E+17,6.15845E+13,Juankada Shann,Grabe talaga si juankada sabbie jusme for more tawanan and saya donwload now juan 365 and catch us on color game🥰🤗💗🌈✨,,0,1/2/2026 0:03,N/A,https://www.facebook.com/JuankadaShannOfficialPage/posts/pfbid02WHpSCzKZiyRiRU7rp95pyT2HH6sbVBHGqDXtR5erkZMBERq3FUDRdAWMAZhrXW9Ql,0,1,Text,,,,,Lifetime,48,42,0,0,0,0,8,8,,,,,,,,,
1.2211E+17,6.15845E+13,Juankada Shann,,,0,1/1/2026 23:59,N/A,https://www.facebook.com/JuankadaShannOfficialPage/posts/pfbid0uhX6hn5teS4MJDZHNma1JrrTVeoYUBdCnznU2DEVeRkSY7bQgDxQB88BKLPxJP1yl,0,1,Photos,,,,,Lifetime,89,42,0,0,0,0,5,1,3,1,,,,,,,
1.2211E+17,6.15845E+13,Juankada Shann,"𝙎𝙝𝙖𝙣𝙨𝙝𝙞𝙣𝙚𝙨! 🌟 Sama-sama tayo sa Juan365 kasama ang aming energy queen, Criselda Alvarez! 😘💖

Color Game LIVE na pick your color, feel the vibe!
Follow me for more Shanshine magic! ✨❤️

#Juan365Live #ColorGameVibes #ShanshineEnergy #LuckyColor #GoodVibesOnly #Juan365Studios #Juan365 #ALLINJUANLIVE #JuankadaHosts #JuankadaShann #Shanshines",,0,1/1/2026 18:51,N/A,https://www.facebook.com/JuankadaShannOfficialPage/posts/pfbid026zEXBY5gP89vLYLaBypQibbA2ZHzyAGEuoj7ErfyDJWVJtwgddhhxDT1rQzU8scWl,0,0,Photos,,,,,Lifetime,1805,747,71,55,0,16,71,31,40,,,,,,,,
1.2211E+17,6.15845E+13,Juankada Shann,"𝐒𝐡𝐚𝐧𝐬𝐡𝐢𝐧𝐞𝐬! 😆

Tuloy-tuloy ang saya sa Juan365 Color Game LIVE! 🎨💛
Wag na magpahuli  follow me para updated ka sa kulitan at good vibes! 💖✨

#Juan365Studios #Juan365 #ALLINJUANLIVE #JuankadaHosts #JuankadaShann #Shanshines #Juan365Live #ColorGameVibes #ShanshineEnergy #GoodVibesOnly #LuckyColor #FunTimesPH","𝐒𝐡𝐚𝐧𝐬𝐡𝐢𝐧𝐞𝐬! 😆

Tuloy-tuloy ang saya sa Juan365 Color Game LIVE! 🎨💛
Wag na magpahuli  follow me para updated ka sa kulitan at good vibes! 💖✨

#Juan365Studios #Juan365 #ALLINJUANLIVE #JuankadaHosts #JuankadaShann #Shanshines #Juan365Live #ColorGameVibes #ShanshineEnergy #GoodVibesOnly #LuckyColor #FunTimesPH",17,1/1/2026 3:11,N/A,https://www.facebook.com/reel/2255762268282446/,0,0,Videos,,,,,Lifetime,132,108,5,5,0,0,3,3,,,576.82,4.888,0,0,0,,
1.22109E+17,6.15845E+13,Juankada Shann,🥳🎉🌈💗 happy birthday sa juankada naming kikay,,0,12/31/2025 23:20,N/A,https://www.facebook.com/JuankadaShannOfficialPage/posts/pfbid0BE4rnCXdQwLZT8BKhDDzPTti1A8SaYDtV9LThu6n5K6WYPT9HSy2xXTWoPi4BC2Bl,0,1,Photos,,,,,Lifetime,66,37,2,1,1,0,7,7,,,,,,,,,
1.22109E+17,6.15845E+13,Juankada Shann,"𝗦𝗵𝗮𝗻𝘀𝗵𝗶𝗻𝗲𝘀, 𝘁𝘂𝗹𝗼𝘆-𝘁𝘂𝗹𝗼𝘆 𝗮𝗻𝗴 𝘀𝗮𝘆𝗮 𝘀𝗮 𝗝𝘂𝗮𝗻𝟯𝟲𝟱! 😆✨

Huwag palampasin join na rin kayo sa Color Game LIVE at subukan ang iyong swerte! 🎨💙💛

#Juan365Live #ColorGameLive #ShanshineVibes #GoodVibesOnly #LuckyColor #FunTimes #Juan365Studios #Juan365 #ALLINJUANLIVE #JuankadaHosts #JuankadaShann #Shanshines","𝗦𝗵𝗮𝗻𝘀𝗵𝗶𝗻𝗲𝘀, 𝘁𝘂𝗹𝗼𝘆-𝘁𝘂𝗹𝗼𝘆 𝗮𝗻𝗴 𝘀𝗮𝘆𝗮 𝘀𝗮 𝗝𝘂𝗮𝗻𝟯𝟲𝟱! 😆✨

Huwag palampasin join na rin kayo sa Color Game LIVE at subukan ang iyong swerte! 🎨💙💛

#Juan365Live #ColorGameLive #ShanshineVibes #GoodVibesOnly #LuckyColor #FunTimes #Juan365Studios #Juan365 #ALLINJUANLIVE #JuankadaHosts #JuankadaShann #Shanshines",23,12/31/2025 22:59,N/A,https://www.facebook.com/reel/1284047153532702/,0,0,Videos,,,,,Lifetime,396,139,15,13,1,1,5,5,,,3630.105,12.06,0,0,0,,
1.22109E+17,6.15845E+13,Juankada Shann,"𝘾𝙧𝙪𝙨𝙝, 𝙖𝙣𝙤 𝙣𝙖!! Hintay pa ba o aamin na? 😏

Top ❤️ at i-share ang post na ‘to para gumalaw na rin siya!
At syempre, follow me para updated ka sa mga kilig moments! ✨

#CrushAlert #KiligMoments #ShanshineVibes #CommentBait #TrendingPH #Juan365Studios #Juan365 #ALLINJUANLIVE #JuankadaHosts #JuankadaShann #Shanshines","𝘾𝙧𝙪𝙨𝙝, 𝙖𝙣𝙤 𝙣𝙖!! Hintay pa ba o aamin na? 😏

Top ❤️ at i-share ang post na ‘to para gumalaw na rin siya!
At syempre, follow me para updated ka sa mga kilig moments! ✨

#CrushAlert #KiligMoments #ShanshineVibes #CommentBait #TrendingPH #Juan365Studios #Juan365 #ALLINJUANLIVE #JuankadaHosts #JuankadaShann #Shanshines",43,12/31/2025 19:09,N/A,https://www.facebook.com/reel/1331843085379214/,0,0,Videos,,,,,Lifetime,86,76,4,4,0,0,1,1,,,621.709,7.97,0,0,0,,
1.22109E+17,6.15845E+13,Juankada Shann,"Say you love me, cause I love... 🤭❤️

Follow me para laging kang swertehin ✨

#LoveVibes #GoodLuckCharm #FlirtyMood #FollowForGoodVibes #ForYou #TrendingReels #Juan365Moments  #Juan365Studios #Juan365 #ALLINJUANLIVE #JuankadaHosts #JuankadaShann #Shanshines","Say you love me, cause I love... 🤭❤️

Follow me para laging kang swertehin ✨

#LoveVibes #GoodLuckCharm #FlirtyMood #FollowForGoodVibes #ForYou #TrendingReels #Juan365Moments  #Juan365Studios #Juan365 #ALLINJUANLIVE #JuankadaHosts #JuankadaShann #Shanshines",15,12/31/2025 0:03,N/A,https://www.facebook.com/reel/1205955744334859/,0,0,Videos,,,,,Lifetime,81,52,5,5,0,0,3,3,,,479.45,8.126,0,0,0,,
1.22109E+17,6.15845E+13,Juankada Shann,,,0,12/31/2025 16:23,N/A,https://www.facebook.com/JuankadaShannOfficialPage/posts/pfbid0Hiqn2AizT4saxgt83W4tH6z4GgLcX7msdARFxvH6M5tVUf6qZJCev3QU6eMkhXKgl,0,1,Videos,,,,,Lifetime,27,30,1,1,0,0,0,,,,,,,,,,
1.22109E+17,6.15845E+13,Juankada Shann,,,0,12/31/2025 16:23,N/A,https://www.facebook.com/JuankadaShannOfficialPage/posts/pfbid0xDkYqv31tpaXEr86NUP8NCkmqr9yTrNZyZGU1RwrdxinhyPfA9TCRa1Y3vUHexRfl,0,1,Text,,,,,Lifetime,16,25,0,0,0,0,0,,,,,,,,,,
1.22109E+17,6.15845E+13,Juankada Shann,"Shanshines, ready na ba kayo? 🎉
Tara na sa Juan365 Color Game Live walang humpay tawanan at kulitan!✨

👉 Watch, join, at comment live. Kita-kits! 🧡💙

#Juan365PH #Shanshines #ColorGameLive #AllInJuan #LiveVibes #Kulitan #TrendingNow #GoodVibes",,0,12/31/2025 14:07,N/A,https://www.facebook.com/JuankadaShannOfficialPage/posts/pfbid02WYTC4upGHS8mFT63wfEeRkehmJtfPpkZZRnzkVcpjuPvJpDju3x98GEopaxUSGuZl,0,0,Photos,,,,,Lifetime,73,31,2,2,0,0,2,,2,,,,,,,,
1.22109E+17,6.15845E+13,Juankada Shann,"I’m thinking about you, Shanshines! 🤭💫

Miss niyo na ba ang saya? Tara na mag Color Game Live sa Juan365! 🔥
Hit ❤️, join now, and let’s play!

#Shanshines #Juan365 #ColorGameLive #JuankadaVibes #ALLINJUANLIVE #Juan365Moments  #Juan365Studios #ALLINJUANLIVE #JuankadaHosts #JuankadaShann","I’m thinking about you, Shanshines! 🤭💫

Miss niyo na ba ang saya? Tara na mag Color Game Live sa Juan365! 🔥
Hit ❤️, join now, and let’s play!

#Shanshines #Juan365 #ColorGameLive #JuankadaVibes #ALLINJUANLIVE #Juan365Moments  #Juan365Studios #ALLINJUANLIVE #JuankadaHosts #JuankadaShann",16,12/31/2025 3:04,N/A,https://www.facebook.com/reel/1071307048424453/,0,0,Videos,,,,,Lifetime,61,50,8,8,0,0,0,,,,311.123,5.983,0,0,0,,
1.22096E+17,6.1587E+13,Juankada Tanya,Juankada Tanya added a new photo.,,0,1/20/2026 19:14,N/A,https://www.facebook.com/photo.php?fbid=122095617699231694&set=a.122093302815231694&type=3,0,0,Photos,,,,,Lifetime,112,63,9,7,2,0,5,5,,,,,,,,,
1.22096E+17,6.1587E+13,Juankada Tanya,Juankada Tanya updated their cover photo.,,0,1/20/2026 19:16,N/A,https://www.facebook.com/photo.php?fbid=122095618407231694&set=a.122095619073231694&type=3,0,0,Photos,,,,,Lifetime,0,1,10,9,1,0,0,,,,,,,,,,
1.22096E+17,6.1587E+13,Juankada Tanya,"Hi Juankada! I’m your new host, Juankada Tanya😉

Watch niyo ako mamaya 2PM–10PM live sa Juan365 Color Game☺️

#Juan365Studios #ALLINJUANLIVE #JuankadaTanya #JuankadaHosts #Juan365 #fbreelsfypシ゚viralfbreelsfypシ゚viral",,0,1/20/2026 20:27,N/A,https://www.facebook.com/permalink.php?story_fbid=pfbid02troy4vw9KePvd2pPhbscBMqzYDAroZFL6ivHjPHH2ZRdRujBE5YjQQHNqd6PrB8dl&id=61586950821026,0,0,Photos,,,,,Lifetime,512,247,29,23,4,2,40,31,9,,,,,,,,
1.22096E+17,6.1587E+13,Juankada Tanya,"𝐈 𝐫𝐞𝐚𝐥𝐥𝐲 𝐉𝐔𝐀𝐍𝐚 𝐥𝐨𝐯𝐞 𝐬𝐨𝐦𝐞𝐛𝐨𝐝𝐲🖤😜

Follow for more!🫶

#Juan365Studios #ALLINJUANLIVE #JuankadaTanya #JuankadaHosts #Juan365 #fbreelsfypシ","𝐈 𝐫𝐞𝐚𝐥𝐥𝐲 𝐉𝐔𝐀𝐍𝐚 𝐥𝐨𝐯𝐞 𝐬𝐨𝐦𝐞𝐛𝐨𝐝𝐲🖤😜

Follow for more!🫶

#Juan365Studios #ALLINJUANLIVE #JuankadaTanya #JuankadaHosts #Juan365 #fbreelsfypシ",10,1/20/2026 21:35,N/A,https://www.facebook.com/reel/1245375490785551/,1,0,Videos,,,,,Lifetime,360,166,21,17,3,1,9,9,,,1759.918,7.394,0,0,0,,
1.22097E+17,6.1587E+13,Juankada Tanya,"Better than yoursssss😉✨

If mahilig kayo sa Color Game samahan niyo kami sa Juan365 mamayang 2PM to 10PM live!

Follow for more mga Juankada!🫶

#Juan365Studios #ALLINJUANLIVE #JuankadaTanya #JuankadaHosts #Juan365 #fbreelsfypシ゚","Better than yoursssss😉✨

If mahilig kayo sa Color Game samahan niyo kami sa Juan365 mamayang 2PM to 10PM live!

Follow for more mga Juankada!🫶

#Juan365Studios #ALLINJUANLIVE #JuankadaTanya #JuankadaHosts #Juan365 #fbreelsfypシ゚",12,1/21/2026 20:00,mixed,https://www.facebook.com/reel/875253695405383/,1,0,Videos,,,,,Lifetime,285,172,22,17,4,1,5,5,,,1275.883,6.134,0,0,0,,
1.22097E+17,6.1587E+13,Juankada Tanya,"Don't look at the caption, look at me😚✨

#Juan365Studios #ALLINJUANLIVE #JuankadaTanya #JuankadaHosts #Juan365 #fbreelsfypシ゚viralシ",,0,1/21/2026 21:45,N/A,https://www.facebook.com/permalink.php?story_fbid=pfbid0Pek8UNPHtEyrXo4ULnDThnvD5PjqwwHZoiAyUWXHkxhjJUeRcREuApfQKqVga5Abl&id=61586950821026,0,0,Photos,,,,,Lifetime,131,52,13,9,4,0,5,4,1,,,,,,,,
1.22097E+17,6.1587E+13,Juankada Tanya,"Hindi naman halatang mahilig ako sa black diba?🖤🤪

#Juan365Studios #ALLINJUANLIVE #JuankadaTanya #JuankadaHosts #Juan365 #fbreelsfypシ゚viralシ",,0,1/21/2026 21:53,N/A,https://www.facebook.com/permalink.php?story_fbid=pfbid0vxgykL7npJo2rXTKoyUxWnXBSttUZhUxF7TMycTmfZFPVemw7TNMQQnF6TUpyavkl&id=61586950821026,0,0,Photos,,,,,Lifetime,172,63,11,9,1,1,13,5,8,,,,,,,,
1.22097E+17,6.1587E+13,Juankada Tanya,❤️🩷💚💙💛🤍,,0,1/21/2026 23:50,N/A,https://www.facebook.com/permalink.php?story_fbid=pfbid02rL2paYa3bQdeEePTmu36L55JL6Zyz2fNYfsk182nhCb7SkzeY4cuyiYVtNhJ2mitl&id=61586950821026,0,1,Text,,,,,Lifetime,60,38,4,4,0,0,4,4,,,,,,,,,
1.22097E+17,6.1587E+13,Juankada Tanya,"u make me overdrive 🤪🏎

#Juan365Studios #ALLINJUANLIVE #JuankadaTanya #JuankadaHosts #Juan365 #fbreelsfypシ #fbreels #followersreels","u make me overdrive 🤪🏎

#Juan365Studios #ALLINJUANLIVE #JuankadaTanya #JuankadaHosts #Juan365 #fbreelsfypシ #fbreels #followersreels",12,1/22/2026 20:00,uploaded,https://www.facebook.com/reel/905566261928254/,1,0,Videos,,,,,Lifetime,656,337,26,18,6,2,19,19,,,3336.229,6.808,0,0,0,,
1.22097E+17,6.1587E+13,Juankada Tanya,"Bago ko hilahin to, anong color ang tingin mong magpapanalo sayo?😁 

Tara na at makisaya samin sa Juan365 Color Game LIVE!✨ I-manifest mo na ang bet  mong multiplier🤑

Follow for more!🫶

#Juan365Studios #ALLINJUANLIVE #JuankadaTanya #JuankadaHosts #Juan365 #fbreelsfypシ",,0,1/22/2026 22:23,N/A,https://www.facebook.com/permalink.php?story_fbid=pfbid0nWZ9iksGHwgmhAniyhYGgkwP2uTm8zguNutPmUq7jeVev1oTxhsPBeVsZUPHvsYbl&id=61586950821026,0,0,Photos,,,,,Lifetime,787,362,13,8,2,3,13,6,7,,,,,,,,
1.22098E+17,6.1587E+13,Juankada Tanya,"Nagsama ang dalawang maganda😎 Emeeeeeeeeeee!😜

#Juan365Studios #ALLINJUANLIVE #JuankadaTanya #JuankadaZia #JuankadaHosts #Juan365 #fbreelsfypシ゚viralシ","Nagsama ang dalawang maganda😎 Emeeeeeeeeeee!😜

#Juan365Studios #ALLINJUANLIVE #JuankadaTanya #JuankadaZia #JuankadaHosts #Juan365 #fbreelsfypシ゚viralシ",11,1/23/2026 20:54,N/A,https://www.facebook.com/reel/1582089299647999/,0,0,Videos,,,,,Lifetime,617,268,41,26,11,4,21,21,,,5483.698,12.548,0,0,0,,
1.22098E+17,6.1587E+13,Juankada Tanya,"𝐉𝐮𝐬𝐭 𝐚 𝐥𝐢𝐭𝐭𝐥𝐞 𝐛𝐥𝐨𝐨𝐦🌸

#Juan365Studios #ALLINJUANLIVE #JuankadaTanya #JuankadaHosts #Juan365 #fbreelsfypシ",,0,1/24/2026 0:00,N/A,https://www.facebook.com/permalink.php?story_fbid=pfbid0Rjy6pZnEDSNe5ZUgtby6kRXVnMcRvioLUr2vYyGaRFoH58EtPeat5nXihdg81Essl&id=61586950821026,0,0,Photos,,,,,Lifetime,159,53,11,10,1,0,2,2,,,,,,,,,
1.22099E+17,6.1587E+13,Juankada Tanya,"Soft Sunday, papawis muna ang mowm niyo 🌤🧘‍♀️

#Juan365Studios #ALLINJUANLIVE #JuankadaTanya #JuankadaHosts #Juan365 #SundayVibe #PreWorkout",,0,1/24/2026 16:10,N/A,https://www.facebook.com/permalink.php?story_fbid=pfbid0GDoRveCcYAvykDrPk1Z6krwNxscq3s19g4NM71yyPWiUnF6SiFFys3iwt42i8oh6l&id=61586950821026,0,0,Photos,,,,,Lifetime,159,52,11,10,1,0,9,2,7,,,,,,,,
1.22099E+17,6.1587E+13,Juankada Tanya,"Be your own kind of beautiful🍃🌼

#Juan365Studios #ALLINJUANLIVE #JuankadaTanya #JuankadaHosts #Juan365 #SundayVibe #PreWorkout #fbreelsfypシviralシ","Be your own kind of beautiful🍃🌼

#Juan365Studios #ALLINJUANLIVE #JuankadaTanya #JuankadaHosts #Juan365 #SundayVibe #PreWorkout #fbreelsfypシviralシ",9,1/24/2026 16:45,N/A,https://www.facebook.com/reel/1428515675332778/,1,0,Videos,,,,,Lifetime,239,117,14,14,0,0,5,5,,,1033.674,7.031,0,0,0,,
1.221E+17,6.1587E+13,Juankada Tanya,"Happy Monday Juankada!🤩🫶

#JuankadaTanya #Juan365  #fbreelsfypシviralシ #fbreelsvideo #fypシ #followers",,0,1/25/2026 16:45,N/A,https://www.facebook.com/permalink.php?story_fbid=pfbid02RF2TUQEgvfxWnKCjZ1SDvH7LEgHyc9Sbb2Fd7614RcY8vLF1znSfGfubn7Cebkrkl&id=61586950821026,0,0,Photos,,,,,Lifetime,697,425,14,11,0,3,6,2,3,1,,,,,,,
1.221E+17,6.1587E+13,Juankada Tanya,"Kung gusto mo lagi may triple color, bakit hindi kapa maglaro sa 𝐉𝐮𝐚𝐧𝟑𝟔𝟓 𝐂𝐨𝐥𝐨𝐫 𝐆𝐚𝐦𝐞 𝐋𝐈𝐕𝐄?🫣 Sobrang dali manalo at may chance kapa makuha ang 𝐉𝐀𝐂𝐊𝐏𝐎𝐓 prize!🤑

#JuankadaTanya #Juan365  #fbreelsfypシviralシ #fbreelsvideo #fypシ #followers","Kung gusto mo lagi may triple color, bakit hindi kapa maglaro sa 𝐉𝐮𝐚𝐧𝟑𝟔𝟓 𝐂𝐨𝐥𝐨𝐫 𝐆𝐚𝐦𝐞 𝐋𝐈𝐕𝐄?🫣 Sobrang dali manalo at may chance kapa makuha ang 𝐉𝐀𝐂𝐊𝐏𝐎𝐓 prize!🤑

#JuankadaTanya #Juan365  #fbreelsfypシviralシ #fbreelsvideo #fypシ #followers",33,1/25/2026 18:00,mixed,https://www.facebook.com/reel/776014812194396/,1,0,Videos,,,,,Lifetime,353,225,12,9,2,1,6,6,,,1071.096,3.4,0,0,0,,
1.22101E+17,6.1587E+13,Juankada Tanya,"Join na sa Juan365 Color Game LIVE!✨
Baka ikaw na ang swerteng makakakuha ng Jackpot prize! 🤑

Drop your lucky color👇

#JuankadaTanya #Juan365 #fbreelsfypシviralシ #fbreelsvideo #fypシ #followersreelsfypシ゚viralシfypシ゚viralシalシ","Join na sa Juan365 Color Game LIVE!✨
Baka ikaw na ang swerteng makakakuha ng Jackpot prize! 🤑

Drop your lucky color👇

#JuankadaTanya #Juan365 #fbreelsfypシviralシ #fbreelsvideo #fypシ #followersreelsfypシ゚viralシfypシ゚viralシalシ",21,1/26/2026 18:30,N/A,https://www.facebook.com/reel/1688575092124770/,1,0,Videos,,,,,Lifetime,630,372,20,17,1,2,8,8,,,2044.115,3.792,0,0,0,,
1.22101E+17,6.1587E+13,Juankada Tanya,"Start your Tuesday with a smile and let the good vibes flow✨😉

#JuankadaTanya #Juan365  #fypシ #followerseveryonehighlights #trendingpost",,0,1/26/2026 18:45,N/A,https://www.facebook.com/permalink.php?story_fbid=pfbid08tKTxHPmT6jdm4mRojTnfMKq7MdjYeh1ACpupJXiXYsPJLAJaGn7WEPEXtMHFiwJl&id=61586950821026,0,0,Photos,,,,,Lifetime,850,559,17,15,1,1,2,1,1,,,,,,,,
1.22102E+17,6.1587E+13,Juankada Tanya,"𝐖𝐄 𝐀𝐑𝐄 𝐁𝐀𝐂𝐊! 🥳
Live na ulit ang 𝐂𝐎𝐋𝐎𝐑 𝐆𝐀𝐌𝐄! Tara na at makisaya, naghihintay na sainyo ang 𝐉𝐀𝐂𝐊𝐏𝐎𝐓 𝐩𝐫𝐢𝐳𝐞!

#JuankadaTanya #Juan365 #fbreelsfypシviralシ #fbreelsvideo #fypシ #followerseveryonehighlights",,0,1/27/2026 18:00,N/A,https://www.facebook.com/permalink.php?story_fbid=pfbid06kuox2uLZ13AnUMCTgXamj3vcAJowKWceKsktnZuYvvfMj558s4XZpcGbhywP4Xnl&id=61586950821026,0,0,Photos,,,,,Lifetime,1294,769,17,15,0,2,6,1,5,,,,,,,,
1.22102E+17,6.1587E+13,Juankada Tanya,"Nagpapabawas na agad, wala pa nga sa kalahati😂

#JuankadaTanya #Juan365 #fbreelsfypシviralシ #fbreelsvideo #fypシ #followerseveryonehighlights","Nagpapabawas na agad, wala pa nga sa kalahati😂

#JuankadaTanya #Juan365 #fbreelsfypシviralシ #fbreelsvideo #fypシ #followerseveryonehighlights",10,1/27/2026 23:00,N/A,https://www.facebook.com/reel/2758339444510068/,1,0,Videos,,,,,Lifetime,202,136,11,10,0,1,2,2,,,603.626,3.614,0,0,0,,
1.22102E+17,6.1587E+13,Juankada Tanya,"Style is a way to say who you are without having to speak ✨

#JuankadaTanya #Juan365 #fbreelsfypシviralシ #fbreelsvideo #fypシ #followerseveryonehighlights",,0,1/28/2026 20:00,N/A,https://www.facebook.com/permalink.php?story_fbid=pfbid0Zqu72eQSzFj35tSVDfgGg4GGFyzYcPob5Kc8mfbmKWxFGFXbbHRNpSTvKpz41cwvl&id=61586950821026,0,0,Photos,,,,,Lifetime,273,166,19,16,2,1,7,4,3,,,,,,,,
1.22103E+17,6.1587E+13,Juankada Tanya,"Titig lang po sa mata, wala pong subtitle yan🫣

#JuankadaTanya #Juan365 #fbreelsfypシviralシ #fbreelsvideo #fypシ #followerseveryonehighlights","Titig lang po sa mata, wala pong subtitle yan🫣

#JuankadaTanya #Juan365 #fbreelsfypシviralシ #fbreelsvideo #fypシ #followerseveryonehighlights",15,1/28/2026 22:00,N/A,https://www.facebook.com/reel/1256313769681498/,1,0,Videos,,,,,Lifetime,117,70,13,9,3,1,3,3,,,407.532,4.158,0,0,0,,
1.22103E+17,6.1587E+13,Juankada Tanya,"Nakinig talaga siya😑

#JuankadaTanya #Juan365 #fbreelsfypシviralシ #fbreelsvideo #fypシ #followerseveryonehighlights","Nakinig talaga siya😑

#JuankadaTanya #Juan365 #fbreelsfypシviralシ #fbreelsvideo #fypシ #followerseveryonehighlights",14,1/29/2026 20:00,N/A,https://www.facebook.com/reel/1515176829582190/,1,0,Videos,,,,,Lifetime,242,166,21,17,3,1,13,13,,,1141.173,6.037,0,0,0,,
1.22103E+17,6.1587E+13,Juankada Tanya,"Feeling good in this fit!😎

#JuankadaTanya #Juan365 #fbreelsfypシviralシ #fbreelsvideo #fypシ #followerseveryonehighlights",,0,1/29/2026 23:00,N/A,https://www.facebook.com/permalink.php?story_fbid=pfbid02Y2WXicYfqmZFHkZa5Wtkia6fz4n5UHd5hZJNztPhfKJCdRK6kAncdTgA15CSfenyl&id=61586950821026,0,0,Photos,,,,,Lifetime,431,209,15,12,2,1,16,8,8,,,,,,,,
1.22104E+17,6.1587E+13,Juankada Tanya,"Saying goodbye to January means welcoming the next chapter with open arms.✨

#JuankadaTanya #Juan365 #fbreelsfypシviralシ #fbreelsvideo #fypシ #followerseveryonehighlights","Saying goodbye to January means welcoming the next chapter with open arms.✨

#JuankadaTanya #Juan365 #fbreelsfypシviralシ #fbreelsvideo #fypシ #followerseveryonehighlights",12,1/30/2026 21:30,N/A,https://www.facebook.com/reel/1250953560284809/,1,0,Videos,,,,,Lifetime,143,104,10,8,1,1,3,3,,,426.108,3.673,0,0,0,,
1.22104E+17,6.1587E+13,Juankada Tanya,"LF kasama tumanda este, kasama tumakbo🤣

#JuankadaTanya #Juan365 #fbreelsfypシviralシ #fbreelsvideo #fypシ #followerseveryonehighlights",,0,1/30/2026 23:00,N/A,https://www.facebook.com/permalink.php?story_fbid=pfbid028SSBKnyv9yG8XtC984CWk74vM6bLuN17btiyL2QHWTrgYmST2TFKB6fNPWMB7fSdl&id=61586950821026,0,0,Photos,,,,,Lifetime,183,78,13,11,2,0,15,7,8,,,,,,,,
1.22105E+17,6.1587E+13,Juankada Tanya,"Malapit na araw ng puso!! ❤️❤️❤️  #juankadahosttanya
#juan365 #happyhearts 
#followerseveryonehighlights #Juan365ColorGame",,0,1/31/2026 21:19,N/A,https://www.facebook.com/photo.php?fbid=122104621887231694&set=a.122093302815231694&type=3,0,0,Photos,,,,,Lifetime,133,63,19,18,1,0,6,3,3,,,,,,,1,
1.22105E+17,6.1587E+13,Juankada Tanya,Juankada Tanya updated their cover photo.,,0,1/31/2026 21:21,N/A,https://www.facebook.com/photo.php?fbid=122104622253231694&set=a.122095619073231694&type=3,0,0,Photos,,,,,Lifetime,1,1,12,11,1,0,0,,,,,,,,,,
1.22105E+17,6.1587E+13,Juankada Tanya,"Outfit on point, mood on top. #Juan365 #followerseveryonehighlights #juankadatanya #fypシ",,0,2/1/2026 7:00,N/A,https://www.facebook.com/permalink.php?story_fbid=pfbid0WiifXBfEyzRHYhLawH8ogBxtYDgVWjVTgC52aX9X2q97WsDZbwea7a9zzTguXMVSl&id=61586950821026,0,0,Photos,,,,,Lifetime,130,48,11,10,1,0,9,7,2,,,,,,,,
1.22105E+17,6.1587E+13,Juankada Tanya,Party in the house!!,#followerseveryonehighlights #fypシ #fbreelsfypシviralシ #trendingpost #fbreelsvideo,16,2/1/2026 7:02,N/A,https://www.facebook.com/reel/1439845284163577/,0,0,Videos,,,,,Lifetime,1378,1058,13,11,1,1,6,6,,,9251.094,8.861,0,0,0,,
1.22105E+17,6.1587E+13,Juankada Tanya,"Create your own style eme 🤪… good eve juankadas !! 
 #followerseveryonehighlights #trendingpost #Juan365 #juankadatanya #followers",,0,2/2/2026 6:10,N/A,https://www.facebook.com/permalink.php?story_fbid=pfbid02TGeNkg5xnBVeGQQGpZCVng7rdVKa9VRFsh5K1EnzHpXMWsajVZMdrAEFTiyRkMXXl&id=61586950821026,0,0,Photos,,,,,Lifetime,140,50,12,10,2,0,13,9,4,,,,,,,,
1.22105E+17,6.1587E+13,Juankada Tanya,Pasali nga sa trend ☺️😜,"#fbreels
#juankadahost #fypageシ #juankadatanya #followerseveryonehighlights #trendingpost",15,2/2/2026 9:00,N/A,https://www.facebook.com/reel/1185915759967068/,0,0,Videos,,,,,Lifetime,58,38,5,4,1,0,4,4,,,299.838,7.139,0,0,0,,
1.22093E+17,6.1587E+13,Juankada Tanya,Juankada Tanya added a new photo.,,0,1/17/2026 19:14,N/A,https://www.facebook.com/photo.php?fbid=122093304687231694&set=a.122093302815231694&type=3,0,0,Photos,,,,,Lifetime,211,99,16,13,3,0,0,,,,,,,,,,
1.22104E+17,6.1587E+13,Juankada Tanya,"Hindi ba ako kapansin-pansin?👉🥺👈

#JuankadaTanya #Juan365 #fbreelsfypシviralシ #fbreelsvideo #fypシ #followerseveryonehighlights","Hindi ba ako kapansin-pansin?👉🥺👈

#JuankadaTanya #Juan365 #fbreelsfypシviralシ #fbreelsvideo #fypシ #followerseveryonehighlights",9,1/30/2026 20:00,N/A,https://www.facebook.com/reel/2047508926071304/,1,0,Videos,,,,,Lifetime,172,126,18,14,3,1,5,5,,,581.162,4.035,0,0,0,,
1.18044E+15,1.00069E+14,Juankada Zia,Juankada Zia added a new photo.,,0,1/12/2026 20:52,N/A,https://www.facebook.com/photo.php?fbid=1180436407589622&set=a.383650393934898&type=3,0,0,Photos,,,,,Lifetime,271,160,9,8,1,0,3,3,,,,,,,,,
1.19602E+15,1.00069E+14,Juankada Zia,"Lady in RED ang atake! ❤️

#Juan365Studios #Juan365 #ALLINJUANSASAYA #JuankadaHosts #JuankadaZia #Zianatics","Lady in RED ang atake! ❤️

#Juan365Studios #Juan365 #ALLINJUANSASAYA #JuankadaHosts #JuankadaZia #Zianatics",20,2/2/2026 23:00,N/A,https://www.facebook.com/reel/4325853887672710/,0,0,Videos,,,,,Lifetime,174,137,17,13,2,2,2,2,,,920.392,6.304,0,0,0,,
1.19684E+15,1.00069E+14,Juankada Zia,,,0,2/2/2026 20:11,N/A,https://www.facebook.com/permalink.php?story_fbid=pfbid02K2QyTC6sT4XdLVMZdvT3Y4TEu2LziSRUoSBFQtroCqMuWxZotzGgpNEnkR8HKwkFl&id=100068698221421,0,1,Text,,,,,Lifetime,34,27,5,4,1,0,4,4,,,,,,,,,
1.19602E+15,1.00069E+14,Juankada Zia,"Hindi naman masakit. Parang kagat lang ng DINOSAUR! 🦖

#Juan365Studios #Juan365 #ALLINJUANSASAYA #JuankadaHosts #JuankadaZia #Zianatics","Hindi naman masakit. Parang kagat lang ng DINOSAUR! 🦖

#Juan365Studios #Juan365 #ALLINJUANSASAYA #JuankadaHosts #JuankadaZia #Zianatics",16,2/2/2026 2:00,N/A,https://www.facebook.com/reel/3743850549084754/,0,0,Videos,,,,,Lifetime,327,242,14,11,2,1,3,3,,,1396.908,5.061,0,0,0,,
1.19602E+15,1.00069E+14,Juankada Zia,"Tara na!

Sasama ba kayo sakin Zianatics?🤔

#Juan365Studios #Juan365 #ALLINJUANSASAYA #JuankadaHosts #JuankadaZia #Zianatics","Tara na!

Sasama ba kayo sakin Zianatics?🤔

#Juan365Studios #Juan365 #ALLINJUANSASAYA #JuankadaHosts #JuankadaZia #Zianatics",15,2/1/2026 23:00,N/A,https://www.facebook.com/reel/1212411577189226/,0,0,Videos,,,,,Lifetime,187,100,11,10,0,1,0,,,,711.313,4.589,0,0,0,,
1.19546E+15,1.00069E+14,Juankada Zia,"Are you gonna pick up when I call? 📞

BTS from our COLOR GAME LIVE!!! 💖

#Juan365Studios #Juan365 #ALLINJUANSASAYA #JuankadaHosts #JuankadaZia #Zianatics","Are you gonna pick up when I call? 📞

BTS from our COLOR GAME LIVE!!! 💖

#Juan365Studios #Juan365 #ALLINJUANSASAYA #JuankadaHosts #JuankadaZia #Zianatics",7,2/1/2026 21:00,N/A,https://www.facebook.com/reel/1212049091020607/,0,0,Videos,,,,,Lifetime,184,87,9,6,2,1,1,1,,,504.859,3.795,0,0,0,,
1.19546E+15,1.00069E+14,Juankada Zia,"Overdrive!!! 

Hmm mmm?🤭

#Juan365Studios #Juan365 #ALLINJUANSASAYA #JuankadaHosts #JuankadaZia #Zianatics","Overdrive!!! 

Hmm mmm?🤭

#Juan365Studios #Juan365 #ALLINJUANSASAYA #JuankadaHosts #JuankadaZia #Zianatics",10,2/1/2026 1:00,N/A,https://www.facebook.com/reel/24899828436357430/,0,0,Videos,,,,,Lifetime,315,261,4,4,0,0,0,,,,1181.511,4.392,0,0,0,,
1.1955E+15,1.00069E+14,Juankada Zia,"Hi Zianatics! 💖

Ngayong month of Love, sabayan niyo ako in giving much love, care, and luck sa atinh Juankada! 😘❤️

#Juan365Studios #Juan365 #ALLINJUANSASAYA #JuankadaHosts #JuankadaZia #Zianatics",,0,1/31/2026 23:10,N/A,https://www.facebook.com/photo.php?fbid=1195498499416746&set=a.383650393934898&type=3,0,0,Photos,,,,,Lifetime,535,279,26,24,1,1,6,6,,,,,,,,,
1.1955E+15,1.00069E+14,Juankada Zia,Juankada Zia updated their cover photo.,,0,1/31/2026 23:09,N/A,https://www.facebook.com/photo.php?fbid=1195498022750127&set=a.383650390601565&type=3,0,0,Photos,,,,,Lifetime,0,0,6,5,1,0,0,,,,,,,,,,
1.19549E+15,1.00069E+14,Juankada Zia,,,0,1/31/2026 22:58,N/A,https://www.facebook.com/permalink.php?story_fbid=pfbid0suSbTQBa5A2tqt5K6WP3uV8huEaWEPVmshDVq7RwgHwKSu6MzKVmbwAYsrSzQdBhl&id=100068698221421,0,1,Photos,,,,,Lifetime,94,39,8,7,0,1,2,,2,,,,,,,,
1.19546E+15,1.00069E+14,Juankada Zia,"💖Hi Zianatics!💖

OOTD from yesterday’s live! 😘

#Juan365Studios #Juan365 #ALLINJUANSASAYA #JuankadaHosts #JuankadaZia #Zianatics",,0,1/31/2026 22:30,N/A,https://www.facebook.com/permalink.php?story_fbid=pfbid02QZPAx4ubmSSttgGadcPnnzvWaixCvadqjvceuG1nG88npGZqb2gzBwJTdFufRczKl&id=100068698221421,0,0,Photos,,,,,Lifetime,891,409,30,26,2,2,79,17,62,,,,,,,,
1.19464E+15,1.00069E+14,Juankada Zia,"Sexy Saturdays 💖

#Juan365Studios #Juan365 #ALLINJUANSASAYA #JuankadaHosts #JuankadaZia #Zianatics","Sexy Saturdays 💖

#Juan365Studios #Juan365 #ALLINJUANSASAYA #JuankadaHosts #JuankadaZia #Zianatics",10,1/31/2026 2:00,N/A,https://www.facebook.com/reel/3860995084203421/,0,0,Videos,,,,,Lifetime,1445,754,32,27,4,1,12,12,,,7549.82,7.231,0,0,0,,
1.19486E+15,1.00069E+14,Juankada Zia,,,0,1/31/2026 1:30,N/A,https://www.facebook.com/permalink.php?story_fbid=pfbid0VmEu4EFjNfd8qHYwgfS3Kg2X417Yhq172uFpp5gCpiu3958Xdb3DFg14CYvvcoq2l&id=100068698221421,0,1,Text,,,,,Lifetime,48,43,3,3,0,0,3,3,,,,,,,,,
1.19464E+15,1.00069E+14,Juankada Zia,"Bebot then, Bebot now! 😘

#Juan365Studios #Juan365 #ALLINJUANSASAYA #JuankadaHosts #JuankadaZia #Zianatics","Bebot then, Bebot now! 😘

#Juan365Studios #Juan365 #ALLINJUANSASAYA #JuankadaHosts #JuankadaZia #Zianatics",15,1/31/2026 0:00,N/A,https://www.facebook.com/reel/1373298424102423/,0,0,Videos,,,,,Lifetime,681,461,16,14,1,1,3,3,,,3391.982,5.7,0,0,0,,
1.19464E+15,1.00069E+14,Juankada Zia,"Different squads, same family 🙌💖

Catch us all on COLOR GAME LIVE!!!

#Juan365Studios #Juan365 #ALLINJUANSASAYA #JuankadaHosts #JuankadaZia #Zianatics",,0,1/30/2026 19:02,N/A,https://www.facebook.com/permalink.php?story_fbid=pfbid0oY5JnSqY6LH5zpqJRxsX2xQsfSq1DFy4eiG3queReeyJCchoFhXBxEZqN2mbukqzl&id=100068698221421,0,0,Photos,,,,,Lifetime,510,281,14,12,1,1,22,4,18,,,,,,,,
1.19463E+15,1.00069E+14,Juankada Zia,,,0,1/30/2026 18:57,N/A,https://www.facebook.com/permalink.php?story_fbid=pfbid0qY4DKgNC26JHCwJoHdujJx3FWHeMHTynBX2wHckGqbVz2QJ6CW7s27FPawwwiBrDl&id=100068698221421,0,1,Text,,,,,Lifetime,33,26,3,1,2,0,2,2,,,,,,,,,
1.19381E+15,1.00069E+14,Juankada Zia,"Di na po gagalaw... ✋🤚

Ay ganun pala yun! 💃😆

#Juan365Studios #Juan365 #ALLINJUANSASAYA #JuankadaHosts #JuankadaZia #Zianatics","Di na po gagalaw... ✋🤚

Ay ganun pala yun! 💃😆

#Juan365Studios #Juan365 #ALLINJUANSASAYA #JuankadaHosts #JuankadaZia #Zianatics",16,1/30/2026 2:00,N/A,https://www.facebook.com/reel/1177209651126071/,0,0,Videos,,,,,Lifetime,258,197,11,9,2,0,5,5,,,1464.83,7.11,0,0,0,,
1.19381E+15,1.00069E+14,Juankada Zia,"Black and white OOTD from yesterday's live, Zianatics! ⚫️⚪️

Lookin' good, feelin' good!!! 💖

#Juan365Studios #Juan365 #ALLINJUANSASAYA #JuankadaHosts #JuankadaZia #Zianatics",,0,1/30/2026 0:00,N/A,https://www.facebook.com/permalink.php?story_fbid=pfbid02AF4MVBf7NbSxByTP2BYnnxJTbd2fihidgB3W84ndYRzBudaY7yRT4zbmfCb3riLbl&id=100068698221421,0,0,Photos,,,,,Lifetime,544,295,15,14,0,1,24,9,15,,,,,,,,
1.19395E+15,1.00069E+14,Juankada Zia,,,0,1/29/2026 23:19,N/A,https://www.facebook.com/permalink.php?story_fbid=pfbid02dYAid4J71wbEfrfL8w7y2438LHVXZuwFY7gapyiK4cQZGZnv4rubyR69AmpxkQFol&id=100068698221421,0,1,Text,,,,,Lifetime,27,22,1,1,0,0,0,,,,,,,,,,
1.19376E+15,1.00069E+14,Juankada Zia,"Papapiliin mo pa talaga ako ah 🤨

#Juan365Studios #Juan365 #ALLINJUANSASAYA #JuankadaHosts #JuankadaZia #Zianatics","Papapiliin mo pa talaga ako ah 🤨

#Juan365Studios #Juan365 #ALLINJUANSASAYA #JuankadaHosts #JuankadaZia #Zianatics",16,1/29/2026 21:00,N/A,https://www.facebook.com/reel/1345118570636130/,0,0,Videos,,,,,Lifetime,144,107,10,6,4,0,1,1,,,721.386,6.165,0,0,0,,
1.19297E+15,1.00069E+14,Juankada Zia,"💖 Kumusta, Zianatics? 💖

Lookin' good with the pretty girl host, @JuankadaStar 💫

Tune in live sa ating COLOR GAME LIVE!!!

#Juan365Studios #Juan365 #ALLINJUANSASAYA #JuankadaHosts #JuankadaZia #Zianatics",,0,1/29/2026 2:00,N/A,https://www.facebook.com/permalink.php?story_fbid=pfbid021aUQPGjBB9L3aYxF7B9Tw8F3L24VT3EaBcMFLiYSeJjeSiux2yJfxCvf2Gr8QhKNl&id=100068698221421,0,0,Photos,,,,,Lifetime,558,265,16,13,2,1,32,7,25,,,,,,,,
1.19319E+15,1.00069E+14,Juankada Zia,,,0,1/29/2026 1:11,N/A,https://www.facebook.com/permalink.php?story_fbid=pfbid02P1B7KRrf6WjpB1S9VDaa5SZRj2AVDthZdU4FHzRTsBUTEg6QPtiLfFGkCCXdf1Pzl&id=100068698221421,0,1,Text,,,,,Lifetime,39,27,2,2,0,0,2,2,,,,,,,,,
1.19296E+15,1.00069E+14,Juankada Zia,"Just got out of bed look 🛏

Pero still slaying!!! 💁‍♀️

#Juan365Studios #Juan365 #ALLINJUANSASAYA #JuankadaHosts #JuankadaZia #Zianatics","Just got out of bed look 🛏

Pero still slaying!!! 💁‍♀️

#Juan365Studios #Juan365 #ALLINJUANSASAYA #JuankadaHosts #JuankadaZia #Zianatics",12,1/29/2026 0:00,N/A,https://www.facebook.com/reel/1100411502148578/,0,0,Videos,,,,,Lifetime,167,52,9,8,0,1,0,,,,572.112,4.206,0,0,0,,
1.19305E+15,1.00069E+14,Juankada Zia,,,0,1/28/2026 21:01,N/A,https://www.facebook.com/permalink.php?story_fbid=pfbid02BnihLLeyixLjhWw4cNLc9vJxFYAkByBRLQSJCnM1Qj8SP7wooVnb4ZoEzfiiHNZfl&id=100068698221421,0,1,Text,,,,,Lifetime,32,20,1,1,0,0,0,,,,,,,,,,
1.19296E+15,1.00069E+14,Juankada Zia,"Wala, may mga ganun talaga 🫡

#Juan365Studios #Juan365 #ALLINJUANSASAYA #JuankadaHosts #JuankadaZia #Zianatics","Wala, may mga ganun talaga 🫡

#Juan365Studios #Juan365 #ALLINJUANSASAYA #JuankadaHosts #JuankadaZia #Zianatics",10,1/28/2026 21:00,N/A,https://www.facebook.com/reel/1416261686618185/,0,0,Videos,,,,,Lifetime,214,54,11,9,0,2,6,6,,,696.063,4.433,0,0,0,,
1.19223E+15,1.00069E+14,Juankada Zia,"Just two cuties dancing! 💃

Ano pang dance craze ang next namin sasayawin, ni @JuankadaStar? 💖 JuanKada Star

#Juan365Studios #Juan365 #ALLINJUANSASAYA #JuankadaHosts #JuankadaZia #Zianatics","Just two cuties dancing! 💃

Ano pang dance craze ang next namin sasayawin, ni @JuankadaStar? 💖 @[61585565286734:2048:JuanKada Star]

#Juan365Studios #Juan365 #ALLINJUANSASAYA #JuankadaHosts #JuankadaZia #Zianatics",15,1/28/2026 2:00,N/A,https://www.facebook.com/reel/2423052468155470/,0,0,Videos,,,,,Lifetime,340,163,15,14,0,1,2,2,,,1952.824,7.127,0,0,0,,
1.19231E+15,1.00069E+14,Juankada Zia,JuanKada Host ❤️❤️❤️,,0,1/28/2026 0:19,N/A,https://www.facebook.com/permalink.php?story_fbid=pfbid02WmEKHrkzk5L57FNobC3VsdAeTf6uLFyX63diDFwNpzw7LCwQ6a4HdfsYQsMVCHHdl&id=100068698221421,0,1,Photos,,,,,Lifetime,97,40,4,3,0,1,0,,,,,,,,,,
1.19222E+15,1.00069E+14,Juankada Zia,"A look back on our live from the other day!💖

Ready na ba ang Zianatics for more luck and kulitan? 🤔

Abangan sa Color Game Live!!!😘

#Juan365Studios #Juan365 #ALLINJUANSASAYA #JuankadaHosts #JuankadaZia #Zianatics","A look back on our live from the other day!💖

Ready na ba ang Zianatics for more luck and kulitan? 🤔

Abangan sa Color Game Live!!!😘

#Juan365Studios #Juan365 #ALLINJUANSASAYA #JuankadaHosts #JuankadaZia #Zianatics",13,1/28/2026 0:00,N/A,https://www.facebook.com/reel/2380249495769361/,0,0,Videos,,,,,Lifetime,219,109,14,11,1,2,2,2,,,944.417,5.427,0,0,0,,
1.19222E+15,1.00069E+14,Juankada Zia,"Hala! Nakakahiya naman 🫣

Tag niyo na friends niyong nakakatakas sa gawaing bahay!🤭

#Juan365Studios #Juan365 #ALLINJUANSASAYA #JuankadaHosts #JuankadaZia #Zianatics","Hala! Nakakahiya naman 🫣

Tag niyo na friends niyong nakakatakas sa gawaing bahay!🤭

#Juan365Studios #Juan365 #ALLINJUANSASAYA #JuankadaHosts #JuankadaZia #Zianatics",12,1/27/2026 22:12,N/A,https://www.facebook.com/reel/4418152638415995/,0,0,Videos,,,,,Lifetime,1521,1058,25,19,4,2,8,8,,,8558.254,7.738,0,0,0,,
1.19219E+15,1.00069E+14,Juankada Zia,,,0,1/27/2026 20:29,N/A,https://www.facebook.com/permalink.php?story_fbid=pfbid0ZTjGKWCCXfjNAaQaboQ55dBcv4WWm7y2n16PyCS7XVc5ejDvE2heL9DvAMg5dBFsl&id=100068698221421,0,1,Photos,,,,,Lifetime,86,43,5,4,0,1,5,3,2,,,,,,,,
1.19219E+15,1.00069E+14,Juankada Zia,,,0,1/27/2026 20:29,N/A,https://www.facebook.com/permalink.php?story_fbid=pfbid024hKpJtZxZCmidz6BdNZCvh7e6BwWsG4snQgFfR3beUV6QVAnPWdNrRFg2Ej7LGsKl&id=100068698221421,0,1,Text,,,,,Lifetime,40,31,4,4,0,0,1,1,,,,,,,,,
1.19132E+15,1.00069E+14,Juankada Zia,"💖Hi Zianatics!💖

Small BTS for you guys!🤭

Catch more sa ating Color Game Live!😘

#Juan365Studios #Juan365 #ALLINJUANSASAYA #JuankadaHosts #JuankadaZia #Zianatics","💖Hi Zianatics!💖

Small BTS for you guys!🤭

Catch more sa ating Color Game Live!😘

#Juan365Studios #Juan365 #ALLINJUANSASAYA #JuankadaHosts #JuankadaZia #Zianatics",37,1/27/2026 2:00,N/A,https://www.facebook.com/reel/1624353408480839/,0,0,Videos,,,,,Lifetime,254,92,16,13,1,2,4,4,,,1634.712,7.747,0,0,0,,
1.19102E+15,1.00069E+14,Juankada Zia,"💖Hi Zianatics!💖

Meet my baby who is always present, never absent whenever I go out!🐶

Drop a picture of your furbaby!🤭

#Juan365Studios #Juan365 #ALLINJUANSASAYA #JuankadaHosts #JuankadaZia #Zianatics","💖Hi Zianatics!💖

Meet my baby who is always present, never absent whenever I go out!🐶

Drop a picture of your furbaby!🤭

#Juan365Studios #Juan365 #ALLINJUANSASAYA #JuankadaHosts #JuankadaZia #Zianatics",13,1/26/2026 22:00,N/A,https://www.facebook.com/reel/1261209725913224/,0,0,Videos,,,,,Lifetime,184,69,9,8,0,1,2,2,,,860.721,5.977,0,0,0,,
1.19131E+15,1.00069E+14,Juankada Zia,"Lookin' good in black!🖤

Zianatics, agree ba kayo?

#Juan365Studios #Juan365 #ALLINJUANSASAYA #JuankadaHosts #JuankadaZia #Zianatics",,0,1/26/2026 20:00,N/A,https://www.facebook.com/permalink.php?story_fbid=pfbid0ZioMiEhzoc559pxwuKtZCyadkUjdi8rfKA6BmyzgRSRRBhFf6vmxgiN3ug85quJtl&id=100068698221421,0,0,Photos,,,,,Lifetime,577,280,26,25,0,1,20,7,13,,,,,,,,
1.19051E+15,1.00069E+14,Juankada Zia,"Trying to get extra active with our OOTD from last night's live!🤭

Maganda ba ang OOTD natin kagabi, Zianatics?

#Juan365Studios #Juan365 #ALLINJUANSASAYA #JuankadaHosts #JuankadaZia #Zianatics",,0,1/26/2026 4:00,N/A,https://www.facebook.com/permalink.php?story_fbid=pfbid02mrYpUExddJyjJmjNRxbtc4GujMas125iY4nLbuUSVfqtF8ThpfZFCzcsrFHHBjDpl&id=100068698221421,0,0,Photos,,,,,Lifetime,465,214,18,15,2,1,22,4,18,,,,,,,,
1.1905E+15,1.00069E+14,Juankada Zia,"Who says you're not perfect? 🤨

You guys are perfect in more ways than one!

💖Stay confident, sexy, and beautiful, Zianatics!💖

#Juan365Studios #Juan365 #ALLINJUANSASAYA #JuankadaHosts #JuankadaZia #Zianatics","Who says you're not perfect? 🤨

You guys are perfect in more ways than one!

💖Stay confident, sexy, and beautiful, Zianatics!💖

#Juan365Studios #Juan365 #ALLINJUANSASAYA #JuankadaHosts #JuankadaZia #Zianatics",15,1/26/2026 1:00,N/A,https://www.facebook.com/reel/1473587724249929/,0,0,Videos,,,,,Lifetime,308,180,19,18,0,1,1,1,,,1596.211,6.259,0,0,0,,
1.1905E+15,1.00069E+14,Juankada Zia,"Squad's present! Serving looks and good vibes!👭👬 JuanKada Star Juankada Alexchoozy Juankada Evo

Present din ba ang Zianatics yesterday?🤔

#Juan365Studios #Juan365 #ALLINJUANSASAYA #JuankadaHosts #JuankadaZia #Zianatics","Squad's present! Serving looks and good vibes!👭👬 @[61585565286734:2048:JuanKada Star] @[61584327477246:2048:Juankada Alexchoozy] @[61584432221426:2048:Juankada Evo]

Present din ba ang Zianatics yesterday?🤔

#Juan365Studios #Juan365 #ALLINJUANSASAYA #JuankadaHosts #JuankadaZia #Zianatics",15,1/25/2026 22:00,N/A,https://www.facebook.com/reel/25670986835898133/,0,0,Videos,,,,,Lifetime,303,162,6,5,0,1,2,2,,,1704.778,7.073,0,0,0,,
1.19013E+15,1.00069E+14,Juankada Zia,,,0,1/25/2026 9:09,N/A,https://www.facebook.com/permalink.php?story_fbid=pfbid0tqB1o7Wgq7QDwiJP7aDsWrwE519ifGa6qQt8b1ez9HjeQsGbbjGoykzrWzQagyq6l&id=100068698221421,0,1,Photos,,,,,Lifetime,97,37,1,1,0,0,6,3,3,,,,,,,,
1.18958E+15,1.00069E+14,Juankada Zia,"Did everyone catch the live last night? 🤔

Catch me and the other Juankada Hosts in Color Game Live!

We have it everyday, Zianatics!💖

#Juan365Studios #Juan365 #ALLINJUANSASAYA #JuankadaHosts #JuankadaZia #Zianatics","Did everyone catch the live last night? 🤔

Catch me and the other Juankada Hosts in Color Game Live!

We have it everyday, Zianatics!💖

#Juan365Studios #Juan365 #ALLINJUANSASAYA #JuankadaHosts #JuankadaZia #Zianatics",30,1/25/2026 3:00,N/A,https://www.facebook.com/reel/1815646079153418/,0,0,Videos,,,,,Lifetime,250,133,11,10,0,1,4,4,,,2137.983,10.328,0,0,0,,
1.18958E+15,1.00069E+14,Juankada Zia,"OOTD from last night’s live! 👗💛

As a demure girl ang atake💖

#Juan365Studios #Juan365 #ALLINJUANSASAYA #JuankadaHosts #JuankadaZia #Zianatics",,0,1/25/2026 1:00,N/A,https://www.facebook.com/permalink.php?story_fbid=pfbid0YF52D9Ev35jT7i2eZCxHsDWYfhu7LBa5zhEyuM373PG57GbE9QLt7FBncEJtj99sl&id=100068698221421,0,0,Photos,,,,,Lifetime,1255,552,32,25,6,1,108,34,74,,,,,,,,
1.18964E+15,1.00069E+14,Juankada Zia,,,0,1/24/2026 22:07,N/A,https://www.facebook.com/permalink.php?story_fbid=pfbid02vfm9NvsfKstANeUQZ2EY7xChqjaLkquNMwyAZkXuAjUuU89KDRQqcuhoamNVkXobl&id=100068698221421,0,1,Text,,,,,Lifetime,48,41,2,2,0,0,5,5,,,,,,,,,
1.18958E+15,1.00069E+14,Juankada Zia,"Cute dance with the very gorgeous and one of my besties  Juankada Tanya💃

Who to collab next with, Zianatics?💖

#Juan365Studios #Juan365 #ALLINJUANSASAYA #JuankadaHosts #JuankadaZia #Zianatics","Cute dance with the very gorgeous and one of my besties  @[61586950821026:2048:Juankada Tanya]💃

Who to collab next with, Zianatics?💖

#Juan365Studios #Juan365 #ALLINJUANSASAYA #JuankadaHosts #JuankadaZia #Zianatics",15,1/24/2026 22:00,N/A,https://www.facebook.com/reel/1214652330165164/,0,0,Videos,,,,,Lifetime,251,116,16,13,2,1,5,5,,,1241.838,6.57,0,0,0,,
1.18921E+15,1.00069E+14,Juankada Zia,,,0,1/24/2026 8:48,N/A,https://www.facebook.com/permalink.php?story_fbid=pfbid02pFuEvr14E1QzK6gVVfqCgVCsKroyfVT1Nhi9suipjDBdEB7DhXGdL1CuAv1s2FZMl&id=100068698221421,0,1,Photos,,,,,Lifetime,139,60,4,4,0,0,8,3,5,,,,,,,,
1.18867E+15,1.00069E+14,Juankada Zia,"Looking HOT in Hot Pink!💖

Agree ba kayo, Zianatics?🤔

Tara na sa Color Game Live ng Juan365 Studios!😁

#Juan365Studios #Juan365 #ALLINJUANSASAYA #JuankadaHosts #JuankadaZia #Zianatics",,0,1/24/2026 5:00,N/A,https://www.facebook.com/permalink.php?story_fbid=pfbid022cRtymiYh9DTyXzSxz5k8BKpjhxVFDbCou8bb2DSexyGqZLBCj51xBbEKY4NUE3El&id=100068698221421,0,0,Photos,,,,,Lifetime,155,69,13,11,2,0,12,4,8,,,,,,,,
1.18866E+15,1.00069E+14,Juankada Zia,"💖Hi Zianatics!💖

Kahit ano pang oras or suot yan, Justin Bieber baby pa din😆

Curious ako, what's your fave JB song?

#Juan365Studios #Juan365 #ALLINJUANSASAYA #JuankadaHosts #JuankadaZia #Zianatics","💖Hi Zianatics!💖

Kahit ano pang oras or suot yan, Justin Bieber baby pa din😆

Curious ako, what's your fave JB song?

#Juan365Studios #Juan365 #ALLINJUANSASAYA #JuankadaHosts #JuankadaZia #Zianatics",14,1/24/2026 2:00,N/A,https://www.facebook.com/reel/1771707990145214/,0,0,Videos,,,,,Lifetime,347,148,26,21,4,1,7,7,,,2293.131,8.556,0,0,0,,
1.18866E+15,1.00069E+14,Juankada Zia,"Slight throwback tayo, Zianatics🤭

Miss Independent is in the house!💖

#Juan365Studios #Juan365 #ALLINJUANSASAYA #JuankadaHosts #JuankadaZia #Zianatics","Slight throwback tayo, Zianatics🤭

Miss Independent is in the house!💖

#Juan365Studios #Juan365 #ALLINJUANSASAYA #JuankadaHosts #JuankadaZia #Zianatics",12,1/23/2026 23:00,N/A,https://www.facebook.com/reel/901193936170152/,0,0,Videos,,,,,Lifetime,525,198,39,27,11,1,26,26,,,3085.397,8.119,0,0,0,,
1.18878E+15,1.00069E+14,Juankada Zia,,,0,1/23/2026 21:49,N/A,https://www.facebook.com/permalink.php?story_fbid=pfbid02qqCcxGxeLxLS4Wgvi8fBY5rhwTLYDD6mHVzc1h41ZDzAnz4uJJevTTadZgS3iccdl&id=100068698221421,0,1,Text,,,,,Lifetime,47,42,5,5,0,0,6,6,,,,,,,,,
1.18796E+15,1.00069E+14,Juankada Zia,"Dance skills on point, Zianatics!💃

Agree ba kayong pwede na kami ni @JuankadaTanya maging new members ng SexBomb Girls?💖🤔

#Juan365Studios #Juan365 #ALLINJUANSASAYA #JuankadaHosts #JuankadaZia #Zianatics","Dance skills on point, Zianatics!💃

Agree ba kayong pwede na kami ni @JuankadaTanya maging new members ng SexBomb Girls?💖🤔

#Juan365Studios #Juan365 #ALLINJUANSASAYA #JuankadaHosts #JuankadaZia #Zianatics",13,1/23/2026 4:00,N/A,https://www.facebook.com/reel/859599930245352/,0,0,Videos,,,,,Lifetime,439,211,20,18,1,1,6,6,,,2518.067,7.561,0,0,0,,
1.18796E+15,1.00069E+14,Juankada Zia,"Our OOTD for today's live!😘

Tune in with me, @JuankadaStar, and @JuankadaEvo this FriYay's Color Game Live!💖

#Juan365Studios #Juan365 #ALLINJUANSASAYA #JuankadaHosts #JuankadaZia #Zianatics",,0,1/23/2026 1:00,N/A,https://www.facebook.com/permalink.php?story_fbid=pfbid02y9haUoyX5NhLwHj594k2hHxHh5HKvdUnLzLHcsKYXSsuf1iSFePjMimXNv1RvaMJl&id=100068698221421,0,0,Photos,,,,,Lifetime,506,243,14,12,1,1,35,9,26,,,,,,,,
1.18796E+15,1.00069E+14,Juankada Zia,"Kahit anong mangyari, hindi ako mawawalan ng pag-asa. 🫡

Dapat kayo din Zianatics ah!

#Juan365Studios #Juan365 #ALLINJUANSASAYA #JuankadaHosts #JuankadaZia #Zianatics","Kahit anong mangyari, hindi ako mawawalan ng pag-asa. 🫡

Dapat kayo din Zianatics ah!

#Juan365Studios #Juan365 #ALLINJUANSASAYA #JuankadaHosts #JuankadaZia #Zianatics",16,1/22/2026 22:00,N/A,https://www.facebook.com/reel/1660361891989076/,0,0,Videos,,,,,Lifetime,163,83,15,14,0,1,3,3,,,593.621,4.43,0,0,0,,
1.18717E+15,1.00069E+14,Juankada Zia,"Just keep smiling, Zianatics!😁

Alam niyo ba na you look 10x more beautiful when you smile?

Tune in sa Color Game Live ng Juan365 Studios!💖

#Juan365Studios #Juan365 #ALLINJUANSASAYA #JuankadaHosts #JuankadaZia #Zianatics",,0,1/22/2026 5:00,N/A,https://www.facebook.com/permalink.php?story_fbid=pfbid0L8rCmzJ4cqQF3KVhai6xGutfTReKzhDh1XfbbgSkxU2qMfhi1PWsCEYS3qUxdWtLl&id=100068698221421,0,0,Photos,,,,,Lifetime,170,71,12,10,2,0,2,,2,,,,,,,,
1.18717E+15,1.00069E+14,Juankada Zia,"Nakanood ba ang aking Zianatics sa ating live?🤔

Stay tuned for more kulitan and good vibes!

Keep being confident, sexy, and beautiful, my Zianatics!💖

#Juan365Studios #Juan365 #ALLINJUANSASAYA #JuankadaHosts #JuankadaZia #Zianatics","Nakanood ba ang aking Zianatics sa ating live?🤔

Stay tuned for more kulitan and good vibes!

Keep being confident, sexy, and beautiful, my Zianatics!💖

#Juan365Studios #Juan365 #ALLINJUANSASAYA #JuankadaHosts #JuankadaZia #Zianatics",31,1/22/2026 1:00,N/A,https://www.facebook.com/reel/1956517649076479/,0,0,Videos,,,,,Lifetime,1028,269,80,66,13,1,22,22,,,9358.789,12.395,0,0,0,,
1.18717E+15,1.00069E+14,Juankada Zia,"💖Hi Zianatics!💖

Hindi pa tapos ang ating BTS content from our shoot from the other day!📸📷

Cutesy outfit, don't you guys agree?

#Juan365Studios #Juan365 #ALLINJUANSASAYA #JuankadaHosts #JuankadaZia #Zianatics","💖Hi Zianatics!💖

Hindi pa tapos ang ating BTS content from our shoot from the other day!📸📷

Cutesy outfit, don't you guys agree?

#Juan365Studios #Juan365 #ALLINJUANSASAYA #JuankadaHosts #JuankadaZia #Zianatics",32,1/21/2026 22:00,N/A,https://www.facebook.com/reel/1581582189782353/,0,0,Videos,,,,,Lifetime,211,92,18,15,2,1,8,8,,,1314.48,7.871,0,0,0,,
1.1864E+15,1.00069E+14,Juankada Zia,"Am I not cute anymore? 🥺

Agree ba kayo, Zianatics?

#Juan365Studios #Juan365 #ALLINJUANSASAYA #JuankadaHosts #JuankadaZia #Zianatics","Am I not cute anymore? 🥺

Agree ba kayo, Zianatics?

#Juan365Studios #Juan365 #ALLINJUANSASAYA #JuankadaHosts #JuankadaZia #Zianatics",12,1/21/2026 2:00,N/A,https://www.facebook.com/reel/4152892258357918/,0,0,Videos,,,,,Lifetime,212,125,9,5,4,0,3,3,,,1070.985,7.045,0,0,0,,
1.1864E+15,1.00069E+14,Juankada Zia,"Slight BTS from yesterday's photoshoot! 📸📷

Do my Zianatics love the corporate girlie fit? 👩‍💼

#Juan365Studios #Juan365 #ALLINJUANSASAYA #JuankadaHosts #JuankadaZia #Zianatics",,0,1/21/2026 0:00,N/A,https://www.facebook.com/permalink.php?story_fbid=pfbid08WFxdLwHvL3vRn2jpasHkUDrT3ZJYBq1FqvAJvvzhCfPsdhUJP7PBhC6p34FFWCpl&id=100068698221421,0,0,Photos,,,,,Lifetime,437,209,14,13,0,1,15,1,14,,,,,,,,
1.18639E+15,1.00069E+14,Juankada Zia,"Uy Zianatics! 💖

Pinalaki din ba kayo ng Sexbomb Girlies? 🤭

Share niyo naman ang core memory niyo ng Sexbomb!

#Juan365Studios #Juan365 #ALLINJUANSASAYA #JuankadaHosts #JuankadaZia #Zianatics #Sexbomb","Uy Zianatics! 💖

Pinalaki din ba kayo ng Sexbomb Girlies? 🤭

Share niyo naman ang core memory niyo ng Sexbomb!

#Juan365Studios #Juan365 #ALLINJUANSASAYA #JuankadaHosts #JuankadaZia #Zianatics #Sexbomb",21,1/20/2026 21:00,N/A,https://www.facebook.com/reel/2260202431153196/,0,0,Videos,,,,,Lifetime,365,114,30,24,5,1,8,8,,,2474.042,9.266,0,0,0,,
1.18627E+15,1.00069E+14,Juankada Zia,,,0,1/20/2026 16:01,N/A,https://www.facebook.com/permalink.php?story_fbid=pfbid02nFNfUbhXex91z4TrLWacDH8PyaQ1TnC4dtsT19k8D2ozQDqhpVKn6taXgQDZxeapl&id=100068698221421,0,1,Text,,,,,Lifetime,71,55,4,4,0,0,5,5,,,,,,,,,
1.18591E+15,1.00069E+14,Juankada Zia,,,0,1/20/2026 4:54,N/A,https://www.facebook.com/permalink.php?story_fbid=pfbid0fgT5iv5nw9DQyQ6vdPgL72QU58sgrupms2ZHay4Z69gu1WWqt6Zrv5mEEMzartyrl&id=100068698221421,0,1,Photos,,,,,Lifetime,130,59,3,3,0,0,4,1,3,,,,,,,,
1.18591E+15,1.00069E+14,Juankada Zia,,,0,1/20/2026 4:53,N/A,https://www.facebook.com/permalink.php?story_fbid=pfbid0kANRN2iJcetafxBrUtyrAnmaWDrQPNV6RgGh9BQZoX1ZVDb6X8ppt9mmSvuugPvpl&id=100068698221421,0,1,Photos,,,,,Lifetime,94,52,1,1,0,0,6,2,1,3,,,,,,,
1.18591E+15,1.00069E+14,Juankada Zia,,,0,1/20/2026 4:53,N/A,https://www.facebook.com/permalink.php?story_fbid=pfbid02RgoKpEMW24wsr7NaFxj9poBLUJp91Gc7KoMdJy8VxTVQpceRsGSawrDfADwRiBLgl&id=100068698221421,0,1,Text,,,,,Lifetime,63,54,6,5,1,0,11,11,,,,,,,,,
1.18591E+15,1.00069E+14,Juankada Zia,,,0,1/20/2026 4:50,N/A,https://www.facebook.com/permalink.php?story_fbid=pfbid0BSxHx7b2xmtru27d1zntryUPJU5fhnzgb7YbmhThEPHkRJdPvTt3m7VJpAR2LE2nl&id=100068698221421,0,1,Photos,,,,,Lifetime,60,38,4,2,1,1,1,1,,,,,,,,,
1.18554E+15,1.00069E+14,Juankada Zia,"💖Hello Zianatics!💖

Our look from the other day's live 

Love the look 😘 Agree din ba kayo?

#Juan365Studios #Juan365 #ALLINJUANSASAYA #JuankadaHosts #JuankadaZia #Zianatics",,0,1/19/2026 21:00,N/A,https://www.facebook.com/permalink.php?story_fbid=pfbid02diyn5tNh66Eai6KMtrR1WEbwVdjN2Db6ShE64kBPzDh98gPEiJTk2wA5p3C3y6Bxl&id=100068698221421,0,0,Photos,,,,,Lifetime,1007,445,39,29,8,2,103,55,48,,,,,,,,
1.18554E+15,1.00069E+14,Juankada Zia,"💖Hi Zianatics!💖

A small look back at our hosting from the other day! 😘

Stay pretty, sexy, and lucky, Zianatics!

#Juan365Studios #Juan365 #ALLINJUANSASAYA #JuankadaHosts #JuankadaZia #Zianatics","💖Hi Zianatics!💖

A small look back at our hosting from the other day! 😘

Stay pretty, sexy, and lucky, Zianatics!

#Juan365Studios #Juan365 #ALLINJUANSASAYA #JuankadaHosts #JuankadaZia #Zianatics",32,1/19/2026 19:06,N/A,https://www.facebook.com/reel/1549392282952809/,0,0,Videos,,,,,Lifetime,1442,309,100,90,6,4,20,20,,,15294.707,13.741,0,0,0,,
1.18502E+15,1.00069E+14,Juankada Zia,"Araw-gabi nasa isip ka! 🌝🌚

Zianatics, na-LSS din ba kayo dito? 🤭

#Juan365Studios #Juan365 #ALLINJUANSASAYA #JuankadaHosts #JuankadaZia #Zianatics","Araw-gabi nasa isip ka! 🌝🌚

Zianatics, na-LSS din ba kayo dito? 🤭

#Juan365Studios #Juan365 #ALLINJUANSASAYA #JuankadaHosts #JuankadaZia #Zianatics",13,1/19/2026 5:00,N/A,https://www.facebook.com/reel/1185618493556527/,0,0,Videos,,,,,Lifetime,536,290,22,17,4,1,8,8,,,2394.022,5.632,0,0,0,,
1.18501E+15,1.00069E+14,Juankada Zia,"Isang araw, nagmamaneho sa Cubao! 🚗

BEEP BEEP BEEP! May isang babaeng saksakan ng ganda! 👀

Sino kaya yun? 🤔

#Juan365Studios #Juan365 #ALLINJUANSASAYA #JuankadaHosts #JuankadaZia #Zianatics","Isang araw, nagmamaneho sa Cubao! 🚗

BEEP BEEP BEEP! May isang babaeng saksakan ng ganda! 👀

Sino kaya yun? 🤔

#Juan365Studios #Juan365 #ALLINJUANSASAYA #JuankadaHosts #JuankadaZia #Zianatics",15,1/19/2026 2:00,N/A,https://www.facebook.com/reel/858347197178310/,0,0,Videos,,,,,Lifetime,279,125,14,11,2,1,7,7,,,1410.848,6.501,0,0,0,,
1.185E+15,1.00069E+14,Juankada Zia,,,0,1/19/2026 0:19,N/A,https://www.facebook.com/permalink.php?story_fbid=pfbid031AtBfWSo4Es7T7jWScRjJ8aGWCoZe5m3XSgUsEcX58QgPqxAaPogwNGyKQWuZ5SBl&id=100068698221421,0,1,Text,,,,,Lifetime,77,77,5,4,1,0,4,4,,,,,,,,,
1.1848E+15,1.00069E+14,Juankada Zia,"💖Hello Zianatics!💖

Catch me and the other Juankada Hosts sa ating Color Game Live ng Juan365 Studios! 

Tune in na from 6AM - 2PM! 😘

See ya, Zianatics!

#Juan365Studios #Juan365 #ALLINJUANSASAYA #JuankadaHosts #JuankadaZia #Zianatics",,0,1/18/2026 18:01,N/A,https://www.facebook.com/permalink.php?story_fbid=pfbid02Q1GvQV1rpvi4unZ6YuUzp86SaEk6K6xWyH6cHR5rV4F5ybARhAiKGGvi7c2WHHmpl&id=100068698221421,0,0,Photos,,,,,Lifetime,1054,470,36,33,2,1,81,22,59,,,,,,,,
1.18356E+15,1.00069E+14,Juankada Zia,JuanKada Zia,"💖Weekend vibes, Zianatics!💖

POV: You slay both on your outfit and your face card! 🥰

Agree ba kayo?

#Juan365Studios #Juan365 #ALLINJUANSASAYA #JuankadaHosts #JuankadaZia #Zianatics",9,1/17/2026 1:02,N/A,https://www.facebook.com/reel/891925413324819/,0,0,Videos,,,,,Lifetime,746,172,45,31,12,2,13,13,,,3150.814,6.633,0,0,0,,
1.18268E+15,1.00069E+14,Juankada Zia,"💖Hi there Zianatics!💖

Stay pretty, sexy, and confident EveryJuan!

Catch me and the other Juankada Hosts sa ating Color Game Live ng Juan365 Studios!

#Juan365Studios #Juan365 #ALLINJUANSASAYA #JuankadaHosts #JuankadaZia #Zianatics",,0,1/15/2026 21:15,N/A,https://www.facebook.com/permalink.php?story_fbid=pfbid02oAn5fhmKdRzfM5aL6gYDnrVEtwj7J1NQgUnVFv1ePKNHZvgGW3SykeaDGwXPKXNkl&id=100068698221421,0,0,Photos,,,,,Lifetime,1104,495,43,41,1,1,80,47,33,,,,,,,,
1.18202E+15,1.00069E+14,Juankada Zia,Juankada Zia updated their cover photo.,,0,1/15/2026 0:50,N/A,https://www.facebook.com/photo.php?fbid=1182019664097963&set=a.383650390601565&type=3,0,0,Photos,,,,,Lifetime,276,134,26,22,2,2,9,8,1,,,,,,,,
1.18202E+15,1.00069E+14,Juankada Zia,Juankada Zia added a new photo.,,0,1/15/2026 0:50,N/A,https://www.facebook.com/photo.php?fbid=1182019454097984&set=a.383650393934898&type=3,0,0,Photos,,,,,Lifetime,1982,838,80,73,6,1,11,9,2,,,,,,,,
1.18044E+15,1.00069E+14,Juankada Zia,Juankada Zia updated their cover photo.,,0,1/12/2026 20:53,N/A,https://www.facebook.com/photo.php?fbid=1180436780922918&set=a.383650390601565&type=3,0,0,Photos,,,,,Lifetime,0,0,7,7,0,0,0,,,,,,,,,,
1.30496E+15,1.00065E+14,Juankada host Drae,,,0,1/1/2026 23:37,N/A,https://www.facebook.com/JuankadaDrae/posts/pfbid02ppSoa1Go3QQNdo5U5GGgacHWh4AqqH4UhxHJoqVdhXocTj1E2zu6Af5pr45B1rnol,0,1,Photos,,,,,Lifetime,331,125,11,10,1,0,24,14,9,1,,,,,,,
1.33135E+15,1.00065E+14,Juankada host Drae,"GANITO BA MAG SHAKE! 😆

Gusto mo ba mabigyan ng drinks🤔

#Juan365Studios #Juan365 #ColorGameLive  #JuankadaHostDrae #fypシ #trendingreel Juan365","GANITO BA MAG SHAKE! 😆

Gusto mo ba mabigyan ng drinks🤔

#Juan365Studios #Juan365 #ColorGameLive  #JuankadaHostDrae #fypシ #trendingreel @[61572881214141:2048:Juan365]",11,2/2/2026 15:00,N/A,https://www.facebook.com/reel/1919064415389600/,1,0,Videos,,,,,Lifetime,423,252,14,6,8,0,40,40,,,2164.6,7.928,0,0,0,,
1.33116E+15,1.00065E+14,Juankada host Drae,"Too cool to follow rules. 😎

#Juan365  #Juan365Studios #Juan365ColorGame #JuankadaHostDrae #ALLINJUANLIVE #JuankadaHosts #JuankadaHosts",,0,2/2/2026 8:43,N/A,https://www.facebook.com/JuankadaDrae/posts/pfbid02wMWnihbdFduqoLE65wnKDz6yZrgYRfCVQmL54HXuyYGjmfX4VwDstJMVJPjAd3U8l,0,0,Photos,,,,,Lifetime,224,76,14,10,4,0,24,11,13,,,,,,,,
1.33034E+15,1.00065E+14,Juankada host Drae,"Layo ng tingin san kana ba bbq? 

#Juan365  #Juan365Studios #Juan365ColorGame #JuankadaHostDrae #ALLINJUANLIVE #JuankadaHosts #JuankadaHosts",,0,2/1/2026 8:08,N/A,https://www.facebook.com/JuankadaDrae/posts/pfbid02qhStmtNeRkFnQ7EXR68fcvrbVJg9z5Etup2WWU5xZmA4yh7KeAB5FvaBuQoZyDX7l,0,0,Photos,,,,,Lifetime,235,90,17,15,2,0,23,15,8,,,,,,,,
1.32962E+15,1.00065E+14,Juankada host Drae,Juankada host Drae updated their cover photo.,,0,1/31/2026 9:47,N/A,https://www.facebook.com/photo.php?fbid=1329615725870844&set=a.467749982057427&type=3,0,0,Photos,,,,,Lifetime,1,1,15,14,1,0,0,,,,,,,,,,
1.32961E+15,1.00065E+14,Juankada host Drae,"Hi Draemons! 💖 February na, time for fun & kilig! ✨😝",,0,1/31/2026 9:45,N/A,https://www.facebook.com/photo.php?fbid=1329614639204286&set=a.467750008724091&type=3,0,0,Photos,,,,,Lifetime,278,118,27,25,1,1,10,6,4,,,,,,,,
1.3293E+15,1.00065E+14,Juankada host Drae,"Proof that joy looks good on me🤍✨

#Juan365  #Juan365Studios #Juan365ColorGame #JuankadaHostDrae #ALLINJUANLIVE #JuankadaHosts #JuankadaHosts","Proof that joy looks good on me🤍✨

#Juan365  #Juan365Studios #Juan365ColorGame #JuankadaHostDrae #ALLINJUANLIVE #JuankadaHosts #JuankadaHosts",31,1/31/2026 1:18,N/A,https://www.facebook.com/reel/1454013602744624/,0,0,Videos,,,,,Lifetime,240,122,12,9,1,2,10,10,,,1485.495,7.943,0,0,0,,
1.32835E+15,1.00065E+14,Juankada host Drae,"Press 1 totodo ko to🤪✨

#Juan365  #Juan365Studios #Juan365ColorGame #JuankadaHostDrae #ALLINJUANLIVE #JuankadaHosts #JuankadaHosts","Press 1 totodo ko to🤪✨

#Juan365  #Juan365Studios #Juan365ColorGame #JuankadaHostDrae #ALLINJUANLIVE #JuankadaHosts #JuankadaHosts",16,1/30/2026 0:33,N/A,https://www.facebook.com/reel/1546264633340700/,0,0,Videos,,,,,Lifetime,882,687,25,22,3,0,38,38,,,5368.483,7.529,0,0,0,,
1.32799E+15,1.00065E+14,Juankada host Drae,"Dreams feel prettier on mornings like this ✨

#Juan365ColorGame #JuankadaHostDrae #ALLINJUANLIVE #JuankadaHosts #JuankadaHosts",,0,1/29/2026 14:47,N/A,https://www.facebook.com/JuankadaDrae/posts/pfbid02me6hPuHDxKjbY5WphkmmhGUGmSbGSiRidGZqN48moKMQoXE1ARckuxEymBTbg8wWl,0,0,Photos,,,,,Lifetime,371,139,21,20,1,0,52,20,32,,,,,,,,
1.32716E+15,1.00065E+14,Juankada host Drae,"Y2K Outfit ✨ Tara na kaJuankadaaa sa Colorgame liveeee! 

#Juan365ColorGame #JuankadaHostDrae #ALLINJUANLIVE #JuankadaHosts #JuankadaHosts",,0,1/28/2026 17:18,N/A,https://www.facebook.com/JuankadaDrae/posts/pfbid032gUCg3k3cG1bTk5WUNC28PFuP6H8jYWZtc1PKhMGXwocdDmtSCskiPWReFfrFp6jl,0,0,Photos,,,,,Lifetime,340,130,19,17,2,0,22,10,12,,,,,,,,
1.32715E+15,1.00065E+14,Juankada host Drae,"Oh luku! Nakisali pa talaga! 😜

#Juan365ColorGame #JuankadaHostDrae #ALLINJUANLIVE #JuankadaHosts #JuankadaHosts","Oh luku! Nakisali pa talaga! 😜

#Juan365ColorGame #JuankadaHostDrae #ALLINJUANLIVE #JuankadaHosts #JuankadaHosts",16,1/28/2026 17:05,N/A,https://www.facebook.com/reel/1537317840664362/,0,0,Videos,,,,,Lifetime,450,148,31,25,4,2,25,25,,,3929.261,14.499,0,0,0,,
1.32688E+15,1.00065E+14,Juankada host Drae,,,0,1/28/2026 8:42,N/A,https://www.facebook.com/JuankadaDrae/posts/pfbid0DENmU3Kc8Sir2QZ7U1vLKUrHLaWE14bv5CQ9wqj5U5uv5q945oFU6NBU1MwvzNTFl,0,1,Photos,,,,,Lifetime,307,114,15,11,4,0,47,39,8,,,,,,,,
1.32642E+15,1.00065E+14,Juankada host Drae,"ANG SAKIT SAKIT MO NA!! 😭😭

#Juan365  #Juan365Studios #Juan365ColorGame #JuankadaHostDrae #ALLINJUANLIVE #JuankadaHosts #JuankadaHosts","ANG SAKIT SAKIT MO NA!! 😭😭

#Juan365  #Juan365Studios #Juan365ColorGame #JuankadaHostDrae #ALLINJUANLIVE #JuankadaHosts #JuankadaHosts",16,1/27/2026 21:52,N/A,https://www.facebook.com/reel/1259914025990242/,0,0,Videos,,,,,Lifetime,919,672,12,12,0,0,15,15,,,6425.767,9.736,0,0,0,,
1.32616E+15,1.00065E+14,Juankada host Drae,"Energy: chaotic but iconic. ✨

#Juan365  #Juan365Studios #Juan365ColorGame #JuankadaHostDrae #ALLINJUANLIVE #JuankadaHosts #JuankadaHosts",,0,1/27/2026 14:02,N/A,https://www.facebook.com/JuankadaDrae/posts/pfbid0EqeAP7s8xH51FKTWHTKBjkW7BaTrz7sAfn7MbqwKfibNcnBxTYbF3kamDfWrnxLyl,0,0,Photos,,,,,Lifetime,359,151,10,10,0,0,20,9,11,,,,,,,,
1.32527E+15,1.00065E+14,Juankada host Drae,"Life's too short to overthink... so overthink with style. ✨

#Juan365  #Juan365Studios #Juan365ColorGame #JuankadaHostDrae #ALLINJUANLIVE #JuankadaHosts #JuankadaHosts",,0,1/26/2026 14:42,N/A,https://www.facebook.com/JuankadaDrae/posts/pfbid0BZHeidiry2hJLWEEiVj6SXTM9ux5KrK2NT5myGyttx3ZgjooAqUrzJ51DasHTL7yl,0,0,Photos,,,,,Lifetime,305,117,16,15,1,0,28,17,11,,,,,,,,
1.32443E+15,1.00065E+14,Juankada host Drae,"Chill lang, pero outfit ko solid. 👠🥵

#Juan365  #Juan365Studios #Juan365ColorGame #JuankadaHostDrae #ALLINJUANLIVE #JuankadaHosts",,0,1/25/2026 18:13,N/A,https://www.facebook.com/JuankadaDrae/posts/pfbid0dunwtQdeGNi3b9KM1FdirFwP9JR8juV5hcZa99sL4tzQuAfHbxe4j2iTQBX7dDZBl,0,0,Photos,,,,,Lifetime,546,219,19,14,1,4,42,14,28,,,,,,,,
1.32406E+15,1.00065E+14,Juankada host Drae,"Behind the kulitan sa Color Game live kanina with a different kind of atake 😂🔥 Bet mo ’yon?

#Juan365  #Juan365Studios #Juan365ColorGame #JuankadaHostDrae #ALLINJUANLIVE #JuankadaHosts","Behind the kulitan sa Color Game live kanina with a different kind of atake 😂🔥 Bet mo ’yon?

#Juan365  #Juan365Studios #Juan365ColorGame #JuankadaHostDrae #ALLINJUANLIVE #JuankadaHosts",33,1/25/2026 7:55,mixed,https://www.facebook.com/reel/1165548022443496/,1,0,Videos,,,,,Lifetime,181,110,10,10,0,0,6,6,,,1499.289,11.024,0,0,0,,
1.32345E+15,1.00065E+14,Juankada host Drae,"Umagang kay ganda, mga Draemons! ✨
Kamusta kayo? Namiss niyo ba ako?
Tara na sa Color Game Live—sabay saya, tawanan, at kwentuhan! 💥

#Juan365  #Juan365Studios #Juan365ColorGame #JuankadaHostDrae #ALLINJUANLIVE #JuankadaHosts",,0,1/24/2026 16:36,N/A,https://www.facebook.com/JuankadaDrae/posts/pfbid02ww3PEvJSG9Fs4N9ucAa3y9ZEAkDtuhB2xqZSs2N38VSyUFL3KknL94HS32hJViBXl,0,0,Photos,,,,,Lifetime,263,92,9,9,0,0,10,3,7,,,,,,,,
1.32309E+15,1.00065E+14,Juankada host Drae,"𝐈𝐤𝐚𝐰 𝐧𝐚 𝐥𝐚𝐧𝐠 𝐚𝐧𝐠 𝐤𝐚𝐭𝐚𝐛𝐢...
𝐧𝐠𝐚𝐲𝐨𝐧𝐠 𝐠𝐚𝐛𝐢. 🥰✨

#Juan365  #Juan365Studios #Juan365ColorGame #JuankadaHostDrae #ALLINJUANLIVE #JuankadaHosts","𝐈𝐤𝐚𝐰 𝐧𝐚 𝐥𝐚𝐧𝐠 𝐚𝐧𝐠 𝐤𝐚𝐭𝐚𝐛𝐢...
𝐧𝐠𝐚𝐲𝐨𝐧𝐠 𝐠𝐚𝐛𝐢. 🥰✨

#Juan365  #Juan365Studios #Juan365ColorGame #JuankadaHostDrae #ALLINJUANLIVE #JuankadaHosts",16,1/24/2026 6:40,mixed,https://www.facebook.com/reel/3289072371266596/,1,0,Videos,,,,,Lifetime,186,105,12,11,1,0,13,13,,,1314.822,9.597,0,0,0,,
1.32278E+15,1.00065E+14,Juankada host Drae,"Just a few shots from our Color Game live with 𝐉𝐮𝐚𝐧𝐤𝐚𝐝𝐚 𝐡𝐨𝐬𝐭 𝐉𝐞𝐝𝐢!🔥

#Juan365  #Juan365Studios #Juan365ColorGame #JuankadaHostDrae #ALLINJUANLIVE #JuankadaHosts",,0,1/23/2026 23:00,N/A,https://www.facebook.com/JuankadaDrae/posts/pfbid02myKYCokfBiVJHapyo8y34vdubMvQkjpsNFBvfawKMjBBGooTwMXjsmR1ytnYj82gl,0,0,Photos,,,,,Lifetime,204,79,5,5,0,0,9,,9,,,,,,,,
1.32213E+15,1.00065E+14,Juankada host Drae,"Me: kinda felt cute 😇
Haha kalma lang ha, baka masyadong ma-hook ka sa vibe💙

#Juan365  #Juan365Studios #Juan365ColorGame #JuankadaHostDrae #ALLINJUANLIVE #JuankadaHosts","Me: kinda felt cute 😇
Haha kalma lang ha, baka masyadong ma-hook ka sa vibe💙

#Juan365  #Juan365Studios #Juan365ColorGame #JuankadaHostDrae #ALLINJUANLIVE #JuankadaHosts",13,1/23/2026 4:00,mixed,https://www.facebook.com/reel/1624232045238396/,1,0,Videos,,,,,Lifetime,319,200,12,11,1,0,9,9,,,1778.473,7.699,0,0,0,,
1.32193E+15,1.00065E+14,Juankada host Drae,"Quick highlights from the live Color Game smooth, sexy plays and savage attack sequences 🔥

#Juan365  #Juan365Studios #Juan365ColorGame #JuankadaHostDrae #ALLINJUANLIVE #JuankadaHosts","Quick highlights from the live Color Game smooth, sexy plays and savage attack sequences 🔥

#Juan365  #Juan365Studios #Juan365ColorGame #JuankadaHostDrae #ALLINJUANLIVE #JuankadaHosts",17,1/22/2026 22:00,N/A,https://www.facebook.com/reel/1223336915830370/,1,0,Videos,,,,,Lifetime,879,746,14,13,1,0,20,20,,,3683.001,4.897,0,0,0,,
1.3214E+15,1.00065E+14,Juankada host Drae,"Demure sa paningin, chaotic sa realidad. Draemons 𝐫𝐞𝐥𝐚𝐭𝐞 𝐤𝐚 𝐝𝐢𝐲𝐚𝐧? 😆

#Juan365  #Juan365Studios #Juan365ColorGame #JuankadaHostDrae #ALLINJUANLIVE #JuankadaHosts","Demure sa paningin, chaotic sa realidad. Draemons 𝐫𝐞𝐥𝐚𝐭𝐞 𝐤𝐚 𝐝𝐢𝐲𝐚𝐧? 😆

#Juan365  #Juan365Studios #Juan365ColorGame #JuankadaHostDrae #ALLINJUANLIVE #JuankadaHosts",13,1/22/2026 6:30,N/A,https://www.facebook.com/reel/881944004797094/,1,0,Videos,,,,,Lifetime,1939,1223,20,18,1,1,12,12,,,13559.063,10.088,0,0,0,,
1.32118E+15,1.00065E+14,Juankada host Drae,"𝐋𝐞𝐭 𝐦𝐞 𝐭𝐞𝐥𝐥 𝐲𝐨𝐮 𝐭𝐡𝐢𝐬... 𝐃𝐨𝐧𝐭 𝐲𝐨𝐮 𝐝𝐚𝐫𝐞🤪✨

 #Juan365Studios #Juan365ColorGame #JuankadaHostDrae #ALLINJUANLIVE #JuankadaHosts #JuankadaHosts","𝐋𝐞𝐭 𝐦𝐞 𝐭𝐞𝐥𝐥 𝐲𝐨𝐮 𝐭𝐡𝐢𝐬... 𝐃𝐨𝐧𝐭 𝐲𝐨𝐮 𝐝𝐚𝐫𝐞🤪✨

 #Juan365Studios #Juan365ColorGame #JuankadaHostDrae #ALLINJUANLIVE #JuankadaHosts #JuankadaHosts",8,1/22/2026 1:37,N/A,https://www.facebook.com/reel/835434616169609/,0,0,Videos,,,,,Lifetime,370,169,14,11,2,1,15,15,,,1678.618,8.148,0,0,0,,
1.32118E+15,1.00065E+14,Juankada host Drae,,,0,1/22/2026 1:34,N/A,https://www.facebook.com/JuankadaDrae/posts/pfbid02usEksMiZzxMznC4nE9R2NSwBbgwVbTgGKAKXEsh38zEFVDiQuGP2JpBJDwHZrJvgl,0,1,Photos,,,,,Lifetime,226,94,6,6,0,0,6,,5,1,,,,,,,
1.32112E+15,1.00065E+14,Juankada host Drae,"Just vibin', leave the stress behind. 🌈

#Juan365 #Juan365Studios #ALLINJUANLIVE #Juan365ColorGame",,0,1/22/2026 0:00,N/A,https://www.facebook.com/JuankadaDrae/posts/pfbid0umzmxrPYsRbpsKKUrkGnooWcwadQ1Cb4Q1qo29b8WegS5o5Tvr9fAt1XtkDm6dZKl,0,0,Photos,,,,,Lifetime,3321,971,63,29,33,1,402,296,106,,,,,,,,
1.32088E+15,1.00065E+14,Juankada host Drae,,,0,1/21/2026 19:07,N/A,https://www.facebook.com/JuankadaDrae/posts/pfbid02rvYRYb4pxXNpSMqkhrNwGfCN4r9CCNWrm7CXr11siPKDJ3MPAxB3PuBso6Cc3LELl,0,1,Text,,,,,Lifetime,121,84,7,6,1,0,13,13,,,,,,,,,
1.32062E+15,1.00065E+14,Juankada host Drae,"Forda dance muna with our beautiful juankada hosts kilala mo ba sila, Draemons?😆💙 

#Juan365  #Juan365Studios #Juan365ColorGame #JuankadaHostDrae #ALLINJUANLIVE #JuankadaHosts","Forda dance muna with our beautiful juankada hosts kilala mo ba sila, Draemons?😆💙 

#Juan365  #Juan365Studios #Juan365ColorGame #JuankadaHostDrae #ALLINJUANLIVE #JuankadaHosts",15,1/21/2026 11:15,N/A,https://www.facebook.com/reel/1415245006706407/,0,0,Videos,,,,,Lifetime,3736,2601,24,19,4,1,30,30,,,27852.069,10.262,0,0,0,,
1.32006E+15,1.00065E+14,Juankada host Drae,"Late? Nah, I call it ""fashionably on my own me. 😎 

 #Juan365Studios #Juan365ColorGame #JuankadaHostDrae #ALLINJUANLIVE #JuankadaHosts #JuankadaHosts",,0,1/20/2026 22:33,N/A,https://www.facebook.com/JuankadaDrae/posts/pfbid02tgsZEVFeqo5RXhiAQsGo5Jp53hPthbxdp72R97mmERPscWMYbzuuXtod66V5jY7Sl,0,0,Photos,,,,,Lifetime,370,154,21,16,3,2,25,8,17,,,,,,,,
1.31926E+15,1.00065E+14,Juankada host Drae,"𝐒𝐢𝐦𝐩𝐥𝐢𝐜𝐢𝐭𝐲 𝐢𝐬 𝐛𝐞𝐚𝐮𝐭𝐲💞  𝐜𝐨𝐧𝐟𝐢𝐝𝐞𝐧𝐜𝐞 𝐢𝐬 𝐭𝐡𝐞 𝐠𝐥𝐨𝐰. 🍑✨

 #Juan365Studios #Juan365ColorGame #JuankadaHostDrae #ALLINJUANLIVE #JuankadaHosts #JuankadaHosts",,0,1/20/2026 0:40,N/A,https://www.facebook.com/JuankadaDrae/posts/pfbid09S6gv2P5mWdi3WuDqTbDF7Tcyr3jYrx4fjXoVexCTyAZRYd5TeAebMhxWXxjfUQhl,0,0,Photos,,,,,Lifetime,326,112,23,18,4,1,28,8,20,,,,,,,,
1.31926E+15,1.00065E+14,Juankada host Drae,"𝐬𝐡𝐚𝐤𝐞 𝐢𝐭 𝐬𝐡𝐚𝐤𝐞 𝐢𝐭, 𝐬𝐡𝐚𝐤𝐞 𝐭𝐡𝐚𝐭... 𝐇𝐞𝐚𝐥𝐭𝐡𝐲 🍑

#Juan365  #Juan365Studios #Juan365ColorGame #JuankadaHostDrae #ALLINJUANLIVE #JuankadaHosts","𝐬𝐡𝐚𝐤𝐞 𝐢𝐭 𝐬𝐡𝐚𝐤𝐞 𝐢𝐭, 𝐬𝐡𝐚𝐤𝐞 𝐭𝐡𝐚𝐭... 𝐇𝐞𝐚𝐥𝐭𝐡𝐲 🍑

#Juan365  #Juan365Studios #Juan365ColorGame #JuankadaHostDrae #ALLINJUANLIVE #JuankadaHosts",15,1/20/2026 0:38,N/A,https://www.facebook.com/reel/741233412388683/,0,0,Videos,,,,,Lifetime,543,317,26,21,4,1,40,40,,,4388.069,11.859,0,0,0,,
1.31907E+15,1.00065E+14,Juankada host Drae,"✈️ A moment Hong Kong days a place I’ll always come back to. ✨𝐀 𝐪𝐮𝐢𝐞𝐭 𝐤𝐢𝐧𝐝 𝐨𝐟 𝐦𝐢𝐬𝐬𝐢𝐧𝐠 💙

#Juan365  #Juan365Studios #Juan365ColorGame #JuankadaHostDrae #ALLINJUANLIVE #JuankadaHosts","✈️ A moment Hong Kong days a place I’ll always come back to. ✨𝐀 𝐪𝐮𝐢𝐞𝐭 𝐤𝐢𝐧𝐝 𝐨𝐟 𝐦𝐢𝐬𝐬𝐢𝐧𝐠 💙

#Juan365  #Juan365Studios #Juan365ColorGame #JuankadaHostDrae #ALLINJUANLIVE #JuankadaHosts",20,1/19/2026 20:00,N/A,https://www.facebook.com/reel/917028097427163/,1,0,Videos,,,,,Lifetime,310,181,15,13,0,2,9,9,,,1958.659,8.862,0,0,0,,
1.3182E+15,1.00065E+14,Juankada host Drae,"Pasado na sa pagyayaman-yamanan… sumabit pa 🤦🏻‍♀️

Kayo Draemons, anong side kayo mas close? I mean… anong side dish ang bet niyo 😅

#Juan365  #Juan365Studios #Juan365ColorGame #JuankadaHostDrae #ALLINJUANLIVE #JuankadaHosts #JuankadaHosts","Pasado na sa pagyayaman-yamanan… sumabit pa 🤦🏻‍♀️

Kayo Draemons, anong side kayo mas close? I mean… anong side dish ang bet niyo 😅

#Juan365  #Juan365Studios #Juan365ColorGame #JuankadaHostDrae #ALLINJUANLIVE #JuankadaHosts #JuankadaHosts",20,1/18/2026 18:00,mixed,https://www.facebook.com/reel/3173133842841511/,1,0,Videos,,,,,Lifetime,577,329,22,16,4,2,19,19,,,4356.009,10.862,0,0,0,,
1.31757E+15,1.00065E+14,Juankada host Drae,"Hi Draemons!
Listener ka nito noon?
Ayun oh… certified bebot na ngayon 😂🔥

#Juan365  #Juan365Studios #Juan365ColorGame #JuankadaHostDrae #ALLINJUANLIVE #JuankadaHosts","Hi Draemons!
Listener ka nito noon?
Ayun oh… certified bebot na ngayon 😂🔥

#Juan365  #Juan365Studios #Juan365ColorGame #JuankadaHostDrae #ALLINJUANLIVE #JuankadaHosts",15,1/17/2026 23:00,uploaded,https://www.facebook.com/reel/1790196198305052/,1,0,Videos,,,,,Lifetime,491,357,16,14,1,1,15,15,,,3621.737,8.942,0,0,0,,
1.31721E+15,1.00065E+14,Juankada host Drae,,,0,1/17/2026 11:12,N/A,https://www.facebook.com/JuankadaDrae/posts/pfbid02prjpcG84YB4Z7xyMz5mDEyoDybtDoeDi7TMagRy5pfi6DQ6LawPM88VbbXLp5tGNl,0,1,Videos,,,,,Lifetime,125,69,11,9,2,0,3,3,,,,,,,,,
1.31709E+15,1.00065E+14,Juankada host Drae,"Saturday vibes! 🔥
Lika na at makipagkulitan sa Color Game Live ngayong gabi, basta huwag ma-late 🎨

#Juan365  #Juan365Studios #Juan365ColorGame #JuankadaHostDrae #ALLINJUANLIVE #JuankadaHosts",,0,1/17/2026 7:49,N/A,https://www.facebook.com/JuankadaDrae/posts/pfbid02HYMfEj1ZjV1wscgZqHcJDRz59pKx8abBSA9MmiYGy8C9D5tcvke9ddckatZbxA7Rl,0,0,Photos,,,,,Lifetime,272,113,23,18,4,1,18,6,12,,,,,,,1,
1.31658E+15,1.00065E+14,Juankada host Drae,"One more move… one more beat… one more reason to join the fun, Draemons! 💃𝐃𝐢𝐝 𝐲𝐨𝐮 𝐰𝐚𝐭𝐜𝐡 𝐂𝐨𝐥𝐨𝐫 𝐆𝐚𝐦𝐞 𝐋𝐢𝐯𝐞?

#Juan365  #Juan365Studios #Juan365ColorGame #JuankadaHostDrae #ALLINJUANLIVE #JuankadaHosts","One more move… one more beat… one more reason to join the fun, Draemons! 💃𝐃𝐢𝐝 𝐲𝐨𝐮 𝐰𝐚𝐭𝐜𝐡 𝐂𝐨𝐥𝐨𝐫 𝐆𝐚𝐦𝐞 𝐋𝐢𝐯𝐞?

#Juan365  #Juan365Studios #Juan365ColorGame #JuankadaHostDrae #ALLINJUANLIVE #JuankadaHosts",12,1/16/2026 16:00,uploaded,https://www.facebook.com/reel/2070411420458474/,1,0,Videos,,,,,Lifetime,645,497,38,25,7,6,11,11,,,4164.22,9.013,0,0,0,,
1.31631E+15,1.00065E+14,Juankada host Drae,"Magandang gabi, Draemons!
Naka-subaybay na ba ang lahat?
Tara na sa Color Game Live samahan nyo kami ngayong gabi! 🔥

#Juan365  #Juan365Studios #Juan365ColorGame #JuankadaHostDrae #ALLINJUANLIVE #JuankadaHosts",,0,1/16/2026 7:27,N/A,https://www.facebook.com/JuankadaDrae/posts/pfbid02rZ2cZu2KudhET3Yo4daBqVbtGYnz71tJVo8HaKqn3bxjHzhyLraGG4fjJz2zaU3ml,0,0,Photos,,,,,Lifetime,1425,540,45,37,5,3,181,98,83,,,,,,,,
1.31609E+15,1.00065E+14,Juankada host Drae,"𝐀 𝐪𝐮𝐢𝐜𝐤 𝐡𝐢𝐠𝐡𝐥𝐢𝐠𝐡𝐭 𝐟𝐫𝐨𝐦 𝐲𝐞𝐬𝐭𝐞𝐫𝐝𝐚𝐲 ✨

👉🏼 Stay tuned — baka ikaw na ang grand winner tonight 👀

#Juan365  #Juan365Studios #Juan365ColorGame #JuankadaHostDrae #ALLINJUANLIVE #JuankadaHosts #fyp #foryourpage #reels #reelsfypシ","𝐀 𝐪𝐮𝐢𝐜𝐤 𝐡𝐢𝐠𝐡𝐥𝐢𝐠𝐡𝐭 𝐟𝐫𝐨𝐦 𝐲𝐞𝐬𝐭𝐞𝐫𝐝𝐚𝐲 ✨

👉🏼 Stay tuned — baka ikaw na ang grand winner tonight 👀

#Juan365  #Juan365Studios #Juan365ColorGame #JuankadaHostDrae #ALLINJUANLIVE #JuankadaHosts #fyp #foryourpage #reels #reelsfypシ",20,1/16/2026 2:00,N/A,https://www.facebook.com/reel/1247433307235936/,1,0,Videos,,,,,Lifetime,367,259,24,15,5,4,13,13,,,2913.564,11.078,0,0,0,,
1.3159E+15,1.00065E+14,Juankada host Drae,"𝐃𝐚𝐝𝐝𝐲... 𝐎𝐡𝐢𝐨...
Ay wait—ba’t medyo kinilig ako? 🤭

#Juan365  #Juan365Studios #Juan365ColorGame #JuankadaHostDrae #ALLINJUANLIVE #JuankadaHosts #fyp #foryourpage #reels #reelsfypシ","𝐃𝐚𝐝𝐝𝐲... 𝐎𝐡𝐢𝐨...
Ay wait—ba’t medyo kinilig ako? 🤭

#Juan365  #Juan365Studios #Juan365ColorGame #JuankadaHostDrae #ALLINJUANLIVE #JuankadaHosts #fyp #foryourpage #reels #reelsfypシ",14,1/15/2026 21:00,mixed,https://www.facebook.com/reel/851895277661476/,1,0,Videos,,,,,Lifetime,549,395,20,17,2,1,24,24,,,3832.798,9.802,0,0,0,,
1.31578E+15,1.00065E+14,Juankada host Drae,"𝐆𝐨𝐨𝐝 𝐦𝐨𝐫𝐧𝐢𝐧𝐠 ☕ 𝐛𝐮𝐭 𝐧𝐨𝐭𝐡𝐢𝐧𝐠 𝐛𝐞𝐭𝐭𝐞𝐫 𝐭𝐡𝐚𝐧 𝐬𝐞𝐞𝐢𝐧𝐠 𝐭𝐡𝐢𝐬 𝐟𝐢𝐫𝐬𝐭 𝐭𝐡𝐢𝐧𝐠 𝐭𝐨𝐝𝐚𝐲 👀

#Juan365  #Juan365Studios #Juan365ColorGame #JuankadaHostDrae #ALLINJUANLIVE #JuankadaHosts #fyp #reels",,0,1/15/2026 17:00,N/A,https://www.facebook.com/JuankadaDrae/posts/pfbid02HT1G3ZPWQHQPRXNFp1wXJuRbWfxC4Ff9HYGqax9Ro8B1HYYiYerr9LzYYnqLThjtl,0,0,Photos,,,,,Lifetime,307,125,20,16,3,1,19,11,8,,,,,,,,
1.31488E+15,1.00065E+14,Juankada host Drae,"Iba muna ang energy for today’s video.
Ibang level ng vibes natin, Draemons.
𝐍𝐚𝐤𝐚𝐩𝐚𝐧𝐮𝐨𝐝 𝐤𝐚 𝐛𝐚 𝐤𝐚𝐧𝐢𝐧𝐚? 😎

#Juan365  #Juan365Studios #Juan365ColorGame #JuankadaHostDrae #ALLINJUANLIVE #JuankadaHosts","Iba muna ang energy for today’s video.
Ibang level ng vibes natin, Draemons.
𝐍𝐚𝐤𝐚𝐩𝐚𝐧𝐮𝐨𝐝 𝐤𝐚 𝐛𝐚 𝐤𝐚𝐧𝐢𝐧𝐚? 😎

#Juan365  #Juan365Studios #Juan365ColorGame #JuankadaHostDrae #ALLINJUANLIVE #JuankadaHosts",38,1/14/2026 16:00,N/A,https://www.facebook.com/reel/1306852281204288/,1,0,Videos,,,,,Lifetime,456,265,34,29,3,2,21,21,,,7483.558,23.459,0,0,0,,
1.31466E+15,1.00065E+14,Juankada host Drae,"What’s up Draemons! Host Drae here!
Black Mona ang galawan today!
Naka-tune in ka na sa Color Game Live?
Huwag papahuli. LET’S GO NA! 🚀  

#Juan365  #Juan365Studios #Juan365ColorGame #JuankadaHostDrae #ALLINJUANLIVE #JuankadaHosts",,0,1/14/2026 8:25,N/A,https://www.facebook.com/JuankadaDrae/posts/pfbid06eFRbfs5vVyTRF3fuNy8NQdv3J9ZTfqXcTh7qMRNCGB4Tyqwa1Wd8LSg74cxKMBjl,0,0,Photos,,,,,Lifetime,393,155,27,21,6,0,34,16,18,,,,,,,,
1.31427E+15,1.00065E+14,Juankada host Drae,,,0,1/13/2026 21:42,N/A,https://www.facebook.com/JuankadaDrae/posts/pfbid0UjwSCBS7GSN7vhaZKC1PUH3yzLMcSLev2h2MiXZU4eP4F1qEJ5o3aj3dVeFtq2vxl,0,1,Text,,,,,Lifetime,97,94,14,14,0,0,2,2,,,,,,,,,
1.31412E+15,1.00065E+14,Juankada host Drae,"𝐔𝐲 𝐃𝐫𝐚𝐞𝐦𝐨𝐧𝐬, 𝐠𝐢𝐬𝐢𝐧𝐠 𝐩𝐚 𝐛𝐚 𝐤𝐚𝐲𝐨? 😴💙
Show me your pajama vibes tonight! 🛌✨

 Naka-tune in ka kanina? Drop ng ❤️ kung oo!

#Juan365  #Juan365Studios #Juan365ColorGame #JuankadaHostDrae #ALLINJUANLIVE #JuankadaHosts #JuankadaHosts",,0,1/13/2026 17:00,N/A,https://www.facebook.com/JuankadaDrae/posts/pfbid0yintwSZPoZmbBZ9JXV9vozWVF6GGgWzBPuDFeX1irpY8ZTv9wN4tuT6JuxXmt3BFl,0,0,Photos,,,,,Lifetime,329,141,22,17,3,2,22,6,16,,,,,,,,
1.31403E+15,1.00065E+14,Juankada host Drae,,,0,1/13/2026 13:39,N/A,https://www.facebook.com/JuankadaDrae/posts/pfbid02mW8KtLpn2GGhFJh4xQHS6z19zaJZjJC2RVaYp8p5vMpua25qWYJVeCzGKMkgxDaHl,0,1,Photos,,,,,Lifetime,220,95,12,8,2,2,6,,6,,,,,,,,
1.31385E+15,1.00065E+14,Juankada host Drae,"Hi Draemons! 😎💙
Eto na ako! miss niyo na ba ako? 👀
Gising ka pa ba? Tara, samahan mo ako makisaya sa Color Game Live natin ngayong gabi! 🎨🔥

#Juan365  #Juan365Studios #Juan365ColorGame #JuankadaHostDrae #ALLINJUANLIVE #JuankadaHosts #JuankadaHosts","Hi Draemons! 😎💙
Eto na ako! miss niyo na ba ako? 👀
Gising ka pa ba? Tara, samahan mo ako makisaya sa Color Game Live natin ngayong gabi! 🎨🔥

#Juan365  #Juan365Studios #Juan365ColorGame #JuankadaHostDrae #ALLINJUANLIVE #JuankadaHosts #JuankadaHosts",27,1/13/2026 7:41,N/A,https://www.facebook.com/reel/1595736501779836/,1,0,Videos,,,,,Lifetime,919,334,52,37,2,13,36,36,,,11206.867,17.456,0,0,0,,
1.31279E+15,1.00065E+14,Juankada host Drae,"Hi Draemons!!! 🔥 Miss niyo na ba ako sa Color Game? 👀 Bukas babawi ako juakada kita, kits tayo!

#Juan365  #Juan365Studios #Juan365ColorGame #JuankadaHostDrae #ALLINJUANLIVE #JuankadaHosts #JuankadaHosts",,0,1/11/2026 23:00,N/A,https://www.facebook.com/JuankadaDrae/posts/pfbid0eRppiuYZjB4YEYFWN5qXwhCasUJ8QsEpfQqkM4Gb6WnpmcdPpgis5S7zbUQXM8tGl,0,0,Photos,,,,,Lifetime,453,172,32,20,6,6,15,14,1,,,,,,,,
1.3127E+15,1.00065E+14,Juankada host Drae,"When I start dancing, it’s impossible not to watch! 

Watch me na lang lagi sa Color Game para lagi niyong makita ang mga ganyang moves ko💯🔥

#Juan365  #Juan365Studios #Juan365ColorGame #JuankadaHostDrae #ALLINJUANLIVE #JuankadaHosts #JuankadaHosts","When I start dancing, it’s impossible not to watch! 

Watch me na lang lagi sa Color Game para lagi niyong makita ang mga ganyang moves ko💯🔥

#Juan365  #Juan365Studios #Juan365ColorGame #JuankadaHostDrae #ALLINJUANLIVE #JuankadaHosts #JuankadaHosts",16,1/11/2026 20:30,mixed,https://www.facebook.com/reel/924715403219100/,1,0,Videos,,,,,Lifetime,373,214,25,22,3,0,28,28,,,2847.526,11.622,0,0,0,,
1.31205E+15,1.00065E+14,Juankada host Drae,"Sakto mag-Valentines na, flowers and chocolates who??? PERA ANG GUSTO KO! 💸💔

Sinong nakakarelate, draemons? 😅

#Juan365  #Juan365Studios #Juan365ColorGame #JuankadaHostDrae #ALLINJUANLIVE #JuankadaHosts #JuankadaHosts","Sakto mag-Valentines na, flowers and chocolates who??? PERA ANG GUSTO KO! 💸💔

Sinong nakakarelate, draemons? 😅

#Juan365  #Juan365Studios #Juan365ColorGame #JuankadaHostDrae #ALLINJUANLIVE #JuankadaHosts #JuankadaHosts",11,1/10/2026 23:00,mixed,https://www.facebook.com/reel/2054018158696282/,1,0,Videos,,,,,Lifetime,1025,411,72,47,18,7,74,74,,,6469.588,10.236,0,0,0,,
1.31188E+15,1.00065E+14,Juankada host Drae,"Hi, Draemons! 😄 Just stopping by to sprinkle konting good vibes sa araw niyo! ✨

Abangan niyo 'ko palagi sa Color Game—kitakits! 

#Juan365  #Juan365Studios #Juan365ColorGame #JuankadaHostDrae #ALLINJUANLIVE #JuankadaHosts #JuankadaHosts","Hi, Draemons! 😄 Just stopping by to sprinkle konting good vibes sa araw niyo! ✨

Abangan niyo 'ko palagi sa Color Game—kitakits! 

#Juan365  #Juan365Studios #Juan365ColorGame #JuankadaHostDrae #ALLINJUANLIVE #JuankadaHosts #JuankadaHosts",21,1/10/2026 18:00,N/A,https://www.facebook.com/reel/856770403840782/,1,0,Videos,,,,,Lifetime,356,279,20,16,3,1,14,14,,,2080.432,7.028,0,0,0,,
1.31154E+15,1.00065E+14,Juankada host Drae,"Pigilan mong sarili mong mahulog sa katulad ko… kung kaya mo? 🤪

Pusuan mo nga ‘to kung matapang ka 🤔

#Juan365  #Juan365Studios #Juan365ColorGame #JuankadaHostDrae #ALLINJUANLIVE #JuankadaHosts #JuankadaHosts","Pigilan mong sarili mong mahulog sa katulad ko… kung kaya mo? 🤪

Pusuan mo nga ‘to kung matapang ka 🤔

#Juan365  #Juan365Studios #Juan365ColorGame #JuankadaHostDrae #ALLINJUANLIVE #JuankadaHosts #JuankadaHosts",16,1/10/2026 6:30,mixed,https://www.facebook.com/reel/1167601185356620/,1,0,Videos,,,,,Lifetime,311,184,16,16,0,0,12,12,,,1637.78,7.444,0,0,0,,
1.31106E+15,1.00065E+14,Juankada host Drae,"Hi Draemons!!! 🔥 Kulitan at kwentuhan na ulit ngayon! Abang na sa Juan365 Color Game halika na! 😄

#Juan365  #Juan365Studios #Juan365ColorGame #JuankadaHostDrae #ALLINJUANLIVE #JuankadaHosts #JuankadaHosts",,0,1/9/2026 15:35,N/A,https://www.facebook.com/JuankadaDrae/posts/pfbid0zKrApVq3p2tLfnoKztLpp5mp5tDTTm6etWw4zY6pd4zjtvZLPXp5YdtDmAaBUkrNl,0,0,Photos,,,,,Lifetime,459,186,20,14,2,4,25,4,21,,,,,,,,
1.31079E+15,1.00065E+14,Juankada host Drae,"Helu Juankada!!! 😜 Magandang gabi! Hindi pa tapos ang araw quick dance muna tayo! 💃 Kamusta ka? Umabot ka ba sa live kanina o late ka na naman?😂 

#Juan365  #Juan365Studios #Juan365ColorGame #JuankadaHostDrae #ALLINJUANLIVE #JuankadaHosts #JuankadaHosts","Helu Juankada!!! 😜 Magandang gabi! Hindi pa tapos ang araw quick dance muna tayo! 💃 Kamusta ka? Umabot ka ba sa live kanina o late ka na naman?😂 

#Juan365  #Juan365Studios #Juan365ColorGame #JuankadaHostDrae #ALLINJUANLIVE #JuankadaHosts #JuankadaHosts",14,1/9/2026 7:00,N/A,https://www.facebook.com/reel/1616499419346098/,1,0,Videos,,,,,Lifetime,710,248,51,35,8,8,18,18,,,4708.978,10.148,0,0,0,,
1.31035E+15,1.00065E+14,Juankada host Drae,,,0,1/8/2026 19:07,N/A,https://www.facebook.com/JuankadaDrae/posts/pfbid0g5VbVgLEpdRYcj3tnBqz84bWvByfsr75zqQMgbSnQJc9jEUXtfLxrY67Q8T5YGhQl,0,1,Photos,,,,,Lifetime,351,138,29,19,6,4,21,7,9,5,,,,,,,
1.31035E+15,1.00065E+14,Juankada host Drae,"DRAEMONS! It's afternoon fit check👀❤️ 

live parin ang color game sa Juan365 app at website.✨

👉Don't miss out-play now!

#Juan365 #Juan365Studios #ALLINJUANLIVE #Juan365ColorGame #JuankadaDrae #Juankadahosts #fypviralシ #reelsfypシ","DRAEMONS! It's afternoon fit check👀❤️ 

live parin ang color game sa Juan365 app at website.✨

👉Don't miss out-play now!

#Juan365 #Juan365Studios #ALLINJUANLIVE #Juan365ColorGame #JuankadaDrae #Juankadahosts #fypviralシ #reelsfypシ",7,1/8/2026 19:06,N/A,https://www.facebook.com/reel/1920783588559955/,0,0,Videos,,,,,Lifetime,867,344,21,19,0,2,13,13,,,3851.784,7.35,0,0,0,,
1.31021E+15,1.00065E+14,Juankada host Drae,"𝐃𝐑𝐀𝐄𝐌𝐎𝐍𝐒, ARE YOU READY? 👀✨

IT’S TIME! 🚨
Triple color streaks + x150 prizes are dropping TODAY!  Together with Juankada Alexchoozy🌟

👉Tap into the Color Game LIVE on Juan365 App or Website! Don’t blink!

#Juan365ColorGame #JuankadaHostDrae #ALLINJUANLIVE #JuankadaHosts #JuankadaHosts",,0,1/8/2026 14:26,N/A,https://www.facebook.com/JuankadaDrae/posts/pfbid0z8VSSeyb6i6HKg935hNw1dJz9zxHsbDu8mh9DUEsRJupTaJ23jyroSqvE4TEirapl,0,0,Photos,,,,,Lifetime,639,240,19,18,0,1,54,19,35,,,,,,,,
1.30953E+15,1.00065E+14,Juankada host Drae,,,0,1/7/2026 19:10,N/A,https://www.facebook.com/JuankadaDrae/posts/pfbid02R6Q5fdFbRWR8cnLTKiT4NMc2y2zZX3CHLG9JuhAWxumEuA7ySXhp7Pwyn6Bq2o18l,0,1,Photos,,,,,Lifetime,281,107,8,7,0,1,11,3,4,4,,,,,,,
1.30948E+15,1.00065E+14,Juankada host Drae,,,0,1/7/2026 17:52,N/A,https://www.facebook.com/JuankadaDrae/posts/pfbid0kCt8bviDor25684JZNkpohB5BeZTWg2jNfdyyzJeNUJWeQJLPZEVJGanA4iZgfMAl,0,1,Photos,,,,,Lifetime,215,98,7,6,1,0,4,1,3,,,,,,,,
1.30948E+15,1.00065E+14,Juankada host Drae,THANKYOUUUU MGA KAJUANKADAAA SA SUPPORT!!! 🫶🏻,,0,1/7/2026 17:48,N/A,https://www.facebook.com/JuankadaDrae/posts/pfbid0rRGvRVhPb7g93Ym5UnLjbdrNLs26BsY5hhv7TJS2fT7tbMBhNV276zaRh3hWYtF1l,0,1,Photos,,,,,Lifetime,199,98,4,4,0,0,3,2,1,,,,,,,,
1.30937E+15,1.00065E+14,Juankada host Drae,"Hi Juankada! Its your host Juankada drae. Samahan niyo ko mamaya sa 𝐉𝐮𝐚𝐧𝟑𝟔𝟓 𝐂𝐨𝐥𝐨𝐫 𝐆𝐚𝐦𝐞 𝐋𝐈𝐕𝐄! 🔥 Let’s color our way to fun!

#Juan365  #Juan365Studios #Juan365ColorGame #JuankadaHostDrae #ALLINJUANLIVE #JuankadaHosts #JuankadaHosts",,0,1/7/2026 14:36,N/A,https://www.facebook.com/JuankadaDrae/posts/pfbid02QtAdMh5jcBrX2418xX6zNx5ND9bZSTZZJDpE4bddep82MHn8L5N1vHeLv8pL1VnZl,0,0,Photos,,,,,Lifetime,317,135,20,20,0,0,29,9,20,,,,,,,,
1.30911E+15,1.00065E+14,Juankada host Drae,"Helu Juankada! 😄 Hindi muna tayo seryoso today. tamang dance-dance lang muna for this video. Enjoy tayo! 🎵✨”

#Juan365  #Juan365Studios #Juan365ColorGame #JuankadaHostDrae #ALLINJUANLIVE #JuankadaHosts #JuankadaHosts","Helu Juankada! 😄 Hindi muna tayo seryoso today. tamang dance-dance lang muna for this video. Enjoy tayo! 🎵✨”

#Juan365  #Juan365Studios #Juan365ColorGame #JuankadaHostDrae #ALLINJUANLIVE #JuankadaHosts #JuankadaHosts",16,1/7/2026 7:00,N/A,https://www.facebook.com/reel/1759661961818083/,1,0,Videos,,,,,Lifetime,499,296,19,16,2,1,28,28,,,3087.8,8.673,0,0,0,,
1.30909E+15,1.00065E+14,Juankada host Drae,"Juankada! 𝐒𝐢𝐧𝐨 𝐝𝐢𝐭𝐨 𝐚𝐧𝐠 𝐧𝐚𝐤𝐚-𝐟𝐨𝐥𝐥𝐨𝐰 𝐧𝐚? 🙋‍♂️🙋‍♀️ 
Follow now para una sa 𝐛𝐚𝐥𝐢𝐭𝐚 𝐚𝐭 𝐩𝐫𝐢𝐳𝐞𝐬!🎁

 #Juan365Studios #Juan365 #ALLINJUANLIVE #JuankadaHosts #Juankada",,0,1/7/2026 6:34,N/A,https://www.facebook.com/JuankadaDrae/posts/pfbid0y7QeM1fWrNdAm4XgtAB9ZSFSQHUWZPRvb5ZV9wjEfVU4XaP2MWcNMT8TTuaRguXBl,0,1,Photos,,,,,Lifetime,211,92,1,1,0,0,3,2,1,,,,,,,,
1.30883E+15,1.00065E+14,Juankada host Drae,"Hi Juankada! 💕💃
Pa-sweet girl muna tayo today 🥰✨
Kamusta ka today, Juankada? 👀💖
Comment mo na mood mo ngayon gamit emoji! 😄

Happy vibes lang tayo palagi, ha? 💫💞
#Juan365  #Juan365Studios #Juan365ColorGame #JuankadaHostDrae #ALLINJUANLIVE #JuankadaHosts #JuankadaHosts","Hi Juankada! 💕💃
Pa-sweet girl muna tayo today 🥰✨
Kamusta ka today, Juankada? 👀💖
Comment mo na mood mo ngayon gamit emoji! 😄

Happy vibes lang tayo palagi, ha? 💫💞
#Juan365  #Juan365Studios #Juan365ColorGame #JuankadaHostDrae #ALLINJUANLIVE #JuankadaHosts #JuankadaHosts",8,1/6/2026 23:00,N/A,https://www.facebook.com/reel/25920446284225872/,1,0,Videos,,,,,Lifetime,501,231,30,26,3,1,17,17,,,2839,10.672,0,0,0,,
1.30864E+15,1.00065E+14,Juankada host Drae,"ALL BEHIND THE SCENES! 👀🔥
Sama-sama tayo, JUANKADA! 🙌
Nakanood ka ba kahapon sa LIVE natin?
Mas solid ngayon—makipagkulitan tayo! 💥😎

🚨 This is your SIGN! 🚨
Buksan na ang website o app ngayon.
huwag magpahuli, SAMA NA SA LIVE, JUANKADA!

#Juan365  #Juan365Studios #Juan365ColorGame #JuankadaHostDrae #ALLINJUANLIVE #JuankadaHosts #JuankadaHosts","ALL BEHIND THE SCENES! 👀🔥
Sama-sama tayo, JUANKADA! 🙌
Nakanood ka ba kahapon sa LIVE natin?
Mas solid ngayon—makipagkulitan tayo! 💥😎

🚨 This is your SIGN! 🚨
Buksan na ang website o app ngayon.
huwag magpahuli, SAMA NA SA LIVE, JUANKADA!

#Juan365  #Juan365Studios #Juan365ColorGame #JuankadaHostDrae #ALLINJUANLIVE #JuankadaHosts #JuankadaHosts",50,1/6/2026 18:00,uploaded,https://www.facebook.com/reel/2139340006886629/,1,0,Videos,,,,,Lifetime,768,219,59,46,11,2,31,31,,,10579.591,19.664,0,0,0,,
1.30855E+15,1.00065E+14,Juankada host Drae,"Hi Juankada! 💕💃✨
Samahan n’yo ako ulit makipagkulitan sa COLOR GAME LIVE ngayon na! 🎨🔥
Tawanan, saya, at good vibes lang tayo dito 💖

#Juan365  #Juan365Studios #Juan365ColorGame #JuankadaHostDrae #ALLINJUANLIVE #JuankadaHosts #JuankadaHosts",,0,1/6/2026 15:13,N/A,https://www.facebook.com/JuankadaDrae/posts/pfbid02td3rqPqYM9oaJuPqidSYihMioPHwd5LEECnekfCx8P2m9dfRU59hoTBxZfLT4fZ8l,0,0,Photos,,,,,Lifetime,634,214,23,17,3,3,34,12,22,,,,,,,,
1.30767E+15,1.00065E+14,Juankada host Drae,"Juankadaaaa! Did you miss me?🔥
It’s your Juankada Host Drae! 😎
Tara na, gisingin ang saya at kulit. 

It’s your sign to open that website or app!  huwag na magpahuli Juankada sama na sa LIVE! 🔥

#Juan365  #Juan365Studios #Juan365ColorGame #JuankadaHostDrae #ALLINJUANLIVE #JuankadaHosts #JuankadaHosts",,0,1/5/2026 14:17,N/A,https://www.facebook.com/JuankadaDrae/posts/pfbid0Q5CzDmSoqcbQyidaemW5WmsfK2exSgT9Bqrxs8Q24kHRLmZsb6gyteSVVJD82e2cl,0,0,Photos,,,,,Lifetime,555,201,29,28,1,0,58,22,36,,,,,,,,
1.30706E+15,1.00065E+14,Juankada host Drae,"Hi Juankada! 🤪
Your chaotic host Drae here—tara na at makipagkulitan sa Color Game Live at Juan365 app at website! 🎨

#Juan365  #Juan365Studios #Juan365ColorGame #JuankadaHostDrae #ALLINJUANLIVE #JuankadaHosts #JuankadaHosts","Hi Juankada! 🤪
Your chaotic host Drae here—tara na at makipagkulitan sa Color Game Live at Juan365 app at website! 🎨

#Juan365  #Juan365Studios #Juan365ColorGame #JuankadaHostDrae #ALLINJUANLIVE #JuankadaHosts #JuankadaHosts",12,1/4/2026 20:00,N/A,https://www.facebook.com/reel/2033314423878701/,1,0,Videos,,,,,Lifetime,1081,537,39,29,10,0,71,71,,,6662.231,9.914,0,0,0,,
1.30558E+15,1.00065E+14,Juankada host Drae,Juankada host Drae added a new photo.,,0,1/2/2026 20:14,N/A,https://www.facebook.com/photo.php?fbid=1305580501607700&set=a.467750008724091&type=3,0,0,Photos,,,,,Lifetime,298,132,21,18,3,0,6,5,1,,,,,,,,
1.30556E+15,1.00065E+14,Juankada host Drae,Juankada host Drae updated their cover photo.,,0,1/2/2026 19:39,N/A,https://www.facebook.com/photo.php?fbid=1305562984942785&set=a.467749982057427&type=3,0,0,Photos,,,,,Lifetime,0,0,9,9,0,0,0,,,,,,,,,,
1.30496E+15,1.00065E+14,Juankada host Drae,"Nood na, Juankada! 🎉 LIVE na sa Juan365 App at website — Maki-All In Juan sa Saya ngayon!

#Juan365 #JuankadaHostDrae
#Juan365ColorGame #Juan365Studios #ALLINJUANLIVE #JuankadaHosts #JuankadaHosts",,0,1/1/2026 23:49,N/A,https://www.facebook.com/JuankadaDrae/posts/pfbid02MkDu3HLJnMC87MDK3UFB636pUpd4ZsWcoDta17NpwH3qquNYQHHGtzEskoaFL2vBl,0,0,Photos,,,,,Lifetime,488,187,31,22,7,2,61,36,25,,,,,,,,
