"Post ID","Page ID","Page name",Title,Description,"Duration (sec)","Publish time","Caption type",Permalink,"Is crosspost","Is share","Post type",Languages,"Custom labels","Funded content status","Data comment",Date,Views,Reach,"Reactions, Comments and Shares",Reactions,Comments,Shares,"Total clicks","Other Clicks","Matched Audience Targeting Consumption (Photo Click)","Link Clicks","Matched Audience Targeting Consumption (Video Click)","Seconds viewed","Average Seconds viewed","Estimated earnings (USD)","Ad CPM (USD)","Ad impressions"
122184577460383179,61561495390240,"JUANKada Host Ikay","Don't leave me dancin' alone 🎶🫶

Good thing sinamahan ako ni Juankada Lance sa trend na ‘to! 

Kanino mas bagay yung trend na 'to? Comment na, Kikays! 🌸

#Juan365Studios
#ALLINJUANLIVE #Juan365 #ColorGameLive #JuankadaIkay","Don't leave me dancin' alone 🎶🫶

Good thing sinamahan ako ni @[61584243275518:2048:Juankada Lance] sa trend na ‘to! 

Kanino mas bagay yung trend na 'to? Comment na, Kikays! 🌸

#Juan365Studios
#ALLINJUANLIVE #Juan365 #ColorGameLive #JuankadaIkay",15,"01/01/2026 20:14",N/A,https://www.facebook.com/reel/856971900558109/,0,0,Videos,,,,,Lifetime,2880,1083,57,53,1,3,53,53,,,,20134.6,9.452,0,0,0
122184669344383179,61561495390240,"JUANKada Host Ikay","JUANKada Host Ikay updated their cover photo.",,0,"01/02/2026 18:39",N/A,https://www.facebook.com/photo.php?fbid=122184669344383179&set=a.122140909430383179&type=3,0,0,Photos,,,,,Lifetime,2,1,19,17,1,1,0,,,,,,,,,
122184689018383179,61561495390240,"JUANKada Host Ikay","LIVE na ako, Kikays! 🌸

Watch me NOW para good vibes from afternoon hanggang gabi niyo ✨

Hihintayin ko kayo sa live ha! 😉

#Juan365Studios #ALLINJUANLIVE #Juan365 #ColorGameLive #JuankadaIkay #Kikays",,0,"01/02/2026 23:44",N/A,https://www.facebook.com/JUANKadaHostIkayOfficialPage/posts/pfbid0oY4cbrviawWWFg6z45x1F9JRVK2apRRD1VkmRwFKTkXxCTQWx3XQSkXQHpffvsF6l,0,0,Photos,,,,,Lifetime,2595,964,73,55,13,5,104,76,28,,,,,,,
122184789542383179,61561495390240,"JUANKada Host Ikay","And I'mma be your number one girl, always making time for you, Kikays! 🌸✨

Catch me LIVE NOW sa Color Game From 2PM to 10PM!

Don’t miss the fun, Kikays!

#Juan365Studios #ALLINJUANLIVE #Juan365 #ColorGameLive #JuankadaIkay #Kikays","And I'mma be your number one girl, always making time for you, Kikays! 🌸✨

Catch me LIVE NOW sa Color Game From 2PM to 10PM!

Don’t miss the fun, Kikays!

#Juan365Studios #ALLINJUANLIVE #Juan365 #ColorGameLive #JuankadaIkay #Kikays",15,"01/03/2026 23:21",N/A,https://www.facebook.com/reel/862805923201086/,0,0,Videos,,,,,Lifetime,1805,620,90,74,15,1,40,40,,,,10041.384,7.151,0,0,0
122184886364383179,61561495390240,"JUANKada Host Ikay","Heads up, Kikays! 👀 

Live na ako now until 10PM!

Stay tuned and samahan ako sa saya! ✨

#Juan365Studios #ALLINJUANLIVE #Juan365 #ColorGameLive #JuankadaIkay #Kikays",,0,"01/05/2026 00:21",N/A,https://www.facebook.com/JUANKadaHostIkayOfficialPage/posts/pfbid02jFVwsNFWBgkVPAzYhAnTeWZG3js2D95UHm9L9cVpWFzfswmqTmYk6ncgTVktd5rfl,0,0,Photos,,,,,Lifetime,2873,1198,68,61,4,3,166,92,74,,,,,,,
122184904130383179,61561495390240,"JUANKada Host Ikay","Shawty, I don’t mind 🎧

Don’t mind what they say, Kikays. Your glow, your rules. Be confident ✨🌸

#Juan365Studios #ALLINJUANLIVE #Juan365 #ColorGameLive #JuankadaIkay #Kikays","Shawty, I don’t mind 🎧

Don’t mind what they say, Kikays. Your glow, your rules. Be confident ✨🌸

#Juan365Studios #ALLINJUANLIVE #Juan365 #ColorGameLive #JuankadaIkay #Kikays",15,"01/05/2026 04:15",N/A,https://www.facebook.com/reel/4167437183516019/,0,0,Videos,,,,,Lifetime,2299,760,72,67,2,3,45,45,,,,14655.115,8.666,0,0,0
122184985280383179,61561495390240,"JUANKada Host Ikay","Still me, just in different moods ✨

How’s your year so far, Kikays? So far so good? Drop a “💖” if yes!

#Juan365Studios #ALLINJUANLIVE #Juan365 #ColorGameLive #JuankadaIkay #Kikays",,0,"01/06/2026 00:13",N/A,https://www.facebook.com/JUANKadaHostIkayOfficialPage/posts/pfbid02vZrQXQD1gfbBj4DDcaLjZ99KVNts1zy1p5TFfrBACs4k6SDN9Nsb5U5fKfLmd3Frl,0,0,Photos,,,,,Lifetime,2067,928,34,31,1,2,121,34,87,,,,,,,
122184997124383179,61561495390240,"JUANKada Host Ikay","Ayaw kong nabibitin 🎶

Kaya watch me sa Color Game LIVE! Siguradong hindi ka mabibitin sa saya at premyo! 🎁

Download the Juan365 App sa Play Store and App Store na! 🎮

#Juan365Studios #ALLINJUANLIVE #Juan365 #ColorGameLive #JuankadaIkay #Kikays","Ayaw kong nabibitin 🎶

Kaya watch me sa Color Game LIVE! Siguradong hindi ka mabibitin sa saya at premyo! 🎁

Download the Juan365 App sa Play Store and App Store na! 🎮

#Juan365Studios #ALLINJUANLIVE #Juan365 #ColorGameLive #JuankadaIkay #Kikays",16,"01/06/2026 02:55",N/A,https://www.facebook.com/reel/1217464026992525/,0,0,Videos,,,,,Lifetime,1443,478,59,47,9,3,49,49,,,,7983.803,7.122,0,0,0
122185101356383179,61561495390240,"JUANKada Host Ikay","To all my marilag kikays out there, never stop sparkling! 🌸✨

#Juan365Studios #ALLINJUANLIVE #Juan365 #ColorGameLive #JuankadaIkay #Kikays","To all my marilag kikays out there, never stop sparkling! 🌸✨

#Juan365Studios #ALLINJUANLIVE #Juan365 #ColorGameLive #JuankadaIkay #Kikays",36,"01/06/2026 22:35",N/A,https://www.facebook.com/reel/894560389655814/,0,0,Videos,,,,,Lifetime,2710,789,131,116,12,3,107,107,,,,31900.041,15.366,0,0,0
122185202126383179,61561495390240,"JUANKada Host Ikay","Kikay’s, set your alarms na! ⏰‼️

Abangan niyo ako bukas sa Color Game! 6am-2pm 🤗🫶🏼

See you! 🌸

#Juan365Studios #ALLINJUANLIVE #Juan365 #ColorGameLive #JuankadaIkay","Kikay’s, set your alarms na! ⏰‼️

Abangan niyo ako bukas sa Color Game! 6am-2pm 🤗🫶🏼

See you! 🌸

#Juan365Studios #ALLINJUANLIVE #Juan365 #ColorGameLive #JuankadaIkay",14,"01/07/2026 20:51",N/A,https://www.facebook.com/reel/1538065327450829/,0,0,Videos,,,,,Lifetime,1339,424,69,51,16,2,34,34,,,,7845.439,7.908,0,0,0
122185209578383179,61561495390240,"JUANKada Host Ikay",🤗,,0,"01/07/2026 23:14",N/A,https://www.facebook.com/JUANKadaHostIkayOfficialPage/posts/pfbid02ZdSFjjZADP8koDAZk2tTQtfbA9vA9Kzc1211QVwP6hAJoT5h9TsDWfMtN1GUxjUjl,0,1,Text,,,,,Lifetime,,206,17,13,4,0,16,16,,,,,,,,
122185275254383179,61561495390240,"JUANKada Host Ikay","Juankada Alexchoozy Juankada host Drae",,0,"01/08/2026 15:17",N/A,https://www.facebook.com/JUANKadaHostIkayOfficialPage/posts/pfbid02mHECXqrYxyzEQo8yAkUrWP8HxuPEJWv7R2io2298Ei91y3ZZSzVT11kEp7Kusnozl,0,1,Photos,,,,,Lifetime,508,224,20,13,6,1,36,15,21,,,,,,,
122185292246383179,61561495390240,"JUANKada Host Ikay","Kikays, Kamusta kayo? 🌸

Join na sa Color Game, pumili ng tamang kulay at ipakita ang inyong Kikay power! 💅💖

#Juan365Studios #ALLINJUANLIVE #Juan365 #ColorGameLive #JuankadaIkay",,0,"01/08/2026 19:49",N/A,https://www.facebook.com/JUANKadaHostIkayOfficialPage/posts/pfbid0nNDqEd48gJbnm8yeEhtDVMkXnYHzRkpodnR1uXTNzDJEqwDpEQsREFf7C3oKzUCl,0,0,Photos,,,,,Lifetime,2927,1134,63,47,14,2,264,123,141,,,,,,,
122185306172383179,61561495390240,"JUANKada Host Ikay","Kikays, make sure maganda ang araw niyo! 😘 Spread love and good vibes! 🌸 Bukas uli 6am-2pm ☺️

#Juan365Studios #ALLINJUANLIVE #Juan365 #ColorGameLive #JuankadaIkay","Kikays, make sure maganda ang araw niyo! 😘 Spread love and good vibes! 🌸 Bukas uli 6am-2pm ☺️

#Juan365Studios #ALLINJUANLIVE #Juan365 #ColorGameLive #JuankadaIkay",27,"01/08/2026 23:07",N/A,https://www.facebook.com/reel/1205261424435257/,0,0,Videos,,,,,Lifetime,1938,551,75,61,10,4,43,43,,,,15354.492,9.767,0,0,0
122185316624383179,61561495390240,"JUANKada Host Ikay",🫶🏻🫶🏻,,0,"01/09/2026 02:26",N/A,https://www.facebook.com/JUANKadaHostIkayOfficialPage/posts/pfbid033WqZ5FBPNRoSfVwWg4z68YG6W3fXND1sJudTXWm7b1Ls6MrZ9P1XaqfGssMKaezXl,0,1,Photos,,,,,Lifetime,490,226,8,6,2,0,13,5,3,5,,,,,,
122185408724383179,61561495390240,"JUANKada Host Ikay","Feeling fierce in maroon 🍷✨

Catch me live, Kikays! Naka-tune in na ba kayo?

#Juan365Studios #ALLINJUANLIVE #Juan365 #ColorGameLive #JuankadaIkay #Kikays",,0,"01/09/2026 20:37",N/A,https://www.facebook.com/JUANKadaHostIkayOfficialPage/posts/pfbid0eNRo7GsqHM6dfzsCY6SpcMHeMDydkRMTv93bSsNssxuZDfvKMyN6LPm3JSCcaiYul,0,0,Photos,,,,,Lifetime,2224,896,35,30,4,1,89,26,63,,,,,,,
122185414982383179,61561495390240,"JUANKada Host Ikay","Na-LSS na rin ba kayo sa trend na ’to, Kikays? 😆

Hop the trend na rin at ipakita niyo naman yung mga Kikays na saksakan din ng  ganda! 💖

#Juan365Studios #ALLINJUANLIVE #Juan365 #ColorGameLive #JuankadaIkay #Kikays","Na-LSS na rin ba kayo sa trend na ’to, Kikays? 😆

Hop the trend na rin at ipakita niyo naman yung mga Kikays na saksakan din ng  ganda! 💖

#Juan365Studios #ALLINJUANLIVE #Juan365 #ColorGameLive #JuankadaIkay #Kikays",13,"01/09/2026 22:29",mixed,https://www.facebook.com/reel/25348380054804394/,0,0,Videos,,,,,Lifetime,1883,535,74,59,14,1,44,44,,,,8880.607,6.472,0,0,0
122185513988383179,61561495390240,"JUANKada Host Ikay","Slayin’ in shades of orange 🍊

Kamusta Kikays? How’s your 2026 so far? 

#Juan365Studios #ALLINJUANLIVE #Juan365 #ColorGameLive #JuankadaIkay #Kikays",,0,"01/10/2026 18:21",N/A,https://www.facebook.com/JUANKadaHostIkayOfficialPage/posts/pfbid0EbsMxzriUNthaYkKq8dAeSzPBiZNNCtY3zEsnCUdJEbA9N9uyRyFAhEVtq2oU1z3l,0,0,Photos,,,,,Lifetime,3386,1236,62,57,4,1,296,77,219,,,,,,,
122185526606383179,61561495390240,"JUANKada Host Ikay","Hindi niyo mapipigil ‘yon… at alam niyo ‘yon, sa akin pa rin kayo uuwi..

Talagang dito lang kayo uuwi sa’kin, Kikays! Sama sama tayo palagi sa Color Game😘🌸

#Juan365Studios #ALLINJUANLIVE #Juan365 #ColorGameLive #JuankadaIkay #Kikays","Hindi niyo mapipigil ‘yon… at alam niyo ‘yon, sa akin pa rin kayo uuwi..

Talagang dito lang kayo uuwi sa’kin, Kikays! Sama sama tayo palagi sa Color Game😘🌸

#Juan365Studios #ALLINJUANLIVE #Juan365 #ColorGameLive #JuankadaIkay #Kikays",15,"01/10/2026 21:05",N/A,https://www.facebook.com/reel/4032273647064179/,0,0,Videos,,,,,Lifetime,3473,730,163,141,17,5,97,97,,,,24525.875,11.234,0,0,0
122185606160383179,61561495390240,"JUANKada Host Ikay","CATCH ME LIVE NOW, Kikays! 

Kasama sina Juankada Charm, Lance & Ellise 🌸

Don’t miss the fun! See you sa live!🔥

#Juan365Studios #ALLINJUANLIVE #Juan365 #ColorGameLive #JuankadaIkay #Kikays #JuankadaLance #JuankadaCharm #JuankadaEllise",,0,"01/11/2026 18:11",N/A,https://www.facebook.com/JUANKadaHostIkayOfficialPage/posts/pfbid032MM2VzkfdqURVH5RVSxyp8et9hD1AgwWZJvHvuaCoJnTf4wwF2HssW37c34XkVJZl,0,0,Photos,,,,,Lifetime,757,295,33,21,10,2,49,9,40,,,,,,,
122185623068383179,61561495390240,"JUANKada Host Ikay","Drop a “💖” if you’re choosing confidence today, Kikays!

#Juan365Studios #ALLINJUANLIVE #Juan365 #ColorGameLive #JuankadaIkay #Kikays","Drop a “💖” if you’re choosing confidence today, Kikays!

#Juan365Studios #ALLINJUANLIVE #Juan365 #ColorGameLive #JuankadaIkay #Kikays",24,"01/11/2026 22:02",N/A,https://www.facebook.com/reel/1969683400262042/,0,0,Videos,,,,,Lifetime,2659,864,131,104,23,4,62,62,,,,21843.574,11.161,0,0,0
122185694804383179,61561495390240,"JUANKada Host Ikay","Attention, Kikays! 🚨

Color Game na! 🕕 6AM–2PM

Exclusive fun, exciting prizes, at good vibes lang! See you!

#Juan365Studios #ALLINJUANLIVE #Juan365 #ColorGameLive #JuankadaIkay #Kikays",,0,"01/12/2026 17:56",N/A,https://www.facebook.com/JUANKadaHostIkayOfficialPage/posts/pfbid023jHgkLUkoB8SZu3LAda2Pz2cx2s5uehQVX5TNTVzdjBwymjP9L6kNSd2r5ZDrzeil,0,0,Photos,,,,,Lifetime,3124,1256,111,79,16,16,91,61,30,,,,,,,
122185705046383179,61561495390240,"JUANKada Host Ikay","Just here, doing my thing ✨

Hope this brightens your feed, Kikays! 🌸

#Juan365Studios #ALLINJUANLIVE #Juan365 #ColorGameLive #JuankadaIkay #Kikays","Just here, doing my thing ✨

Hope this brightens your feed, Kikays! 🌸

#Juan365Studios #ALLINJUANLIVE #Juan365 #ColorGameLive #JuankadaIkay #Kikays",16,"01/12/2026 20:21",N/A,https://www.facebook.com/reel/1590438222291331/,0,0,Videos,,,,,Lifetime,1509,495,110,100,8,2,41,41,,,,8944.137,8.014,0,0,0
122184494114383179,61561495390240,"JUANKada Host Ikay","A year older today! 🎉

Thankful for all the blessings, the lessons, and every little moment that made me stronger.

Super grateful din sa inyo, Kikays — salamat sa love, support, at kulitan everyday! 🥰

To more smiles, wins, and good vibes ahead. Manifesting happier days and new beginnings! ✨

Comment “🎂” to wish me a happy birthday!

#Juan365Studios #ALLINJUANLIVE #Juan365 #ColorGameLive #JuankadaIkay","A year older today! 🎉

Thankful for all the blessings, the lessons, and every little moment that made me stronger.

Super grateful din sa inyo, Kikays — salamat sa love, support, at kulitan everyday! 🥰

To more smiles, wins, and good vibes ahead. Manifesting happier days and new beginnings! ✨

Comment “🎂” to wish me a happy birthday!

#Juan365Studios #ALLINJUANLIVE #Juan365 #ColorGameLive #JuankadaIkay",18,"12/31/2025 23:22",N/A,https://www.facebook.com/reel/1549172982956367/,0,0,Videos,,,,,Lifetime,2177,627,84,80,3,1,26,26,,,,19224.699,12.714,0,0,0
122103331443185509,61585565286734,"JuanKada Star","Despite all the challenges and tough decisions, I’m grateful I made it through this year. 🤍

Samahan niyo ako, my Star Babies, sa 2026 na puno ng saya, ngiti, at pag-asa.

Here’s to making 2026 our year! ⭐️

#Juan365Studios #ALLINJUANLIVE #Juan365 #ColorGameLive #JuankadaStar",,0,"12/31/2025 01:00",N/A,https://www.facebook.com/JuanKadaStarOfficialPage/posts/pfbid02xDdVF97Ms7ntmGM6G5eQ26aLyRQdYVfAeJwCx8vwj7toV4V5235mje2sw6i1ip7Vl,0,0,Photos,,,,,Lifetime,218,105,7,6,0,1,4,4,,,,,,,,
122103968535185509,61585565286734,"JuanKada Star","Good morning! 🌞 It’s your Juankada star ✨ Join me with Juankada Shann  and Sabbie—watch now on the Juan365 app and website!

#Juan365 #Juan365Studios #ALLINJUANLIVE #Juan365ColorGame",,0,"12/31/2025 16:50",N/A,https://www.facebook.com/JuanKadaStarOfficialPage/posts/pfbid02kKRRvHBia2MTnSS5jBWy8BsBqjLLGn8TJjYPS1zQhAryu31qwjchT7xxTy7Ek3Tkl,0,0,Photos,,,,,Lifetime,1032,420,37,33,2,2,53,23,30,,,,,,,
122104123587185509,61585565286734,"JuanKada Star","Kamusta, Star Babies? ⭐️

Sana masaya at puno ng good energy ang simula ng 2026 niyo! Sama-sama tayong mag shine this year 🥰

#Juan365Studios #ALLINJUANLIVE #Juan365 #ColorGameLive #JuankadaIkay",,0,"12/31/2025 21:14",N/A,https://www.facebook.com/JuanKadaStarOfficialPage/posts/pfbid026gRP39nhPeWYxxdEnBUG8hSj4SPr733MjRq6s4QfxESDjMsDRcGseBArDbvcfNQtl,0,0,Photos,,,,,Lifetime,306,134,10,9,0,1,5,2,3,,,,,,,
122104516509185509,61585565286734,"JuanKada Star","Star Babies, nasaan na kayo? 👀🔥

Tara na! Live na live ako now sa Color Game!

See you there! 😍

#Juan365Studios #ALLINJUANLIVE #Juan365 #ColorGameLive #JuankadaStar #StarBabies",,0,"01/01/2026 16:52",N/A,https://www.facebook.com/JuanKadaStarOfficialPage/posts/pfbid031M2a5mj1tWBS4gLpiDfk4uqXNxPisowMEr9kzHaBwH44NfrFwcxJVZttdVSoLBatl,0,0,Photos,,,,,Lifetime,1277,535,38,35,0,3,104,51,53,,,,,,,
122104633419185509,61585565286734,"JuanKada Star","Salamat sa lahat ng sumama sa amin nina Juankada Alexchoozy, at Juankada Papa Joe sa live kanina! 😎

Nag-enjoy ba kayo, Star Babies? 🌟 Abangan niyo lang kami palagi sa Color Game para sa mas maraming fun, tawa, at syempre surpresa pa rin sa inyo!

#Juan365Studios #ALLINJUANLIVE #Juan365 #ColorGameLive #JuankadaStar #StarBabies",,0,"01/02/2026 02:11",N/A,https://www.facebook.com/JuanKadaStarOfficialPage/posts/pfbid0vVp5PtYQvnLUt2QVQAAMykm9YNbJYdei7i41eNcLq3yt7fgbaiTTwwgJqYVTXBf1l,0,0,Photos,,,,,Lifetime,397,185,21,18,2,1,31,20,11,,,,,,,
122104826343185509,61585565286734,"JuanKada Star","Star Babies! Abangan niyo ako sa Color Game from 6AM–2PM! ⭐️✨ 

Marami pang shining moments ang mangyayari kaya stay tuned! 😎

#Juan365Studios #ALLINJUANLIVE #Juan365 #ColorGameLive #JuankadaStar #StarBabies",,0,"01/02/2026 14:17",N/A,https://www.facebook.com/JuanKadaStarOfficialPage/posts/pfbid0dfN9B56aDVN8Pio9TBCsiJqHj7aa7dPhy6NppwH7FvBWocRj5bsMWca3Vzq4beNhl,0,0,Photos,,,,,Lifetime,612,307,18,16,0,2,20,8,12,,,,,,,
122104867689185509,61585565286734,"JuanKada Star","JuanKada Star updated their cover photo.",,0,"01/02/2026 18:38",N/A,https://www.facebook.com/photo.php?fbid=122104867689185509&set=a.122101646277185509&type=3,0,0,Photos,,,,,Lifetime,675,317,25,23,1,1,1,1,,,,,,,,
122104886637185509,61585565286734,"JuanKada Star",⭐️,"Serving looks, serving energy, and maybe stealing your attention too! 🥰

Strong, fearless, unstoppable — that’s how we do it, Star Babies! Own your power every single day ⭐️🩷

#Juan365Studios #ALLINJUANLIVE #Juan365 #ColorGameLive #JuankadaStar #StarBabies",14,"01/02/2026 20:07",N/A,https://www.facebook.com/reel/1574867356880699/,0,0,Videos,,,,,Lifetime,502,224,28,24,1,3,7,7,,,,1651.474,3.831,0,0,0
122104920183185509,61585565286734,"JuanKada Star","Pink mood, pretty vibe, confident heart 🌸

Sabay-sabay tayong mag-glow, Star Babies! ⭐️

#Juan365Studios #ALLINJUANLIVE #Juan365 #ColorGameLive #JuankadaStar #StarBabies",,0,"01/02/2026 23:36",N/A,https://www.facebook.com/JuanKadaStarOfficialPage/posts/pfbid0NJKYJjrVV6p4hSgC3jFR899su4vuZNuYXA4NNt2N4zpcRUAXg4HF9mAqFc5hiLhkl,0,0,Photos,,,,,Lifetime,438,165,37,27,7,3,40,15,25,,,,,,,
122105143581185509,61585565286734,"JuanKada Star","Set your alarms na para hindi mahuli sa fun! 🌟

What’s up, Star Babies?! 🎉 Color Game LIVE is on! 

Catch me 6AM–2PM for colors, fun, and prizes!

#Juan365Studios #ALLINJUANLIVE #Juan365 #ColorGameLive #JuankadaStar #StarBabies",,0,"01/03/2026 14:35",N/A,https://www.facebook.com/JuanKadaStarOfficialPage/posts/pfbid02dA6X7Xvoyq92AmMpsnRrPpfJG3VygfnkZ2rKZXEBeyY1vH6Y1JGfSXZgrnpexSsgl,0,0,Photos,,,,,Lifetime,1152,518,33,29,0,4,46,16,30,,,,,,,
122105180277185509,61585565286734,"JuanKada Star",🫶🫰❤️,,0,"01/03/2026 19:09",N/A,https://www.facebook.com/JuanKadaStarOfficialPage/posts/pfbid02nd6T37Lm4AvZ5JfRDph7CxfTEWK2ktoDP5L5mey14Nt8qYx3pBsicCEhGfNtRWDNl,0,1,Photos,,,,,Lifetime,173,102,7,6,0,1,4,3,1,,,,,,,
122105180325185509,61585565286734,"JuanKada Star",🫰🫶❤️,,0,"01/03/2026 19:09",N/A,https://www.facebook.com/JuanKadaStarOfficialPage/posts/pfbid02q3kvxcigULXwsTC23XRMANo26yMnUPkiUXa4ZHSBSWe3nK489V5p1HikDxTyqK88l,0,1,Photos,,,,,Lifetime,173,101,6,6,0,0,3,1,2,,,,,,,
122105219841185509,61585565286734,"JuanKada Star","Iba ang saya at kulitan kapag kasama c Juankada Shann 😊🫶🫰❤️",,0,"01/03/2026 23:12",N/A,https://www.facebook.com/JuanKadaStarOfficialPage/posts/pfbid0MmXJMb23go1m4z2EDSSwaw2dAuV64aBdmCK2Uj9fS9whm6FZesRk7Dp4w2vFcuSkl,0,1,Photos,,,,,Lifetime,220,119,8,8,0,0,8,1,7,,,,,,,
122105234577185509,61585565286734,"JuanKada Star","Star Babies! 🌟 Checking in—kamusta kayo diyan?

Sending you light, love, and shining moments today 💖

#Juan365Studios #ALLINJUANLIVE #Juan365 #ColorGameLive #JuankadaStar #StarBabies","Star Babies! 🌟 Checking in—kamusta kayo diyan?

Sending you light, love, and shining moments today 💖

#Juan365Studios #ALLINJUANLIVE #Juan365 #ColorGameLive #JuankadaStar #StarBabies",7,"01/04/2026 00:23",N/A,https://www.facebook.com/reel/821548457603598/,0,0,Videos,,,,,Lifetime,503,256,25,18,6,1,14,14,,,,1692.491,5.052,0,0,0
122105242689185509,61585565286734,"JuanKada Star",🔥,"Sino ba naman nga ang ’di mahuhumaling sa ganda ko at gaan sa loob, diba Star babies? ⭐

Heart react niyo nga 'to if you agree 🥰

#Juan365Studios #ALLINJUANLIVE #Juan365 #ColorGameLive #JuankadaStar #StarBabies",21,"01/04/2026 01:04",N/A,https://www.facebook.com/reel/2058033188264950/,0,0,Videos,,,,,Lifetime,4339,731,231,202,20,9,58,58,,,,36865.125,13.063,0,0,0
122105253903185509,61585565286734,"JuanKada Star","Star Babies! Sana nag-enjoy kayo sa Color Game Live kanina kasama sina JuankadaPapa Joe at Juankada Jedi! ✨

Masaya ba kayo habang naglaro? 🥰

#Juan365Studios #ALLINJUANLIVE #Juan365 #ColorGameLive #JuankadaStar #StarBabies",,0,"01/04/2026 02:00",N/A,https://www.facebook.com/JuanKadaStarOfficialPage/posts/pfbid02DBrL1a9oqRAjj9gXubqqBZkS8nLvk64CgE5KtC2nSxY2SeAdMkfN3FNzd8m9F99Cl,0,0,Photos,,,,,Lifetime,439,182,14,12,1,1,21,8,13,,,,,,,
122105447139185509,61585565286734,"JuanKada Star",,,0,"01/04/2026 14:19",N/A,https://www.facebook.com/JuanKadaStarOfficialPage/posts/pfbid02XdnMM7Hq5DyjgPaKkdqJ13U8asT7HN6aZmwDYu2ueVcWnHH1Q7ww891zzu2BbkDxl,0,1,Photos,,,,,Lifetime,178,99,6,6,0,0,0,,,,,,,,,
122105452143185509,61585565286734,"JuanKada Star","Live now at 6am-2pm. See you Star Babies 🫶🫰❤️",,0,"01/04/2026 15:05",N/A,https://www.facebook.com/JuanKadaStarOfficialPage/posts/pfbid0289c3dEUuX7fBdkHUF48VU5qh7AYrZFtz2JYfEwHA32TR273WxcgVkHZziZJRVGNgl,0,1,Photos,,,,,Lifetime,296,136,11,10,1,0,13,4,9,,,,,,,
122105462469185509,61585565286734,"JuanKada Star","Stop scrolling at mag-join na, Star Babies! ✨

Color Game LIVE na! Catch me from 6AM–2PM at sabay-sabay tayong mag-ALL IN sa SAYA! 🔥

Wala pa ang app? Download na ang Juan365 now sa App Store & Play Store!","Stop scrolling at mag-join na, Star Babies! ✨

Color Game LIVE na! Catch me from 6AM–2PM at sabay-sabay tayong mag-ALL IN sa SAYA! 🔥

Wala pa ang app? Download na ang Juan365 now sa App Store & Play Store!",10,"01/04/2026 16:48",N/A,https://www.facebook.com/reel/1424385785877905/,0,0,Videos,,,,,Lifetime,344,213,11,11,0,0,2,2,,,,1344.566,5.054,0,0,0
122105754789185509,61585565286734,"JuanKada Star","If you see this, it’s your sign to join the fun! ✨

Abangan niyo ko sa Color Game!
Download the Juan365 App sa Play Store and App Store — then watch me live! 📲

#Juan365Studios #ALLINJUANLIVE #Juan365 #ColorGameLive #JuankadaStar #StarBabies","If you see this, it’s your sign to join the fun! ✨

Abangan niyo ko sa Color Game!
Download the Juan365 App sa Play Store and App Store — then watch me live! 📲

#Juan365Studios #ALLINJUANLIVE #Juan365 #ColorGameLive #JuankadaStar #StarBabies",12,"01/05/2026 17:00",mixed,https://www.facebook.com/reel/1373359894569140/,1,0,Videos,,,,,Lifetime,934,336,50,44,2,4,14,14,,,,4119.982,5.77,0,0,0
122105765583185509,61585565286734,"JuanKada Star","Perfect talaga 🔥❤️",,0,"01/05/2026 18:51",N/A,https://www.facebook.com/JuanKadaStarOfficialPage/posts/pfbid033T8C4MX3oaomj84SwRiedg5kexsVVE58rjZ468SQWRpUT2ee7nynK5AZ6euKzpePl,0,1,Photos,,,,,Lifetime,265,117,9,5,1,3,2,1,1,,,,,,,
122105792577185509,61585565286734,"JuanKada Star","Trying the cutest trend 🥰

Kayo na lang kulang, Star Babies!Sumali din kayo 😁

#Juan365Studios #ALLINJUANLIVE #Juan365 #ColorGameLive #JuankadaStar #StarBabies","Trying the cutest trend 🥰

Kayo na lang kulang, Star Babies!Sumali din kayo 😁

#Juan365Studios #ALLINJUANLIVE #Juan365 #ColorGameLive #JuankadaStar #StarBabies",6,"01/05/2026 22:00",N/A,https://www.facebook.com/reel/1420020165786870/,1,0,Videos,,,,,Lifetime,534,258,16,14,0,2,6,6,,,,1624.031,5.29,0,0,0
122105844945185509,61585565286734,"JuanKada Star","Food trip time! With Juankada Jedi and Marco 🥰

Kumain na rin ba kayo, Star Babies? ⭐️

#Juan365Studios #ALLINJUANLIVE #Juan365 #ColorGameLive #JuankadaStar #StarBabies","Food trip time! With Juankada Jedi and Marco 🥰

Kumain na rin ba kayo, Star Babies? ⭐️

#Juan365Studios #ALLINJUANLIVE #Juan365 #ColorGameLive #JuankadaStar #StarBabies",12,"01/06/2026 03:00",mixed,https://www.facebook.com/reel/1374712500328362/,1,0,Videos,,,,,Lifetime,623,285,18,14,1,3,17,17,,,,4078.696,9.642,0,0,0
122105889177185509,61585565286734,"JuanKada Star","Senti muna! 

Star Babies, bagay ba sakin ang emote era? 🤣🤣

#Juan365Studios #ALLINJUANLIVE #Juan365 #ColorGameLive #JuankadaStar #StarBabies","Senti muna! 

Star Babies, bagay ba sakin ang emote era? 🤣🤣

#Juan365Studios #ALLINJUANLIVE #Juan365 #ColorGameLive #JuankadaStar #StarBabies",16,"01/06/2026 06:56",N/A,https://www.facebook.com/reel/1977967359601304/,0,0,Reels,,,,,Lifetime,3673,953,188,144,38,6,87,87,,,,25805.666,10.064,0,,0
122106002685185509,61585565286734,"JuanKada Star","Beautiful Girls ✨️🫶","Shoutout to all my beautiful girls out there! ✨

Keep shining, queens! 💫

Like, follow & drop a ""💖"" if you feel this!

#Juan365Studios #ALLINJUANLIVE #Juan365 #ColorGameLive #JuankadaStar #StarBabies",21,"01/06/2026 17:25",N/A,https://www.facebook.com/reel/1239649934250454/,0,0,Videos,,,,,Lifetime,495,309,29,23,2,4,7,7,,,,3556.569,9.384,0,0,0
122106077259185509,61585565286734,"JuanKada Star","Follow na Star babies ✨️⭐️🫶🫰",,0,"01/07/2026 01:27",N/A,https://www.facebook.com/JuanKadaStarOfficialPage/posts/pfbid02UNXEP7yW3cxsa41AtvSqfKriM8TRW1h5EuEJEN17bZZVpgXSaLQLLvhUTnU2q823l,0,1,Photos,,,,,Lifetime,173,89,7,5,0,2,1,1,,,,,,,,
122106091275185509,61585565286734,"JuanKada Star","Me, myself and I 🫶","Learning to love myself more every day ✨

You should too, Star Babies!⭐

#Juan365Studios #ALLINJUANLIVE #Juan365 #ColorGameLive #JuankadaStar #StarBabies",17,"01/07/2026 03:02",N/A,https://www.facebook.com/reel/1933268847286240/,0,0,Videos,,,,,Lifetime,706,252,67,57,4,6,12,12,,,,3428.615,5.86,0,0,0
122106145635185509,61585565286734,"JuanKada Star","Eenie Meenie 🎶","You seem like the type to love ’em and leave ’e 🎶

Pero ako? Hindi ko kayo iiwan! Sama-sama tayo sa Color Game, kaya huwag palampasin ang saya!

#Juan365Studios #ALLINJUANLIVE #Juan365 #ColorGameLive #JuankadaStar #StarBabies@",11,"01/07/2026 06:48",N/A,https://www.facebook.com/reel/1069929268595721/,0,0,Videos,,,,,Lifetime,299,205,25,21,1,3,11,11,,,,937.854,3.843,0,0,0
122106255369185509,61585565286734,"JuanKada Star","Hindi lang kami babae.

BABAE kami — may boses, may pangarap, may lakas. 

Drop a “⭐️” kung proud din kayong maging babae, Star Babies!

#Juan365Studios #ALLINJUANLIVE #Juan365 #ColorGameLive #JuankadaStar #StarBabies","Hindi lang kami babae.

BABAE kami — may boses, may pangarap, may lakas. 

Drop a “⭐️” kung proud din kayong maging babae, Star Babies!

#Juan365Studios #ALLINJUANLIVE #Juan365 #ColorGameLive #JuankadaStar #StarBabies",29,"01/07/2026 17:00",mixed,https://www.facebook.com/reel/1636849521065349/,1,0,Videos,,,,,Lifetime,476,167,57,41,10,6,12,12,,,,2631.024,6.544,0,0,0
122106255501185509,61585565286734,"JuanKada Star","Follow Juan365 Studios for more updates ✨️⭐️🫰🫰",,0,"01/07/2026 17:00",N/A,https://www.facebook.com/JuanKadaStarOfficialPage/posts/pfbid028A9jyUtt12qTLtG2EeaxveQ1keCKGL22QvbqC1hSbEgKWBUF2CRgN8e7zVPcJUQ6l,0,1,Photos,,,,,Lifetime,202,92,7,7,0,0,8,7,1,,,,,,,
122106288531185509,61585565286734,"JuanKada Star","Sip, relax, repeat ☕💛

Kayo rin ba, Star babies, mahilig sa coffee?

#Juan365Studios #ALLINJUANLIVE #Juan365 #ColorGameLive #JuankadaStar #StarBabies","Sip, relax, repeat ☕💛

Kayo rin ba, Star babies, mahilig sa coffee?

#Juan365Studios #ALLINJUANLIVE #Juan365 #ColorGameLive #JuankadaStar #StarBabies",25,"01/07/2026 22:00",mixed,https://www.facebook.com/reel/1196601555384497/,1,0,Videos,,,,,Lifetime,251,146,25,18,3,4,11,11,,,,1444.406,6.977,0,0,0
122106340647185509,61585565286734,"JuanKada Star","Some people leave, some people stay… pero ako... gutom lang ako 😂

Tara samgyup, Star Babies!

#Juan365Studios #ALLINJUANLIVE #Juan365 #ColorGameLive #JuankadaStar #StarBabies","Some people leave, some people stay… pero ako... gutom lang ako 😂

Tara samgyup, Star Babies!

#Juan365Studios #ALLINJUANLIVE #Juan365 #ColorGameLive #JuankadaStar #StarBabies",14,"01/08/2026 03:01",mixed,https://www.facebook.com/reel/852659351107222/,1,0,Videos,,,,,Lifetime,510,178,24,20,1,3,8,8,,,,2400.777,5.869,0,0,0
122106384687185509,61585565286734,"JuanKada Star","Star Babies! Kita-kits tayo mamaya sa LIVE ng Color Game from 10PM–6AM! ⭐️

See you there! 

#Juan365Studios #ALLINJUANLIVE #Juan365 #ColorGameLive #JuankadaStar #StarBabies",,0,"01/08/2026 07:05",N/A,https://www.facebook.com/JuanKadaStarOfficialPage/posts/pfbid02d4CUSbAyrE59zN68Yc4hRYZpUjRadSYyraZJGCYNoNdA6TxG9EAa7hjbf8qaLxcil,0,0,Photos,,,,,Lifetime,1234,508,56,44,4,8,42,18,24,,,,,,,
122106438099185509,61585565286734,"JuanKada Star","⭐️ 𝐒𝐭𝐚𝐫 𝐁𝐚𝐛𝐢𝐞𝐬! ⭐️
𝐎𝐌𝐆 𝐠𝐮𝐲𝐬… 𝐤𝐮𝐧𝐠 𝐤𝐚𝐦𝐢 𝐚𝐧𝐠 𝐬𝐞𝐚𝐭𝐦𝐚𝐭𝐞 𝐦𝐨, 𝐚𝐛𝐬𝐞𝐧𝐭 𝐤𝐚 𝐛𝐚? 😱
comment “𝐘𝐄𝐒” or “𝐍𝐎”! 👀💥

Live ang 𝐂𝐨𝐥𝐨𝐫 𝐆𝐚𝐦𝐞 till 5AM sa Juan365 app & website! 🎨",,0,"01/08/2026 11:30",N/A,https://www.facebook.com/JuanKadaStarOfficialPage/posts/pfbid0HBhsB4MWCLGjHvE7E3hdcRfURDBwwC98rLQyAvffrGfMbo2naycQfWW7QPB3T9pyl,0,0,Photos,,,,,Lifetime,2214,843,57,46,4,7,168,63,105,,,,,,,
122106521673185509,61585565286734,"JuanKada Star","With my bestie, like everything fun 🎶

TikTok muna with Juankada host Shann! Join the trend na rin, Star babies ✨

#Juan365Studios #ALLINJUANLIVE #Juan365 #ColorGameLive #JuankadaStar #StarBabies #JuankadaShann","With my bestie, like everything fun 🎶

TikTok muna with Juankada host Shann! Join the trend na rin, Star babies ✨

#Juan365Studios #ALLINJUANLIVE #Juan365 #ColorGameLive #JuankadaStar #StarBabies #JuankadaShann",21,"01/08/2026 22:00",mixed,https://www.facebook.com/reel/2629348157461898/,1,0,Videos,,,,,Lifetime,358,226,38,29,5,4,20,20,,,,2916.835,11.09,0,0,0
122106569619185509,61585565286734,"JuanKada Star","Star Babies! Nag-enjoy ba kayo sa live namin ni Juankada Host Shann kanina?

Drop a ""⭐️"" kung naka-nood kayo ng live kanina 👀✨

#Juan365 #Juan365Studios  #AllInJuanSaSaya #Juankada #JuankadaStar #JuankadaShann #StarBabies",,0,"01/09/2026 03:00",N/A,https://www.facebook.com/JuanKadaStarOfficialPage/posts/pfbid0KPbCSP9bKEDV8tBuAR3pHo5mr1TWXNexrE6FoioZi8oJLesMy7oZFdLccNG4bUpil,0,0,Photos,,,,,Lifetime,274,120,28,16,5,7,16,4,12,,,,,,,
122106635331185509,61585565286734,"JuanKada Star","Star Babies! 🌟

Ready na ba kayo? Mamaya, 10PM–6AM, sumali na at manood sa Color Game LIVE!

Kita-kits! 

#Juan365Studios #ALLINJUANLIVE #Juan365 #ColorGameLive #JuankadaStar #StarBabies",,0,"01/09/2026 07:08",N/A,https://www.facebook.com/JuanKadaStarOfficialPage/posts/pfbid032QJ3qU8ahmKWTMKRXhNYXsnuvEtnnz6GgVUesPUJB9nt2yzma926hb5nfemXcErXl,0,0,Photos,,,,,Lifetime,683,295,42,28,8,6,57,15,42,,,,,,,
122106759831185509,61585565286734,"JuanKada Star","Solid talaga ang saya at tawanan kapag kasama sina Juankada Shann at Juankada Papa Joe! 

Napatawa rin ba namin kayo sa live kanina? 😆✨ 

#Juan365Studios #ALLINJUANLIVE #Juan365 #ColorGameLive #JuankadaStar #StarBabies #JuankadaShann #JuankadaPapaJoe",,0,"01/09/2026 18:12",N/A,https://www.facebook.com/JuanKadaStarOfficialPage/posts/pfbid0265FmmtmGTMMDGaXoWNY7ckyQ3FfGv5jkPx3HLgxmZzGDbN9wKYjgb8EnAUKYrCwol,0,0,Photos,,,,,Lifetime,312,126,21,12,4,5,18,8,10,,,,,,,
122106796989185509,61585565286734,"JuanKada Star","Pag natagpuan, ’wag pakawalan minsan lang makahanap ng isang kakai-babe! ✨

Kaya manood na kayo palagi ng Color Game at abangan n’yo ako doon. ’Wag n’yo na ’ko pakawalan, Star Babies! 💫

#Juan365Studios #ALLINJUANLIVE #Juan365 #ColorGameLive #JuankadaStar #StarBabies #fypシ゚ 

#nocopyrightinfringementintendedmusicbelongstotherightfulowner","Pag natagpuan, ’wag pakawalan minsan lang makahanap ng isang kakai-babe! ✨

Kaya manood na kayo palagi ng Color Game at abangan n’yo ako doon. ’Wag n’yo na ’ko pakawalan, Star Babies! 💫

#Juan365Studios #ALLINJUANLIVE #Juan365 #ColorGameLive #JuankadaStar #StarBabies #fypシ゚ 

#nocopyrightinfringementintendedmusicbelongstotherightfulowner",40,"01/09/2026 22:10",mixed,https://www.facebook.com/reel/714805088140405/,1,0,Videos,,,,,Lifetime,394,314,38,26,6,6,12,12,,,,3312.232,9.33,0,0,0
122106849753185509,61585565286734,"JuanKada Star","Yes, I’m the baddest alive 💅

Pero mas baddest pa rin ang mga Star Babies ko d’yan! 

Drop a ""⭐️"" if isa ka sa kanila!

#Juan365Studios #ALLINJUANLIVE #Juan365 #ColorGameLive #JuankadaStar #StarBabies","Yes, I’m the baddest alive 💅

Pero mas baddest pa rin ang mga Star Babies ko d’yan! 

Drop a ""⭐️"" if isa ka sa kanila!

#Juan365Studios #ALLINJUANLIVE #Juan365 #ColorGameLive #JuankadaStar #StarBabies",11,"01/10/2026 03:01",mixed,https://www.facebook.com/reel/1241272821270462/,1,0,Videos,,,,,Lifetime,220,145,23,18,1,4,7,7,,,,837.39,4.925,0,0,0
122106886545185509,61585565286734,"JuanKada Star","⏰ Counting down, Star Babies!

Sama-sama tayo sa Color Game LIVE! 10PM–6AM!

Don't miss the exciting games, exclusive prizes, at ultimate fun! ✨

#Juan365Studios #ALLINJUANLIVE #Juan365 #ColorGameLive #JuankadaStar #StarBabies #fypシ゚",,0,"01/10/2026 06:19",N/A,https://www.facebook.com/JuanKadaStarOfficialPage/posts/pfbid0pEubmfCRo3yBwfX45kxtkVsUJ6hLHcaxdwuZNkEwL1qedVXq518QCS7mzdbJA7QJl,0,0,Photos,,,,,Lifetime,523,258,40,24,9,7,21,7,14,,,,,,,
122106959649185509,61585565286734,"JuanKada Star",🫶🫰,,0,"01/10/2026 13:33",N/A,https://www.facebook.com/JuanKadaStarOfficialPage/posts/pfbid023KNYnRUKAMmvxnLtVfZMVguUYUN8XgSNThPZDKZbPTqbuvKpEtWcyptnLwwsAKFZl,0,1,Photos,,,,,Lifetime,188,101,13,13,0,0,10,3,7,,,,,,,
122107039149185509,61585565286734,"JuanKada Star","Your swerte starts here. Star Babies! ✨ 

I-ikot ang roleta, piliin ang kulay mo!

Game na? Tara na sa Color Game!

#Juan365Studios #ALLINJUANLIVE #Juan365 #ColorGameLive #JuankadaStar #StarBabies #fypシ゚",,0,"01/10/2026 22:10",N/A,https://www.facebook.com/JuanKadaStarOfficialPage/posts/pfbid02bweyCp8BBbJycSp6xBAbK4AR5kr1cVYJxPS3bvpBtrN7qW1dW1zMKd5bxJ2UgWsel,0,0,Photos,,,,,Lifetime,369,171,28,20,2,6,8,6,2,,,,,,,
122107095789185509,61585565286734,"JuanKada Star","Cause you know I love the players, and you love the game… 🎶

Pero mas mamahalin mo ang laro dito sa Color Game! Kaya DOWNLOAD THE APP na at abangan ako lagi! ⭐

#Juan365Studios #ALLINJUANLIVE #Juan365 #ColorGameLive #JuankadaStar #StarBabies

#nocopyrightinfringementintendedmusicbelongstotherightfulowner #fypシ゚","Cause you know I love the players, and you love the game… 🎶

Pero mas mamahalin mo ang laro dito sa Color Game! Kaya DOWNLOAD THE APP na at abangan ako lagi! ⭐

#Juan365Studios #ALLINJUANLIVE #Juan365 #ColorGameLive #JuankadaStar #StarBabies

#nocopyrightinfringementintendedmusicbelongstotherightfulowner #fypシ゚",23,"01/11/2026 03:10",mixed,https://www.facebook.com/reel/1263778645576731/,1,0,Videos,,,,,Lifetime,1663,459,111,98,7,6,26,26,,,,14739.65,11.642,0,0,0
122107100619185509,61585565286734,"JuanKada Star","Late night hanggang madaling-araw? Game! 🌙✨

Star Babies, sama-sama tayo sa Color Game LIVE from 10PM–6AM!

#Juan365Studios #ALLINJUANLIVE #Juan365 #ColorGameLive #JuankadaStar #StarBabies #fypシ゚",,0,"01/11/2026 03:35",N/A,https://www.facebook.com/JuanKadaStarOfficialPage/posts/pfbid032vYcscC9rv937gtEvnSxL2vt1RTh4otcjGNJmgYLt1DHsLxxzQjaLZ8F2vkWeCmvl,0,0,Photos,,,,,Lifetime,378,143,24,19,1,4,22,8,14,,,,,,,
122107242021185509,61585565286734,"JuanKada Star","With our Direk Dee! 🎬✨ 

Game na naman? Join the COLOR GAME fun live mamaya na yan! 

#Juan365Studios #ALLINJUANLIVE #Juan365 #ColorGameLive #JuankadaStar #StarBabies",,0,"01/11/2026 17:00",N/A,https://www.facebook.com/JuanKadaStarOfficialPage/posts/pfbid0dBJHEDmbTsWWBeuVFh3TPDoSKr8ye1dpg2xtNVKyenxRUZo6ayrmjSFVeALnuuhul,0,0,Photos,,,,,Lifetime,351,130,21,13,3,5,28,4,24,,,,,,,
122107302549185509,61585565286734,"JuanKada Star","Neutral 🖤🩶🤍",,0,"01/12/2026 00:13",N/A,https://www.facebook.com/JuanKadaStarOfficialPage/posts/pfbid0SngDUfW6t3MzwxETE3mJSFj7XG7WLNk2mNinJqTgaerZsNiAmhVWwDSHXoE4yDh6l,0,1,Photos,,,,,Lifetime,183,76,14,10,1,3,12,2,10,,,,,,,
122107327773185509,61585565286734,"JuanKada Star","Cause I don’t wanna let you go, never 🩷

Walang iwanan, Star Babies! Kaya wag niyo rin akong iiwan, subaybayan niyo ako lagi 24/7 sa Color Game live! ⭐️

#Juan365Studios #ALLINJUANLIVE #Juan365 #ColorGameLive #JuankadaStar #StarBabies

#nocopyrightinfringementintendedmusicbelongstotherightfulowner #fypシ゚","Cause I don’t wanna let you go, never 🩷

Walang iwanan, Star Babies! Kaya wag niyo rin akong iiwan, subaybayan niyo ako lagi 24/7 sa Color Game live! ⭐️

#Juan365Studios #ALLINJUANLIVE #Juan365 #ColorGameLive #JuankadaStar #StarBabies

#nocopyrightinfringementintendedmusicbelongstotherightfulowner #fypシ゚",13,"01/12/2026 02:52",N/A,https://www.facebook.com/reel/1246995417490524/,0,0,Videos,,,,,Lifetime,185,101,27,17,6,4,2,2,,,,772.248,5.476,0,0,0
122107390575185509,61585565286734,"JuanKada Star","See you Star babies ✨️⭐️🫶🫰",,0,"01/12/2026 08:21",N/A,https://www.facebook.com/JuanKadaStarOfficialPage/posts/pfbid025Dg5R7kgp8y4qCgnSFgnNti65Wcu6q41UhCMJdLvEcFTgPFjjPggTFbx6LatxBNPl,0,1,Photos,,,,,Lifetime,165,67,9,9,0,0,13,6,6,1,,,,,,
122107390887185509,61585565286734,"JuanKada Star","Gabi na naman na puno ng saya! ⭐️

Star Babies, kita-kits sa Color Game LIVE mula 10PM–6AM!

#Juan365Studios #ALLINJUANLIVE #Juan365 #ColorGameLive #JuankadaStar #StarBabies #fypシ゚",,0,"01/12/2026 08:23",N/A,https://www.facebook.com/JuanKadaStarOfficialPage/posts/pfbid02SgESRV5EgAV1WCSii5jfXZNMP8zfcW9zsmxmQVdyVYN6DZtoPnTDEGKm26j6ULSWl,0,0,Photos,,,,,Lifetime,953,400,74,55,8,11,73,32,41,,,,,,,
122107520685185509,61585565286734,"JuanKada Star",🩵,"Nabitin din ba kayo sa concert ng SexBomb Star Babies? 

Dito sa’kin, siguradong hindi kayo mabibitin! Abangan niyo ako lagi sa Color Game at mapanood ang mala-SexBomb energy ko! 🔥

#Juan365Studios #ALLINJUANLIVE #Juan365 #ColorGameLive #JuankadaStar #StarBabies

#nocopyrightinfringementintendedmusicbelongstotherightfulowner #fypviralシ #fypageシ",40,"01/12/2026 22:57",N/A,https://www.facebook.com/reel/4154248064905867/,0,0,Videos,,,,,Lifetime,217,136,32,18,8,6,17,17,,,,1681.626,9.5,0,0,0
122109877881144249,61584327477246,"Juankada Alexchoozy","𝑱𝒖𝒂𝒏𝒌𝒂𝒅𝒂 𝑯𝒐𝒔𝒕𝒔 𝑵𝒆𝒘 𝒀𝒆𝒂𝒓’𝒔 𝑹𝒆𝒔𝒐𝒍𝒖𝒕𝒊𝒐𝒏𝒔 (𝑷𝒂𝒓𝒕 𝑰𝑰)✨","EP4: 𝑱𝒖𝒂𝒏𝒌𝒂𝒅𝒂 𝑯𝒐𝒔𝒕𝒔 𝑵𝒆𝒘 𝒀𝒆𝒂𝒓’𝒔 𝑹𝒆𝒔𝒐𝒍𝒖𝒕𝒊𝒐𝒏𝒔 (𝑷𝒂𝒓𝒕 𝑰𝑰)✨

Mga Ka-Chooziness, ano ang New Year’s resolution mo this 2026? 📝
Comment below 💬 and let’s inspire each other!

#NewYearNewGoals #EP4 #JuankadaVibes #Juan365Studios #Juan365 #JuankadaHosts #KaChooziness",168,"12/31/2025 02:00",N/A,https://www.facebook.com/reel/25657644713929795/,0,0,Videos,,,,,Lifetime,194,105,18,15,3,0,6,6,,,,1931.862,12.709,0,0,0
122112258627144249,61584327477246,"Juankada Alexchoozy","𝑾𝒓𝒐𝒏𝒈 𝑪𝒂𝒍𝒍 𝒑𝒂 𝒏𝒈𝒂𝒏𝒊𝒊𝒊 📞 😂","𝑾𝒓𝒐𝒏𝒈 𝑪𝒂𝒍𝒍 𝒑𝒂 𝒏𝒈𝒂𝒏𝒊𝒊𝒊 📞 😂

#JuankadaAlexchoozy #Choozers #Followme #CommentYourThoughts #PositiveEnergy",24,"01/12/2026 23:00",N/A,https://www.facebook.com/reel/850062291279431/,0,0,Videos,,,,,Lifetime,352,259,17,14,1,2,10,10,,,,2362.376,8.717,0,0,0
122112257799144249,61584327477246,"Juankada Alexchoozy","𝐉𝐚𝐧𝐮𝐚𝐫𝐲 𝟏𝟐 𝐇𝐢𝐠𝐡𝐥𝐢𝐠𝐡𝐭𝐬","𝐌𝐚𝐫𝐚𝐦𝐢𝐧𝐠 𝐒𝐚𝐥𝐚𝐦𝐚𝐭 sa nakisaya, nakikanta at nakisayaw sa ating Monday Night! Mamaya ulit choozers! 10pm to 5am! See you!

#JuankadaAlexchoozy #Choozers #Followme #CommentYourThoughts #PositiveEnergy",38,"01/12/2026 18:00",N/A,https://www.facebook.com/reel/806540359076894/,0,0,Videos,,,,,Lifetime,85,67,12,12,0,0,4,4,,,,614.925,8.784,0,0,0
122112291129144249,61584327477246,"Juankada Alexchoozy",HAHAHAHAHAHA,,0,"01/12/2026 15:18",N/A,https://www.facebook.com/JuankadaAlexchoozyOfficialPage/posts/pfbid02wQ87iyoQ2PGNHHTPHBWrWUeLTgAqU1SPaWRRYQAycxPCas3DNgyo8evBo6JpzY2cl,0,1,Text,,,,,Lifetime,,47,14,14,0,0,9,9,,,,,,,,
122112240429144249,61584327477246,"Juankada Alexchoozy","𝐂𝐨𝐥𝐨𝐫 𝐆𝐚𝐦𝐞 𝐋𝐈𝐕𝐄 🚨 
𝐑𝐞𝐚𝐥-𝐭𝐢𝐦𝐞. 𝐑𝐞𝐚𝐥 𝐰𝐢𝐧𝐬. 𝐑𝐞𝐚𝐥 𝐡𝐲𝐩𝐞. 🔥

Subukan tonight ang iyong swerte 🍀
Kasama ang Juankada hosts: 
JuanKada Star, Juankada Jedi, Juankada Alexchoozy & Juankada Papa Joe🥳

👉 Join now sa Juan365 app & website bago ka mahuli! 👀

#Juan365 #Juan365Studios #ALLINJUANLIVE #AllInJuanSaSaya #Juan365ColorGame #JuankadaStar #JuankadaJedi #JuankadaAlexchoozy #JuankadaPapaJoe",,0,"01/12/2026 08:20",N/A,https://www.facebook.com/JuankadaAlexchoozyOfficialPage/posts/pfbid0WMxW3KzLvcPS1GkUjXag1jFqiSodSDc6E3jXH9THciuCwg5cdkmhjFevUnYwP4Ewl,0,1,Photos,,,,,Lifetime,178,82,11,11,0,0,6,2,3,1,,,,,,
122112225105144249,61584327477246,"Juankada Alexchoozy","Simulan na kaagad naten ang Monday Night ng puno ng saya, kulitan at kasiyahan.

Catch us tonight 10pm to 5am only here in 𝑪𝒐𝒍𝒐𝒓𝒈𝒂𝒎𝒆 𝑳𝒊𝒗𝒆 exclusively on 𝑱𝒖𝒂𝒏365.

#JuankadaAlexchoozy #Choozers #Followme #CommentYourThoughts #PositiveEnergy",,0,"01/12/2026 06:31",N/A,https://www.facebook.com/JuankadaAlexchoozyOfficialPage/posts/pfbid02E6GjkrRdTKAgTXvy3dmWgu1PfQKZcigUumn1gqJjMCZGZJzz3k8oFqxeKfhuB7MTl,0,0,Photos,,,,,Lifetime,349,146,13,11,1,1,8,6,2,,,,,,,
122112187599144249,61584327477246,"Juankada Alexchoozy","𝐆𝐮𝐭𝐨𝐦 𝐧𝐠𝐚𝐧𝐢𝐢𝐢𝐢! 😂","𝐆𝐮𝐭𝐨𝐦 𝐧𝐠𝐚𝐧𝐢𝐢𝐢𝐢! 😂

#JuankadaAlexchoozy #Choozers #Followme #CommentYourThoughts #PositiveEnergy #RelateMuch",13,"01/12/2026 02:00",N/A,https://www.facebook.com/reel/1542790950162950/,0,0,Videos,,,,,Lifetime,237,146,18,15,2,1,13,13,,,,1232.71,7.801,0,0,0
122112178407144249,61584327477246,"Juankada Alexchoozy","𝐒𝐚𝐧 𝐤𝐚 𝐧𝐚?

Hintayin kita choozers! See you all later!
10pm to 6am🧡💙✨

#JuankadaAlexchoozy  #CommentYourThoughts #TagAFriend #Followme #Choozers #Juan365 #AllInJuanSaSaya #Juan365Studios #SweetEnergy #DailyBeautyVibes #GoodVibesOnly #MakulayNaSaya",,0,"01/12/2026 00:06",N/A,https://www.facebook.com/JuankadaAlexchoozyOfficialPage/posts/pfbid0P9FCw4hKigR8GhuMTm9PRjcV4ZxDkECxg8iw2wdaS14iRqYbqqrfVoAxRSv5B8AKl,0,0,Photos,,,,,Lifetime,532,264,18,16,1,1,12,12,,,,,,,,
122112020259144249,61584327477246,"Juankada Alexchoozy","𝐬𝐚𝐦𝐚𝐡𝐚𝐧 𝐧𝐲𝐨 𝐚𝐤𝐨𝐧𝐠 𝐛𝐢𝐬𝐢𝐭𝐚𝐡𝐢𝐧 𝐚𝐧𝐠 𝐢𝐬𝐚 𝐬𝐚 𝐩𝐢𝐧𝐚𝐤𝐚-𝐢𝐦𝐩𝐨𝐫𝐭𝐚𝐧𝐭𝐞𝐧𝐭 𝐭𝐚𝐨","𝐂𝐡𝐨𝐨𝐳𝐞𝐫𝐬, 𝐬𝐚𝐦𝐚𝐡𝐚𝐧 𝐧𝐲𝐨 𝐚𝐤𝐨𝐧𝐠 𝐛𝐢𝐬𝐢𝐭𝐚𝐡𝐢𝐧 𝐚𝐧𝐠 𝐢𝐬𝐚 𝐬𝐚 𝐩𝐢𝐧𝐚𝐤𝐚-𝐢𝐦𝐩𝐨𝐫𝐭𝐚𝐧𝐭𝐞𝐧𝐭 𝐭𝐚𝐨 𝐬𝐚 𝐛𝐮𝐡𝐚𝐲 𝐤𝐨. 𝐋𝐞𝐳𝐳𝐳𝐳𝐠𝐨!

#Juan365 #Juan365PH #AllInJuanSaSaya #JuanKada #JuanSports #SpecialMoments",151,"01/11/2026 07:00",N/A,https://www.facebook.com/reel/1370475184776981/,0,0,Videos,,,,,Lifetime,141,105,17,17,0,0,6,6,,,,1509.449,13.012,0,0,0
122112000591144249,61584327477246,"Juankada Alexchoozy","𝐊𝐚𝐥𝐚 𝐧𝐲𝐨 𝐛𝐚 𝐝𝐢 𝐚𝐤𝐨 𝐧𝐚𝐬𝐚𝐬𝐚𝐤𝐭𝐚𝐧? 𝐌𝐚𝐬𝐚𝐤𝐢𝐭 𝐧𝐚!","𝐊𝐚𝐥𝐚 𝐧𝐲𝐨 𝐛𝐚 𝐝𝐢 𝐚𝐤𝐨 𝐧𝐚𝐬𝐚𝐬𝐚𝐤𝐭𝐚𝐧? 𝐌𝐚𝐬𝐚𝐤𝐢𝐭 𝐧𝐚! 𝐋𝐮𝐦𝐚𝐛𝐚𝐬 𝐤𝐚𝐧𝐚! 𝐄𝐦𝐞! 𝐒𝐡𝐚𝐫𝐢𝐧𝐠 𝐠𝐨𝐨𝐝𝐯𝐢𝐛𝐞𝐬 𝐨𝐧 𝐚 𝐒𝐮𝐧𝐝𝐚𝐲! 🥰 𝐇𝐚𝐯𝐞 𝐚 𝐁𝐥𝐞𝐬𝐬𝐞𝐝 𝐎𝐧𝐞! 🙏🏻

#JuankadaAlexchoozy #choozers #Followme #CommentYourThoughts #JuankadaVibes #BlessedSunday",27,"01/11/2026 06:00",N/A,https://www.facebook.com/reel/1134149168615067/,0,0,Videos,,,,,Lifetime,188,134,23,20,2,1,9,9,,,,1262.043,8.887,0,0,0
122112032325144249,61584327477246,"Juankada Alexchoozy","Double the Fun. Triple the wins! Lezzgo choozers!",,0,"01/11/2026 03:53",N/A,https://www.facebook.com/JuankadaAlexchoozyOfficialPage/posts/pfbid0U6oAjAC7nxsMF9937irAiLs6TmeSbFLsqamnneJWjwMWwFRcCU4aER2RPSXbHMuYl,0,1,Photos,,,,,Lifetime,148,63,15,15,0,0,2,2,,,,,,,,
122112004887144249,61584327477246,"Juankada Alexchoozy","𝐀𝐧𝐠 𝐠𝐮𝐬𝐭𝐨 𝐤𝐨 𝐥𝐚𝐧𝐠 𝐧𝐚𝐦𝐚𝐧, 𝐦𝐚𝐠𝐥𝐢𝐧𝐢𝐬 𝐧𝐠 𝐛𝐚𝐡𝐚𝐲. 𝐦𝐚𝐥𝐢𝐢𝐢 😩","𝐀𝐧𝐠 𝐠𝐮𝐬𝐭𝐨 𝐤𝐨 𝐥𝐚𝐧𝐠 𝐧𝐚𝐦𝐚𝐧, 𝐦𝐚𝐠𝐥𝐢𝐧𝐢𝐬 𝐧𝐠 𝐛𝐚𝐡𝐚𝐲. 𝐦𝐚𝐥𝐢𝐢𝐢 😩

#JuankadaAlexchoozy #choozers #Followme #CommentYourThoughts #RelateMuch",22,"01/11/2026 03:00",N/A,https://www.facebook.com/reel/899138072623752/,0,0,Videos,,,,,Lifetime,250,151,26,22,3,1,18,18,,,,1753.063,9.848,0,0,0
122111999295144249,61584327477246,"Juankada Alexchoozy","𝐍𝐚𝐧𝐝𝐢𝐭𝐨 𝐚𝐤𝐨 𝐚𝐭 𝐧𝐚𝐠𝐡𝐢𝐡𝐢𝐧𝐭𝐚𝐲 𝐦𝐚𝐠 𝐦𝐨𝐧𝐝𝐚𝐲 𝐩𝐚𝐫𝐚 𝐦𝐚𝐠𝐤𝐚𝐬𝐚𝐦𝐚-𝐬𝐚𝐦𝐚 𝐧𝐚 𝐭𝐚𝐲𝐨! 🥰","𝐍𝐚𝐧𝐝𝐢𝐭𝐨 𝐚𝐤𝐨 𝐚𝐭 𝐧𝐚𝐠𝐡𝐢𝐡𝐢𝐧𝐭𝐚𝐲 𝐦𝐚𝐠 𝐦𝐨𝐧𝐝𝐚𝐲 𝐩𝐚𝐫𝐚 𝐦𝐚𝐠𝐤𝐚𝐬𝐚𝐦𝐚-𝐬𝐚𝐦𝐚 𝐧𝐚 𝐭𝐚𝐲𝐨! 𝐒𝐞𝐞 𝐲𝐨𝐮 𝐭𝐨𝐦𝐨𝐫𝐫𝐨𝐰, 𝟏𝟎𝐩𝐦 𝐭𝐨 𝟔𝐚𝐦 𝐜𝐡𝐨𝐨𝐳𝐞𝐫𝐬! 🥰

#JuankadaAlexchoozy #choozers #Followme #CommentYourThoughts #SeeYouTomorrow",179,"01/10/2026 23:00",N/A,https://www.facebook.com/reel/855309414076773/,0,0,Videos,,,,,Lifetime,174,127,20,16,3,1,11,11,,,,1619.818,10.944,0,0,0
122111844483144249,61584327477246,"Juankada Alexchoozy","𝐈𝐬𝐚𝐧𝐠 𝐚𝐫𝐚𝐰, 𝐠𝐢𝐠𝐢𝐬𝐢𝐧𝐠 𝐤𝐚 𝐧𝐚 𝐥𝐚𝐧𝐠 𝐧𝐚 𝐧𝐚𝐭𝐮𝐩𝐚𝐝 𝐧𝐚 𝐚𝐧𝐠 𝐦𝐠𝐚 𝐩𝐚𝐧𝐠𝐚𝐫𝐚𝐩 𝐦𝐨. ✨

#SaturdayMotivation #InspirationalQuote #JuankadaAlexchoozy #KaChooziness #RestMode #Followme",,0,"01/09/2026 23:22",N/A,https://www.facebook.com/JuankadaAlexchoozyOfficialPage/posts/pfbid0SzacmX8SEP62zZtkno8eJ5KdTxqzw3aSUQxvQaSgqbkw47EHLKDJaJtASm9Wb63Dl,0,0,Photos,,,,,Lifetime,465,219,37,26,7,4,16,13,3,,,,,,,
122111834355144249,61584327477246,"Juankada Alexchoozy","𝐈𝐭’𝐬 𝐢𝐧𝐝𝐞𝐞𝐝 𝐚 𝐥𝐮𝐜𝐤𝐲 𝐝𝐚𝐲!

Madaming good vibes kay Alexchoozy 7 Triple, Minor Jackpot + X150 yesterday! 😎✨

𝑪𝒉𝒐𝒐𝒛𝒆𝒓𝒔 See you this Monday, 10PM 6AM! 🎉

#JuankadaAlexchoozy #Choozers #Followme #CommentYourThoughts","𝐈𝐭’𝐬 𝐢𝐧𝐝𝐞𝐞𝐝 𝐚 𝐥𝐮𝐜𝐤𝐲 𝐝𝐚𝐲!

Madaming good vibes kay Alexchoozy 7 Triple, Minor Jackpot + X150 yesterday! 😎✨

𝑪𝒉𝒐𝒐𝒛𝒆𝒓𝒔 See you this Monday, 10PM 6AM! 🎉

#JuankadaAlexchoozy #Choozers #Followme #CommentYourThoughts",24,"01/09/2026 21:11",N/A,https://www.facebook.com/reel/1277145441216160/,0,0,Videos,,,,,Lifetime,236,154,22,14,5,3,2,2,,,,1259.85,6.96,0,0,0
122111818779144249,61584327477246,"Juankada Alexchoozy","𝐓𝐢𝐦𝐞 𝐭𝐨 𝐫𝐞𝐬𝐭, 𝐫𝐞𝐟𝐫𝐞𝐬𝐡, 𝐚𝐧𝐝 𝐫𝐞𝐥𝐚𝐱. 🥰","𝐓𝐢𝐦𝐞 𝐭𝐨 𝐫𝐞𝐬𝐭, 𝐫𝐞𝐟𝐫𝐞𝐬𝐡, 𝐚𝐧𝐝 𝐫𝐞𝐥𝐚𝐱. 🥰

#JuankadaAlexchoozy #KaChooziness #RestMode #Followme #Motivational",130,"01/09/2026 19:00",N/A,https://www.facebook.com/reel/2208994996290579/,0,0,Videos,,,,,Lifetime,124,95,13,9,3,1,3,3,,,,864.407,8.82,0,0,0
122111720325144249,61584327477246,"Juankada Alexchoozy","𝐓𝐡𝐚𝐧𝐤 𝐲𝐨𝐮, 𝐊𝐚-𝐂𝐡𝐨𝐨𝐳𝐢𝐧𝐞𝐬𝐬, 𝐟𝐨𝐫 𝐚𝐧 𝐚𝐦𝐚𝐳𝐢𝐧𝐠 𝐝𝐚𝐲!","𝐓𝐡𝐚𝐧𝐤 𝐲𝐨𝐮, 𝐊𝐚-𝐂𝐡𝐨𝐨𝐳𝐢𝐧𝐞𝐬𝐬, 𝐟𝐨𝐫 𝐚𝐧 𝐚𝐦𝐚𝐳𝐢𝐧𝐠 𝐝𝐚𝐲!

#JuankadaAlexchoozy  #CommentYourThoughts #TagAFriend #Followme #KaChooziness! #Juan365 #AllInJuanSaSaya #Juan365Studios #SweetEnergy #DailyBeautyVibes",9,"01/09/2026 05:12",N/A,https://www.facebook.com/reel/907663715254393/,0,0,Videos,,,,,Lifetime,136,81,14,12,2,0,6,6,,,,479.457,4.942,0,0,0
122111659155144249,61584327477246,"Juankada Alexchoozy","𝐇𝐚𝐛𝐚𝐧𝐠 𝐦𝐚𝐲 𝐛𝐮𝐡𝐚𝐲, 𝐦𝐚𝐲 𝐩𝐚…","𝐇𝐚𝐛𝐚𝐧𝐠 𝐦𝐚𝐲 𝐛𝐮𝐡𝐚𝐲, 𝐦𝐚𝐲 𝐩𝐚…

Pader naman! Nilaro nyo kami! Hahaha

#JuankadaAlexchoozy  #CommentYourThoughts #TagAFriend #Followme #KaChooziness! #Juan365 #AllInJuanSaSaya #Juan365Studios #SweetEnergy #DailyBeautyVibes",100,"01/09/2026 00:00",N/A,https://www.facebook.com/reel/3198781290301619/,0,0,Videos,,,,,Lifetime,119,76,16,14,2,0,6,6,,,,1816.007,19.956,0,0,0
122111661327144249,61584327477246,"Juankada Alexchoozy","Like what i have said “Not so pretty but yummy at magbibigay sa inyo ng swerty, my name is Alexchoozy”

Congratulations Bossril! 👏🏻",,0,"01/08/2026 22:29",N/A,https://www.facebook.com/JuankadaAlexchoozyOfficialPage/posts/pfbid02A3oEsj1WF3mGBjAAtU6WvnDh1jVZYYFFzDNvYgHBLP2X9NUWMY2741fB3LKbFkxHl,0,1,Photos,,,,,Lifetime,158,67,9,9,0,0,6,3,3,,,,,,,
122111645877144249,61584327477246,"Juankada Alexchoozy","𝐋𝐞𝐭’𝐬 𝐦𝐚𝐤𝐞 𝐨𝐮𝐫 𝐝𝐚𝐲 𝐞𝐱𝐭𝐫𝐚 𝐬𝐩𝐞𝐜𝐢𝐚𝐥!

Maki-denim party na sa’kin, mga Ka-Chooziness! 😎✨
Kasama n’yo ako 6AM–2PM. Tara, habol at Game na!

#JuankadaAlexchoozy  #CommentYourThoughts #TagAFriend #Followme #KaChooziness! #Juan365 #AllInJuanSaSaya #Juan365Studios #SweetEnergy #DailyBeautyVibes",,0,"01/08/2026 20:01",N/A,https://www.facebook.com/JuankadaAlexchoozyOfficialPage/posts/pfbid0aEpZoPMCbk7N9wNTq5aQ1M3yd7GbGNsLvwvXSPCoTVDrb5tDgcoQ5LnDBLTaP67Ul,0,0,Photos,,,,,Lifetime,173,87,18,13,3,2,6,5,1,,,,,,,
122111604399144249,61584327477246,"Juankada Alexchoozy","𝑮𝒐𝒐𝒅 𝒎𝒐𝒓𝒏𝒊𝒏𝒈, 𝑲𝒂-𝑪𝒉𝒐𝒐𝒛𝒊𝒏𝒆𝒔𝒔! ✨

Yes! It’s Denim Friyey from your Morning Team! Catch us today from 6am to 2pm at 𝐂𝐨𝐥𝐨𝐫𝐠𝐚𝐦𝐞 𝐋𝐢𝐯𝐞 on 𝐉𝐮𝐚𝐧𝟑𝟔𝟓..

👉 Drop your comments if you are ready! ⬇️

#JuankadaAlexchoozy  #CommentYourThoughts #TagAFriend #Followme #KaChooziness #Juan365 #AllInJuanSaSaya #Juan365Studios #SweetEnergy #DailyBeautyVibes #TeamMorning",,0,"01/08/2026 14:23",N/A,https://www.facebook.com/JuankadaAlexchoozyOfficialPage/posts/pfbid0GLZUurivRsmNEo7KMjQo5h5Xe96cyEzqtyNZgpQna3pzn4WapoeB7Hr5LWUPCKDvl,0,0,Photos,,,,,Lifetime,1701,653,60,43,11,6,67,29,38,,,,,,,
122111597241144249,61584327477246,"Juankada Alexchoozy","Yehey!!! Salamat juankada and chooziness! 🥰",,0,"01/08/2026 13:45",N/A,https://www.facebook.com/JuankadaAlexchoozyOfficialPage/posts/pfbid02WnXf8wYaDTgzCvWukdaBGWszisfDZ2rS2BPMRazG78utc27xzvwtnLfr5cj7VNbsl,0,1,Photos,,,,,Lifetime,196,92,15,15,0,0,9,6,3,,,,,,,
122111440713144249,61584327477246,"Juankada Alexchoozy","𝐓𝐡𝐢𝐧𝐠𝐬 𝐭𝐡𝐚𝐭 𝐡𝐚𝐩𝐩𝐞𝐧𝐞𝐝 𝐭𝐨𝐝𝐚𝐲!","𝐓𝐡𝐢𝐧𝐠𝐬 𝐭𝐡𝐚𝐭 𝐡𝐚𝐩𝐩𝐞𝐧𝐞𝐝 𝐭𝐨𝐝𝐚𝐲!

Maraming salamat chooziness sa pakikipaglaro, kulitan at chikahan kanina. See you tomorrow!

Comment and follow for more! 

#JuankadaAlexchoozy  #CommentYourThoughts #TagAFriend #Followme #KaChooziness! #Juan365 #AllInJuanSaSaya #Juan365Studios #SweetEnergy #DailyBeautyVibes",24,"01/08/2026 06:00",N/A,https://www.facebook.com/reel/25627793076884117/,0,0,Videos,,,,,Lifetime,187,130,16,15,1,0,9,9,,,,1242.515,8.688,0,0,0
122111488101144249,61584327477246,"Juankada Alexchoozy","📲 Download the 𝐉𝐮𝐚𝐧𝟑𝟔𝟓 𝐀𝐩𝐩 sa 𝐆𝐨𝐨𝐠𝐥𝐞 𝐏𝐥𝐚𝐲 𝐒𝐭𝐨𝐫𝐞 o 𝐀𝐩𝐩 𝐒𝐭𝐨𝐫𝐞 para tuloy-tuloy ang saya!

#Juan365Studios #Juan365 #ALLINJUANLIVE #JuankadaHosts #JuankadaAlexchoozy #KaChooziness",,0,"01/08/2026 04:40",N/A,https://www.facebook.com/JuankadaAlexchoozyOfficialPage/posts/pfbid02EuT8Ze7NM6xj5rYcMz1RY3AhvgGEhtR6aWB2UiA2x6bYPSGFx4siQK2WjnMriVfal,0,1,Photos,,,,,Lifetime,191,75,13,11,0,2,10,8,2,,,,,,,
122111425137144249,61584327477246,"Juankada Alexchoozy","𝐖𝐡𝐞𝐧 𝐛𝐨𝐫𝐞𝐝𝐨𝐦 𝐝𝐮𝐫𝐢𝐧𝐠 𝐛𝐫𝐞𝐚𝐤 𝐬𝐭𝐫𝐢𝐤𝐞𝐬 𝐚𝐠𝐚𝐢𝐧","𝐖𝐡𝐞𝐧 𝐛𝐨𝐫𝐞𝐝𝐨𝐦 𝐝𝐮𝐫𝐢𝐧𝐠 𝐛𝐫𝐞𝐚𝐤 𝐬𝐭𝐫𝐢𝐤𝐞𝐬 𝐚𝐠𝐚𝐢𝐧

Pasensya na po, mga Chooziness, dansur-dansuran tayo! 

#JuankadaAlexchoozy  #CommentYourThoughts #TagAFriend #Followme #KaChooziness! #Juan365 #AllInJuanSaSaya #Juan365Studios #SweetEnergy #DailyBeautyVibes",21,"01/08/2026 02:00",N/A,https://www.facebook.com/reel/1780979619257158/,0,0,Videos,,,,,Lifetime,179,111,17,14,3,0,8,8,,,,824.493,6.342,0,0,0
122111406033144249,61584327477246,"Juankada Alexchoozy","𝟕 𝐓𝐢𝐦𝐞𝐬 𝐭𝐫𝐢𝐩𝐥𝐞 𝐚𝐧𝐝 𝐜𝐨𝐮𝐧𝐭𝐢𝐧𝐠! 🔥

Hanggang 2PM pa ako, tara COLOR GAME na Chooziness! 🧡💙

#JuankadaAlexchoozy  #CommentYourThoughts #TagAFriend #Followme #KaChooziness! #Juan365 #AllInJuanSaSaya #Juan365Studios #SweetEnergy #DailyBeautyVibes",,0,"01/07/2026 19:50",N/A,https://www.facebook.com/JuankadaAlexchoozyOfficialPage/posts/pfbid02X8Wnko2EGdEwAX8EjQFnqqt5qLSQUXJ9EbRcZefJaqKrT4tPmvofUFKVvNK8BEB5l,0,0,Photos,,,,,Lifetime,378,173,31,22,6,3,6,3,3,,,,,,,
122111394759144249,61584327477246,"Juankada Alexchoozy","𝐁𝐚𝐤𝐢𝐭 𝐛𝐚 𝐤𝐚𝐬𝐢 𝐦𝐚𝐲 𝐛𝐨𝐝𝐲 𝐬𝐡𝐚𝐦𝐢𝐧𝐠?😂","𝐁𝐚𝐤𝐢𝐭 𝐛𝐚 𝐤𝐚𝐬𝐢 𝐦𝐚𝐲 𝐛𝐨𝐝𝐲 𝐬𝐡𝐚𝐦𝐢𝐧𝐠?

Chooziness, love yourself and your vibes! follow for more!

#JuankadaAlexchoozy  #CommentYourThoughts #TagAFriend #Followme #Chooziness! #Juan365 #AllInJuanSaSaya #Juan365Studios #SweetEnergy #DailyBeautyVibes #SelfLove #NoToBodyShaming",11,"01/07/2026 18:00",N/A,https://www.facebook.com/reel/1181028074195890/,0,0,Videos,,,,,Lifetime,214,157,18,15,2,1,8,8,,,,811.3,4.977,0,0,0
122111381985144249,61584327477246,"Juankada Alexchoozy","𝑮𝒐𝒐𝒅 𝒎𝒐𝒓𝒏𝒊𝒏𝒈, 𝑲𝒂-𝑪𝒉𝒐𝒐𝒛𝒊𝒏𝒆𝒔𝒔! ✨

Throwback Thursday? No no! Dito tayo sa 𝐋𝐢𝐯𝐞, 𝐂𝐨𝐥𝐨𝐫𝐠𝐚𝐦𝐞 𝐋𝐢𝐯𝐞 sa 𝐉𝐮𝐚𝐧𝟑𝟔𝟓. Catch us today from 6am to 2pm. Kasama Team Morning Juankada host Drae & Juankada Jedi 🩷💙💚

👉 Comment HERE kung present ka na at game na makilaro ⬇️

#JuankadaAlexchoozy  #CommentYourThoughts #TagAFriend #Followme #KaChooziness #Juan365 #AllInJuanSaSaya #Juan365Studios #SweetEnergy #DailyBeautyVibes #TeamMorning",,0,"01/07/2026 15:22",N/A,https://www.facebook.com/JuankadaAlexchoozyOfficialPage/posts/pfbid02YH8fhf3rQxCUwGdYoohC4C2r7axK3gR3EwC8kP7TRHBwu1h8bEJQBckJpWJNaYn9l,0,0,Photos,,,,,Lifetime,661,286,25,21,1,3,15,4,11,,,,,,,
122111263113144249,61584327477246,"Juankada Alexchoozy","𝑻𝑶𝑫𝑨𝒀’𝒔 𝑴𝑶𝑴𝑬𝑵𝑻: Balikan natin ang mga kaganapan kanina Juankada.","𝑻𝑶𝑫𝑨𝒀’𝒔 𝑴𝑶𝑴𝑬𝑵𝑻: Balikan natin ang mga kaganapan kanina Juankada.

𝐓𝐡𝐞 𝐍𝐄𝐖𝐄𝐒𝐓 𝐆𝐀𝐌𝐄 𝐨𝐟𝐟𝐞𝐫𝐢𝐧𝐠 𝐨𝐟 𝐉𝐔𝐀𝐍𝟑𝟔𝟓, 𝐂𝐎𝐋𝐎𝐑𝐆𝐀𝐌𝐄 𝐋𝐈𝐕𝐄

#JuankadaAlexchoozy  #CommentYourThoughts #TagAFriend #Followme #KaChooziness! #Juan365 #AllInJuanSaSaya #Juan365Studios #SweetEnergy #DailyBeautyVibes",23,"01/07/2026 04:00",N/A,https://www.facebook.com/reel/1387801529495112/,0,0,Videos,,,,,Lifetime,195,155,19,17,2,0,3,3,,,,1168.83,7.74,0,0,0
122111213811144249,61584327477246,"Juankada Alexchoozy","𝐄𝐏𝟕: 𝐀𝐥𝐞𝐱𝐜𝐡𝐨𝐨𝐳𝐲 𝐚𝐬 𝐚 𝐒𝐢𝐧𝐠𝐞𝐫 🥰🤣","𝐄𝐏𝟕: 𝐀𝐥𝐞𝐱𝐜𝐡𝐨𝐨𝐳𝐲 𝐚𝐬 𝐚 𝐒𝐢𝐧𝐠𝐞𝐫 🥰🤣

Smash that ❤️ if I made you smile! 😆✨

#JuankadaAlexchoozy  #CommentYourThoughts #TagAFriend #Followme #KaChooziness! #Juan365 #AllInJuanSaSaya #Juan365Studios #SweetEnergy #DailyBeautyVibes #JuankadaVibes #GoodVibesOnly #AllInJuan #Juan365PH",128,"01/07/2026 00:00",N/A,https://www.facebook.com/reel/1877206239567220/,0,0,Videos,,,,,Lifetime,163,115,22,11,11,0,6,6,,,,1420.553,11.837,0,0,0
122111205765144249,61584327477246,"Juankada Alexchoozy","𝐘𝐮𝐧𝐠 𝐬𝐢𝐧𝐚𝐩𝐢𝐚𝐧 𝐤𝐚 𝐧𝐢 𝐖𝐡𝐢𝐭𝐧𝐞𝐲 𝐇𝐨𝐮𝐬𝐭𝐨𝐧","𝐘𝐮𝐧𝐠 𝐬𝐢𝐧𝐚𝐩𝐢𝐚𝐧 𝐤𝐚 𝐧𝐢 𝐖𝐡𝐢𝐭𝐧𝐞𝐲 𝐇𝐨𝐮𝐬𝐭𝐨𝐧

Tap that ♥️ and comment para hindi ka masapian! 

Music used belongs to its rightful owner. No copyright infringement intended.
#BreakTimeVibes #FeelingSinger #JuankadaAlexchoozy  #CommentYourThoughts #TagAFriend #Followme #KaChooziness! #Juan365 #AllInJuanSaSaya #Juan365Studios #SweetEnergy #DailyBeautyVibes",58,"01/06/2026 20:30",N/A,https://www.facebook.com/reel/1586408845814713/,0,0,Videos,,,,,Lifetime,241,155,22,15,6,1,14,14,,,,1830.709,9.534,0,0,0
122111193795144249,61584327477246,"Juankada Alexchoozy","𝐖𝐡𝐞𝐧 𝐛𝐨𝐫𝐞𝐝𝐨𝐦 𝐬𝐭𝐫𝐢𝐤𝐞𝐬 𝐝𝐮𝐫𝐢𝐧𝐠 𝐛𝐫𝐞𝐚𝐤 🤣","𝐖𝐡𝐞𝐧 𝐛𝐨𝐫𝐞𝐝𝐨𝐦 𝐬𝐭𝐫𝐢𝐤𝐞𝐬 𝐝𝐮𝐫𝐢𝐧𝐠 𝐛𝐫𝐞𝐚𝐤 🤣

Tara, 𝐂𝐡𝐨𝐨𝐳𝐢𝐧𝐞𝐬𝐬, join the fun at Juan365! 🧡💙

#JuankadaAlexchoozy  #CommentYourThoughts #TagAFriend #Followme #KaChooziness! #Juan365 #AllInJuanSaSaya #Juan365Studios #SweetEnergy #DailyBeautyVibes #BreakTimeFun #GoodVibesOnly #MakulayNaSaya",15,"01/06/2026 18:00",N/A,https://www.facebook.com/reel/2116962832409436/,0,0,Videos,,,,,Lifetime,278,173,26,15,11,0,13,13,,,,1369.252,6.95,0,0,0
122111183181144249,61584327477246,"Juankada Alexchoozy","𝑮𝒐𝒐𝒅 𝒎𝒐𝒓𝒏𝒊𝒏𝒈, 𝑲𝒂-𝑪𝒉𝒐𝒐𝒛𝒊𝒏𝒆𝒔𝒔! ✨

Wednesday Energy! 𝐂𝐨𝐥𝐨𝐫𝐠𝐚𝐦𝐞 𝐋𝐢𝐯𝐞 sa 𝐉𝐮𝐚𝐧𝟑𝟔𝟓. Catch us today from 6am to 2pm. Kasama Team Morning Juankada host Drae and Juankada Jedi 🧡💙

👉 Comment HERE kung present ka na at game na makilaro ⬇️

#JuankadaAlexchoozy  #CommentYourThoughts #TagAFriend #Followme #KaChooziness #Juan365 #AllInJuanSaSaya #Juan365Studios #SweetEnergy #DailyBeautyVibes #TeamMorning",,0,"01/06/2026 15:41",N/A,https://www.facebook.com/JuankadaAlexchoozyOfficialPage/posts/pfbid05Fro7A7EyXYgQRvy1wJ2XRumbVx1LvgLQXPcHueSYv3rrEFvCrAtg7ktDFqP1hRtl,0,0,Photos,,,,,Lifetime,450,199,16,12,2,2,12,6,6,,,,,,,
122111055777144249,61584327477246,"Juankada Alexchoozy","𝐇𝐢𝐧𝐝𝐢 𝐦𝐚𝐰𝐚𝐰𝐚𝐥𝐚𝐧 𝐧𝐠 𝐩𝐚𝐠 𝐚𝐬𝐚 𝐤𝐚𝐩𝐚𝐠 𝐧𝐚𝐧𝐝𝐲𝐚𝐧 𝐤𝐚𝐲𝐨 𝐦𝐠𝐚 𝐊𝐚-𝐜𝐡𝐨𝐨𝐳𝐢𝐧𝐞𝐬","𝐇𝐢𝐧𝐝𝐢 𝐦𝐚𝐰𝐚𝐰𝐚𝐥𝐚𝐧 𝐧𝐠 𝐩𝐚𝐠 𝐚𝐬𝐚 𝐤𝐚𝐩𝐚𝐠 𝐧𝐚𝐧𝐝𝐲𝐚𝐧 𝐤𝐚𝐲𝐨 𝐦𝐠𝐚 𝐊𝐚-𝐜𝐡𝐨𝐨𝐳𝐢𝐧𝐞𝐬

Click ♥️, mag-comment, at i-share para malaman rin ng iba!

#JuankadaAlexchoozy  #CommentYourThoughts #TagAFriend #Followme #KaChooziness! #Juan365 #AllInJuanSaSaya #Juan365Studios #SweetEnergy #DailyBeautyVibes #GoodVibesOnly #SpreadTheLove #MakulayNaSaya #PositiveVibes",15,"01/06/2026 03:00",N/A,https://www.facebook.com/reel/1180392924305002/,0,0,Videos,,,,,Lifetime,183,104,33,18,14,1,1,1,,,,815.846,7.156,0,0,0
122111065815144249,61584327477246,"Juankada Alexchoozy","𝐁𝐞𝐬𝐭 𝐛𝐥𝐞𝐬𝐬𝐢𝐧𝐠 𝐰𝐞 𝐡𝐚𝐯𝐞 𝐢𝐬 𝐨𝐮𝐫 𝐌𝐨𝐦.

Always love and appreciate your parents, mga Ka-Chooziness! Date muna kami today! 😎✨

#JuankadaAlexchoozy  #CommentYourThoughts #TagAFriend #Followme #KaChooziness! #Juan365 #AllInJuanSaSaya #Juan365Studios #SweetEnergy #DailyBeautyVibes #GoodVibesOnly #Blessed #LoveYourParents",,0,"01/06/2026 00:06",N/A,https://www.facebook.com/JuankadaAlexchoozyOfficialPage/posts/pfbid0qmNHqpXsmsdsKJWyFyBfd1VCVGijAzrZGm8D4EyvAeenqrewPU46WYgB8WCjBkSwl,0,0,Photos,,,,,Lifetime,637,286,34,26,7,1,36,21,15,,,,,,,
122111055099144249,61584327477246,"Juankada Alexchoozy","It's your Juankada, 𝐀𝐥𝐞𝐱𝐜𝐡𝐨𝐨𝐳𝐲! Ang inyong 𝐇𝐎𝐒𝐓 na 𝐖𝐈𝐓𝐓𝐘 at magbibigay ng 𝐒𝐖𝐄𝐑𝐓𝐘. 😎✨","It's your Juankada, 𝐀𝐥𝐞𝐱𝐜𝐡𝐨𝐨𝐳𝐲! Ang inyong 𝐇𝐎𝐒𝐓 na 𝐖𝐈𝐓𝐓𝐘 at magbibigay ng 𝐒𝐖𝐄𝐑𝐓𝐘. 😎✨

Leave a ♥️ and Follow para swertehin kana!!

#JuankadaAlexchoozy  #CommentYourThoughts #TagAFriend #Followme #KaChooziness! #Juan365 #AllInJuanSaSaya #Juan365Studios #SweetEnergy #DailyBeautyVibes #KaChooziness #FunVibes #HostWithTheMost",18,"01/05/2026 22:05",N/A,https://www.facebook.com/reel/1406266457901282/,0,0,Videos,,,,,Lifetime,207,160,11,10,0,1,5,5,,,,750.386,4.239,0,0,0
122111030883144249,61584327477246,"Juankada Alexchoozy","𝐌𝐚𝐢𝐭𝐢𝐦. 𝐌𝐚𝐝𝐢𝐥𝐢𝐦. 𝐓𝐚𝐫𝐚,𝐤𝐮𝐥𝐚𝐲𝐚𝐧 𝐧𝐚𝐭𝐢𝐧! 🎨✨

Sama sama tayo sa 𝐉𝐮𝐚𝐧𝟑𝟔𝟓 𝐜𝐨𝐥𝐨𝐫𝐠𝐚𝐦𝐞 𝐥𝐢𝐯𝐞 mga Ka-Chooziness! 🧡💙

#JuankadaAlexchoozy  #CommentYourThoughts #TagAFriend #Followme #KaChooziness! #Juan365 #AllInJuanSaSaya #Juan365Studios #SweetEnergy #DailyBeautyVibes #MakulayNaSaya #GoodVibesOnly",,0,"01/05/2026 18:33",N/A,https://www.facebook.com/JuankadaAlexchoozyOfficialPage/posts/pfbid02nggFTeht7gzmRKFusAGtY7tvCB8XCz2XLVSFvksg7Y3dAc6x1S4n4KVPEfKDUfXl,0,0,Photos,,,,,Lifetime,594,255,25,18,6,1,18,13,5,,,,,,,
122111007873144249,61584327477246,"Juankada Alexchoozy","𝑮𝒐𝒐𝒅 𝒎𝒐𝒓𝒏𝒊𝒏𝒈, 𝑲𝒂-𝑪𝒉𝒐𝒐𝒛𝒊𝒏𝒆𝒔𝒔! ✨

First Tuesday of 2026! Simulan na natin ang good vibes at saya dito sa 𝐂𝐨𝐥𝐨𝐫𝐠𝐚𝐦𝐞 𝐋𝐢𝐯𝐞 sa 𝐉𝐮𝐚𝐧𝟑𝟔𝟓. Catch us today from 6am to 2pm. Kasama Team Morning Juankada host Drae, Juankada Jedi at Juankada Papa Joe 💛

👉 Comment HERE kung present ka na at game na makilaro ⬇️

#JuankadaAlexchoozy  #CommentYourThoughts #TagAFriend #Followme #KaChooziness #Juan365 #AllInJuanSaSaya #Juan365Studios #SweetEnergy #DailyBeautyVibes #TeamMorning #YellowTeam",,0,"01/05/2026 14:51",N/A,https://www.facebook.com/JuankadaAlexchoozyOfficialPage/posts/pfbid02HpwmEwpVLezRZLZMWYyEqFKynr5hqzYiV3498ULVDA9DNvPHFR5E5VQS7cHDoJvvl,0,0,Photos,,,,,Lifetime,505,219,20,19,0,1,30,13,17,,,,,,,
122110875945144249,61584327477246,"Juankada Alexchoozy","𝐄𝐏𝟔: 𝐏𝐚𝐬𝐢𝐠 𝐑𝐢𝐯𝐞𝐫 𝐄𝐬𝐩𝐥𝐚𝐧𝐚𝐝𝐞 𝐅𝐨𝐨𝐝 𝐓𝐫𝐢𝐩!","𝐄𝐏𝟔: 𝐏𝐚𝐬𝐢𝐠 𝐑𝐢𝐯𝐞𝐫 𝐄𝐬𝐩𝐥𝐚𝐧𝐚𝐝𝐞 𝐅𝐨𝐨𝐝 𝐓𝐫𝐢𝐩!

Street food, food trip, at solid vibes by the river 😋🌆

#JuankadaAlexchoozy  #CommentYourThoughts #TagAFriend #Followme #KaChooziness! #Juan365 #AllInJuanSaSaya #Juan365Studios #SweetEnergy #DailyBeautyVibes #EP6 #PasigRiverEsplanade #FoodTrip",48,"01/05/2026 04:00",N/A,https://www.facebook.com/reel/813605525063570/,0,0,Videos,,,,,Lifetime,259,130,14,13,1,0,5,5,,,,1234.968,5.852,0,0,0
122110779231144249,61584327477246,"Juankada Alexchoozy","𝐑𝐞𝐬𝐭𝐝𝐚𝐲 𝐯𝐢𝐛𝐞𝐬! 𝐂𝐡𝐢𝐥𝐥, 𝐫𝐞𝐜𝐡𝐚𝐫𝐠𝐞, 𝐫𝐞𝐩𝐞𝐚𝐭","𝐑𝐞𝐬𝐭𝐝𝐚𝐲 𝐯𝐢𝐛𝐞𝐬! 𝐂𝐡𝐢𝐥𝐥, 𝐫𝐞𝐜𝐡𝐚𝐫𝐠𝐞, 𝐫𝐞𝐩𝐞𝐚𝐭

Tap that ♥️ and follow for more good vibes!

#RestdayVibes #SelfCareMode #JuankadaAlexchoozy  #CommentYourThoughts #TagAFriend #Followme #KaChooziness! #Juan365 #AllInJuanSaSaya #Juan365Studios #SweetEnergy #DailyBeautyVibes",15,"01/05/2026 03:00",N/A,https://www.facebook.com/reel/1943718866541335/,0,0,Videos,,,,,Lifetime,201,143,14,12,2,0,0,,,,,2094.986,13.429,0,0,0
122110778229144249,61584327477246,"Juankada Alexchoozy","𝐄𝐏𝟓: 𝐆𝐞𝐭𝐭𝐢𝐧𝐠 𝐭𝐨 𝐤𝐧𝐨𝐰 𝐀𝐥𝐞𝐱𝐜𝐡𝐨𝐨𝐳𝐲

Leave a ♥️ and comment kung sino ang Idol mo sa kanila? 

#EP5 #Alexchoozy #AskMeAnything #JuankadaAlexchoozy  #CommentYourThoughts #TagAFriend #Followme #KaChooziness! #Juan365 #AllInJuanSaSaya #Juan365Studios #SweetEnergy #DailyBeautyVibes","𝐄𝐏𝟓: 𝐆𝐞𝐭𝐭𝐢𝐧𝐠 𝐭𝐨 𝐤𝐧𝐨𝐰 𝐀𝐥𝐞𝐱𝐜𝐡𝐨𝐨𝐳𝐲

Leave a ♥️ and comment kung sino ang Idol mo sa kanila? 

#EP5 #Alexchoozy #AskMeAnything #JuankadaAlexchoozy  #CommentYourThoughts #TagAFriend #Followme #KaChooziness! #Juan365 #AllInJuanSaSaya #Juan365Studios #SweetEnergy #DailyBeautyVibes",124,"01/04/2026 19:18",N/A,https://www.facebook.com/reel/2089367851838118/,0,0,Videos,,,,,Lifetime,164,120,17,16,1,0,7,7,,,,1607.854,12.18,0,0,0
122110756959144249,61584327477246,"Juankada Alexchoozy","Good morning, Ka-Chooziness! ✨

Simula na ang good vibes at saya today dito sa Juan365 Colorgame Live. Catch us today from 6am to 2pm. Kasama sina Juankada Papa Joe, Juankada Jedi at JuanKada Star.

👉 Comment HERE kung present ka na at game na makilaro ⬇️

#JuankadaAlexchoozy  #CommentYourThoughts #TagAFriend #Followme #KaChooziness #Juan365 #AllInJuanSaSaya #Juan365Studios #SweetEnergy #DailyBeautyVibes",,0,"01/04/2026 15:03",N/A,https://www.facebook.com/JuankadaAlexchoozyOfficialPage/posts/pfbid0CaU8tNA6K8NdqFpVgowwaVzozNhw1t8dbb79BE8HAiw4u9kWWCTtYSZrX7NH5QySl,0,0,Photos,,,,,Lifetime,893,386,32,26,2,4,34,16,18,,,,,,,
122110670031144249,61584327477246,"Juankada Alexchoozy","BACK TO WORK","Tama na ang gala, back to ipon tayo. Monday na bukas, WORK na tayo ulit! Choozy paba??? 🤣 See you all tomorrow mga juankada!

#JuankadaAlexchoozy  #CommentYourThoughts #TagAFriend #Followme #KaChooziness! #Juan365 #AllInJuanSaSaya #Juan365Studios #SweetEnergy #DailyBeautyVibes",29,"01/04/2026 06:32",N/A,https://www.facebook.com/reel/742473622254065/,0,0,Videos,,,,,Lifetime,161,111,17,15,1,1,3,3,,,,762.853,5.868,0,0,0
122110608825144249,61584327477246,"Juankada Alexchoozy","𝐆𝐮𝐬𝐭𝐨 𝐚𝐰𝐚𝐲!! 𝐊𝐚𝐢𝐧 𝐚𝐲𝐚𝐰? Aba, all in sa saya! 🎉","𝐆𝐮𝐬𝐭𝐨 𝐚𝐰𝐚𝐲!! 𝐊𝐚𝐢𝐧 𝐚𝐲𝐚𝐰? Aba, all in sa saya! 🎉

Tara na, Ka-Chooziness, mag-enjoy tayo! 🧡💙

#JuankadaAlexchoozy  #CommentYourThoughts #TagAFriend #Followme #KaChooziness! #Juan365 #AllInJuanSaSaya #Juan365Studios #SweetEnergy #DailyBeautyVibes #MakulayNaSaya #FunMode",29,"01/04/2026 02:00",N/A,https://www.facebook.com/reel/2231752854250733/,0,0,Videos,,,,,Lifetime,222,154,30,24,6,0,20,20,,,,1354.666,7.875,0,0,0
122110608717144249,61584327477246,"Juankada Alexchoozy","𝐋𝐞𝐭’𝐬 𝐝𝐚𝐧𝐜𝐞 𝐚𝐧𝐝 𝐞𝐧𝐣𝐨𝐲, 𝐊𝐚-𝐂𝐡𝐨𝐨𝐳𝐢𝐧𝐞𝐬𝐬","𝐋𝐞𝐭’𝐬 𝐝𝐚𝐧𝐜𝐞 𝐚𝐧𝐝 𝐞𝐧𝐣𝐨𝐲, 𝐊𝐚-𝐂𝐡𝐨𝐨𝐳𝐢𝐧𝐞𝐬𝐬!

Hit ❤️ kung ready ka na sa good vibes! ✨

 #JuankadaVibes #GoodVibesOnly #FeelTheVibes #DanceMode #JuankadaAlexchoozy #CommentYourThoughts #TagAFriend #Followme #KaChooziness! #Juan365 #AllInJuanSaSaya #Juan365Studios #SweetEnergy #DailyBeautyVibes",15,"01/03/2026 23:04",N/A,https://www.facebook.com/reel/1531720057942254/,0,0,Videos,,,,,Lifetime,340,234,23,20,3,0,31,31,,,,2079.162,8.35,0,0,0
122110581693144249,61584327477246,"Juankada Alexchoozy","𝑺𝑼𝑵𝑫𝑨𝒀 𝒊𝒔 💚","𝑺𝑼𝑵𝑫𝑨𝒀 𝒊𝒔 💚

Let’s make our SUNDAY a fruitful JUAN! Inhale, exhale at bukas, BACK to WORK na! Kayod na tayo ulit! See you tom mga ka-chooziness! All in JUAN sa SAYA ang everyJUAN! 🥰

#JuankadaAlexchoozy  #CommentYourThoughts #TagAFriend #Followme #KaChooziness! #Juan365 #AllInJuanSaSaya #Juan365Studios #SweetEnergy #DailyBeautyVibes",34,"01/03/2026 19:16",N/A,https://www.facebook.com/reel/1882152469077005/,0,0,Videos,,,,,Lifetime,128,97,12,12,0,0,5,5,,,,659.252,5.939,0,0,0
122110541931144249,61584327477246,"Juankada Alexchoozy","COLORGAME ❤️💚🩷🤍💙💛","Ka-chooziness! It’s a COLORFUL SUNDAY! Ano sa tingen mo ang KULAY that best describes you? Pakulitan tayo ng sagot!

TARA! Magtawanan tayo 🤣

#JuankadaAlexchoozy  #CommentYourThoughts #TagAFriend #Followme #KaChooziness #Juan365 #AllInJuanSaSaya #Juan365Studios #SweetEnergy #DailyBeautyVibes",36,"01/03/2026 16:00",N/A,https://www.facebook.com/reel/1359256842547950/,0,0,Videos,,,,,Lifetime,130,94,14,13,0,1,4,4,,,,662.528,6.078,0,0,0
122110486545144249,61584327477246,"Juankada Alexchoozy","Ka-Chooziness! 6 colors, 1 choice anong trip mo ngayon?

Alin sa kulay ang swak sa feelings mo tonight? I-Comment na yan at piliin natin ang pinaka nakakatawang sagot o hugot? 🤣

#JuankadaAlexchoozy  #CommentYourThoughts #TagAFriend #Followme #KaChooziness! #Juan365 #AllInJuanSaSaya #Juan365Studios #SweetEnergy #DailyBeautyVibes #ColorTrip #PinakaNakakatawa #CommentGame #FunVibes #TrendingNow",,0,"01/03/2026 06:19",N/A,https://www.facebook.com/JuankadaAlexchoozyOfficialPage/posts/pfbid05PwYsPbfWoC5pbd8dhk1MafVckSu11HbnCy6riQM88gNJQakoG9e1To2n1pZJv8Rl,0,0,Photos,,,,,Lifetime,520,240,22,17,2,3,13,2,11,,,,,,,
122110442799144249,61584327477246,"Juankada Alexchoozy","NANDITO AKO 🥰","“Ngunit ganun pa man, nais kong malaman mo, Ang puso kong ito’y para lang sayo”

Sabado-Oke tayo Juankada, sa Lunes, kakantahan ko ulit kayo. Miss you all 🥰

#JuankadaAlexchoozy  #CommentYourThoughts #TagAFriend #Followme #KaChooziness #Juan365 #AllInJuanSaSaya #Juan365Studios #SweetEnergy #DailyBeautyVibes",41,"01/03/2026 00:31",N/A,https://www.facebook.com/reel/1446191056864412/,0,0,Videos,,,,,Lifetime,224,157,20,17,2,1,5,5,,,,1494.602,8.639,0,0,0
122110410405144249,61584327477246,"Juankada Alexchoozy","Hi Juankada, today is my restday pero di tayo titigil to give FUN and SHARE our Talent to everyJUAN. Sharing you some clips from my Hosting Gig. See you all on Monday 🥰 

#JuankadaAlexchoozy  #CommentYourThoughts #TagAFriend #Followme #KaChooziness! #Juan365 #AllInJuanSaSaya #Juan365Studios #SweetEnergy #DailyBeautyVibes","Hi Juankada, today is my restday pero di tayo titigil to give FUN and SHARE our Talent to everyJUAN. Sharing you some clips from my Hosting Gig. See you all on Monday 🥰 

#JuankadaAlexchoozy  #CommentYourThoughts #TagAFriend #Followme #KaChooziness! #Juan365 #AllInJuanSaSaya #Juan365Studios #SweetEnergy #DailyBeautyVibes",78,"01/02/2026 18:50",N/A,https://www.facebook.com/reel/962830533003582/,0,0,Videos,,,,,Lifetime,224,137,32,22,9,1,8,8,,,,1934.642,10.688,0,0,0
122110408779144249,61584327477246,"Juankada Alexchoozy","Juankada Alexchoozy updated his cover photo.",,0,"01/02/2026 18:39",N/A,https://www.facebook.com/photo.php?fbid=122110408779144249&set=a.122095215045144249&type=3,0,0,Photos,,,,,Lifetime,2,1,26,24,2,0,0,,,,,,,,,
122110228887144249,61584327477246,"Juankada Alexchoozy","𝗙𝗶𝗿𝘀𝘁 𝗧𝗚𝗜𝗙 𝗳𝗼𝗿 𝟮𝟬𝟮𝟲! Let’s make this day 𝐂𝐎𝐋𝐎𝐑𝐅𝐔𝐋 and 𝐖𝐎𝐍𝐃𝐄𝐑𝐅𝐔𝐋 🥰🌈

Catch me here in 𝐂𝐨𝐥𝐨𝐫 𝐆𝐚𝐦𝐞 𝐋𝐢𝐯𝐞 from 6AM–2PM! See you, mga Ka-Chooziness 🧡💙

#TGIF2026 #ColorGameLive #Juan365PH #KaChooziness #JuankadaVibes #ColorfulDay #AllInJuanLive #Juan365Studios #Juan365 #ALLINJUANLIVE #JuankadaHosts #JuankadaAlexchoozy #KaChooziness","𝗙𝗶𝗿𝘀𝘁 𝗧𝗚𝗜𝗙 𝗳𝗼𝗿 𝟮𝟬𝟮𝟲! Let’s make this day 𝐂𝐎𝐋𝐎𝐑𝐅𝐔𝐋 and 𝐖𝐎𝐍𝐃𝐄𝐑𝐅𝐔𝐋 🥰🌈

Catch me here in 𝐂𝐨𝐥𝐨𝐫 𝐆𝐚𝐦𝐞 𝐋𝐢𝐯𝐞 from 6AM–2PM! See you, mga Ka-Chooziness 🧡💙

#TGIF2026 #ColorGameLive #Juan365PH #KaChooziness #JuankadaVibes #ColorfulDay #AllInJuanLive #Juan365Studios #Juan365 #ALLINJUANLIVE #JuankadaHosts #JuankadaAlexchoozy #KaChooziness",29,"01/01/2026 20:01",N/A,https://www.facebook.com/reel/1170557828398733/,0,0,Videos,,,,,Lifetime,176,133,11,11,0,0,5,5,,,,915.286,6.356,0,0,0
122110228197144249,61584327477246,"Juankada Alexchoozy","Muli nating balikan ang makulay at masayang 𝑪𝒐𝒍𝒐𝒓 𝑮𝒂𝒎𝒆 kahapon! Isang solid na simula para sa unang araw ng 2026. Salamat Juankada sa walang kupas na saya at energy! 💖🔥

Comment kung nanuod ka | ❤️ React kung ready ulit!

#Juan365PH #ColorGame #JuankadaVibes #2026Start #AllInJuanLive #ColorfulDay #Juan365Studios #Juan365 #ALLINJUANLIVE #JuankadaHosts #JuankadaAlexchoozy #KaChooziness","Muli nating balikan ang makulay at masayang 𝑪𝒐𝒍𝒐𝒓 𝑮𝒂𝒎𝒆 kahapon! Isang solid na simula para sa unang araw ng 2026. Salamat Juankada sa walang kupas na saya at energy! 💖🔥

Comment kung nanuod ka | ❤️ React kung ready ulit!

#Juan365PH #ColorGame #JuankadaVibes #2026Start #AllInJuanLive #ColorfulDay #Juan365Studios #Juan365 #ALLINJUANLIVE #JuankadaHosts #JuankadaAlexchoozy #KaChooziness",55,"01/01/2026 18:40",N/A,https://www.facebook.com/reel/2236221213568818/,0,0,Videos,,,,,Lifetime,181,118,13,12,0,1,3,3,,,,1155.432,7.454,0,0,0
122110076913144249,61584327477246,"Juankada Alexchoozy","𝐉𝐮𝐚𝐧𝟑𝟔𝟓 : 𝟏𝐬𝐭 𝐝𝐚𝐲 𝐨𝐟 𝟑𝟔𝟓 𝐝𝐚𝐲𝐬 (𝟏/𝟑𝟔𝟓)

Mga juankada at ka-chooziness! Sabay-sabay nating simulan paikutin ang ating kapalaran. Let’s start 2026 with full of Fun, Excitement and Good Vibes! 😎 

👉 Let’s make our lives 𝑪𝑶𝑳𝑶𝑹𝑭𝑼𝑳. 𝑫𝒐𝒖𝒃𝒍𝒆 𝒕𝒉𝒆 𝑭𝒖𝒏, 𝑻𝒓𝒊𝒑𝒍𝒆 𝒕𝒉𝒆 𝑬𝒙𝒄𝒊𝒕𝒆𝒎𝒆𝒏𝒕 with 𝑪𝑶𝑳𝑶𝑹𝑮𝑨𝑴𝑬 𝑳𝑰𝑽𝑬 only in 𝑱𝑼𝑨𝑵365.

#Juan365Studios #Juan365 #ALLINJUANLIVE #JuankadaHosts #JuankadaAlexchoozy #KaChooziness! #1of365 #NewBeginnings #GoodVibesOnly #DayOne #FreshStart #TrendingNow",,0,"12/31/2025 21:06",N/A,https://www.facebook.com/JuankadaAlexchoozyOfficialPage/posts/pfbid02swqDfHcjPqSi2n9ihkWQbrJ2yuYZURvEcjDDjoDjkmTyFH6P6nFXWP9UEKktfpfLl,0,0,Photos,,,,,Lifetime,859,381,23,21,1,1,11,10,1,,,,,,,
122109894531144249,61584327477246,"Juankada Alexchoozy","𝐖𝐞𝐥𝐜𝐨𝐦𝐞 𝟐𝟎𝟐𝟔!","𝐌𝐠𝐚 𝐤𝐚-𝐂𝐡𝐨𝐨𝐳𝐢𝐧𝐞𝐬𝐬!🎉

Simulan natin ang 2026 nang COLORFUL at puno ng GAMEFUL moments!

Watch and play kasama kami sa COLORGAME LIVE, exclusively sa JUAN365! 💚💙❤️🤍💛🩷

𝐀𝐋𝐋 𝐢𝐧 𝐉𝐔𝐀𝐍 𝐬𝐚 𝐬𝐚𝐲𝐚! ✨

#ColorGameLive #GoodVibesOnly #Gameful2026 #KulitanTime #LiveFun #TrendingNow #JuanKada #EntertainmentPH #Juan365Studios #Juan365 #ALLINJUANLIVE #JuankadaHosts #JuankadaAlexchoozy #KaChooziness!",21,"12/31/2025 18:00",N/A,https://www.facebook.com/reel/4321914381427900/,0,0,Videos,,,,,Lifetime,217,138,15,12,3,0,11,11,,,,866.015,5.412,0,0,0
122109976197144249,61584327477246,"Juankada Alexchoozy","HAPPY NEW YEAR! WELCOME 2026!","From your @[61584327477246:2048:Juankada Alexchoozy], mga Ka-Chooziness, Happy, Happy New Year! 🎉🥂 HELLO 2026! 

Follow me for more saya and good vibes this year! ❤️💙

#KaChooziness #Juankada #HappyNewYear #NewYearVibes #GoodVibesOnly #NewYearNewGoals #JuankadaVibes #GoalSetter #Juan365Studios #Juan365 #ALLINJUANLIVE #JuankadaHosts #JuankadaAlexchoozy",53,"12/31/2025 08:30",N/A,https://www.facebook.com/reel/2047573482733049/,0,0,Videos,,,,,Lifetime,201,144,19,19,0,0,9,9,,,,1750.455,10.94,0,0,0
122106672741170300,61585109026232,"Juankada Charm","Hi Lucky Charms! ✨

Nabigyan ba lahat ng saya at swerte sa ating live kagabi na hatid sainyo ng inyong Lucky Charm? Hopefully, YES! 

Drop a ""😘"" para sa mas madami pang lucky charms sa atin susunod na live!

#Juan365Studios #Juan365 #ALLINJUANSASAYA #JuankadaHosts #JuankadaCharm #LuckyCharms","Hi Lucky Charms! ✨

Nabigyan ba lahat ng saya at swerte sa ating live kagabi na hatid sainyo ng inyong Lucky Charm? Hopefully, YES! 

Drop a ""😘"" para sa mas madami pang lucky charms sa atin susunod na live!

#Juan365Studios #Juan365 #ALLINJUANSASAYA #JuankadaHosts #JuankadaCharm #LuckyCharms",19,"12/31/2025 00:30",N/A,https://www.facebook.com/reel/1569905794052995/,0,0,Videos,,,,,Lifetime,131,97,13,13,0,0,3,3,,,,837.143,8.455,0,0,0
122106804843170300,61585109026232,"Juankada Charm","Hello, my Lucky Charms! ✨

Handa na ba kayo salubungin ang new year with unlimited swerte? I got you because your Lucky Charm is always present! 😘

Live na tayo! Now na sa Color Game Live ng Juan365 Studios! 

#Juan365Studios #Juan365 #ALLINJUANSASAYA #JuankadaHosts #JuankadaCharm #LuckyCharms",,0,"12/31/2025 05:37",N/A,https://www.facebook.com/permalink.php?story_fbid=pfbid0PjyW6kLkn8iN7Qz8Fcxf3Khbd91gs8jvBodNshPL2B1zC7pfAzEPGDQigxM4zuq2l&id=61585109026232,0,0,Photos,,,,,Lifetime,163,60,12,10,1,1,15,7,8,,,,,,,
122106973635170300,61585109026232,"Juankada Charm","Happy New Year, Lucky Charms! 🎆

Mas maraming panalo, mas maraming blessings, at mas makukulay na saya ngayong taon! 🥳

#Juan365 #Juan365Studios #ALLINJUANLIVE #Juan365ColorGame",,0,"12/31/2025 22:14",N/A,https://www.facebook.com/permalink.php?story_fbid=pfbid02hY1W8jgpSP6Ptu67evyctphaqEoWPmJ2xzLtvZEDcAEboZBGWue288DWaHa5CLkbl&id=61585109026232,0,1,Videos,,,,,Lifetime,,29,4,4,0,0,0,,,,,,,,,
122106981777170300,61585109026232,"Juankada Charm","Happy New Year, Lucky Charms! ✨

Day JUAN of 365 na kaya let’s continue our progress for our family, friends, and ourselves! 💖

Let’s start the year right, Juankada! Drop a “😘” kung handa na kayo for this year!

#Juan365Studios #Juan365 #ALLINJUANSASAYA #JuankadaHosts #JuankadaCharm #LuckyCharms","Happy New Year, Lucky Charms! ✨

Day JUAN of 365 na kaya let’s continue our progress for our family, friends, and ourselves! 💖

Let’s start the year right, Juankada! Drop a “😘” kung handa na kayo for this year!

#Juan365Studios #Juan365 #ALLINJUANSASAYA #JuankadaHosts #JuankadaCharm #LuckyCharms",15,"12/31/2025 23:30",N/A,https://www.facebook.com/reel/1183243957330066/,0,0,Videos,,,,,Lifetime,82,36,9,9,0,0,2,2,,,,302.904,4.808,0,0,0
122106981825170300,61585109026232,"Juankada Charm","Hi Lucky Charms! ✨

Wearing the color of the year today! 🤍

Naniniwala din ba kayo na wearing the color of the year will bring you prosperity this year? 🤔

Comment niyo naman thoughts niyo sa baba! 

#Juan365Studios #Juan365 #ALLINJUANSASAYA #JuankadaHosts #JuankadaCharm #LuckyCharms","Hi Lucky Charms! ✨

Wearing the color of the year today! 🤍

Naniniwala din ba kayo na wearing the color of the year will bring you prosperity this year? 🤔

Comment niyo naman thoughts niyo sa baba! 

#Juan365Studios #Juan365 #ALLINJUANSASAYA #JuankadaHosts #JuankadaCharm #LuckyCharms",12,"01/01/2026 02:30",N/A,https://www.facebook.com/reel/877055318037017/,0,0,Videos,,,,,Lifetime,66,43,7,6,1,0,3,3,,,,175.978,3.32,0,0,0
122107066131170300,61585109026232,"Juankada Charm","✨ Hi Lucky Charms! ✨

I’m with Juankada Lance and Juankada Evo 😎
Samahan niyo kami mag-LIVE sa JUAN365 App & Website 🔥
1/365: The First Step!

Juankada, ready na ba kayo sa journey? 😎
Comment ""Ready"" ❤

#Juan365Studios #Juan365 #ALLINJUANSASAYA #JuankadaHosts #JuankadaCharm #LuckyCharms",,0,"01/01/2026 06:15",N/A,https://www.facebook.com/permalink.php?story_fbid=pfbid038AofNEtGJH78EaL9EtUUfSYYuZ1aMEVqgBR7ZYxPwCfeyvY3DJxYis8A8FFYGVFil&id=61585109026232,0,0,Photos,,,,,Lifetime,828,323,58,55,0,3,27,12,15,,,,,,,
122107103499170300,61585109026232,"Juankada Charm","Hi Lucky Charms! ✨

Fit check muna tayo  magbigay ng unlimited lucky charms sainyo! 😘

Kita-kits tayo later sa Color Game Live ng Juan365 Studios! 

#Juan365Studios #Juan365 #ALLINJUANSASAYA #JuankadaHosts #JuankadaCharm #LuckyCharms",,0,"01/01/2026 09:40",N/A,https://www.facebook.com/permalink.php?story_fbid=pfbid02fz2A8yRdJWG7jHqyiA1aPvdh2oyA1cGQNv1nCAX4w2zjffC7trziAG8JiNDZuFTnl&id=61585109026232,0,0,Photos,,,,,Lifetime,154,54,9,8,0,1,4,2,2,,,,,,,
122107162737170300,61585109026232,"Juankada Charm","✨ Your Lucky Charm is working!✨

#Juan365Studios #Juan365 #ALLINJUANSASAYA #JuankadaHosts #JuankadaCharm #LuckyCharms",,0,"01/01/2026 17:29",N/A,https://www.facebook.com/permalink.php?story_fbid=pfbid0MksJ4NVQ7edNMnqip51BVVVz8oTb3kzzTmNifMD9qxNZsnz59wGsz4yH1WzD8pMSl&id=61585109026232,0,1,Text,,,,,Lifetime,,43,5,5,0,0,11,11,,,,,,,,
122107192407170300,61585109026232,"Juankada Charm","✨Hi Lucky Charms!✨

Trying something new para sa salubong ng 2026! 🥶

Bagay ba ang ganitong OOTD para sainyong Lucky Charm? 

Comment your thoughts Juankada! 😘

#Juan365Studios #Juan365 #ALLINJUANSASAYA #JuankadaHosts #JuankadaCharm #LuckyCharms","✨Hi Lucky Charms!✨

Trying something new para sa salubong ng 2026! 🥶

Bagay ba ang ganitong OOTD para sainyong Lucky Charm? 

Comment your thoughts Juankada! 😘

#Juan365Studios #Juan365 #ALLINJUANSASAYA #JuankadaHosts #JuankadaCharm #LuckyCharms",14,"01/01/2026 20:00",N/A,https://www.facebook.com/reel/865463389225843/,0,0,Videos,,,,,Lifetime,200,133,12,11,1,0,4,4,,,,735.534,4.512,0,0,0
122107226871170300,61585109026232,"Juankada Charm","✨Lucky Charms!✨

Focus sa goal ngayong 2026, pero hindi masamang maging crush ng bayan on the side, charot! 😘

Drop a ""💖"" para sa ating new goals and missions this year!

#Juan365Studios #Juan365 #ALLINJUANSASAYA #JuankadaHosts #JuankadaCharm #LuckyCharms","✨Lucky Charms!✨

Focus sa goal ngayong 2026, pero hindi masamang maging crush ng bayan on the side, charot! 😘

Drop a ""💖"" para sa ating new goals and missions this year!

#Juan365Studios #Juan365 #ALLINJUANSASAYA #JuankadaHosts #JuankadaCharm #LuckyCharms",16,"01/02/2026 00:31",N/A,https://www.facebook.com/reel/1171128538522846/,0,0,Videos,,,,,Lifetime,149,85,13,11,1,1,6,6,,,,739.382,6.721,0,0,0
122107437015170300,61585109026232,"Juankada Charm","✨Hi Lucky Charms!✨

BTS natin from last night: Awra muna before live natin kagabi 😘

Gusto niyo pa ba makakita ng other BTS content natin? Let me know! 🤔

#Juan365Studios #Juan365 #ALLINJUANSASAYA #JuankadaHosts #JuankadaCharm #LuckyCharms","✨Hi Lucky Charms!✨

BTS natin from last night: Awra muna before live natin kagabi 😘

Gusto niyo pa ba makakita ng other BTS content natin? Let me know! 🤔

#Juan365Studios #Juan365 #ALLINJUANSASAYA #JuankadaHosts #JuankadaCharm #LuckyCharms",16,"01/02/2026 22:47",N/A,https://www.facebook.com/reel/1593284341866766/,0,0,Videos,,,,,Lifetime,192,111,17,12,5,0,7,7,,,,1089.577,8.317,0,0,0
122107526781170300,61585109026232,"Juankada Charm","✨Lucky Charms!✨

Last na for today! BTS ulit tayo before mag live kagabi!

Hmm, do I look good? Share niyo thoughts niyo! 😘

#Juan365Studios #Juan365 #ALLINJUANSASAYA #JuankadaHosts #JuankadaCharm #LuckyCharms","✨Lucky Charms!✨

Last na for today! BTS ulit tayo before mag live kagabi!

Hmm, do I look good? Share niyo thoughts niyo! 😘

#Juan365Studios #Juan365 #ALLINJUANSASAYA #JuankadaHosts #JuankadaCharm #LuckyCharms",6,"01/03/2026 06:18",N/A,https://www.facebook.com/reel/1401228511395702/,0,0,Videos,,,,,Lifetime,150,85,12,9,2,1,1,1,,,,405.467,4.18,0,0,0
122107662213170300,61585109026232,"Juankada Charm","✨Sunday Funday, Lucky Charms! ✨

Just woke up pero still serving looks 😘

Ano kaya maganda gawin today? Drop your thoughts!

#Juan365Studios #Juan365 #ALLINJUANSASAYA #JuankadaHosts #JuankadaCharm #LuckyCharms","✨Sunday Funday, Lucky Charms! ✨

Just woke up pero still serving looks 😘

Ano kaya maganda gawin today? Drop your thoughts!

#Juan365Studios #Juan365 #ALLINJUANSASAYA #JuankadaHosts #JuankadaCharm #LuckyCharms",16,"01/03/2026 20:30",N/A,https://www.facebook.com/reel/889989420197082/,0,0,Videos,,,,,Lifetime,96,61,12,11,1,0,1,1,,,,315.979,4.388,0,0,0
122107662291170300,61585109026232,"Juankada Charm","✨Happy Sunday, Lucky Charms!✨

Pababa nang pababa ang music pero pataas nang pataas ang swerte! 😘

What song naman ang sunod nating sasayawin?

#Juan365Studios #Juan365 #ALLINJUANSASAYA #JuankadaHosts #JuankadaCharm #LuckyCharms","✨Happy Sunday, Lucky Charms!✨

Pababa nang pababa ang music pero pataas nang pataas ang swerte! 😘

What song naman ang sunod nating sasayawin?

#Juan365Studios #Juan365 #ALLINJUANSASAYA #JuankadaHosts #JuankadaCharm #LuckyCharms",9,"01/04/2026 00:30",N/A,https://www.facebook.com/reel/1933472250622659/,0,0,Videos,,,,,Lifetime,259,103,32,25,6,1,16,16,,,,1322.605,9.515,0,0,0
122107930461170300,61585109026232,"Juankada Charm","✨Hi Lucky Charms!✨

Handa na ba kayo sa isa nanamang unlimited bigayan ng swerte?

Samahan niyo kami sa ating Color Game Live ngayon na! 

#Juan365Studios #Juan365 #ALLINJUANSASAYA #JuankadaHosts #JuankadaCharm #LuckyCharms",,0,"01/04/2026 22:50",N/A,https://www.facebook.com/permalink.php?story_fbid=pfbid0L5EWPx7nKGU5idMtFFHxP72mxdfym6a34Lxk2Ah86PG3DwKXojm279joL81smt8Xl&id=61585109026232,0,0,Photos,,,,,Lifetime,1212,529,96,64,18,14,25,18,7,,,,,,,
122108152851170300,61585109026232,"Juankada Charm","✨Hi Lucky Charms!✨

Missed you guys over the weekend! 😘

Nakapanood ba ang lahat sa live natin kahapon? Drop a ""❤️"" naman if yes!

#Juan365Studios #Juan365 #ALLINJUANSASAYA #JuankadaHosts #JuankadaCharm #LuckyCharms","✨Hi Lucky Charms!✨

Missed you guys over the weekend! 😘

Nakapanood ba ang lahat sa live natin kahapon? Drop a ""❤️"" naman if yes!

#Juan365Studios #Juan365 #ALLINJUANSASAYA #JuankadaHosts #JuankadaCharm #LuckyCharms",16,"01/05/2026 20:30",N/A,https://www.facebook.com/reel/958302457359826/,0,0,Videos,,,,,Lifetime,60,38,7,6,1,0,1,1,,,,313.463,6.814,0,0,0
122108187447170300,61585109026232,"Juankada Charm","✨Hi Lucky Charms!✨

We're live later sa Color Game Live ng Juan365 Studios! 2PM - 10PM 😘

Kita-kits tayo, Lucky Charms!

#Juan365Studios #Juan365 #ALLINJUANSASAYA #JuankadaHosts #JuankadaCharm #LuckyCharms",,0,"01/05/2026 22:36",N/A,https://www.facebook.com/permalink.php?story_fbid=pfbid0n4zHPyzHPFfDxq2DF2pmo56T3cavDpb47qivhwrJDfaVVYr5aucQPDpMaiyCjto6l&id=61585109026232,0,0,Photos,,,,,Lifetime,156,65,11,9,1,1,6,2,4,,,,,,,
122108152893170300,61585109026232,"Juankada Charm","✨Lucky Charms!✨

BTS: Before live natin kahapon. Pakitaan ko muna kayo ng hidden talent ko 💃

Anong dance trend naman next?

#Juan365Studios #Juan365 #ALLINJUANSASAYA #JuankadaHosts #JuankadaCharm #LuckyCharms","✨Lucky Charms!✨

BTS: Before live natin kahapon. Pakitaan ko muna kayo ng hidden talent ko 💃

Anong dance trend naman next?

#Juan365Studios #Juan365 #ALLINJUANSASAYA #JuankadaHosts #JuankadaCharm #LuckyCharms",16,"01/06/2026 02:00",N/A,https://www.facebook.com/reel/891342876918947/,0,0,Videos,,,,,Lifetime,110,65,24,18,5,1,8,8,,,,599.167,7.781,0,0,0
122108379495170300,61585109026232,"Juankada Charm","""Your world is my world"" 🌎

✨Tapusin niyo yung video para sa small surprise for my Lucky Charms 😘

#Juan365Studios #Juan365 #ALLINJUANSASAYA #JuankadaHosts #JuankadaCharm #LuckyCharms","""Your world is my world"" 🌎

✨Tapusin niyo yung video para sa small surprise for my Lucky Charms 😘

#Juan365Studios #Juan365 #ALLINJUANSASAYA #JuankadaHosts #JuankadaCharm #LuckyCharms",16,"01/06/2026 20:30",N/A,https://www.facebook.com/reel/1973032816977627/,0,0,Videos,,,,,Lifetime,114,60,12,8,2,2,3,3,,,,533.249,6.2,0,0,0
122108379549170300,61585109026232,"Juankada Charm","✨Another BTS content for my Lucky Charms✨

Short talent portion again from me to you! 

What dance-craze next? 🤭

#Juan365Studios #Juan365 #ALLINJUANSASAYA #JuankadaHosts #JuankadaCharm #LuckyCharms","✨Another BTS content for my Lucky Charms✨

Short talent portion again from me to you! 

What dance-craze next? 🤭

#Juan365Studios #Juan365 #ALLINJUANSASAYA #JuankadaHosts #JuankadaCharm #LuckyCharms",10,"01/07/2026 00:30",N/A,https://www.facebook.com/reel/805002865919303/,0,0,Videos,,,,,Lifetime,140,63,23,19,2,2,9,9,,,,664.675,7.468,0,0,0
122108442357170300,61585109026232,"Juankada Charm","✨Lucky Charms, What you doin'? Where you at? ✨

Dapat nanonood kayo ng live ah! 

Drop sa comments section kung saan kayo nanonood ngayon! 😘

#Juan365Studios #Juan365 #ALLINJUANSASAYA #JuankadaHosts #JuankadaCharm #LuckyCharms","✨Lucky Charms, What you doin'? Where you at? ✨

Dapat nanonood kayo ng live ah! 

Drop sa comments section kung saan kayo nanonood ngayon! 😘

#Juan365Studios #Juan365 #ALLINJUANSASAYA #JuankadaHosts #JuankadaCharm #LuckyCharms",13,"01/07/2026 05:00",N/A,https://www.facebook.com/reel/1535347794244781/,0,0,Videos,,,,,Lifetime,80,49,16,11,3,2,2,2,,,,297.108,4.57,0,0,0
122108603055170300,61585109026232,"Juankada Charm","✨Dance with me Lucky Charms!✨

Drop your suggestions sa next dance-craze natin! 💃😘

#Juan365Studios #Juan365 #ALLINJUANSASAYA #JuankadaHosts #JuankadaCharm #LuckyCharms","✨Dance with me Lucky Charms!✨

Drop your suggestions sa next dance-craze natin! 💃😘

#Juan365Studios #Juan365 #ALLINJUANSASAYA #JuankadaHosts #JuankadaCharm #LuckyCharms",15,"01/07/2026 20:30",N/A,https://www.facebook.com/reel/1567416104410619/,0,0,Videos,,,,,Lifetime,130,61,23,16,4,3,7,7,,,,697.64,7.927,0,0,0
122108669685170300,61585109026232,"Juankada Charm","✨What’s up Lucky Charms?✨

Fit check muna tayo before we give out unlimited lucky charms sa ating Color Game Live! 😘

Watch me and other Juankada hosts today Lucky Charms!

#Juan365Studios #Juan365 #ALLINJUANSASAYA #JuankadaHosts #JuankadaCharm #LuckyCharms","✨What’s up Lucky Charms?✨

Fit check muna tayo before we give out unlimited lucky charms sa ating Color Game Live! 😘

Watch me and other Juankada hosts today Lucky Charms!

#Juan365Studios #Juan365 #ALLINJUANSASAYA #JuankadaHosts #JuankadaCharm #LuckyCharms",22,"01/08/2026 01:34",N/A,https://www.facebook.com/reel/2106549283427191/,0,0,Videos,,,,,Lifetime,70,38,12,10,1,1,3,3,,,,409.258,7.056,0,0,0
122108603109170300,61585109026232,"Juankada Charm","✨Sleepy Head Charm😴

Still the same hottie kahit antok na! 😘

Agree ba kayo, Lucky Charms?

#Juan365Studios #Juan365 #ALLINJUANSASAYA #JuankadaHosts #JuankadaCharm #LuckyCharms","✨Sleepy Head Charm😴

Still the same hottie kahit antok na! 😘

Agree ba kayo, Lucky Charms?

#Juan365Studios #Juan365 #ALLINJUANSASAYA #JuankadaHosts #JuankadaCharm #LuckyCharms",16,"01/08/2026 05:00",N/A,https://www.facebook.com/reel/2040219196552971/,0,0,Videos,,,,,Lifetime,68,44,13,10,2,1,9,9,,,,336.136,6.859,0,0,0
122108981229170300,61585109026232,"Juankada Charm","Thank you and congrats to us, Lucky Charms and Juankada! 

Follow Juan365 Studios for more updates! ✨",,0,"01/08/2026 19:40",N/A,https://www.facebook.com/permalink.php?story_fbid=pfbid0r8Z878x9so7BSapf7hHMasKXMW9so6tTjHNYJz4xM5crQEdnb2szX4dUGKqZjrdul&id=61585109026232,0,1,Photos,,,,,Lifetime,80,45,5,5,0,0,1,,1,,,,,,,
122108973297170300,61585109026232,"Juankada Charm","✨Hi Lucky Charms!✨

Off to somewhere! 🚗

Hulaan niyo saan ang ating adventure today!

#Juan365Studios #Juan365 #ALLINJUANSASAYA #JuankadaHosts #JuankadaCharm #LuckyCharms","✨Hi Lucky Charms!✨

Off to somewhere! 🚗

Hulaan niyo saan ang ating adventure today!

#Juan365Studios #Juan365 #ALLINJUANSASAYA #JuankadaHosts #JuankadaCharm #LuckyCharms",11,"01/08/2026 20:30",N/A,https://www.facebook.com/reel/1788117208519308/,0,0,Videos,,,,,Lifetime,87,67,11,11,0,0,0,,,,,317.27,4.468,0,0,0
122108999157170300,61585109026232,"Juankada Charm","✨What’s up Lucky Charms?✨

Fit check muna tayo before we give out unlimited lucky charms sa ating Color Game Live! 😘

Watch me and other Juankada hosts today Lucky Charms!

#Juan365Studios #Juan365 #ALLINJUANSASAYA #JuankadaHosts #JuankadaCharm #LuckyCharms","✨What’s up Lucky Charms?✨

Fit check muna tayo before we give out unlimited lucky charms sa ating Color Game Live! 😘

Watch me and other Juankada hosts today Lucky Charms!

#Juan365Studios #Juan365 #ALLINJUANSASAYA #JuankadaHosts #JuankadaCharm #LuckyCharms",21,"01/08/2026 22:18",N/A,https://www.facebook.com/reel/1275774521045885/,0,0,Videos,,,,,Lifetime,95,52,17,12,3,2,5,5,,,,585.255,7.7,0,0,0
122108973423170300,61585109026232,"Juankada Charm","✨Hello Lucky Charms!✨

Aminin niyo, ako ba ang gusto niyo? 😘

#Juan365Studios #Juan365 #ALLINJUANSASAYA #JuankadaHosts #JuankadaCharm #LuckyCharms","✨Hello Lucky Charms!✨

Aminin niyo, ako ba ang gusto niyo? 😘

#Juan365Studios #Juan365 #ALLINJUANSASAYA #JuankadaHosts #JuankadaCharm #LuckyCharms",15,"01/09/2026 00:30",N/A,https://www.facebook.com/reel/878665644759010/,0,0,Videos,,,,,Lifetime,106,68,19,14,3,2,2,2,,,,526.497,6.749,0,0,0
122109196293170300,61585109026232,"Juankada Charm","Another BTS content for my Lucky Charms ✨

Coffee first before going live! ☕️

Anong favorite coffee spot niyo Lucky Charms? 😘

#Juan365Studios #Juan365 #ALLINJUANSASAYA #JuankadaHosts #JuankadaCharm #LuckyCharms","Another BTS content for my Lucky Charms ✨

Coffee first before going live! ☕️

Anong favorite coffee spot niyo Lucky Charms? 😘

#Juan365Studios #Juan365 #ALLINJUANSASAYA #JuankadaHosts #JuankadaCharm #LuckyCharms",15,"01/09/2026 20:30",N/A,https://www.facebook.com/reel/886151560443124/,0,0,Videos,,,,,Lifetime,141,85,20,14,6,0,15,15,,,,823.702,8.32,0,0,0
122109196773170300,61585109026232,"Juankada Charm","JB fever is real!!! 💖

Anong favorite Justin Bieber song niyo Lucky Charms?

#Juan365Studios #Juan365 #ALLINJUANSASAYA #JuankadaHosts #JuankadaCharm #LuckyCharms","JB fever is real!!! 💖

Anong favorite Justin Bieber song niyo Lucky Charms?

#Juan365Studios #Juan365 #ALLINJUANSASAYA #JuankadaHosts #JuankadaCharm #LuckyCharms",16,"01/10/2026 00:30",N/A,https://www.facebook.com/reel/4216290055183412/,0,0,Videos,,,,,Lifetime,65,49,11,8,3,0,1,1,,,,302.853,6.18,0,0,0
122109197229170300,61585109026232,"Juankada Charm","When no one is around you, say ""Baby, I love you"" 🎤😘

Love you, Lucky Charms!

Love niyo din ba ako? 🥹

#Juan365Studios #Juan365 #ALLINJUANSASAYA #JuankadaHosts #JuankadaCharm #LuckyCharms","When no one is around you, say ""Baby, I love you"" 🎤😘

Love you, Lucky Charms!

Love niyo din ba ako? 🥹

#Juan365Studios #Juan365 #ALLINJUANSASAYA #JuankadaHosts #JuankadaCharm #LuckyCharms",8,"01/10/2026 05:30",N/A,https://www.facebook.com/reel/1154927536720054/,0,0,Videos,,,,,Lifetime,68,41,11,9,2,0,2,2,,,,230.525,5.488,0,0,0
122109823371170300,61585109026232,"Juankada Charm","✨Hi Lucky Charms!✨

How many strikes pa ba ang need niyo from your very own Lucky Charm? 😘

#Juan365Studios #Juan365 #ALLINJUANSASAYA #JuankadaHosts #JuankadaCharm #LuckyCharms","✨Hi Lucky Charms!✨

How many strikes pa ba ang need niyo from your very own Lucky Charm? 😘

#Juan365Studios #Juan365 #ALLINJUANSASAYA #JuankadaHosts #JuankadaCharm #LuckyCharms",8,"01/10/2026 20:40",N/A,https://www.facebook.com/reel/1436659661370685/,0,0,Videos,,,,,Lifetime,80,43,13,9,3,1,4,4,,,,317.539,7.056,0,0,0
122109823413170300,61585109026232,"Juankada Charm","BTS content on a Sunday!☀️

Wearing the color of the year while dancing para halong good vibes and good luck! 💃 🍀

More BTS content ba? See you tomorrow, Lucky Charms! ✨

#Juan365Studios #Juan365 #ALLINJUANSASAYA #JuankadaHosts #JuankadaCharm #LuckyCharms","BTS content on a Sunday!☀️

Wearing the color of the year while dancing para halong good vibes and good luck! 💃 🍀

More BTS content ba? See you tomorrow, Lucky Charms! ✨

#Juan365Studios #Juan365 #ALLINJUANSASAYA #JuankadaHosts #JuankadaCharm #LuckyCharms",13,"01/11/2026 00:30",uploaded,https://www.facebook.com/reel/2104935840311731/,0,0,Videos,,,,,Lifetime,128,67,16,13,2,1,5,5,,,,766.158,9.343,0,0,0
122110063287170300,61585109026232,"Juankada Charm","Download na, Lucky Charms! 

Baby boy you stay on my mind! 🧠✨

#Juan365Studios #Juan365 #ALLINJUANSASAYA #JuankadaHosts #JuankadaCharm #LuckyCharms",,0,"01/11/2026 18:40",N/A,https://www.facebook.com/permalink.php?story_fbid=pfbid02V5oXeVdD8ZF1LUdN2akt3rMMkbEpNmeXszWSviNerAhY6mm8Z2BDn13xSdF48UdAl&id=61585109026232,0,1,Photos,,,,,Lifetime,56,28,9,8,1,0,2,2,,,,,,,,
122110063569170300,61585109026232,"Juankada Charm","Baby boy you stay on my mind! 🧠✨

Na-miss ko kayo Lucky Charms over-the-weekend! I see you guys in my dreams 😘

Napanood niyo ba ang ating live today?

#Juan365Studios #Juan365 #ALLINJUANSASAYA #JuankadaHosts #JuankadaCharm #LuckyCharms","Baby boy you stay on my mind! 🧠✨

Na-miss ko kayo Lucky Charms over-the-weekend! I see you guys in my dreams 😘

Napanood niyo ba ang ating live today?

#Juan365Studios #Juan365 #ALLINJUANSASAYA #JuankadaHosts #JuankadaCharm #LuckyCharms",12,"01/11/2026 20:30",N/A,https://www.facebook.com/reel/896676526144170/,0,0,Videos,,,,,Lifetime,181,47,19,13,4,2,5,5,,,,391.682,2.494,0,0,0
122110063629170300,61585109026232,"Juankada Charm","Maangas ang awra pero demure ang face card! 😘

Let's be in the feels, Lucky Charms! ✨

Comment niyo naman ang music na nagbibigay sainyo ng ANGAS!

#Juan365Studios #Juan365 #ALLINJUANSASAYA #JuankadaHosts #JuankadaCharm #LuckyCharms","Maangas ang awra pero demure ang face card! 😘

Let's be in the feels, Lucky Charms! ✨

Comment niyo naman ang music na nagbibigay sainyo ng ANGAS!

#Juan365Studios #Juan365 #ALLINJUANSASAYA #JuankadaHosts #JuankadaCharm #LuckyCharms",16,"01/12/2026 00:30",mixed,https://www.facebook.com/reel/903300358815906/,0,0,Videos,,,,,Lifetime,100,55,25,14,6,5,7,7,,,,735.474,12.257,0,0,0
122110467435170300,61585109026232,"Juankada Charm","Tune in na, Lucky Charms! ✨

#Juan365Studios #Juan365 #ALLINJUANSASAYA #JuankadaHosts #JuankadaCharm #LuckyCharms",,0,"01/12/2026 17:46",N/A,https://www.facebook.com/permalink.php?story_fbid=pfbid0uLsFAtXfgBcDkrtgj635VyqcR4DuwT3Mm8Rr3k3dwXefWJ4U1pydoopRyD1gMmYWl&id=61585109026232,0,1,Videos,,,,,Lifetime,,33,8,8,0,0,0,,,,,,,,,
122110466619170300,61585109026232,"Juankada Charm","Just friends... lang ba talaga? 🤭

Lucky Charms, payag ba kayong just friends lang kayo? 

#Juan365Studios #Juan365 #ALLINJUANSASAYA #JuankadaHosts #JuankadaCharm #LuckyCharms","Just friends... lang ba talaga? 🤭

Lucky Charms, payag ba kayong just friends lang kayo? 

#Juan365Studios #Juan365 #ALLINJUANSASAYA #JuankadaHosts #JuankadaCharm #LuckyCharms",8,"01/12/2026 20:30",N/A,https://www.facebook.com/reel/856138054061045/,0,0,Videos,,,,,Lifetime,75,52,15,11,3,1,2,2,,,,292.263,5.412,0,0,0
122107504701189322,61585679673115,"Juankada Ellise","𝐏𝐚𝐧𝐢𝐬 𝐤𝐚 𝐛𝐨𝐲! pa pa panis ka boy...
Beshies! ✨ watch Color Game live sa Juan365  app at Website 💖🎬

#Juan365 #Juan365Studios #ALLINJUANLIVE #Juan365ColorGame #JuankadaEllise #fypシ゚viralシ #reelsfypシ","𝐏𝐚𝐧𝐢𝐬 𝐤𝐚 𝐛𝐨𝐲! pa pa panis ka boy...
Beshies! ✨ watch Color Game live sa @[61572881214141:2048:Juan365]  app at Website 💖🎬

#Juan365 #Juan365Studios #ALLINJUANLIVE #Juan365ColorGame #JuankadaEllise #fypシ゚viralシ #reelsfypシ",15,"01/12/2026 23:00",uploaded,https://www.facebook.com/reel/1282153177278239/,1,0,Videos,,,,,Lifetime,1632,1312,44,27,15,2,27,18,,9,,11081.291,8.42,0,0,0
122107488633189322,61585679673115,"Juankada Ellise","𝐁𝐞𝐬𝐡𝐢𝐞𝐬!!! 💖✨

Andito na naman ang good vibes, may kasamang swerte at tawanan hihi 😆🌸

👉 Watch Color Game LIVE sa Juan365 app at website
👉 Follow niyo na ko, besh, mwa 💋

#Juan365 #Juan365Studios #ALLINJUANLIVE #Juan365ColorGame #JuankadaEllise #fypreelsシviralシ #fypchallenge #reelsfypシ",,0,"01/12/2026 21:29",N/A,https://www.facebook.com/permalink.php?story_fbid=pfbid0poLsu5zbMpivMgC6JjVrfKQHeAbtuyscd5Sbybst431HVwSBQFsacHaQ5vCLtNadl&id=61585679673115,0,0,Photos,,,,,Lifetime,237,104,30,18,7,5,13,7,6,,,,,,,
122107488423189322,61585679673115,"Juankada Ellise","Morningshift ❤️",,0,"01/12/2026 21:28",N/A,https://www.facebook.com/permalink.php?story_fbid=pfbid02uBunK3jz7o2pHEaMrVmdt98f59ghK4TzrqHmNY2DMEV8QbEtUGCCj9Sc9U5MufEJl&id=61585679673115,0,1,Photos,,,,,Lifetime,141,68,10,9,1,0,21,5,16,,,,,,,
122107292187189322,61585679673115,"Juankada Ellise","Feeling the vibe, gettin’ the hype! 😎
Color Game 𝐀𝐋𝐋 𝐃𝐀𝐘, 𝐀𝐋𝐋 𝐍𝐈𝐆𝐇𝐓 🔥

👉𝐖𝐚𝐭𝐜𝐡 𝐂𝐨𝐥𝐨𝐫 𝐆𝐚𝐦𝐞 𝐥𝐢𝐯𝐞 𝐚𝐭 𝐉𝐮𝐚𝐧𝟑𝟔𝟓 𝐚𝐩𝐩 𝐚𝐭 𝐖𝐞𝐛𝐬𝐢𝐭𝐞.

#Juan365 #Juan365Studios #ALLINJUANLIVE #Juan365ColorGame #JuankadaEllise #fypreelsシviralシ #fypchallenge #reelsfypシ","Feeling the vibe, gettin’ the hype! 😎
Color Game 𝐀𝐋𝐋 𝐃𝐀𝐘, 𝐀𝐋𝐋 𝐍𝐈𝐆𝐇𝐓 🔥

👉𝐖𝐚𝐭𝐜𝐡 𝐂𝐨𝐥𝐨𝐫 𝐆𝐚𝐦𝐞 𝐥𝐢𝐯𝐞 𝐚𝐭 𝐉𝐮𝐚𝐧𝟑𝟔𝟓 𝐚𝐩𝐩 𝐚𝐭 𝐖𝐞𝐛𝐬𝐢𝐭𝐞.

#Juan365 #Juan365Studios #ALLINJUANLIVE #Juan365ColorGame #JuankadaEllise #fypreelsシviralシ #fypchallenge #reelsfypシ",14,"01/12/2026 02:00",N/A,https://www.facebook.com/reel/865576329529583/,0,0,Videos,,,,,Lifetime,253,116,15,11,2,2,5,5,,,,1337.733,7.04,0,0,0
122107265301189322,61585679673115,"Juankada Ellise","𝐁𝐥𝐚𝐜𝐤 𝐧𝐞𝐯𝐞𝐫 𝐟𝐚𝐢𝐥𝐬—beauty na walang effort 🖤
Double tap kung black ang forever mood mo 🔥

#Juan365 #Juan365Studios #ALLINJUANLIVE #Juan365ColorGame #JuankadaEllise","𝐁𝐥𝐚𝐜𝐤 𝐧𝐞𝐯𝐞𝐫 𝐟𝐚𝐢𝐥𝐬—beauty na walang effort 🖤
Double tap kung black ang forever mood mo 🔥

#Juan365 #Juan365Studios #ALLINJUANLIVE #Juan365ColorGame #JuankadaEllise",10,"01/11/2026 23:18",N/A,https://www.facebook.com/reel/1204983927805849/,0,0,Videos,,,,,Lifetime,4719,3770,31,24,4,3,36,22,,14,,23640.41,6.067,0,0,0
122107228437189322,61585679673115,"Juankada Ellise","𝐀 𝐝𝐚𝐲 𝐬𝐭𝐚𝐫𝐭𝐞𝐝 𝐛𝐲 𝐬𝐦𝐢𝐥𝐢𝐧𝐠 𝐢𝐬 𝐚 𝐝𝐚𝐲 𝐰𝐨𝐫𝐭𝐡 𝐰𝐢𝐧𝐧𝐢𝐧𝐠 😊
 😊✨
Smile ka rin today—comment 😊 below 👇

#Juan365 #Juan365Studios #ALLINJUANLIVE #Juan365ColorGame #JuankadaEllise",,0,"01/11/2026 16:37",N/A,https://www.facebook.com/permalink.php?story_fbid=pfbid0Repj5h36uvpKhLLSrTdQPL5tHSEc5ZmcJLTicgRAU6EedXUHKmbg64XZK9BemnVml&id=61585679673115,0,0,Photos,,,,,Lifetime,202,82,7,4,2,1,9,4,5,,,,,,,
122107114017189322,61585679673115,"Juankada Ellise","𝐁𝐄𝐒𝐇𝐈𝐄𝐒!✨

What if pink is your lucky color?💞

👉Color Game live sa Juan365 app at Website💯  

Try your luck! 🎀

#Juan365 #Juan365Studios #ALLINJUANLIVE #Juan365ColorGame #JuankadaEllise","𝐁𝐄𝐒𝐇𝐈𝐄𝐒!✨

What if pink is your lucky color?💞

👉Color Game live sa Juan365 app at Website💯  

Try your luck! 🎀

#Juan365 #Juan365Studios #ALLINJUANLIVE #Juan365ColorGame #JuankadaEllise",7,"01/11/2026 04:53",N/A,https://www.facebook.com/reel/25123586250674544/,0,0,Videos,,,,,Lifetime,227,111,20,13,7,0,9,9,,,,975.767,7.998,0,0,0
122106984501189322,61585679673115,"Juankada Ellise","𝐇𝐞𝐥𝐥𝐨 𝐁𝐞𝐬𝐡𝐢𝐞𝐬! 💖

May this year be 𝐎𝐔𝐑 year - full of good vibes, wins, and unforgettable moments ✨
Let’s make it a year to remember! 🙌 

👉𝐖𝐚𝐭𝐜𝐡 𝐂𝐨𝐥𝐨𝐫 𝐆𝐚𝐦𝐞 𝐥𝐢𝐯𝐞 𝐚𝐭 𝐉𝐮𝐚𝐧𝟑𝟔𝟓 𝐚𝐩𝐩 𝐚𝐭 𝐖𝐞𝐛𝐬𝐢𝐭𝐞.

#Juan365 #Juan365Studios #ALLINJUANLIVE #Juan365ColorGame #JuankadaEllise #fypreelsシviralシ #fypchallenge #reelsfypシ","𝐇𝐞𝐥𝐥𝐨 𝐁𝐞𝐬𝐡𝐢𝐞𝐬! 💖

May this year be 𝐎𝐔𝐑 year - full of good vibes, wins, and unforgettable moments ✨
Let’s make it a year to remember! 🙌 

👉𝐖𝐚𝐭𝐜𝐡 𝐂𝐨𝐥𝐨𝐫 𝐆𝐚𝐦𝐞 𝐥𝐢𝐯𝐞 𝐚𝐭 𝐉𝐮𝐚𝐧𝟑𝟔𝟓 𝐚𝐩𝐩 𝐚𝐭 𝐖𝐞𝐛𝐬𝐢𝐭𝐞.

#Juan365 #Juan365Studios #ALLINJUANLIVE #Juan365ColorGame #JuankadaEllise #fypreelsシviralシ #fypchallenge #reelsfypシ",10,"01/10/2026 18:00",N/A,https://www.facebook.com/reel/1402161791640679/,1,0,Videos,,,,,Lifetime,164,96,18,13,4,1,5,5,,,,657.305,5.617,0,0,0
122106967611189322,61585679673115,"Juankada Ellise","BESHIES 💞
A beautiful morning deserves love, laughter, and good vibes 💞☀️

𝐂𝐚𝐭𝐜𝐡 𝐭𝐡𝐞 𝐂𝐨𝐥𝐨𝐫 𝐆𝐚𝐦𝐞 𝐋𝐈𝐕𝐄 𝐨𝐧 𝐭𝐡𝐞 𝐉𝐮𝐚𝐧𝟑𝟔𝟓 𝐚𝐩𝐩 𝐨𝐫 𝐨𝐧 𝐭𝐡𝐞 𝐰𝐞𝐛𝐬𝐢𝐭𝐞 🔥🎮

#Juan365 #Juan365Studios #ALLINJUANLIVE #Juan365ColorGame #JuankadaEllise",,0,"01/10/2026 15:49",N/A,https://www.facebook.com/permalink.php?story_fbid=pfbid0YJfMfFEfAQjyA6KJUV45AAiscSvtSYGEwoasMHLE5iK861M8Tf3P3YKorKuauxLYl&id=61585679673115,0,0,Photos,,,,,Lifetime,286,115,24,18,4,2,22,5,17,,,,,,,
122106793395189322,61585679673115,"Juankada Ellise","Start your day with a smile—manood, mag-libang, at maki-enjoy sa 𝐂𝐨𝐥𝐨𝐫 𝐆𝐚𝐦𝐞 𝐋𝐢𝐯𝐞 𝐬𝐚 𝐉𝐮𝐚𝐧𝟑𝟔𝟓 𝐚𝐩𝐩 𝐚𝐭 𝐰𝐞𝐛𝐬𝐢𝐭𝐞! 🎉

Tara na, good vibes all the way! ✨

#Juan365 #Juan365Studios #ALLINJUANLIVE #Juan365ColorGame #JuankadaEllise","Start your day with a smile—manood, mag-libang, at maki-enjoy sa 𝐂𝐨𝐥𝐨𝐫 𝐆𝐚𝐦𝐞 𝐋𝐢𝐯𝐞 𝐬𝐚 𝐉𝐮𝐚𝐧𝟑𝟔𝟓 𝐚𝐩𝐩 𝐚𝐭 𝐰𝐞𝐛𝐬𝐢𝐭𝐞! 🎉

Tara na, good vibes all the way! ✨

#Juan365 #Juan365Studios #ALLINJUANLIVE #Juan365ColorGame #JuankadaEllise",12,"01/10/2026 01:06",N/A,https://www.facebook.com/reel/870500685834080/,0,0,Videos,,,,,Lifetime,5627,4880,44,37,5,2,78,27,,51,,33140.043,6.375,0,0,0
122106752223189322,61585679673115,"Juankada Ellise","Hi beshies~ ❄️🔥

Maginaw ang tanghali pero mainit ang live ngayon
Watch Color Game Live sa Juan 365 app at website 💖

👉 Red rhyme’s with?
Drop your answers now 🔴✨

#Juan365 #Juan365Studios #ALLINJUANLIVE #Juan365ColorGame #JuankadaEllise",,0,"01/09/2026 20:00",N/A,https://www.facebook.com/permalink.php?story_fbid=pfbid0FeUqRUjdicxz5p2wzKgpf9izkA5g4yVi9NZgsXB91nEsDVviBPTLwoExTcyyAFT2l&id=61585679673115,0,0,Photos,,,,,Lifetime,306,130,19,15,2,2,24,11,13,,,,,,,
122106738381189322,61585679673115,"Juankada Ellise","You Know it's 𝐱𝟏𝟓𝟎 pag ganto na kataas ang energy ko!🤩

👉𝐖𝐚𝐭𝐜𝐡 𝐂𝐨𝐥𝐨𝐫 𝐆𝐚𝐦𝐞 𝐥𝐢𝐯𝐞 𝐚𝐭 𝐉𝐮𝐚𝐧𝟑𝟔𝟓 𝐚𝐩𝐩 𝐚𝐭 𝐖𝐞𝐛𝐬𝐢𝐭𝐞.

#Juan365 #Juan365Studios #ALLINJUANLIVE #Juan365ColorGame #JuankadaEllise #fypreelsシviralシ #fypchallenge #reelsfypシ","You Know it's 𝐱𝟏𝟓𝟎 pag ganto na kataas ang energy ko!🤩

👉𝐖𝐚𝐭𝐜𝐡 𝐂𝐨𝐥𝐨𝐫 𝐆𝐚𝐦𝐞 𝐥𝐢𝐯𝐞 𝐚𝐭 𝐉𝐮𝐚𝐧𝟑𝟔𝟓 𝐚𝐩𝐩 𝐚𝐭 𝐖𝐞𝐛𝐬𝐢𝐭𝐞.

#Juan365 #Juan365Studios #ALLINJUANLIVE #Juan365ColorGame #JuankadaEllise #fypreelsシviralシ #fypchallenge #reelsfypシ",28,"01/09/2026 18:00",N/A,https://www.facebook.com/reel/1554806892393431/,1,0,Videos,,,,,Lifetime,1096,260,43,30,3,10,151,151,,,,10973.64,12.804,0,0,0
122106527385189322,61585679673115,"Juankada Ellise","𝐓𝐚𝐤𝐢𝐧𝐠 𝐢𝐭 𝐞𝐚𝐬𝐲 𝐭𝐨𝐝𝐚𝐲 🤎🤍
𝐒𝐥𝐨𝐰 𝐝𝐚𝐲𝐬 𝐨𝐧𝐥𝐲 ✨

👉 Watch Color game live sa Juan365 app at Website

#Juan365 #Juan365Studios #ALLINJUANLIVE #Juan365ColorGame #JuankadaEllise",,0,"01/09/2026 00:49",N/A,https://www.facebook.com/permalink.php?story_fbid=pfbid04uyySGkG1Ya9XrFNuPkxtTVaRH1rDXmqybQbN574vBp3H49QiPTzZZpv9i6rUKdfl&id=61585679673115,0,0,Photos,,,,,Lifetime,293,133,18,12,3,3,10,1,9,,,,,,,
122106527001189322,61585679673115,"Juankada Ellise","Kulayan muna ang swerte mo!! ❤️",,0,"01/09/2026 00:47",N/A,https://www.facebook.com/permalink.php?story_fbid=pfbid0nu9fDMpto6mizv91dD8iJoMV8ccv9x5bZCBGKmPt5eWfXdD6TpMbiFaJwkwBFFD3l&id=61585679673115,0,1,Photos,,,,,Lifetime,139,67,12,6,4,2,4,4,,,,,,,,
122106456669189322,61585679673115,"Juankada Ellise","𝐇𝐞𝐥𝐥𝐨 𝐁𝐞𝐬𝐡𝐢𝐞𝐬! 👀✨

Throwback feels muna… pero mas solid ang LIVE action 😎
Manood na ng 𝐂𝐨𝐥𝐨𝐫 𝐆𝐚𝐦𝐞 𝐋𝐈𝐕𝐄 𝐬𝐚 𝐉𝐮𝐚𝐧𝟑𝟔𝟓 𝐀𝐩𝐩 𝐚𝐭 𝐖𝐞𝐛𝐬𝐢𝐭𝐞 🎨🔥

#Juan365 #Juan365Studios #ALLINJUANLIVE #juan365colorgame #JuankadaEllise #fypviralシ #reelsfypシ","𝐇𝐞𝐥𝐥𝐨 𝐁𝐞𝐬𝐡𝐢𝐞𝐬! 👀✨

Throwback feels muna… pero mas solid ang LIVE action 😎
Manood na ng 𝐂𝐨𝐥𝐨𝐫 𝐆𝐚𝐦𝐞 𝐋𝐈𝐕𝐄 𝐬𝐚 𝐉𝐮𝐚𝐧𝟑𝟔𝟓 𝐀𝐩𝐩 𝐚𝐭 𝐖𝐞𝐛𝐬𝐢𝐭𝐞 🎨🔥

#Juan365 #Juan365Studios #ALLINJUANLIVE #juan365colorgame #JuankadaEllise #fypviralシ #reelsfypシ",14,"01/08/2026 18:00",uploaded,https://www.facebook.com/reel/920119870439255/,1,0,Videos,,,,,Lifetime,254,176,18,13,4,1,8,8,,,,1289.031,6.644,0,0,0
122106351855189322,61585679673115,"Juankada Ellise","𝐄𝐲𝐞𝐬 𝐢𝐜𝐞, 𝐛𝐞𝐲𝐛𝐞 🧊✨
𝐭𝐢𝐧𝐠𝐢𝐧𝐢𝐧𝐠𝐧𝐠𝐢𝐧𝐢𝐧𝐠 𝐧𝐢𝐧𝐠…

👉Watch Color Game live at Juan365 app at Website.

#Juan365 #Juan365Studios #ALLINJUANLIVE #juan365colorgame #JuankadaEllise #fypviralシ #reelsfypシ","𝐄𝐲𝐞𝐬 𝐢𝐜𝐞, 𝐛𝐞𝐲𝐛𝐞 🧊✨
𝐭𝐢𝐧𝐠𝐢𝐧𝐢𝐧𝐠𝐧𝐠𝐢𝐧𝐢𝐧𝐠 𝐧𝐢𝐧𝐠…

👉Watch Color Game live at Juan365 app at Website.

#Juan365 #Juan365Studios #ALLINJUANLIVE #juan365colorgame #JuankadaEllise #fypviralシ #reelsfypシ",11,"01/08/2026 07:59",N/A,https://www.facebook.com/reel/639016315935255/,1,0,Videos,,,,,Lifetime,210,128,11,10,1,0,7,7,,,,987.075,6.327,0,0,0
122106315501189322,61585679673115,"Juankada Ellise","𝐇𝐢 𝐛𝐞𝐬𝐭𝐢𝐞𝐬! 💫 𝐃𝐚𝐲 𝐨𝐟𝐟 + 𝐦𝐲 𝐛𝐮𝐝𝐝𝐲 𝐁𝐔𝐃𝐎𝐘 = 𝐩𝐞𝐫𝐟𝐞𝐜𝐭 𝐜𝐨𝐦𝐛𝐨 🐾💖
𝐓𝐚𝐠 𝐲𝐨𝐮𝐫 𝐝𝐚𝐲-𝐨𝐟𝐟 𝐛𝐮𝐝𝐝𝐲 🥰👇

#Juan365 #Juan365Studios #ALLINJUANLIVE #Juan365ColorGame #JuankadaEllise #fypreelsシ゚viralシ #fypchallenge #reelsfypシ","𝐇𝐢 𝐛𝐞𝐬𝐭𝐢𝐞𝐬! 💫 𝐃𝐚𝐲 𝐨𝐟𝐟 + 𝐦𝐲 𝐛𝐮𝐝𝐝𝐲 𝐁𝐔𝐃𝐎𝐘 = 𝐩𝐞𝐫𝐟𝐞𝐜𝐭 𝐜𝐨𝐦𝐛𝐨 🐾💖
𝐓𝐚𝐠 𝐲𝐨𝐮𝐫 𝐝𝐚𝐲-𝐨𝐟𝐟 𝐛𝐮𝐝𝐝𝐲 🥰👇

#Juan365 #Juan365Studios #ALLINJUANLIVE #Juan365ColorGame #JuankadaEllise #fypreelsシ゚viralシ #fypchallenge #reelsfypシ",20,"01/08/2026 05:16",N/A,https://www.facebook.com/reel/768582542953923/,0,0,Videos,,,,,Lifetime,221,157,17,13,4,0,19,19,,,,1535.742,9.141,0,0,0
122106233007189322,61585679673115,"Juankada Ellise","𝐇𝐞𝐥𝐥𝐨 𝐁𝐞𝐬𝐡𝐢𝐞𝐬! 👋 𝐈𝐭’𝐬 𝐦𝐞, 𝐉𝐮𝐚𝐧𝐤𝐚𝐝𝐚 𝐄𝐥𝐥𝐢𝐬𝐞 😘

Nandito para maghatid ng saya, swerte, at good vibes lang palagi! ✨🍀 

🎥 Watch Color Game LIVE sa Juan365 App & Website!

#Juan365 #Juan365Studios #ALLINJUANLIVE #Juan365ColorGame #JuankadaEllise #fypviralシ #fyp",,0,"01/07/2026 23:00",N/A,https://www.facebook.com/permalink.php?story_fbid=pfbid02aVnKDAVGCFyM7VxBVm8h3o2g5sBAmhZ2sVbYzqGr8ZUGkfQC1VhzLWAbxt1j3pbDl&id=61585679673115,0,0,Photos,,,,,Lifetime,382,169,22,15,6,1,13,10,3,,,,,,,
122106187947189322,61585679673115,"Juankada Ellise","𝐆𝐨𝐨𝐝 𝐦𝐨𝐫𝐧𝐢𝐧𝐠, 𝐁𝐞𝐬𝐡𝐢𝐞𝐬! 🌸

Last night was on fire, jackpot after jackpot and triple color all the way! 💙🤍

👉Watch Color Game live at Juan365 app at Website

#Juan365 #Juan365Studios #ALLINJUANLIVE #Juan365ColorGame #JuankadaEllise #fypviralシ #fypppppppppppppppppppppppppppppppppppppppppppppppppppppppppppppppppppppp","𝐆𝐨𝐨𝐝 𝐦𝐨𝐫𝐧𝐢𝐧𝐠, 𝐁𝐞𝐬𝐡𝐢𝐞𝐬! 🌸

Last night was on fire, jackpot after jackpot and triple color all the way! 💙🤍

👉Watch Color Game live at @[61572881214141:2048:Juan365] app at Website

#Juan365 #Juan365Studios #ALLINJUANLIVE #Juan365ColorGame #JuankadaEllise #fypviralシ #fypppppppppppppppppppppppppppppppppppppppppppppppppppppppppppppppppppppp",25,"01/07/2026 18:04",N/A,https://www.facebook.com/reel/1183151343976536/,0,0,Videos,,,,,Lifetime,877,218,37,29,5,3,90,90,,,,8372.295,13.02,0,0,0
122106187059189322,61585679673115,"Juankada Ellise","Beshies naka follow kanaba sa Juan365 Studios? Kung hindi pa hit that follow button 🥳",,0,"01/07/2026 17:58",N/A,https://www.facebook.com/permalink.php?story_fbid=pfbid09poXnq6VCQr2GHz5FtYYsbCUtuWaqGb8RhscHDPYTpKpd8tMY628muRiLQs1jqPtl&id=61585679673115,0,1,Photos,,,,,Lifetime,235,99,10,9,1,0,17,13,4,,,,,,,
122106058755189322,61585679673115,"Juankada Ellise","They called it freaky… 𝐖𝐞 𝐜𝐚𝐥𝐥 𝐢𝐭 𝐜𝐨𝐧𝐟𝐢𝐝𝐞𝐧𝐜𝐞 👀👑

Freaky? ❌
Queen✅

#Juan365 #Juan365Studios #ALLINJUANLIVE #Juan365ColorGame #JuankadaEllise #TrendingPH #fyp","They called it freaky… 𝐖𝐞 𝐜𝐚𝐥𝐥 𝐢𝐭 𝐜𝐨𝐧𝐟𝐢𝐝𝐞𝐧𝐜𝐞 👀👑

Freaky? ❌
Queen✅

#Juan365 #Juan365Studios #ALLINJUANLIVE #Juan365ColorGame #JuankadaEllise #TrendingPH #fyp",25,"01/07/2026 07:00",N/A,https://www.facebook.com/reel/1939505730253502/,1,0,Videos,,,,,Lifetime,1013,408,42,34,5,3,65,65,,,,8165,9.981,0,0,0
122105962677189322,61585679673115,"Juankada Ellise",,,0,"01/07/2026 00:03",N/A,https://www.facebook.com/permalink.php?story_fbid=pfbid0ksy6u8dpVjtQrG8E9Fe6HRfyyRbGjvmkxgQQA2naYfYMCrL61RQMyF5kYUTVFwUMl&id=61585679673115,0,1,Photos,,,,,Lifetime,187,96,3,3,0,0,8,3,5,,,,,,,
122105962563189322,61585679673115,"Juankada Ellise","Hi Beshies! 👋💖
𝐋𝐮𝐜𝐤𝐲 𝐬𝐭𝐚𝐫𝐭 𝐭𝐨𝐝𝐚𝐲! 🌟 𝐏𝐞𝐫𝐨 𝐦𝐚𝐬 𝐞𝐱𝐜𝐢𝐭𝐢𝐧𝐠 𝐩𝐚 𝐬𝐚 𝐂𝐨𝐥𝐨𝐫 𝐆𝐚𝐦𝐞 𝐋𝐈𝐕𝐄 𝐬𝐚 𝐉𝐮𝐚𝐧𝟑𝟔𝟓 🎨💸

👉 Huwag palampasin—tune in na!

#Juan365 #Juan365Studios #ALLINJUANLIVE #Juan365ColorGame #JuankadaEllise",,0,"01/07/2026 00:03",N/A,https://www.facebook.com/permalink.php?story_fbid=pfbid02wuigTuLKcY55LXsTgNxgWyUsqLUz4Ab73WNqDdfpDS5Kq9RL5fKSusPx4A8pyH5el&id=61585679673115,0,0,Photos,,,,,Lifetime,281,134,13,12,1,0,19,9,10,,,,,,,
122105864253189322,61585679673115,"Juankada Ellise","𝐀𝐥𝐥 𝐛𝐥𝐚𝐜𝐤, 𝐚𝐥𝐥 𝐠𝐥𝐚𝐦 🖤💫

👉 Watch now sa Juan365 app & website!

 #Juan365 #Juan365Studios #ALLINJUANLIVE #Juan365ColorGame #JuankadaEllies #fypageシ #fypシviralシfypシ゚ #fypviralシ","𝐀𝐥𝐥 𝐛𝐥𝐚𝐜𝐤, 𝐚𝐥𝐥 𝐠𝐥𝐚𝐦 🖤💫

👉 Watch now sa Juan365 app & website!

 #Juan365 #Juan365Studios #ALLINJUANLIVE #Juan365ColorGame #JuankadaEllies #fypageシ #fypシviralシfypシ゚ #fypviralシ",18,"01/06/2026 18:00",N/A,https://www.facebook.com/reel/1607243464048769/,1,0,Videos,,,,,Lifetime,2041,420,74,68,5,1,193,193,,,,17486.409,12.109,0,0,0
122105707617189322,61585679673115,"Juankada Ellise","𝐁𝐥𝐚𝐜𝐤 𝐢𝐬 𝐬𝐥𝐚𝐲… 𝐛𝐮𝐭 𝐂𝐨𝐥𝐨𝐫 𝐆𝐚𝐦𝐞 𝐢𝐬 𝐬𝐨𝐦𝐞𝐭𝐡𝐢𝐧𝐠 𝐞𝐥𝐬𝐞 👀🔥
👉 Watch it live on Juan365 at website

#Juan365 #Juan365Studios #ALLINJUANLIVE #juan365colorgame #JuankadaEllise #fypviralシ","𝐁𝐥𝐚𝐜𝐤 𝐢𝐬 𝐬𝐥𝐚𝐲… 𝐛𝐮𝐭 𝐂𝐨𝐥𝐨𝐫 𝐆𝐚𝐦𝐞 𝐢𝐬 𝐬𝐨𝐦𝐞𝐭𝐡𝐢𝐧𝐠 𝐞𝐥𝐬𝐞 👀🔥
👉 Watch it live on Juan365 at website

#Juan365 #Juan365Studios #ALLINJUANLIVE #juan365colorgame #JuankadaEllise #fypviralシ",11,"01/06/2026 07:59",N/A,https://www.facebook.com/reel/1388803426236332/,1,0,Videos,,,,,Lifetime,611,448,12,12,0,0,2,2,,,,2621.146,5.284,0,0,0
122105672925189322,61585679673115,"Juankada Ellise","Beshies! What a glamorous day today ✨

Live pa rin ang Color Game sa Juan365 app & website! 🎉
🎯 Join na, play na, tap 🩷⬜️🟦🟥🟨🟩—huwag mahuli!

#Juan365 #Juan365Studios #ALLINJUANLIVE #Juan365ColorGame #JuankadaEllise #fypviralシ","Beshies! What a glamorous day today ✨

Live pa rin ang Color Game sa Juan365 app & website! 🎉
🎯 Join na, play na, tap 🩷⬜️🟦🟥🟨🟩—huwag mahuli!

#Juan365 #Juan365Studios #ALLINJUANLIVE #Juan365ColorGame #JuankadaEllise #fypviralシ",10,"01/06/2026 05:10",N/A,https://www.facebook.com/reel/840929568780561/,0,0,Videos,,,,,Lifetime,418,170,23,20,1,2,8,8,,,,1469.881,4.579,0,0,0
122105612583189322,61585679673115,"Juankada Ellise","Beshies! Breezy ang panahon 🌬️
Black on. Game face ready.

Color Game LIVE sa Juan365  App at Website🖤

#Juan365 #Juan365Studios #ALLINJUANLIVE #Juan365ColorGame #JuankadaEllise #fypviralシ",,0,"01/06/2026 01:10",N/A,https://www.facebook.com/permalink.php?story_fbid=pfbid02vr8DzqJXrR1D6ZrUMmMU1BPfJQRbjpoTgFmMhtY5jVhBk1K2xxSDfYCA6XdjkNTkl&id=61585679673115,0,0,Photos,,,,,Lifetime,407,171,27,22,5,0,27,15,12,,,,,,,
122105333577189322,61585679673115,"Juankada Ellise","𝐖𝐡𝐚𝐭 𝐚 𝐭𝐢𝐫𝐢𝐧𝐠 𝐝𝐚𝐲 😮‍💨

Tapos, nasan kana kaya? 🥲

👉 Comment monga saan ka Beshy

#Juan365 #Juan365Studios #ALLINJUANLIVE #juan365colorgame #JuankadaEllise  #fypviralシ","𝐖𝐡𝐚𝐭 𝐚 𝐭𝐢𝐫𝐢𝐧𝐠 𝐝𝐚𝐲 😮‍💨

Tapos, nasan kana kaya? 🥲

👉 Comment monga saan ka Beshy

#Juan365 #Juan365Studios #ALLINJUANLIVE #juan365colorgame #JuankadaEllise  #fypviralシ",16,"01/05/2026 06:27",N/A,https://www.facebook.com/reel/2092813801533156/,0,0,Videos,,,,,Lifetime,1956,1682,25,20,5,0,34,12,,22,,17870.154,10.096,0,0,0
122105208423189322,61585679673115,"Juankada Ellise","𝐕𝐢𝐛𝐢𝐧𝐠 𝐢𝐧 𝐫𝐞𝐝 💃🔴 𝐓𝐡𝐞𝐲 𝐬𝐚𝐲 𝐫𝐞𝐝 𝐢𝐬 𝐥𝐮𝐜𝐤𝐲 𝐭𝐨𝐝𝐚𝐲 👀

Watch Color Game live at Juan365 app and Website💯❤️ 

#Juan365 #Juan365Studios #ALLINJUANLIVE #Juan365ColorGame #JuankadaEllise #fypviralシ","𝐕𝐢𝐛𝐢𝐧𝐠 𝐢𝐧 𝐫𝐞𝐝 💃🔴 𝐓𝐡𝐞𝐲 𝐬𝐚𝐲 𝐫𝐞𝐝 𝐢𝐬 𝐥𝐮𝐜𝐤𝐲 𝐭𝐨𝐝𝐚𝐲 👀

Watch Color Game live at Juan365 app and Website💯❤️ 

#Juan365 #Juan365Studios #ALLINJUANLIVE #Juan365ColorGame #JuankadaEllise #fypviralシ",13,"01/05/2026 01:00",N/A,https://www.facebook.com/reel/923268066697366/,0,0,Videos,,,,,Lifetime,2624,1972,31,24,7,0,36,29,,7,,17679.067,8.888,0,0,0
122105206701189322,61585679673115,"Juankada Ellise","Nothing beats a fine day like this ✨

Watch the Color Game live on the Juan365 app at website.🤩

#Juan365 #Juan365Studios #ALLINJUANLIVE #Juan365ColorGame #JuankadaEllise",,0,"01/04/2026 23:15",N/A,https://www.facebook.com/permalink.php?story_fbid=pfbid0joPb7mXrhVJtrrY3AKbUPvyZEGhYiH9fb4s2Q7KqAfrrXjzzHRv2rvB4avkCZrg7l&id=61585679673115,0,0,Photos,,,,,Lifetime,258,132,13,11,2,0,10,7,3,,,,,,,
122104966899189322,61585679673115,"Juankada Ellise","Confidence looks good on me and it will look good on you too, besties 💖

Kaya always own your glow! ✨

#Juan365 #Juan365Studios #ALLINJUANLIVE #Juan365ColorGame #fypviralシ #JuankadaEllise","Confidence looks good on me and it will look good on you too, besties 💖

Kaya always own your glow! ✨

#Juan365 #Juan365Studios #ALLINJUANLIVE #Juan365ColorGame #fypviralシ #JuankadaEllise",9,"01/04/2026 07:50",N/A,https://www.facebook.com/reel/1976957859554832/,0,0,Videos,,,,,Lifetime,6911,5350,26,22,3,1,14,4,,10,,30415.718,5.745,0,0,0
122104966581189322,61585679673115,"Juankada Ellise","Juankada Ellise updated their cover photo.",,0,"01/04/2026 07:50",N/A,https://www.facebook.com/photo.php?fbid=122104966581189322&set=a.122097515811189322&type=3,0,0,Photos,,,,,Lifetime,0,0,9,9,0,0,0,,,,,,,,,
122104958487189322,61585679673115,"Juankada Ellise","Beshies! Feeling cute in ORANGE 🧡✨
Soft vibes, sweet moments—LIVE NA sa Color Game.

#Juan365 #Juan365Studios #ALLINJUANLIVE #Juan365ColorGame #JuankadaEllise","Beshies! Feeling cute in ORANGE 🧡✨
Soft vibes, sweet moments—LIVE NA sa Color Game.

#Juan365 #Juan365Studios #ALLINJUANLIVE #Juan365ColorGame #JuankadaEllise",16,"01/04/2026 07:20",N/A,https://www.facebook.com/reel/1917906995599706/,0,0,Videos,,,,,Lifetime,1551,1058,30,28,1,1,42,29,,13,,12115.358,8.954,0,0,0
122104848573189322,61585679673115,"Juankada Ellise","Hi Juankada! I’m JuanKada Ellise, ang mag rerelease sa inyo ng kaswertehan at mabibigay ng papremyong malaki dito lang sa Color Game ng Juan365 Studios! ❤️

Kitakits everyJUAN!

#Juan365Studios #Juan365 #ALLINJUANLIVE  #JuankadaEllise  #Juan365ColorGame #AllInJuanSaSaya",,0,"01/04/2026 01:15",N/A,https://www.facebook.com/photo.php?fbid=122104848573189322&set=a.122097504951189322&type=3,0,0,Photos,,,,,Lifetime,321,143,22,17,5,0,19,18,1,,,,,,,
122104843743189322,61585679673115,"Juankada Ellise","OOTD check ✨

Ready na ang fit, ready na mag-live!

Catch me live NOW sa Color Game 2PM–10PM 💖

See you, Beshies! 🫶

#Juan365 #Juan365Studios #ALLINJUANLIVE #Juan365ColorGame #fypviralシ #JuankadaEllise",,0,"01/04/2026 01:01",N/A,https://www.facebook.com/permalink.php?story_fbid=pfbid02mWfJcmgq9yVkFWGoFDp2a9jxq5fsxru8VW6qy5oAcEWxNEro8CXZyPnQcoJHbMBMl&id=61585679673115,0,0,Photos,,,,,Lifetime,232,112,10,10,0,0,13,8,5,,,,,,,
122104142079189322,61585679673115,"Juankada Ellise","Good vibes only, beshies! ✨

Don’t forget to leave a little smile wherever you go 💖

#Juan365 #Juan365Studios #ALLINJUANLIVE #Juan365ColorGame #fypviralシ #JuankadaEllise","Good vibes only, beshies! ✨

Don’t forget to leave a little smile wherever you go 💖

#Juan365 #Juan365Studios #ALLINJUANLIVE #Juan365ColorGame #fypviralシ #JuankadaEllise",7,"01/03/2026 04:48",N/A,https://www.facebook.com/reel/870130355748155/,0,0,Videos,,,,,Lifetime,510,237,38,19,17,2,44,44,,,,2194.338,7.809,0,0,0
122103989445189322,61585679673115,"Juankada Ellise","Watch me live now, beshies! ✨

Tara na at samahan niyo ako sa isa na namang colorful at fun na color game!🔥

#Juan365 #Juan365Studios #ALLINJUANLIVE #Juan365ColorGame #fypviralシ #JuankadaEllise",,0,"01/03/2026 01:33",N/A,https://www.facebook.com/permalink.php?story_fbid=pfbid09BtaQKzfQfkgXK2qWR9JwM1mSByZ9HaotAXLZXTmumMWCKh9KaoCSUUqUSCPVvswl&id=61585679673115,0,0,Photos,,,,,Lifetime,360,157,25,21,3,1,15,13,2,,,,,,,
122102796963189322,61585679673115,"Juankada Ellise","Hello Beshies! Don’t miss it! 🎥 Live na kami — one click, pwede ka nang sumali! 💫

#Juan365 #Juan365studios #ALLINJUANLIVE #Juan365ColorGame #fypviralシ",,0,"01/01/2026 23:23",N/A,https://www.facebook.com/permalink.php?story_fbid=pfbid0vndZnLQojm3hxxA5whtBTiWxVFwG1r8TWn33PsviNiX8gWkP6rtuYyoHQRi688Bul&id=61585679673115,0,0,Photos,,,,,Lifetime,512,202,34,27,7,0,47,27,20,,,,,,,
122102637075189322,61585679673115,"Juankada Ellise","3 things about me na dapat mo malaman 😎✨

Watch till the end para malaman mo🤪

#Juan365 #Juan365Studios #ALLINJUANLIVE #Juan365ColorGame #fypviralシ #JuankadaEllise","3 things about me na dapat mo malaman 😎✨

Watch till the end para malaman mo🤪

#Juan365 #Juan365Studios #ALLINJUANLIVE #Juan365ColorGame #fypviralシ #JuankadaEllise",8,"01/01/2026 19:27",N/A,https://www.facebook.com/reel/3327671754040105/,0,0,Videos,,,,,Lifetime,440,247,22,18,4,0,18,18,,,,1624.589,6.039,0,0,0
122101970013189322,61585679673115,"Juankada Ellise","Type “LUCKY” sa comment section ⬇️",,0,"01/01/2026 04:05",N/A,https://www.facebook.com/permalink.php?story_fbid=pfbid02HpqRrk4iQhBKjwxNZhTANxempScdKnSQinc13UNjpPabux2CJ7nxkYUJgJ8PCVLel&id=61585679673115,0,1,Photos,,,,,Lifetime,269,109,18,10,6,2,18,15,3,,,,,,,
122101910703189322,61585679673115,"Juankada Ellise","Happy Birthday JUANKada Host Ikay ❤️🥳🎉",,0,"01/01/2026 02:42",N/A,https://www.facebook.com/permalink.php?story_fbid=pfbid02ZNh94NfatEPXXGKgbKYW7amU4xuLNU43ZZCiQHCFRGKtC6FVjmxhAxb1haJ4Frsel&id=61585679673115,0,1,Text,,,,,Lifetime,,121,9,8,1,0,14,14,,,,,,,,
122101894173189322,61585679673115,"Juankada Ellise","Happy New Year, beshies 🥳🤍
May our unhealed parts find healing, our heavy days get lighter, and may we all grow into better, kinder versions of ourselves this year ✨

#Juan365 #Juan365Studios #ALLINJUANLIVE #Juan365ColorGame #JuankadaEllise #2026 #Happynewyear2026 #fypviralシ","Happy New Year, beshies 🥳🤍
May our unhealed parts find healing, our heavy days get lighter, and may we all grow into better, kinder versions of ourselves this year ✨

#Juan365 #Juan365Studios #ALLINJUANLIVE #Juan365ColorGame #JuankadaEllise #2026 #Happynewyear2026 #fypviralシ",14,"01/01/2026 02:17",N/A,https://www.facebook.com/reel/2029117287885991/,0,0,Videos,,,,,Lifetime,211,152,16,15,1,0,9,9,,,,1368.745,8.554,0,0,0
122101052877189322,61585679673115,"Juankada Ellise","Hi Beshies, 2026 na 🌸
New year, new vibes, more blessings 🌿
‘Be thankful for what you have; you’ll end up having more.’ Ano ang thankful ka sa 2025? ✨","Hi Beshies, 2026 na 🌸
New year, new vibes, more blessings 🌿
‘Be thankful for what you have; you’ll end up having more.’ Ano ang thankful ka sa 2025? ✨",24,"12/31/2025 07:09",N/A,https://www.facebook.com/reel/737062378999255/,0,0,Videos,,,,,Lifetime,170,127,17,15,2,0,2,2,,,,686.701,4.547,0,0,0
122101052439189322,61585679673115,"Juankada Ellise","Stepping into the Color of the Year 💫✨
Wishing everyone a Happy New Year — may it be filled with blessings & good vibes 🌟
Which color are you stepping into this year? 💬

#Juan365 #Juan365studios #ALLINJUANLIVE #Juan365ColorGame #fyp #",,0,"12/31/2025 07:09",N/A,https://www.facebook.com/permalink.php?story_fbid=pfbid02FHHvFhn6LnWK6285g8jLxGvg2cUuxdfDFtMiSiEi6htUSBxuDqcXmArVZDwZGUkAl&id=61585679673115,0,0,Photos,,,,,Lifetime,233,116,14,13,0,1,2,1,1,,,,,,,
122109687561147740,61584432221426,"Juankada Evo","Welcome 2026🥳 New year new opportunities!

Sinong kasama mo sa pag salubong ng bagong taon?

#Juan365Studios #Juan365 #ALLINJUANLIVE #JuankadaHosts #trend #2026iscoming #newyears2026 #fypシ #FollowNow #Livehosting #artist #TrendingPH #ViralPH #FBReelsPH","Welcome 2026🥳 New year new opportunities!

Sinong kasama mo sa pag salubong ng bagong taon?

#Juan365Studios #Juan365 #ALLINJUANLIVE #JuankadaHosts #trend #2026iscoming #newyears2026 #fypシ #FollowNow #Livehosting #artist #TrendingPH #ViralPH #FBReelsPH",60,"12/31/2025 21:39",mixed,https://www.facebook.com/reel/25717473261226689/,0,0,Videos,,,,,Lifetime,132,80,14,14,0,0,6,6,,,,1663.933,16.474,0,0,0
122111778375147740,61584432221426,"Juankada Evo","COLOR GAME LIVE NOW! 🎨🔥
Humanda ka na sa panibagong swerte at panalong vibes? 😎

#Juan365Studios #Juan365 #ALLINJUANLIVE #juankadahosts #trendingnow #juankadaevo  #colorgamelive #allinsasaya #GamingPH #livenow",,0,"01/12/2026 16:44",N/A,https://www.facebook.com/permalink.php?story_fbid=pfbid0FUDRSRnpTCbPQpB3vZCz9ZgfmcjnTSvpjj2br7HUKbGjhj8MjkgM8XvmPNgknMcjl&id=61584432221426,0,0,Photos,,,,,Lifetime,136,51,17,13,2,2,7,5,2,,,,,,,
122111772789147740,61584432221426,"Juankada Evo","My favorite tea to take care of my voice ❤️ GINGER HONEY LEMON made by truly yours!

Would you try this?

Follow the page for more mini vlogs!

#Juan365Studios #Juan365 #ALLINJUANLIVE #juankadahosts #trendingnow #juankadaevo #minivlogph #honeylemonginger #CalmMoments Juan365 Studios Juan365","My favorite tea to take care of my voice ❤️ GINGER HONEY LEMON made by truly yours!

Would you try this?

Follow the page for more mini vlogs!

#Juan365Studios #Juan365 #ALLINJUANLIVE #juankadahosts #trendingnow #juankadaevo #minivlogph #honeylemonginger #CalmMoments @[61578179424678:2048:Juan365 Studios] @[61572881214141:2048:Juan365]",56,"01/12/2026 15:19",N/A,https://www.facebook.com/reel/711907901799140/,0,0,Videos,,,,,Lifetime,103,70,16,12,2,2,4,4,,,,1126.31,13.25,0,0,0
122111652147147740,61584432221426,"Juankada Evo","Here's my song cover of DATING TAYO😇

FOLLOW and SHARE

#Juan365Studios #Juan365 #ALLINJUANLIVE #JuankadaHosts #trend #VibesOnly #JuankadaEvo  #ReelsPH #musiclover #songcover #Datingtayo #TJMonterde Juan365  Juan365 Studios","Here's my song cover of DATING TAYO😇

FOLLOW and SHARE

#Juan365Studios #Juan365 #ALLINJUANLIVE #JuankadaHosts #trend #VibesOnly #JuankadaEvo  #ReelsPH #musiclover #songcover #Datingtayo #TJMonterde @[61572881214141:2048:Juan365]  @[61578179424678:2048:Juan365 Studios]",107,"01/12/2026 00:00",uploaded,https://www.facebook.com/reel/892757089765090/,1,0,Videos,,,,,Lifetime,131,72,23,16,5,2,6,6,,,,908.164,8.903,0,0,0
122111627343147740,61584432221426,"Juankada Evo","BUTTERED SHRIMP hits different 🦐🧈🔥
Anong ulam mo today? 😋

#Juan365Studios #Juan365 #ALLINJUANLIVE #JuankadaHosts #JuankadaEvo #ButteredShrimp #HomeCookingPH #FoodContentPH #FoodVibes #FollowUs Juan365 Studios  Juan365","BUTTERED SHRIMP hits different 🦐🧈🔥
Anong ulam mo today? 😋

#Juan365Studios #Juan365 #ALLINJUANLIVE #JuankadaHosts #JuankadaEvo #ButteredShrimp #HomeCookingPH #FoodContentPH #FoodVibes #FollowUs @[61578179424678:2048:Juan365 Studios]  @[61572881214141:2048:Juan365]",21,"01/11/2026 19:00",uploaded,https://www.facebook.com/reel/1932300197643735/,1,0,Videos,,,,,Lifetime,240,166,17,12,4,1,5,5,,,,1194.375,6.253,0,0,0
122111526243147740,61584432221426,"Juankada Evo","Wait back to the future, wait ballin hopping on this trend with Juanababe Sena!

React ""❤️"" for more collaboration with Baby Girl Sena!

#Juan365Studios #Juan365 #ALLINJUANLIVE #JuankadaHosts #JuankadaEvo #juanababesena #fyp #followers #FollowTheFun #AllInSaSaya #PHContent #dancechallenge Juan365 Live Stream Juan365 Juan365 Studios","Wait back to the future, wait ballin hopping on this trend with Juanababe Sena!

React ""❤️"" for more collaboration with Baby Girl Sena!

#Juan365Studios #Juan365 #ALLINJUANLIVE #JuankadaHosts #JuankadaEvo #juanababesena #fyp #followers #FollowTheFun #AllInSaSaya #PHContent #dancechallenge @[61569634500241:2048:Juan365 Live Stream] @[61572881214141:2048:Juan365] @[61578179424678:2048:Juan365 Studios]",12,"01/11/2026 03:00",mixed,https://www.facebook.com/reel/3879754992324876/,1,0,Videos,,,,,Lifetime,219,114,20,17,2,1,10,10,,,,1297.733,8.828,0,0,0
122111469567147740,61584432221426,"Juankada Evo","That “WHO'S THAT GIRL” vibes🎶

Anong name ng pretty girl na kasama ko?

FOLLOW our page and SHARE this post..

#Juan365Studios #Juan365 #ALLINJUANLIVE #juankadahost #juankadaevo #juanababesena #fypシ #followersreels #followthefun #allinsasaya #phcontent #dancechallenge","That “WHO'S THAT GIRL” vibes🎶

Anong name ng pretty girl na kasama ko?

FOLLOW our page and SHARE this post..

#Juan365Studios #Juan365 #ALLINJUANLIVE #juankadahost #juankadaevo #juanababesena #fypシ #followersreels #followthefun #allinsasaya #phcontent #dancechallenge",15,"01/10/2026 18:29",N/A,https://www.facebook.com/reel/864202993191587/,0,0,Videos,,,,,Lifetime,1072,284,42,24,16,2,21,20,,1,,7664.982,11.222,0,0,0
122111386095147740,61584432221426,"Juankada Evo","When EVO teams up with the co-host,
alam mo nang SOLID ang VIBES! 😎

FOLLOW our page to MANIFEST your LUCK!

#Juan365Studios #Juan365 #ALLINJUANLIVE #JuankadaHosts #JuankadaEvo #Juankadageof #Juankadasabbies #fyp #followers #FollowTheFun #AllInSaSaya #PHContent Juan365 Studios  Juan365",,0,"01/10/2026 05:00",N/A,https://www.facebook.com/permalink.php?story_fbid=pfbid0hPvqGxjfAuraa2dqsBW2pyshshp1Kf7c7dEomLuR2NZdHdi1PYJpZPeaXnGmyvaYl&id=61584432221426,0,0,Photos,,,,,Lifetime,473,171,19,11,3,5,21,6,15,,,,,,,
122111339091147740,61584432221426,"Juankada Evo","PICK your COLOR. TRUST your LUCK. 🎨😎
Tara na at makipaglaro ng Color Game!, LIVE NA with EVO!

Comment your LUCKY COLOR!

#Juan365Studios #Juan365 #ALLINJUANLIVE #juankadahosts #juankadaevo #fypシ #followersreels Juan365 Studios Juan365",,0,"01/09/2026 22:09",N/A,https://www.facebook.com/permalink.php?story_fbid=pfbid02LgWR1Rdvb37Qr49GAJUQBg8vEm41p8Tc6tdwpNavoxDytRmDZFbAXhDDFv7EYHzMl&id=61584432221426,0,0,Photos,,,,,Lifetime,187,66,10,7,2,1,4,3,1,,,,,,,
122111310501147740,61584432221426,"Juankada Evo","STEAK KIND OF DAY 🥩🔥
From the pan to the plate—solid ang lasa 😎

Comment HOW YOU LIKE YOUR STEAK? 

FOLLOW our FB Page for more daily vibes

#Juan365Studios #Juan365 #ALLINJUANLIVE #juankadahosts #juankadaevo #trendingnow #steaklovers #foodvlogph #followthesquad #dailycooking Juan365 Studios Juan365","STEAK KIND OF DAY 🥩🔥
From the pan to the plate—solid ang lasa 😎

Comment HOW YOU LIKE YOUR STEAK? 

FOLLOW our FB Page for more daily vibes

#Juan365Studios #Juan365 #ALLINJUANLIVE #juankadahosts #juankadaevo #trendingnow #steaklovers #foodvlogph #followthesquad #dailycooking @[61578179424678:2048:Juan365 Studios] @[61572881214141:2048:Juan365]",17,"01/09/2026 15:52",N/A,https://www.facebook.com/reel/4062975940586063/,0,0,Videos,,,,,Lifetime,333,191,11,9,1,1,6,6,,,,1532.962,5.896,0,0,0
122111258907147740,61584432221426,"Juankada Evo","Grabe yung saya sa Color Game kanina! Sobrang daming pumaldo! 

🎨🔥 19x triple colors 6x minor jackpot 1x major! 

Kung gusto mo ng ganitong vibes ulit—
👉 FOLLOW our FB Page for more updates!

Comment mo naman kung anong color ang tumama sayo!

#Juan365Studios #Juan365 #ALLINJUANLIVE #JuankadaHosts #JuankadaEvo #trend #ColorGameLive #HostEnergy #FYP #LiveFun #CommunityVibes","Grabe yung saya sa Color Game kanina! Sobrang daming pumaldo! 

🎨🔥 19x triple colors 6x minor jackpot 1x major! 

Kung gusto mo ng ganitong vibes ulit—
👉 FOLLOW our FB Page for more updates!

Comment mo naman kung anong color ang tumama sayo!

#Juan365Studios #Juan365 #ALLINJUANLIVE #JuankadaHosts #JuankadaEvo #trend #ColorGameLive #HostEnergy #FYP #LiveFun #CommunityVibes",60,"01/09/2026 07:18",N/A,https://www.facebook.com/reel/1370089387631671/,0,0,Videos,,,,,Lifetime,175,82,19,15,4,0,15,15,,,,2087.894,15.581,0,0,0
122111238033147740,61584432221426,"Juankada Evo","What's Up EVOnation!!
FOLLOW, SHARE, at INVITE your friends para sabay-sabay tayo sa panalo moments, at non-stop fun with JUANKADA EVO! 🔥

Comment “DONE” kung naka-FOLLOW ka na!

#Juan365Studios #Juan365 #ALLINJUANLIVE #JuankadaHosts #JuankadaEvo #trend  #FollowShareInvite #AllInSaSaya #ViralPH #GameOn",,0,"01/09/2026 04:40",N/A,https://www.facebook.com/permalink.php?story_fbid=pfbid02ZWtCmaGgWdzDyw24mZzEDUa9CFpP24cv3zvdXv8Wy8bMHa385vvhSiweehkxSF1Dl&id=61584432221426,0,0,Photos,,,,,Lifetime,203,74,15,10,4,1,4,4,,,,,,,,
122111193309147740,61584432221426,"Juankada Evo","Hanggang sa huli PALAGI pipiliin maging sayo!

Sino ang PALAGI mo? mention mo na sya Juankada😍

Follow and share this post para sa iyong palagi🥰

Music used belongs to its rightful owner. No copyright infringement intended.

#Juan365Studios #Juan365 #ALLINJUANLIVE #JuankadaHosts #trend #Palagi #TJMonterdeCover #OPMFeels #LoveSongsPH Juan365 Studios  Juan365","Hanggang sa huli PALAGI pipiliin maging sayo!

Sino ang PALAGI mo? mention mo na sya Juankada😍

Follow and share this post para sa iyong palagi🥰

Music used belongs to its rightful owner. No copyright infringement intended.

#Juan365Studios #Juan365 #ALLINJUANLIVE #JuankadaHosts #trend #Palagi #TJMonterdeCover #OPMFeels #LoveSongsPH @[61578179424678:2048:Juan365 Studios]  @[61572881214141:2048:Juan365]",249,"01/09/2026 00:00",N/A,https://www.facebook.com/reel/1397277575171827/,1,0,Videos,,,,,Lifetime,149,72,27,13,9,5,13,13,,,,2096.962,17.922,0,0,0
122111185815147740,61584432221426,"Juankada Evo","COLOR GAME LIVE na EVOnation! 🔥
Handa ka na bang subukan ang swerte mo kasama si Juankada Evo? 😎

React ""❤️"" if ready ka na to win big!, Comment your lucky color

#Juan365Studios #Juan365 #ALLINJUANLIVE #JuankadaHosts #JuankadaEvo #trend #ColorGameLive #HostEnergy #FYP #LiveFun #CommunityVibes #EVOnation",,0,"01/08/2026 22:40",N/A,https://www.facebook.com/permalink.php?story_fbid=pfbid0ZqZQhTEJhQpi3PpESdPWXwWKDdaFYJwRDv8aep4sxwgSqcevK1EcAm3nHeL15ftYl&id=61584432221426,0,0,Photos,,,,,Lifetime,315,113,9,6,2,1,9,5,4,,,,,,,
122111142543147740,61584432221426,"Juankada Evo","Breakfast tastes better when you’re here😇

Ikaw ba anong breakfast mo Juankada!

#Juan365Studios #Juan365 #ALLINJUANLIVE #JuankadaHosts #JuankadaEvo #trend #JuankadaEvo #BreakfastWithMe #MorningVibesPH #FoodiePH #GoodMorningPH Juan365  Juan365 Studios",,0,"01/08/2026 14:30",N/A,https://www.facebook.com/permalink.php?story_fbid=pfbid07yEMjCgUkisqS9fwXKhdb7N7jaKibQ5wDdUiG4HwPLUhsiJq8WU97TXy8ZHAhXDnl&id=61584432221426,0,0,Photos,,,,,Lifetime,142,56,4,4,0,0,5,3,2,,,,,,,
122111048889147740,61584432221426,"Juankada Evo","Caught on cam… and yes, we’re SHARING it!🤩

FOLLOW and SHARE this post!

Music used belongs to its rightful owner. No copyright infringement intended.

#Juan365Studios #Juan365 #ALLINJUANLIVE #JuankadaHosts #JuankadaEvo #trend #ColorGameLive #HostEnergy #FYP #LiveFun #CommunityVibes Juan365  Juan365 Studios","Caught on cam… and yes, we’re SHARING it!🤩

FOLLOW and SHARE this post!

Music used belongs to its rightful owner. No copyright infringement intended.

#Juan365Studios #Juan365 #ALLINJUANLIVE #JuankadaHosts #JuankadaEvo #trend #ColorGameLive #HostEnergy #FYP #LiveFun #CommunityVibes @[61572881214141:2048:Juan365]  @[61578179424678:2048:Juan365 Studios]",31,"01/08/2026 05:00",uploaded,https://www.facebook.com/reel/750833098062430/,1,0,Videos,,,,,Lifetime,194,94,29,21,5,3,7,7,,,,1192.022,7.358,0,0,0
122111030505147740,61584432221426,"Juankada Evo","When the co-host joins, expect extra kulitan! 😎 

Comment your favorite moment!, React ""❤️"" kung excited ka sa next live!

#Juan365Studios #Juan365 #ALLINJUANLIVE #JuankadaHosts #trend #ColorGameLive #HostEnergy #FYP #LiveFun #CommunityVibes Juan365 Juan365 Studios",,0,"01/08/2026 03:10",N/A,https://www.facebook.com/permalink.php?story_fbid=pfbid02pBxWxxvMJHFrgyy6AV4qN2BVzZRF59TenNdaqMF6Jg1tkBrMeCc8hxNjPntbmptWl&id=61584432221426,0,0,Photos,,,,,Lifetime,356,150,24,20,1,3,14,6,8,,,,,,,
122111009055147740,61584432221426,"Juankada Evo","Hayaan mong HARANAHIN kita sa PASILYO tungo sa altar ng simbahan💐

React ""❤️"" and mention mo na kung kanino mo inaalay ang kantang ito!

#Juan365Studios #Juan365 #ALLINJUANLIVE #JuankadaHosts #trend #KingsAndQueens #ScrollStoppr #FYP #DailyContent  #Pasilyo #OPMCover Juan365 Juan365 Studios","Hayaan mong HARANAHIN kita sa PASILYO tungo sa altar ng simbahan💐

React ""❤️"" and mention mo na kung kanino mo inaalay ang kantang ito!

#Juan365Studios #Juan365 #ALLINJUANLIVE #JuankadaHosts #trend #KingsAndQueens #ScrollStoppr #FYP #DailyContent  #Pasilyo #OPMCover @[61572881214141:2048:Juan365] @[61578179424678:2048:Juan365 Studios]",299,"01/08/2026 00:00",N/A,https://www.facebook.com/reel/694044973645707/,1,0,Videos,,,,,Lifetime,106,75,23,15,4,4,6,6,,,,1238.712,14.573,0,0,0
122110996509147740,61584432221426,"Juankada Evo","⚡️ LIVE is about to start! ⚡️
Juankada Evo is ready!, are YOU READY TO WIN? 😎

👇 Comment “READY” if you’re joining

#Juan365Studios #Juan365 #ALLINJUANLIVE #JuankadaHosts #trend #ColorGameLive #HostEnergy #FYP #LiveFun #CommunityVibes #EVOnation",,0,"01/07/2026 22:04",N/A,https://www.facebook.com/permalink.php?story_fbid=pfbid033sUiRYpnqB8DoUUq3AzSWSS7nKJp6mKTFMiR1bC3CpjfHMseerTB5pXonVXxY2dcl&id=61584432221426,0,0,Photos,,,,,Lifetime,321,138,21,14,4,3,10,9,1,,,,,,,
122110956585147740,61584432221426,"Juankada Evo","Kalma… ’di ka na mamalikmata — ako lang ’yan akala mo lang si Papa P, kamukha nya lang kasi ako 😆

Follow and share for more pa monay🥰😂

#Juan365Studios #Juan365 #ALLINJUANLIVE #JuankadaHosts #trend #MensFitness #HotBodyAlert #MasculineEnergy #FitnessPH #WorkoutVibes #papaP #PioloPascual Juan365  Juan365 Studios",,0,"01/07/2026 14:30",N/A,https://www.facebook.com/permalink.php?story_fbid=pfbid02ncL8nvhSPy4rAVEFCXLaAEiU4FxTEyRsuvuLoJA7HGQP7iYv7zFCei2nEeiWddQNl&id=61584432221426,0,0,Photos,,,,,Lifetime,194,79,17,11,4,2,6,5,1,,,,,,,
122110800225147740,61584432221426,"Juankada Evo","Built, bold, and just getting started 💪✨

EVOnation ready ka na ba sa summer body?

React ❤️ if this inspires you
Tag your workout buddy! ⚡️

Music used belongs to its rightful owner. No copyright infringement intended.

#Juan365Studios #Juan365 #ALLINJUANLIVE #JuankadaHosts #trend #KingsAndQueens #MensFitness #HotBodyAlert #MasculineEnergy #FitnessPH #WorkoutVibes #fypシ  Juan365 Studios Juan365","Built, bold, and just getting started 💪✨

EVOnation ready ka na ba sa summer body?

React ❤️ if this inspires you
Tag your workout buddy! ⚡️

Music used belongs to its rightful owner. No copyright infringement intended.

#Juan365Studios #Juan365 #ALLINJUANLIVE #JuankadaHosts #trend #KingsAndQueens #MensFitness #HotBodyAlert #MasculineEnergy #FitnessPH #WorkoutVibes #fypシ  @[61578179424678:2048:Juan365 Studios] @[61572881214141:2048:Juan365]",13,"01/07/2026 05:00",N/A,https://www.facebook.com/reel/1226872479594694/,1,0,Videos,,,,,Lifetime,198,107,13,9,2,2,3,3,,,,914.851,6.099,0,0,0
122110781463147740,61584432221426,"Juankada Evo","Color Game live officially wrapped 🎨🔥
Salamat sa solid energy at support ng lahat Juankada!

Hit follow and see you on the next live 🔔”

#Juan365Studios #Juan365 #ALLINJUANLIVE #JuankadaHosts #trend #ColorGameLive #HostEnergy #FYP #LiveFun #CommunityVibes #EVOnation","Color Game live officially wrapped 🎨🔥
Salamat sa solid energy at support ng lahat Juankada!

Hit follow and see you on the next live 🔔”

#Juan365Studios #Juan365 #ALLINJUANLIVE #JuankadaHosts #trend #ColorGameLive #HostEnergy #FYP #LiveFun #CommunityVibes #EVOnation",60,"01/07/2026 03:20",N/A,https://www.facebook.com/reel/2000697083826381/,0,0,Videos,,,,,Lifetime,467,178,29,24,3,2,16,16,,,,5460.718,15.782,0,0,0
122110733025147740,61584432221426,"Juankada Evo",,,0,"01/06/2026 19:32",N/A,https://www.facebook.com/permalink.php?story_fbid=pfbid0D892TuPdhfYcdnTNp6RC7UymNzkBfASP2XqtRwPb9kBF5ZeqoJeTTZTjndbcgu9Ul&id=61584432221426,0,1,Text,,,,,Lifetime,,51,8,8,0,0,1,1,,,,,,,,
122110732293147740,61584432221426,"Juankada Evo","EVOnation! 👑
COLOR GAME LIVE NOW! Pick your color, play your move, claim and MANIFEST YOUR LUCKY COLOR!⚪️🔴🔵🟠🟡🟢

comment ka naman if you're watching now!

Watch color game live now!!

#Juan365Studios #Juan365 #ALLINJUANLIVE #juankadahosts #trendingpostchallenge #kingsandqueenss #pinoyvlog #funonair #LiveVibes #colorgamelive Juan365 Studios Juan365 #EVOnation",,0,"01/06/2026 19:23",N/A,https://www.facebook.com/permalink.php?story_fbid=pfbid0RHxsXkF3kgH4yTog5wHGcXgT7KHN4R659hKmEUmuVaCKWncM4LaKyrmcmmXtHzTXl&id=61584432221426,0,0,Photos,,,,,Lifetime,217,94,18,15,2,1,5,4,1,,,,,,,
122110729011147740,61584432221426,"Juankada Evo","Would you stop scrolling for this beautiful lady?

Drop a ""❤️"" if yes and comment her name if you know her😁

#Juan365Studios #Juan365 #ALLINJUANLIVE #JuankadaHosts #trend #KingsAndQueens #ScrollStopper #FYP #DailyContent #VibeCheck #StayWatching #fypシ  Juan365 Juan365 Studios #EVOnation",,0,"01/06/2026 18:40",N/A,https://www.facebook.com/permalink.php?story_fbid=pfbid0e4qzUeN7p7MpMhzKTJhJK25hzFzibkMbBubC3cfwRjWUJsPNC2yVv4qParsX5fKgl&id=61584432221426,0,0,Photos,,,,,Lifetime,184,83,14,7,1,6,7,6,1,,,,,,,
122110587759147740,61584432221426,"Juankada Evo","Tara STREET FOOD trip naman mga kings and queens!

comment mo naman favorite mong street food?

Like, share, at follow para sa next adventure! 👊

#Juan365Studios #Juan365 #ALLINJUANLIVE #JuankadaHosts #trend #JuankadaEvo #StreetFoodLife #PinoyStreetFood #FoodVlogPH #ReelsPH #EVOnation Juan365 Studios Juan365","Tara STREET FOOD trip naman mga kings and queens!

comment mo naman favorite mong street food?

Like, share, at follow para sa next adventure! 👊

#Juan365Studios #Juan365 #ALLINJUANLIVE #JuankadaHosts #trend #JuankadaEvo #StreetFoodLife #PinoyStreetFood #FoodVlogPH #ReelsPH #EVOnation @[61578179424678:2048:Juan365 Studios] @[61572881214141:2048:Juan365]",48,"01/05/2026 23:05",N/A,https://www.facebook.com/reel/3745475328916819/,0,0,Videos,,,,,Lifetime,248,122,29,15,9,5,14,14,,,,2310.639,12.225,0,0,0
122110550445147740,61584432221426,"Juankada Evo","Kings and queens, the lucky day is yours! 🔥
LIVE na ang Color Game — energy, prizes, at vibes na hindi mo pwedeng palampasin! Join now! 😎

React ""❤️"" to manifest your lucky day

Come and play with me 10AM-6PM here at ColorGame LIVE! ❤💛💚💙💜🤍

#Juan365Studios #Juan365 #ALLINJUANLIVE #JuankadaHosts #trend #KingsAndQueens #PinoyVlog #FunOnAir #LiveVibesPH #ColorGameLIVE #EVOnation",,0,"01/05/2026 17:41",N/A,https://www.facebook.com/permalink.php?story_fbid=pfbid02nBRxwxFvZjEbmAhKPUntmc4Mhu25t6E6PPFgixuPeicPJYoCY8rkxkmzYAgDukfBl&id=61584432221426,0,0,Photos,,,,,Lifetime,225,80,14,10,2,2,3,2,1,,,,,,,
122110440885147740,61584432221426,"Juankada Evo","𝐓𝐚𝐦𝐚 𝐤𝐚𝐧𝐚 𝐀𝐥𝐣𝐮𝐫! 𝐀𝐤𝐨 𝐧𝐚𝐦𝐚𝐧! 😁😉 

JuanKanta with Juankada Evo! 🎧🎹🎙

Click Follow for more 🔥

#Juan365Studios #Juan365 #ALLINJUANLIVE #JuankadaHosts #trend #VibesOnly #JuankadaEvo  #ReelsPH #musiclover #songcover #mamamia #EvoNation","𝐓𝐚𝐦𝐚 𝐤𝐚𝐧𝐚 𝐀𝐥𝐣𝐮𝐫! 𝐀𝐤𝐨 𝐧𝐚𝐦𝐚𝐧! 😁😉 

JuanKanta with Juankada Evo! 🎧🎹🎙

Click Follow for more 🔥

#Juan365Studios #Juan365 #ALLINJUANLIVE #JuankadaHosts #trend #VibesOnly #JuankadaEvo  #ReelsPH #musiclover #songcover #mamamia #EvoNation",127,"01/05/2026 05:51",uploaded,https://www.facebook.com/reel/1419599376175274/,0,0,Videos,,,,,Lifetime,219,118,25,17,7,1,18,18,,,,3533.628,20.425,0,0,0
122110187247147740,61584432221426,"Juankada Evo","Nalito ka ba kung sino si James diyan? 😆

React kung kanino ka unang napatingin
❤️ for Juankada Evo | 😄 for James Reid

#Juan365Studios #Juan365 #ALLINJUANLIVE #JuankadaHosts #trend #JuankadaEvo #LiveGameHighlights #LiveHost #SelfieMoment Juan365 Studios James Reid",,0,"01/03/2026 21:26",N/A,https://www.facebook.com/permalink.php?story_fbid=pfbid02gi4o5mMktKdEWrEjrw4PfN7hrrZjHTak1C1gPD7cSwWsDXEvJhQsyNaqzockcAj3l&id=61584432221426,0,0,Photos,,,,,Lifetime,837,275,64,40,12,12,91,81,7,3,,,,,,
122110014897147740,61584432221426,"Juankada Evo","LIVE DONE, ENERGY STILL ON 🔥
Shoutout to everyone who played and stayed till the end — you made the live even better 🙌, Catch you on the next Color Game LIVE 😎

If you felt the thrill, hit that follow and turn on notifications 🔔

#Juan365Studios #Juan365 #ALLINJUANLIVE #JuankadaHosts #trend  #newyears2026 #fypシ #FollowNow #Livehosting #artist #TrendingPH #ViralPH #FBReelsPH",,0,"01/02/2026 21:10",N/A,https://www.facebook.com/permalink.php?story_fbid=pfbid02RkigrBFfmuQ2kn34LtbNDVoq3K2RJ86CUWWdQ4rcihjYmrtadwyMEP2ZeAdYAUiXl&id=61584432221426,0,0,Photos,,,,,Lifetime,531,160,40,20,15,5,44,36,8,,,,,,,
122109924699147740,61584432221426,"Juankada Evo",,,0,"01/02/2026 09:09",N/A,https://www.facebook.com/permalink.php?story_fbid=pfbid022ebtTEuDkSA8uNRspM1Pt6fSwspJ6FuvvRneRAdpZerLKfrJw7At3FR7tdPuqQvbl&id=61584432221426,0,1,Photos,,,,,Lifetime,219,79,8,8,0,0,4,,3,1,,,,,,
122109885615147740,61584432221426,"Juankada Evo","Halina't maglaro ng ColorGame Live! Hayaan nyong salubungin ang Ikalawang araw ng taon na puno ng swerte at pumaldo kasama si Juankada Evo! 🌈💫

Samahan nyo ang team NightShift mamaya 10pm-5am! With Juankada Ligaya Juankada Charm Makisaya at Manalo! Dahil AllinJuan sa Saya dito sa Juan365. 

#Juan365Studios #Juan365 #ALLINJUANLIVE #JuankadaHosts #trend #2026iscoming #newyears2026 #fypシ #FollowNow #Livehosting #artist #TrendingPH #ViralPH #FBReelsPH","Halina't maglaro ng ColorGame Live! Hayaan nyong salubungin ang Ikalawang araw ng taon na puno ng swerte at pumaldo kasama si Juankada Evo! 🌈💫

Samahan nyo ang team NightShift mamaya 10pm-5am! With @[61584067509799:2048:Juankada Ligaya] @[61585109026232:2048:Juankada Charm] Makisaya at Manalo! Dahil AllinJuan sa Saya dito sa Juan365. 

#Juan365Studios #Juan365 #ALLINJUANLIVE #JuankadaHosts #trend #2026iscoming #newyears2026 #fypシ #FollowNow #Livehosting #artist #TrendingPH #ViralPH #FBReelsPH",22,"01/02/2026 03:30",N/A,https://www.facebook.com/reel/1276047304369012/,0,0,Videos,,,,,Lifetime,256,82,12,11,0,1,2,2,,,,1195.756,6.227,0,0,0
122109747675147740,61584432221426,"Juankada Evo","Tara Juankada! Simulan natin ang Taon na puno ng Swerte At Kulay na magbibigay Saya at Buhay! 

Samahan nyo ko ngaun gabi. 10pm-5am! Makisaya at Manalo! Dahil All in Juan sa Saya dito sa Juan365. 

#Juan365Studios #Juan365 #ALLINJUANLIVE #JuankadaHosts #trend #2026iscoming #newyears2026 #fypシ #FollowNow #Livehosting #artist #TrendingPH #ViralPH #FBReelsPH",,0,"01/01/2026 06:14",N/A,https://www.facebook.com/permalink.php?story_fbid=pfbid02tGwhekhHrkBjyBWLKk1iuzeSphdo52c1UYGub4QeobxVuVGT6Etfta3hnzJSMQ4tl&id=61584432221426,0,0,Photos,,,,,Lifetime,673,268,21,19,0,2,22,17,5,,,,,,,
122187782534528854,61565865626361,"Juankada Geoff","Hindi namin ito magagawa nang wala ka, Juankada! Salamat sa isang hindi malilimutang taon. 🤟 From Juan365 family to yours, Happy New Year! 🎆

Like, Share, at Follow para sa mas exciting na memories this incoming 2026! 🥳

#JuankadaGeoff #Juan365 #Juan365PH
#JuanSports #AllInJuanSaSaya #JuanKada #Juan365ColorGame
#Juan365Studios
#Juan365Cares","Hindi namin ito magagawa nang wala ka, Juankada! Salamat sa isang hindi malilimutang taon. 🤟 From Juan365 family to yours, Happy New Year! 🎆

Like, Share, at Follow para sa mas exciting na memories this incoming 2026! 🥳

#JuankadaGeoff #Juan365 #Juan365PH
#JuanSports #AllInJuanSaSaya #JuanKada #Juan365ColorGame
#Juan365Studios
#Juan365Cares",16,"12/31/2025 07:25",N/A,https://www.facebook.com/reel/2753500528343569/,0,0,Videos,,,,,Lifetime,88,48,9,8,1,0,0,,,,,340.12,5.001,0,0,0
122187862226528854,61565865626361,"Juankada Geoff","HAPPY NEW YEAR, JUANKADA!",,0,"12/31/2025 21:30",N/A,https://www.facebook.com/Juankadageoff/posts/pfbid02S9mCcwW7fA4dQE6HauH8wQ6AQWX4KzW7TF9z6w1LC96AWKHi3q6uYvhp9disTve1l,0,1,Videos,,,,,Lifetime,,43,8,8,0,0,0,,,,,,,,,
122188074218528854,61565865626361,"Juankada Geoff","Juankada Geoff updated their cover photo.",,0,"01/02/2026 18:40",N/A,https://www.facebook.com/photo.php?fbid=122188074218528854&set=a.122095532852528854&type=3,0,0,Photos,,,,,Lifetime,0,1,16,14,2,0,0,,,,,,,,,
122188129148528854,61565865626361,"Juankada Geoff","Hindi perpektong tao pero perpekto para sa'yo. 😉

Don't be shy and hit that Like, Follow, and Share button para perfect talaga! 

#JuankadaGeoff #Juan365 #Juan365PH
#AllInJuanSaSaya #JuanKada #Juan365ColorGame
#Juan365Studios #fypviralシ #trendingvideo","Hindi perpektong tao pero perpekto para sa'yo. 😉

Don't be shy and hit that Like, Follow, and Share button para perfect talaga! 

#JuankadaGeoff #Juan365 #Juan365PH
#AllInJuanSaSaya #JuanKada #Juan365ColorGame
#Juan365Studios #fypviralシ #trendingvideo",19,"01/03/2026 06:34",N/A,https://www.facebook.com/reel/1502070524217120/,0,0,Videos,,,,,Lifetime,154,61,23,14,7,2,3,3,,,,934.675,8.987,0,0,0
122188233140528854,61565865626361,"Juankada Geoff","LIVE na tayo, Juankada! 📽️
Come and join us together with Juankada Ligaya and Juankada Sabbie.
Let’s have some fun habang namimili ng inyong LUCKY color. 🔵🔴🟢🟡🟠

Don’t forget to Like, Share, and Follow our page for more FUN moments and exciting live sessions with us. Kita-kits, Juankada! 🥳

#JuankadaGeoff #Juan365 #Juan365PH #AllInJuanSaSaya #JuanKada #Juan365ColorGame
#Juan365Studios #fypviralシ #trendingnow",,0,"01/04/2026 06:48",N/A,https://www.facebook.com/Juankadageoff/posts/pfbid0yo3G7zitLrEnTQ2pyWuuQrnF9ZsrnofjUX3XPkjw51ba8me7rM9XwVep4m4rha4Al,0,0,Photos,,,,,Lifetime,910,425,52,40,5,7,20,8,12,,,,,,,
122188247414528854,61565865626361,"Juankada Geoff",ABC,"Hindi 'to parinig huh haha! Sino'ng nakaka relate sa music? 😂 

Comment ME + Member ID kung relate ka! 🫣💬

#JuankadaGeoff #juankadahost #Juan365 #Juan365PH #AllInJuanSaSaya #JuanKada #Juan365ColorGame
#Juan365Studios #fypviralシ #trendingnow",22,"01/04/2026 09:15",N/A,https://www.facebook.com/reel/1215315800000852/,0,0,Videos,,,,,Lifetime,255,63,17,11,5,1,7,7,,,,2495.461,16.417,0,0,0
122188423406528854,61565865626361,"Juankada Geoff","If you can dream it, you can do it. Your limits are all within yourself. 🙌 -Brian Tracy

LIKE, SHARE & FOLLOW!  Color Game LIVE daily, 6AM to 5AM 🤟

#JuankadaGeoff #juankadahost #Juan365 #Juan365PH #AllInJuanSaSaya #JuanKada #Juan365ColorGame
#Juan365Studios #fypviralシ #trendingnow","If you can dream it, you can do it. Your limits are all within yourself. 🙌 -Brian Tracy

LIKE, SHARE & FOLLOW!  Color Game LIVE daily, 6AM to 5AM 🤟

#JuankadaGeoff #juankadahost #Juan365 #Juan365PH #AllInJuanSaSaya #JuanKada #Juan365ColorGame
#Juan365Studios #fypviralシ #trendingnow",24,"01/05/2026 07:21",N/A,https://www.facebook.com/reel/762986202829005/,0,0,Videos,,,,,Lifetime,89,56,6,5,1,0,0,,,,,483.103,6.901,0,0,0
122188424588528854,61565865626361,"Juankada Geoff","Live na tayo sa Juan365 Color Game LIVE juankada! Come join us together with Juankada Sabbie and Juankada Ligaya 🤩

#juankadageoff #juankadahost #juankadasabbie #juankadaligaya #Juan365 #Juan365PH #AllInJuanSaSaya #JuanKada #juan365colorgame
#Juan365Studios #fypviralシ #trendingnow",,0,"01/05/2026 07:33",N/A,https://www.facebook.com/Juankadageoff/posts/pfbid08uqT8Y3nwX5y5pmvHWB2cWyf2T3fXqWf5jssWQX1F656geU8qFoHSRA1Yr2Zjb2yl,0,1,Photos,,,,,Lifetime,226,64,19,15,4,0,16,11,5,,,,,,,
122188435292528854,61565865626361,"Juankada Geoff","Solo cruising while the beat runs the city. 🤙

Comment suggestion ng soundtrip + Member ID. 💬

#JuankadaGeoff #juankadahost #Juan365 #Juan365PH #AllInJuanSaSaya #JuanKada #Juan365ColorGame
#Juan365Studios #fypviralシ #trendingnow #ridesafe #chillride","Solo cruising while the beat runs the city. 🤙

Comment suggestion ng soundtrip + Member ID. 💬

#JuankadaGeoff #juankadahost #Juan365 #Juan365PH #AllInJuanSaSaya #JuanKada #Juan365ColorGame
#Juan365Studios #fypviralシ #trendingnow #ridesafe #chillride",41,"01/05/2026 09:29",N/A,https://www.facebook.com/reel/25558279040498914/,0,0,Videos,,,,,Lifetime,128,66,28,19,9,0,7,7,,,,747.203,7.865,0,0,0
122188546208528854,61565865626361,"Juankada Geoff","🫡LIVE tayo ngayon mga ka ROCKERS!🤘🏽

GAME na bang makipag ROCKrakan? COLOR GAME na..!!! !😅😘

#Juan365 #Juan365PH #AllInJuanSaSaya #JuanKada #Juan365ColorGame #JuankadaGeoff
#FollowMe #Trending #FYP #Reels",,0,"01/06/2026 06:22",N/A,https://www.facebook.com/Juankadageoff/posts/pfbid0djJCPbuZUYu4UBCjS7MXwjHNDMYwUSXKJ8H19hPkRMZz1iKSqTmVai1MZYW5zFWKl,0,0,Photos,,,,,Lifetime,171,67,13,12,1,0,3,2,1,,,,,,,
122188595120528854,61565865626361,"Juankada Geoff","🫡 𝐇𝐄𝐋𝐋𝐎 mga ka 𝐑𝐎𝐂𝐊𝐄𝐑𝐒..!!! 👋🏽 Sinong naka nood at nakipag 𝐑𝐎𝐂𝐊𝐫𝐚𝐤𝐚𝐧 sa LIVE namin kanina❓ Mamaya uli a.. 👊🏽🤘🏽

Same TIME, Same Host at ENERGY ang hatid naming 𝐒𝐀𝐘𝐀 at 𝐒𝐔𝐖𝐄𝐑𝐓𝐄 sa inyo mga ka #JuanKada 🧡❤️🤍 Kulitan uli tayo mamayang 10pm to 5:30am ⏰ 

•#JuanKadaGeoff •#Juan365PH •#Juan365PH •#juan365colorgame •#colorgame •#Juan365Studios •#Juan365 •#Juankadahost •#AllInJuanSaSaya •#fypviralシ •#trendingnow •#fypシ •#viralpost",,0,"01/06/2026 16:14",N/A,https://www.facebook.com/Juankadageoff/posts/pfbid0iRZGrPBWDrT7c3QY7pwif95NHEkHFNr2kUKKPZiS8YEdbpmy14NAq53oRvWfhFCPl,0,0,Photos,,,,,Lifetime,310,126,40,20,14,6,16,9,7,,,,,,,
122188638626528854,61565865626361,"Juankada Geoff","GEOFF TAYLOR","🫡𝐋𝐄𝐓𝐒 𝐑𝐎𝐂𝐊 mga ka 𝐑𝐎𝐂𝐊𝐄𝐑𝐒‼️ kamusta ang buhay buhay❓

Ilang oras nalang 𝐑𝐎𝐂𝐊𝐫𝐚𝐤𝐚𝐧 na naman tayo mayang 10pm to 5am sa 𝐂𝐎𝐋𝐎𝐑 𝐆𝐀𝐌𝐄 🟩🟨🟥⬜️

•#JuankadaGeoff •#Host •#StudioHost •#gamehost •#Juan365PH •#JuanKada •#juan365colorgame •#Juan365Studios •#Rockstar •#fypシ •#trendingpost •#trendingnow •#viralnow •#AllInJuanSaSaya",22,"01/07/2026 01:52",N/A,https://www.facebook.com/reel/1606888770498113/,0,0,Videos,,,,,Lifetime,101,57,8,7,1,0,0,,,,,517.954,6.815,0,0,0
122188680692528854,61565865626361,"Juankada Geoff","1K NA TAYO ROCKERS FAM! Salamat sa walang sawa'ng suporta at pagsubaybay saating Color Game LIVE. 1 month palang pero we already reached 1K. SOLID! 🙌

LIKE, SHARE, FOLLOW, and set that notifications into ""FAVORITES"" para lagi ka'ng updated! 🤘

#juankadageoff #juankadahost #Juan365 #Juan365PH #AllInJuanSaSaya #JuanKada #juan365colorgame
#Juan365Studios #colorgame #fypviralシ #trendingnow #rockers",,0,"01/07/2026 08:17",N/A,https://www.facebook.com/Juankadageoff/posts/pfbid02xSBvGSuSdLSgPejbvjpkrSZrEGach666sVzwoxkNGs6fPchAGEWACEJcXb6zxZDrl,0,1,Photos,,,,,Lifetime,145,55,9,8,1,0,1,1,,,,,,,,
122188684640528854,61565865626361,"Juankada Geoff","Whats up rockers fam? Simula na tayo sa'ating Color Game LIVE! 🤘

Come join us together with Juankada Shann and Juankada Ligaya at i-manifest na ang LUCK mo! ☘️

#juankadageoff #juankadahost #Juan365PH #Juan365PH #AllInJuanSaSaya #JuanKada #juan365colorgame
#Juan365Studios #colorgame #fypviralシ #trendingnow #rockers",,0,"01/07/2026 08:50",N/A,https://www.facebook.com/Juankadageoff/posts/pfbid024QH1qvZQ4gu2ZkbTKk3QUx9beGhMkgNWg3csb4JhnLvmmSEmBtQHeHudBK4eT1tNl,0,0,Photos,,,,,Lifetime,1325,534,41,33,4,4,49,24,25,,,,,,,
122188689632528854,61565865626361,"Juankada Geoff","Before live, pa pitik muna tayo konti ROCKER FAM. 😜🤘

Hit LIKE if ganito ka rin before ang gagawin mo. 😅

#juankadageoff #juankadahost #Juan365PH #Juan365 #AllInJuanSaSaya #JuanKada #juan365colorgame
#Juan365Studios #colorgame #fypviralシ #trendingnow #rockers",,0,"01/07/2026 09:54",N/A,https://www.facebook.com/Juankadageoff/posts/pfbid02FK3KFR8gsp4jr9Eny15iTa5UcqoJyjt2zuJW3KSMsNXxiutfJsJ7pyeBefXk4pGVl,0,0,Photos,,,,,Lifetime,222,85,17,16,1,0,9,5,4,,,,,,,
122188695116528854,61565865626361,"Juankada Geoff","AllinJuanSaRakrakan! Join na sa live at maki-feel the rakista vibes with me ROCKERS FAM! 🧑‍🎤

💽: Faint - by Linkin Park 🐐

Share niyo naman sa comment section kung ano ang favorite Rock Band niyo fam! 🤘

#juankadageoff #juankadahost #Juan365PH #Juan365 #AllInJuanSaSaya #JuanKada #juan365colorgame
#Juan365Studios #colorgame #fypviralシ #trendingnow #rockers","AllinJuanSaRakrakan! Join na sa live at maki-feel the rakista vibes with me ROCKERS FAM! 🧑‍🎤

💽: Faint - by Linkin Park 🐐

Share niyo naman sa comment section kung ano ang favorite Rock Band niyo fam! 🤘

#juankadageoff #juankadahost #Juan365PH #Juan365 #AllInJuanSaSaya #JuanKada #juan365colorgame
#Juan365Studios #colorgame #fypviralシ #trendingnow #rockers",28,"01/07/2026 11:15",N/A,https://www.facebook.com/reel/2215459512196793/,0,0,Videos,,,,,Lifetime,189,105,24,21,3,0,3,3,,,,1538.801,12.116,0,0,0
1165907575625895,61565865626361,"Juankada Geoff","ROCK & RIDE","ROCK & RIDE",813,"01/07/2026 16:48",N/A,https://www.facebook.com/Juankadageoff/videos/1165907575625895/,0,0,Live,,,,,Lifetime,251,166,45,22,16,7,10,10,,,,2067.996,10.551,,0,0
122188890968528854,61565865626361,"Juankada Geoff","👋🏽 Namiss n’yo ba ako JUANKADA? 🫡 𝐑𝐄𝐒𝐓 𝐃𝐀𝐘 lang muna ang 𝐑𝐎𝐂𝐊𝐄𝐑 𝐆𝐄𝐎𝐅𝐅 n’yo 😅
BAWI sa puyat at pagod kaya eto, TRY ko daw ang kamatis sa face 🍅🤣

Balik ako BUKAS 🫰🏼
𝐂𝐎𝐋𝐎𝐑 𝐆𝐀𝐌𝐄 ulit everyJUAN from 2pm to 10pm🔥🎮

#Juan365 #Juankadageoff #Juan365PH #JuanKada #gamehost #Juan365Studios #AllInJuanSaSaya #Host #rocker #fypシ #viral",,0,"01/08/2026 22:37",N/A,https://www.facebook.com/Juankadageoff/posts/pfbid037QMd8X4tcWa5T5xYm9evX64s5QGFQFEk4oV41jvDi9BDcreN4c7vczod9gGZF2MRl,0,0,Photos,,,,,Lifetime,270,107,18,16,1,1,7,5,2,,,,,,,
122188977188528854,61565865626361,"Juankada Geoff","👉🏽ABANGAN! 𝐂𝐎𝐋𝐎𝐑 𝐆𝐀𝐌𝐄 𝐋𝐈𝐕𝐄 with Juankada Evo and Juankada Sabbie from 2PM to 10PM. See you there Rockers FAM! 🤘

#juankadageoff #juankadahost #Juan365 #Juan365PH #AllInJuanSaSaya #JuanKada #juan365colorgame
#Juan365Studios #colorgame #fypviralシ #trendingnow #rockers",,0,"01/09/2026 18:08",N/A,https://www.facebook.com/Juankadageoff/posts/pfbid0t9jhrbnL29X1nKdoC7rg3mXaeneAuP9sfjESmE5aPMFJshm3r2GjCxZWyPpwx2Hnl,0,0,Photos,,,,,Lifetime,558,236,32,26,3,3,30,12,18,,,,,,,
122188998056528854,61565865626361,"Juankada Geoff","🫡𝐋𝐈𝐕𝐄 tayo ngayon 𝐉𝐔𝐀𝐍𝐊𝐀𝐃𝐀‼️ naka ilang pa 𝐓𝐑𝐈𝐏𝐋𝐄 na..!!! 🟨🟥🟩 HABOL na! 🤘🏽 till 10pm pa ang chance mong PUMALDO… 

#juankada #juankadageofff #juankadaevo #juankadasabbie #juan365 #juan365PH #AllInJuanSaSaya #Juan365Studios #colorgame #gamehost #host #juan365colorgame #rocker #Rockers #studiohost #trending #viral",,0,"01/10/2026 00:11",N/A,https://www.facebook.com/Juankadageoff/posts/pfbid0N8ASGf2MJs6SneJf9bbuB1nx76yVvax8f2TWqEL2F3uur7tHyadbUeyanwyc6JsXl,0,0,Photos,,,,,Lifetime,757,333,51,35,13,3,19,5,14,,,,,,,
122189231246528854,61565865626361,"Juankada Geoff","Boom..!!! 💥 Sinong naka nood kagabi!? today uli juankada tuloy tuloy natin ang swerte",,0,"01/12/2026 00:13",N/A,https://www.facebook.com/Juankadageoff/posts/pfbid02DxQgCG5rcPH7muC6XgPJh27A6ZTR55Nufqegbg3yGyXBa4pkYaLkybSQLqHGocVyl,0,1,Photos,,,,,Lifetime,125,53,24,16,6,2,4,4,,,,,,,,
122189243516528854,61565865626361,"Juankada Geoff","juankada geoff","Mga 𝐑𝐎𝐂𝐊𝐄𝐑𝐒 Nanggigigil na ako a..!!! 🔥 May MALI ba sa sinabi ko 𝐉𝐔𝐀𝐍𝐊𝐀𝐃𝐀⁉️ totoo naman sinasabi ko. Grabe naman kasi mga bully ngayon pati ba naman nanay ko hindi na din ako kinakampihan! 🤦🏻‍♂️ OWNO..!!

#juankadageoff #Juan365 #Juan365PH #JuanKada #Juan365Studios #host #gamehost #colorgame #hosting #AllInJuanSaSaya #fypシ #trendingnow #trendingpost #trendingreel",37,"01/12/2026 03:11",N/A,https://www.facebook.com/reel/1902103624002059/,0,0,Videos,,,,,Lifetime,185,92,40,31,7,2,11,11,,,,2520.089,19.843,0,0,0
122115732969133214,61583996447175,"Juankada Jedi","𝐒𝐞𝐱𝐲 𝐢𝐧 𝐁𝐥𝐚𝐜𝐤 🖤Dala ang confidence at dala ang vibes!#Juan365 #Juan365Studios #JuankadaJedi #Juankada #JuankadaHosts #ALLINJUANLIVE   #JediBabes #TrendingNow #TikTokTrend #ForYou #FYP #ForYouPage #ContentCreator #HostLife","𝐒𝐞𝐱𝐲 𝐢𝐧 𝐁𝐥𝐚𝐜𝐤 🖤Dala ang confidence at dala ang vibes!#Juan365 #Juan365Studios #JuankadaJedi #Juankada #JuankadaHosts #ALLINJUANLIVE   #JediBabes #TrendingNow #TikTokTrend #ForYou #FYP #ForYouPage #ContentCreator #HostLife",16,"01/12/2026 19:01",N/A,https://www.facebook.com/reel/2969992699853332/,0,0,Videos,,,,,Lifetime,1877,613,57,49,6,2,25,15,,10,,3778.684,3.895,0,0,0
122115639711133214,61583996447175,"Juankada Jedi","🌟 Jedi Babes! We are officially LIVE! 🌟Let’s make tonight fun, exciting, and full of kulay! Ready ka na ba? Tune in now! 🎮💖#Juan365 #Juan365Studios #JuankadaJedi #Juankada #JuankadaHosts #ALLINJUANLIVE   #JediBabes #TrendingNow #TikTokTrend #ForYou #FYP #ForYouPage #ContentCreator #HostLife","🌟 Jedi Babes! We are officially LIVE! 🌟Let’s make tonight fun, exciting, and full of kulay! Ready ka na ba? Tune in now! 🎮💖#Juan365 #Juan365Studios #JuankadaJedi #Juankada #JuankadaHosts #ALLINJUANLIVE   #JediBabes #TrendingNow #TikTokTrend #ForYou #FYP #ForYouPage #ContentCreator #HostLife",14,"01/12/2026 07:53",N/A,https://www.facebook.com/reel/820574054357401/,0,0,Videos,,,,,Lifetime,2707,242,28,24,2,2,5,4,,1,,5693.484,3.102,0,0,0
122115629283133214,61583996447175,"Juankada Jedi","Accidentally cute? Always. 😉💛

#Juan365 #Juan365Studios #JuankadaJedi #Juankada #JuankadaHosts #ALLINJUANLIVE   #JediBabes #TrendingNow #TikTokTrend #ForYou #FYP #ForYouPage #ContentCreator #HostLife","Accidentally cute? Always. 😉💛

#Juan365 #Juan365Studios #JuankadaJedi #Juankada #JuankadaHosts #ALLINJUANLIVE   #JediBabes #TrendingNow #TikTokTrend #ForYou #FYP #ForYouPage #ContentCreator #HostLife",16,"01/12/2026 07:00",mixed,https://www.facebook.com/reel/1185865323756793/,1,0,Videos,,,,,Lifetime,2721,371,33,31,2,0,17,9,,8,,5870.584,3.213,0,0,0
122115601467133214,61583996447175,"Juankada Jedi","Jedi Babes! 💫
Masaya talaga ako sa tuwing napapaswerte ko kayo 𝐬𝐚𝐛𝐚𝐲-𝐬𝐚𝐛𝐚𝐲 𝐭𝐚𝐲𝐨𝐧𝐠 𝐦𝐚𝐠-𝐞𝐧𝐣𝐨𝐲 𝐚𝐭 𝐦𝐚𝐧𝐚𝐥𝐨!
 🍀

#Juan365 #Juan365Studios #JuankadaJedi #Juankada #JuankadaHosts #ALLINJUANLIVE   #JediBabes #TrendingNow #TikTokTrend #ForYou #FYP #ForYouPage #ContentCreator #HostLife","Jedi Babes! 💫
Masaya talaga ako sa tuwing napapaswerte ko kayo 𝐬𝐚𝐛𝐚𝐲-𝐬𝐚𝐛𝐚𝐲 𝐭𝐚𝐲𝐨𝐧𝐠 𝐦𝐚𝐠-𝐞𝐧𝐣𝐨𝐲 𝐚𝐭 𝐦𝐚𝐧𝐚𝐥𝐨!
 🍀

#Juan365 #Juan365Studios #JuankadaJedi #Juankada #JuankadaHosts #ALLINJUANLIVE   #JediBabes #TrendingNow #TikTokTrend #ForYou #FYP #ForYouPage #ContentCreator #HostLife",22,"01/12/2026 04:08",N/A,https://www.facebook.com/reel/1567942914229726/,0,0,Videos,,,,,Lifetime,3181,326,23,16,4,3,19,11,,8,,5467.611,3.711,0,0,0
122115448149133214,61583996447175,"Juankada Jedi","Jedi Babes! No need to miss me anymore! Im back, refreshed, and ready to make your lucks go all out! ❤️Catch me at the Juan365 App and website!#Juan365 #Juan365Studios #JuankadaJedi #Juankada #JuankadaHosts #ALLINJUANLIVE   #JediBabes #TrendingNow #TikTokTrend #ForYou #FYP #ForYouPage #ContentCreator #HostLife","Jedi Babes! No need to miss me anymore! Im back, refreshed, and ready to make your lucks go all out! ❤️Catch me at the Juan365 App and website!#Juan365 #Juan365Studios #JuankadaJedi #Juankada #JuankadaHosts #ALLINJUANLIVE   #JediBabes #TrendingNow #TikTokTrend #ForYou #FYP #ForYouPage #ContentCreator #HostLife",23,"01/11/2026 11:35",N/A,https://www.facebook.com/reel/2653671018342027/,0,0,Videos,,,,,Lifetime,2203,453,32,27,3,2,9,5,,4,,2777.778,3.314,0,0,0
122115357987133214,61583996447175,"Juankada Jedi","Jedi Babes, you’re way too beautiful 💖
Tune in live on the app/website and join the excitement!

#JediBabes #Juan365 #Juan365Studios #JuankadaJedi #Juankada #JuankadaHosts  #ForYou #FYP #ForYouPage #ContentCreator #HostLife","Jedi Babes, you’re way too beautiful 💖
Tune in live on the app/website and join the excitement!

#JediBabes #Juan365 #Juan365Studios #JuankadaJedi #Juankada #JuankadaHosts  #ForYou #FYP #ForYouPage #ContentCreator #HostLife",16,"01/11/2026 04:00",mixed,https://www.facebook.com/reel/1897660217502858/,1,0,Videos,,,,,Lifetime,1589,397,41,35,4,2,16,12,,4,,2597.286,3.929,0,0,0
122115336741133214,61583996447175,"Juankada Jedi","Jedi Babes! Miss me? 💅 Fresh nails, fresh vibes—𝐫𝐞𝐚𝐝𝐲 𝐭𝐨 𝐛𝐫𝐢𝐧𝐠 𝐚𝐥𝐥 𝐭𝐡𝐞 𝐟𝐮𝐧 𝐚𝐧𝐝 𝐞𝐱𝐜𝐢𝐭𝐞𝐦𝐞𝐧𝐭 𝐬𝐭𝐫𝐚𝐢𝐠𝐡𝐭 𝐭𝐨 𝐲𝐨𝐮.

#JediBabes #Juan365 #Juan365Studios #JuankadaJedi #Juankada #JuankadaHosts  #ForYou #FYP #ForYouPage #ContentCreator #hostlife","Jedi Babes! Miss me? 💅 Fresh nails, fresh vibes—𝐫𝐞𝐚𝐝𝐲 𝐭𝐨 𝐛𝐫𝐢𝐧𝐠 𝐚𝐥𝐥 𝐭𝐡𝐞 𝐟𝐮𝐧 𝐚𝐧𝐝 𝐞𝐱𝐜𝐢𝐭𝐞𝐦𝐞𝐧𝐭 𝐬𝐭𝐫𝐚𝐢𝐠𝐡𝐭 𝐭𝐨 𝐲𝐨𝐮.

#JediBabes #Juan365 #Juan365Studios #JuankadaJedi #Juankada #JuankadaHosts  #ForYou #FYP #ForYouPage #ContentCreator #hostlife",16,"01/11/2026 02:09",N/A,https://www.facebook.com/reel/1175333451422425/,0,0,Videos,,,,,Lifetime,1766,605,30,26,3,1,13,10,,3,,3918.307,4.755,0,0,0
122114881857133214,61583996447175,"Juankada Jedi","Hi Jedi Babes! ✨
Sharing my dance cover of The Fate of Ophelia by Taylor Swift 🌊

If you felt it, comment ❤️ Jedi Babes!

#JediBabes #DanceCover #TaylorSwift #Juan365 #Juan365Studios #JuankadaJedi #Juankada #JuankadaHosts #ALLINJUANLIVE   #JediBabes #TrendingNow #TikTokTrend #ForYou #FYP #ForYouPage #ContentCreator #HostLife","Hi Jedi Babes! ✨
Sharing my dance cover of The Fate of Ophelia by Taylor Swift 🌊

If you felt it, comment ❤️ Jedi Babes!

#JediBabes #DanceCover #TaylorSwift #Juan365 #Juan365Studios #JuankadaJedi #Juankada #JuankadaHosts #ALLINJUANLIVE   #JediBabes #TrendingNow #TikTokTrend #ForYou #FYP #ForYouPage #ContentCreator #HostLife",16,"01/09/2026 04:08",N/A,https://www.facebook.com/reel/1399306921835815/,0,0,Videos,,,,,Lifetime,5905,3178,67,49,15,3,34,18,,16,,33468.185,8.695,0,0,0
122114614581133214,61583996447175,"Juankada Jedi","Good Morning Jedi Babes! Kamusta ang pag gising niyo? Handa na ba kayo na gisingin ko ang swerte niyo? Comment ❤️ if ready na Jedi Babes!#Juan365 #Juan365Studios #JuankadaJedi #Juankada #JuankadaHosts #ALLINJUANLIVE   #JediBabes #TrendingNow #TikTokTrend #ForYou #FYP #ForYouPage #ContentCreator #HostLife","Good Morning Jedi Babes! Kamusta ang pag gising niyo? Handa na ba kayo na gisingin ko ang swerte niyo? Comment ❤️ if ready na Jedi Babes!#Juan365 #Juan365Studios #JuankadaJedi #Juankada #JuankadaHosts #ALLINJUANLIVE   #JediBabes #TrendingNow #TikTokTrend #ForYou #FYP #ForYouPage #ContentCreator #HostLife",16,"01/07/2026 20:02",N/A,https://www.facebook.com/reel/1267780449563700/,0,0,Videos,,,,,Lifetime,3548,2170,90,54,26,10,55,30,,25,,24235.918,7.438,0,0,0
122114490561133214,61583996447175,"Juankada Jedi","Eenie meenie,  𝐩𝐢𝐜𝐤 𝐚 𝐜𝐨𝐥𝐨𝐫 𝐰𝐢𝐭𝐡 𝐦𝐞!💗 
Comment your color below 👇

#Juan365 #Juan365Studios #JuankadaJedi #Juankada #JuankadaHosts #ALLINJUANLIVE   #JediBabes #WatchWithMe #ForYou #ForYouPage #FYP #TrendingNow #ViralPH #ExplorePH","Eenie meenie,  𝐩𝐢𝐜𝐤 𝐚 𝐜𝐨𝐥𝐨𝐫 𝐰𝐢𝐭𝐡 𝐦𝐞!💗 
Comment your color below 👇

#Juan365 #Juan365Studios #JuankadaJedi #Juankada #JuankadaHosts #ALLINJUANLIVE   #JediBabes #WatchWithMe #ForYou #ForYouPage #FYP #TrendingNow #ViralPH #ExplorePH",14,"01/07/2026 07:59",N/A,https://www.facebook.com/reel/2001066920463885/,0,0,Videos,,,,,Lifetime,1974,434,64,52,9,3,18,9,,9,,3616.367,4.714,0,0,0
122114348145133214,61583996447175,"Juankada Jedi","Good Morning Jedi Babes! 🔥Let’s get this morning started with high energy and overflowing na swerte!👉Pasok na and manood ng Color Game Live at the Juan365 app / Website!

#Juan365 #Juan365Studios #JuankadaJedi #Juankada #JuankadaHosts #ALLINJUANLIVE   #JediBabes #TrendingNow #TikTokTrend #ForYou #FYP #ForYouPage #ContentCreator #HostLife","Good Morning Jedi Babes! 🔥Let’s get this morning started with high energy and overflowing na swerte!👉Pasok na and manood ng Color Game Live at the Juan365 app / Website!

#Juan365 #Juan365Studios #JuankadaJedi #Juankada #JuankadaHosts #ALLINJUANLIVE   #JediBabes #TrendingNow #TikTokTrend #ForYou #FYP #ForYouPage #ContentCreator #HostLife",14,"01/06/2026 18:43",N/A,https://www.facebook.com/reel/1427405319040021/,0,0,Videos,,,,,Lifetime,1365,367,55,42,9,4,15,10,,5,,2053.819,3.768,0,0,0
122114228601133214,61583996447175,"Juankada Jedi","Kung ikaw ‘yun, girl… tatanggapin mo ba yung 1M? 🤔

O susugal ka sa Color Game — baka mas bongga pa panalo mo! 🎡💖
Comment mo, curious ako!

#Juan365 #Juan365Studios #JuankadaJedi #Juankada #JuankadaHosts #ALLINJUANLIVE   
#JediBabes #TrendingNow #TikTokTrend #ForYou #FYP #ForYouPage #ContentCreator #HostLife","Kung ikaw ‘yun, girl… tatanggapin mo ba yung 1M? 🤔

O susugal ka sa Color Game — baka mas bongga pa panalo mo! 🎡💖
Comment mo, curious ako!

#Juan365 #Juan365Studios #JuankadaJedi #Juankada #JuankadaHosts #ALLINJUANLIVE   
#JediBabes #TrendingNow #TikTokTrend #ForYou #FYP #ForYouPage #ContentCreator #HostLife",16,"01/06/2026 06:08",N/A,https://www.facebook.com/reel/856540087229021/,0,0,Videos,,,,,Lifetime,1684,414,27,21,4,2,43,34,,9,,3525.609,5.569,0,0,0
122114118213133214,61583996447175,"Juankada Jedi","Jedi Babes! Good morning! ☀️Ready na ba kayo maglaro? 🎮Tara na sa Juan365 app and website — baka sa inyo na mapunta ang swerte today! 🍀✨#Juan365 #Juan365Studios #JuankadaJedi #Juankada #JuankadaHosts #ALLINJUANLIVE   #JediBabes #TrendingNow #TikTokTrend #ForYou #FYP #ForYouPage #ContentCreator #HostLife","Jedi Babes! Good morning! ☀️Ready na ba kayo maglaro? 🎮Tara na sa Juan365 app and website — baka sa inyo na mapunta ang swerte today! 🍀✨#Juan365 #Juan365Studios #JuankadaJedi #Juankada #JuankadaHosts #ALLINJUANLIVE   #JediBabes #TrendingNow #TikTokTrend #ForYou #FYP #ForYouPage #ContentCreator #HostLife",18,"01/05/2026 20:01",N/A,https://www.facebook.com/reel/1374483311081156/,0,0,Videos,,,,,Lifetime,1759,506,51,48,1,2,51,38,,12,1,4192.384,5.195,0,0,0
122113962459133214,61583996447175,"Juankada Jedi","𝐋𝐞𝐭𝐬 𝐠𝐞𝐭 𝐢𝐭 𝐁𝐎𝐎𝐌 𝐁𝐎𝐎𝐌 𝐉𝐄𝐃𝐈𝐁𝐀𝐁𝐄𝐒! 

Can't handle my own cuteness! Can you handle it for me? 😉

#Juan365 #Juan365Studios #JuankadaJedi #Juankada #JuankadaHosts #ALLINJUANLIVE   
#JediBabes #TrendingNow #TikTokTrend #ForYou #FYP #ForYouPage #ContentCreator #HostLife","𝐋𝐞𝐭𝐬 𝐠𝐞𝐭 𝐢𝐭 𝐁𝐎𝐎𝐌 𝐁𝐎𝐎𝐌 𝐉𝐄𝐃𝐈𝐁𝐀𝐁𝐄𝐒! 

Can't handle my own cuteness! Can you handle it for me? 😉

#Juan365 #Juan365Studios #JuankadaJedi #Juankada #JuankadaHosts #ALLINJUANLIVE   
#JediBabes #TrendingNow #TikTokTrend #ForYou #FYP #ForYouPage #ContentCreator #HostLife",16,"01/05/2026 03:21",N/A,https://www.facebook.com/reel/1574472580461784/,0,0,Videos,,,,,Lifetime,2727,133,16,14,1,1,5,5,,,,2055.264,3.09,0,0,0
122113907979133214,61583996447175,"Juankada Jedi","Jedi Babes! We’re still LIVE — habol pa kayo! 🎥✨
Baka dito mo na makuha ang swerte mo, kaya pasok na at samahan kami! 🍀🔥

#Juan365 #Juan365Studios #JuankadaJedi #Juankada #JuankadaHosts #ALLINJUANLIVE   
#JediBabes #TrendingNow #TikTokTrend #ForYou #FYP #ForYouPage #ContentCreator #HostLife","Jedi Babes! We’re still LIVE — habol pa kayo! 🎥✨
Baka dito mo na makuha ang swerte mo, kaya pasok na at samahan kami! 🍀🔥

#Juan365 #Juan365Studios #JuankadaJedi #Juankada #JuankadaHosts #ALLINJUANLIVE   
#JediBabes #TrendingNow #TikTokTrend #ForYou #FYP #ForYouPage #ContentCreator #HostLife",11,"01/04/2026 21:40",N/A,https://www.facebook.com/reel/4147792805487917/,0,0,Videos,,,,,Lifetime,3074,231,19,15,3,1,5,5,,,,2153.832,2.636,0,0,0
122113734081133214,61583996447175,"Juankada Jedi","What’s up, Jedi Babes! ⚡️

𝐊𝐮𝐧𝐠 𝐫𝐞𝐚𝐝𝐲 𝐤𝐚 𝐬𝐚 𝐬𝐰𝐞𝐫𝐭𝐞, type “GAME!” sa comments — then nood na sa Juan365 app and website! 🎯

#Juan365 #Juan365Studios #JuankadaJedi #Juankada #JuankadaHosts #ALLINJUANLIVE   
#JediBabes #TrendingNow #TikTokTrend #ForYou #FYP #ForYouPage #ContentCreator #HostLife","What’s up, Jedi Babes! ⚡️

𝐊𝐮𝐧𝐠 𝐫𝐞𝐚𝐝𝐲 𝐤𝐚 𝐬𝐚 𝐬𝐰𝐞𝐫𝐭𝐞, type “GAME!” sa comments — then nood na sa Juan365 app and website! 🎯

#Juan365 #Juan365Studios #JuankadaJedi #Juankada #JuankadaHosts #ALLINJUANLIVE   
#JediBabes #TrendingNow #TikTokTrend #ForYou #FYP #ForYouPage #ContentCreator #HostLife",9,"01/04/2026 03:01",mixed,https://www.facebook.com/reel/1852322702056151/,1,0,Videos,,,,,Lifetime,7509,5865,39,32,6,1,22,15,,7,,35522.321,6.152,0,0,0
122113668105133214,61583996447175,"Juankada Jedi","𝟕𝐊 𝐚𝐧𝐝 𝐜𝐨𝐮𝐧𝐭𝐢𝐧𝐠, Jedi Babes! 🙌

Like, heart ❤️, comment, and share — let’s spread the fun!
Kita-kits sa Color Game Live sa Juan365 app at website!

#Juan365 #Juan365Studios #JuankadaJedi #Juankada #JuankadaHosts #ALLINJUANLIVE   
#JediBabes #TrendingNow #TikTokTrend #ForYou #FYP #ForYouPage #ContentCreator #HostLife",,0,"01/03/2026 20:37",N/A,https://www.facebook.com/permalink.php?story_fbid=pfbid0SzoHXvdz6HBuV8YEQGtLAXB3YRh1Xf18JtZAkd26Spc9oJtaRXRcHYEcfLanbsa6l&id=61583996447175,0,0,Photos,,,,,Lifetime,381,128,20,15,5,0,19,19,,,,,,,,
122113652679133214,61583996447175,"Juankada Jedi","Good morning, Juankada! ✨
Kumpleto na ba kayo? 💖
LIVE na tayo sa Juan365 — good vibes, fun games, at lovely moments to start the day right 🌤️ kasama si JuanKada Star and Juankada Papa Joe
Comment “LIVE” kung nanonood ka na 👇

#Juan365 #Juan365Studios #JuankadaJedi #Juankada #JuankadaHosts #ALLINJUANLIVE   
#JediBabes #TrendingNow #TikTokTrend #ForYou #FYP #ForYouPage #ContentCreator #HostLife",,0,"01/03/2026 18:11",N/A,https://www.facebook.com/permalink.php?story_fbid=pfbid02x51618VAXGvHvFPRBpaDTEx8yTsNuPcNtv75gBBzTRbYVRuyBDKfJ463irpzBaU3l&id=61583996447175,0,0,Photos,,,,,Lifetime,1192,524,34,31,1,2,35,28,7,,,,,,,
122113454265133214,61583996447175,"Juankada Jedi","Juankada Jedi updated their cover photo.",,0,"01/02/2026 18:42",N/A,https://www.facebook.com/photo.php?fbid=122113454265133214&set=a.122110480779133214&type=3,0,0,Photos,,,,,Lifetime,0,1,13,12,1,0,0,,,,,,,,,
122113327155133214,61583996447175,"Juankada Jedi","🚨 Jedi Babes! 𝐎𝐧𝐞 𝐜𝐥𝐢𝐜𝐤 could be your 𝐥𝐮𝐜𝐤𝐲 𝐜𝐡𝐚𝐫𝐦 — like, share, and follow now! 🍀

#Juan365 #Juan365Studios #JuankadaJedi #Juankada #JuankadaHosts #ALLINJUANLIVE   
#JediBabes #TrendingNow #TikTokTrend #ForYou #FYP #ForYouPage",,0,"01/02/2026 04:10",N/A,https://www.facebook.com/permalink.php?story_fbid=pfbid02kiTy8H5GHyWN6ReaWPG45Ty4uLWq9baQhKUatAsVYGHWzBPdedLskWXvoPD9rR9Cl&id=61583996447175,0,0,Photos,,,,,Lifetime,537,175,27,17,7,3,10,7,3,,,,,,,
122113098429133214,61583996447175,"Juankada Jedi","Juankada, kumpleto na ba kayo? 💖
LIVE na tayo sa Juan365 — good vibes, fun games, at lovely moments all night long ✨
Drop “LIVE” sa comments kung nanonood ka na 👇",,0,"01/01/2026 02:29",N/A,https://www.facebook.com/permalink.php?story_fbid=pfbid035S869mFjNkz6RoNevY5THY6PiswrQDJTTjEprsEJLwqVYidGP8DPA3xnjjPQpg9Dl&id=61583996447175,0,0,Photos,,,,,Lifetime,610,195,21,15,5,1,13,11,2,,,,,,,
122112914103133214,61583996447175,"Juankada Jedi","Happy New Year, Jedi Babes! ✨🎆
New year, same glow—more wins, more laughs, more ALL-IN JUAN moments! 💖🥂

#Juan365 #Juan365Studios #JuankadaJedi #Juankada #JuankadaHosts #ALLINJUANLIVE   
#JediBabes #TrendingNow #TikTokTrend #ForYou #FYP #ForYouPage #HappyNewYear","Happy New Year, Jedi Babes! ✨🎆
New year, same glow—more wins, more laughs, more ALL-IN JUAN moments! 💖🥂

#Juan365 #Juan365Studios #JuankadaJedi #Juankada #JuankadaHosts #ALLINJUANLIVE   
#JediBabes #TrendingNow #TikTokTrend #ForYou #FYP #ForYouPage #HappyNewYear",16,"12/31/2025 08:00",uploaded,https://www.facebook.com/reel/1397655912078957/,1,0,Videos,,,,,Lifetime,3202,2580,31,24,7,0,48,14,,34,,24250.384,8.738,0,0,0
122112798903133214,61583996447175,"Juankada Jedi","When the beat goes low… my confidence goes higher 😌✨

✨ Say hi in the comments — let’s vibe together!

#Juan365 #Juan365Studios #JuankadaJedi #Juankada #JuankadaHosts #ALLINJUANLIVE   
#JediBabes","When the beat goes low… my confidence goes higher 😌✨

✨ Say hi in the comments — let’s vibe together!

#Juan365 #Juan365Studios #JuankadaJedi #Juankada #JuankadaHosts #ALLINJUANLIVE   
#JediBabes",18,"12/31/2025 00:00",uploaded,https://www.facebook.com/reel/1696172915052895/,1,0,Videos,,,,,Lifetime,373,281,21,19,2,0,8,8,,,,1336.13,4.352,0,0,0
122121621423141442,61584243275518,"Juankada Lance","𝐆𝐰𝐚𝐩𝐢𝐭𝐨𝐧𝐠 𝐓𝐢𝐭𝐨, 𝐉𝐮𝐚𝐧𝐤𝐚𝐝𝐚 𝐋𝐚𝐧𝐜𝐞 😎
Good vibes, swerte at tawanan ✨

👉 Watch Color Game LIVE sa Juan365 app & website
👉 Follow for more!

#Juan365 #Juan365Studios #ALLINJUANLIVE #Juan365ColorGame #JuankadaLance #fypreelsシviralシ #fypchallenge #reelsfypシ","𝐆𝐰𝐚𝐩𝐢𝐭𝐨𝐧𝐠 𝐓𝐢𝐭𝐨, 𝐉𝐮𝐚𝐧𝐤𝐚𝐝𝐚 𝐋𝐚𝐧𝐜𝐞 😎
Good vibes, swerte at tawanan ✨

👉 Watch Color Game LIVE sa Juan365 app & website
👉 Follow for more!

#Juan365 #Juan365Studios #ALLINJUANLIVE #Juan365ColorGame #JuankadaLance #fypreelsシviralシ #fypchallenge #reelsfypシ",15,"01/12/2026 22:00",N/A,https://www.facebook.com/reel/1201162421558939/,0,0,Videos,,,,,Lifetime,981,55,21,16,5,0,6,6,,,,579.449,2.355,0,0,0
122121639243141442,61584243275518,"Juankada Lance","𝐀𝐧𝐨 𝐛𝐚’𝐧𝐠 𝐧𝐢𝐥𝐚𝐦𝐚𝐧𝐠 𝐧𝐢𝐲𝐚 𝐬𝐚’𝐤𝐢𝐧?🤔

Sabihin mo nga sa comment section 👇😂

#Juan365 #Juan365Studios #ALLINJUANLIVE #Juan365ColorGame #JuankadaLance #fypreelsシviralシ #fypchallenge #reelsfypシ","𝐀𝐧𝐨 𝐛𝐚’𝐧𝐠 𝐧𝐢𝐥𝐚𝐦𝐚𝐧𝐠 𝐧𝐢𝐲𝐚 𝐬𝐚’𝐤𝐢𝐧?🤔

Sabihin mo nga sa comment section 👇😂

#Juan365 #Juan365Studios #ALLINJUANLIVE #Juan365ColorGame #JuankadaLance #fypreelsシviralシ #fypchallenge #reelsfypシ",13,"01/12/2026 18:00",mixed,https://www.facebook.com/reel/769417412846516/,1,0,Videos,,,,,Lifetime,1386,45,24,15,8,1,8,8,,,,800.723,2.541,0,0,0
122121477969141442,61584243275518,"Juankada Lance","No color needed.𝐅𝐢𝐞𝐫𝐜𝐞 𝐥𝐨𝐨𝐤𝐬 𝐛𝐞𝐭𝐭𝐞𝐫 𝐢𝐧 𝐛𝐥𝐚𝐜𝐤 & 𝐰𝐡𝐢𝐭𝐞😏🖤🤍

Comment 🖤🤍 if you agree 👇

#Juan365 #Juan365Studios #ALLINJUANLIVE #Juan365ColorGame #JuankadaLance #fypreelsシviralシ #fypchallenge #reelsfypシ",,0,"01/11/2026 21:00",N/A,https://www.facebook.com/permalink.php?story_fbid=pfbid0xqEVWS43wnACtXseijJCEduA6BbDeKt8fUiLDbyhj8rQCo8YnPf9fofGWTRCpxbxl&id=61584243275518,0,0,Photos,,,,,Lifetime,189,76,26,20,5,1,14,10,4,,,,,,,
122121480417141442,61584243275518,"Juankada Lance","𝐐𝐮𝐢𝐜𝐤 𝐑𝐞𝐜𝐚𝐩 👀
𝐊𝐨𝐧𝐭𝐢𝐧𝐠 𝐛𝐚𝐥𝐢𝐤-𝐭𝐚𝐧𝐚𝐰 𝐬𝐚 𝐦𝐠𝐚 𝐠𝐚𝐧𝐚𝐩 𝐧𝐚 𝐧𝐚𝐠𝐩𝐚-𝐢𝐧𝐠𝐚𝐲 𝐧𝐢𝐭𝐨𝐧𝐠 𝐦𝐠𝐚 𝐚𝐫𝐚𝐰 🔥

👉 Alin sa mga moments na ito ang fave mo? Comment na! 👀

 #Juan365 #Juan365Studios #ALLINJUANLIVE #Juan365ColorGame #JuankadaLance #Reels #AllInJuanSaSaya #fypシviralシfypシ゚ #reelsfypシ","𝐐𝐮𝐢𝐜𝐤 𝐑𝐞𝐜𝐚𝐩 👀
𝐊𝐨𝐧𝐭𝐢𝐧𝐠 𝐛𝐚𝐥𝐢𝐤-𝐭𝐚𝐧𝐚𝐰 𝐬𝐚 𝐦𝐠𝐚 𝐠𝐚𝐧𝐚𝐩 𝐧𝐚 𝐧𝐚𝐠𝐩𝐚-𝐢𝐧𝐠𝐚𝐲 𝐧𝐢𝐭𝐨𝐧𝐠 𝐦𝐠𝐚 𝐚𝐫𝐚𝐰 🔥

👉 Alin sa mga moments na ito ang fave mo? Comment na! 👀

 #Juan365 #Juan365Studios #ALLINJUANLIVE #Juan365ColorGame #JuankadaLance #Reels #AllInJuanSaSaya #fypシviralシfypシ゚ #reelsfypシ",16,"01/11/2026 18:00",mixed,https://www.facebook.com/reel/1220645953361714/,1,0,Videos,,,,,Lifetime,1035,40,14,14,0,0,2,2,,,,371.736,1.575,0,0,0
122121388671141442,61584243275518,"Juankada Lance","𝐇𝐢 𝐢𝐭'𝐬 𝐦𝐞 𝐆𝐰𝐚𝐩𝐢𝐭𝐨𝐧𝐠 𝐭𝐢𝐭𝐨, 𝐉𝐮𝐚𝐧𝐤𝐚𝐝𝐚 𝐋𝐚𝐧𝐜𝐞!
with special guest Sir  James Reid   and the one and only Juankada Papa Joe !🎥🎬

👉 Play Color Game live at Juan365 app at Website

 #Juan365 #Juan365Studios #AllInJuanSaSaya #Juan365ColorGame #JamesReid #JuankadaLance #JuankadaPapaJoe #Reels #fypchallenge #fypシ゚viralシfypシ゚ #fypシviralシfypシ゚","𝐇𝐢 𝐢𝐭'𝐬 𝐦𝐞 𝐆𝐰𝐚𝐩𝐢𝐭𝐨𝐧𝐠 𝐭𝐢𝐭𝐨, 𝐉𝐮𝐚𝐧𝐤𝐚𝐝𝐚 𝐋𝐚𝐧𝐜𝐞!
with special guest Sir  @[100079635633924:2048:James Reid]   and the one and only @[61584233476725:2048:Juankada Papa Joe] !🎥🎬

👉 Play Color Game live at Juan365 app at Website

 #Juan365 #Juan365Studios #AllInJuanSaSaya #Juan365ColorGame #JamesReid #JuankadaLance #JuankadaPapaJoe #Reels #fypchallenge #fypシ゚viralシfypシ゚ #fypシviralシfypシ゚",12,"01/11/2026 04:00",mixed,https://www.facebook.com/reel/1207650407464594/,1,0,Videos,,,,,Lifetime,1131,74,25,21,3,1,11,11,,,,867.514,2.97,0,0,0
122121323433141442,61584243275518,"Juankada Lance","𝐆𝐫𝐚𝐛𝐢 𝐧𝐚 𝐭𝐚𝐥𝐚𝐠𝐚 𝐀𝐈 𝐧𝐠𝐚𝐲𝐮𝐧 𝐉𝐮𝐚𝐧𝐤𝐚𝐝𝐚!
👉Hit that follow button for more kulitan at tawanan!

 #Juan365 #Juan365Studios #ALLINJUANLIVE #Juan365ColorGame #JuankadaLance #Reels #reelsfypシ #fypchallenge #fypreelsシviralシ","𝐆𝐫𝐚𝐛𝐢 𝐧𝐚 𝐭𝐚𝐥𝐚𝐠𝐚 𝐀𝐈 𝐧𝐠𝐚𝐲𝐮𝐧 𝐉𝐮𝐚𝐧𝐤𝐚𝐝𝐚!
👉Hit that follow button for more kulitan at tawanan!

 #Juan365 #Juan365Studios #ALLINJUANLIVE #Juan365ColorGame #JuankadaLance #Reels #reelsfypシ #fypchallenge #fypreelsシviralシ",9,"01/10/2026 20:00",N/A,https://www.facebook.com/reel/2076194503176300/,1,0,Videos,,,,,Lifetime,783,44,16,12,4,0,9,9,,,,556.504,2.928,0,0,0
122121229233141442,61584243275518,"Juankada Lance","𝐓𝐚𝐧𝐠𝐠𝐚𝐥 𝐚𝐧𝐠 𝐚𝐧𝐠𝐚𝐬 𝐤𝐚𝐡𝐢𝐭 𝐰𝐚𝐥𝐚 𝐩𝐚𝐧𝐠 𝟏𝟎𝐩𝐦😅🤦

👉 Watch Color game live sa Juan365 app at Website

 #Juan365 #Juan365Studios #ALLINJUANLIVE #Juan365ColorGame #JuankadaLance #fypreelsシviralシ #fypchallenge #Reels","𝐓𝐚𝐧𝐠𝐠𝐚𝐥 𝐚𝐧𝐠 𝐚𝐧𝐠𝐚𝐬 𝐤𝐚𝐡𝐢𝐭 𝐰𝐚𝐥𝐚 𝐩𝐚𝐧𝐠 𝟏𝟎𝐩𝐦😅🤦

👉 Watch Color game live sa Juan365 app at Website

 #Juan365 #Juan365Studios #ALLINJUANLIVE #Juan365ColorGame #JuankadaLance #fypreelsシviralシ #fypchallenge #Reels",10,"01/10/2026 04:00",mixed,https://www.facebook.com/reel/1235525328455149/,1,0,Videos,,,,,Lifetime,1011,55,22,17,4,1,11,11,,,,684.082,2.703,0,0,0
122121165783141442,61584243275518,"Juankada Lance","𝐁𝐄𝐇𝐈𝐍𝐃 𝐓𝐇𝐄 𝐒𝐂𝐄𝐍𝐄 kulitan at kwentuhan With Ms. Loisa Andalio and Juankada Papa Joe.💖

Juankada ikaw ano ang gusto mo makita sa likod ng camera ng mga Juankada hosts🎬🎥

#Juan365 #Juan365Studios #ALLINJUANLIVE #Juan365ColorGame #JuankadaLance #fypreelsシviralシ #fypchallenge #reelsfypシ",,0,"01/09/2026 18:00",N/A,https://www.facebook.com/permalink.php?story_fbid=pfbid0pDVFo2PMj1oa53j2stz1LuJdtRm2bKfWyyML6xmyDcT6TqhzxrsV9BhZ8GwDeNBml&id=61584243275518,0,0,Photos,,,,,Lifetime,168,68,24,18,3,3,11,7,4,,,,,,,
122121015771141442,61584243275518,"Juankada Lance","Syempre dun tayo sa positive ""𝐂𝐎𝐍𝐅𝐈𝐃𝐄𝐍𝐓""🤦✨

👉𝐖𝐚𝐭𝐜𝐡 𝐂𝐨𝐥𝐨𝐫 𝐆𝐚𝐦𝐞 𝐥𝐢𝐯𝐞 𝐚𝐭 Juan365  𝐚𝐩𝐩 𝐚𝐭 𝐖𝐞𝐛𝐬𝐢𝐭𝐞.

#Juan365 #Juan365Studios #ALLINJUANLIVE #Juan365ColorGame #JuankadaLance #fypreelsシviralシ #fypchallenge #reelsfypシ","Syempre dun tayo sa positive ""𝐂𝐎𝐍𝐅𝐈𝐃𝐄𝐍𝐓""🤦✨

👉𝐖𝐚𝐭𝐜𝐡 𝐂𝐨𝐥𝐨𝐫 𝐆𝐚𝐦𝐞 𝐥𝐢𝐯𝐞 𝐚𝐭 @[61572881214141:2048:Juan365]  𝐚𝐩𝐩 𝐚𝐭 𝐖𝐞𝐛𝐬𝐢𝐭𝐞.

#Juan365 #Juan365Studios #ALLINJUANLIVE #Juan365ColorGame #JuankadaLance #fypreelsシviralシ #fypchallenge #reelsfypシ",10,"01/08/2026 18:00",mixed,https://www.facebook.com/reel/1203161674631685/,1,0,Videos,,,,,Lifetime,1178,59,23,18,4,1,7,7,,,,3814.19,3.378,0,0,0
122120903895141442,61584243275518,"Juankada Lance","𝐇𝐢, 𝐢𝐭’𝐬 𝐦𝐞 𝐆𝐰𝐚𝐩𝐢𝐭𝐨𝐧𝐠 𝐓𝐢𝐭𝐨, 𝐉𝐮𝐚𝐧𝐤𝐚𝐝𝐚 𝐋𝐚𝐧𝐜𝐞 😎

Ang magbibigay ng saya, swerte, at walang katapusang tawanan! 🎉🍀

🎥 Watch Color Game LIVE sa Juan365 App & Website!

#Juan365 #Juan365Studios #ALLINJUANLIVE #Juan365ColorGame #JuankadaLance #fypviralシ #fyp",,0,"01/08/2026 03:07",N/A,https://www.facebook.com/permalink.php?story_fbid=pfbid0rgShtKLLxqnxFjQmkUqAXm1YkQDDEtB7UAgNKz2qbKTti7idu1iqRr4skoRdJewNl&id=61584243275518,0,0,Photos,,,,,Lifetime,174,84,31,24,6,1,20,19,1,,,,,,,
122120847675141442,61584243275518,"Juankada Lance","𝐇𝐢 𝐈𝐭'𝐬 𝐦𝐞 𝐆𝐰𝐚𝐩𝐢𝐭𝐨𝐧𝐠 𝐭𝐢𝐭𝐨, 𝐉𝐮𝐚𝐧𝐤𝐚𝐝𝐚 𝐋𝐚𝐧𝐜𝐞. Na laging nag sasabing kaya mo!👌

👉 Hit that follow button for more kulitan, advice at tawanan

#Juan365 #Juan365Studios #ALLINJUANLIVE #Juan365ColorGame #JuankadaLance #fypviralシ #reelsfypシ #reels","𝐇𝐢 𝐈𝐭'𝐬 𝐦𝐞 𝐆𝐰𝐚𝐩𝐢𝐭𝐨𝐧𝐠 𝐭𝐢𝐭𝐨, 𝐉𝐮𝐚𝐧𝐤𝐚𝐝𝐚 𝐋𝐚𝐧𝐜𝐞. Na laging nag sasabing kaya mo!👌

👉 Hit that follow button for more kulitan, advice at tawanan

#Juan365 #Juan365Studios #ALLINJUANLIVE #Juan365ColorGame #JuankadaLance #fypviralシ #reelsfypシ #reels",24,"01/07/2026 17:54",N/A,https://www.facebook.com/reel/1423181262553499/,0,0,Videos,,,,,Lifetime,1585,75,29,23,6,0,11,11,,,,5443.67,3.55,0,0,0
122120847315141442,61584243275518,"Juankada Lance","Good morning🥳",,0,"01/07/2026 17:46",N/A,https://www.facebook.com/permalink.php?story_fbid=pfbid02S5BAYRoafocmWt4LbqmRtvCk4ghCAK9mwTtVvmF3LEjhCo7woSiEQ29utGmkKbRel&id=61584243275518,0,1,Photos,,,,,Lifetime,123,55,16,13,3,0,12,11,1,,,,,,,
122120700069141442,61584243275518,"Juankada Lance","𝐎𝐡! 𝐖𝐚𝐠 𝐤𝐚 𝐦𝐚𝐥𝐢𝐭𝐨 𝐧𝐚𝐬𝐚 𝐤𝐚𝐧𝐚𝐧 𝐚𝐤𝐨😅
With Sir, the one and only Dennis Trillo  😎🔥

👉 Follow for more kulitan!

 #Juan365 #Juan365Studios #ALLINJUANLIVE #Juan365ColorGame #JuankadaLance",,0,"01/06/2026 20:00",N/A,https://www.facebook.com/permalink.php?story_fbid=pfbid0MHtj55RxyAzVJXyDYtGesSWikPxhagRLpD5BN4HHzFj7G4aGeTExwWBbyemxb6uVl&id=61584243275518,0,0,Photos,,,,,Lifetime,287,113,25,19,5,1,13,11,2,,,,,,,
122120688627141442,61584243275518,"Juankada Lance","𝐇𝐢, 𝐢𝐭’𝐬 𝐦𝐞—𝐆𝐰𝐚𝐩𝐢𝐭𝐨𝐧𝐠 𝐓𝐢𝐭𝐨 𝐉𝐮𝐚𝐧𝐤𝐚𝐝𝐚 𝐋𝐚𝐧𝐜𝐞 👋
Nagbibigay lang ng paalala na kaya mo. Laban lang 💪✨

👉 Like at comment “KAYA KO” kung naniniwala ka sa sarili mo

 #Juan365 #Juan365Studios #ALLINJUANLIVE #Juan365ColorGame #JuankadaLance #Reels #fypchallenge","𝐇𝐢, 𝐢𝐭’𝐬 𝐦𝐞—𝐆𝐰𝐚𝐩𝐢𝐭𝐨𝐧𝐠 𝐓𝐢𝐭𝐨 𝐉𝐮𝐚𝐧𝐤𝐚𝐝𝐚 𝐋𝐚𝐧𝐜𝐞 👋
Nagbibigay lang ng paalala na kaya mo. Laban lang 💪✨

👉 Like at comment “KAYA KO” kung naniniwala ka sa sarili mo

 #Juan365 #Juan365Studios #ALLINJUANLIVE #Juan365ColorGame #JuankadaLance #Reels #fypchallenge",17,"01/06/2026 18:00",N/A,https://www.facebook.com/reel/1800048733998580/,1,0,Videos,,,,,Lifetime,1307,56,12,10,2,0,3,3,,,,4289.841,3.375,0,0,0
122120604267141442,61584243275518,"Juankada Lance","Black is not just a color… something big is happening 👀⚫
Color Game is LIVE on Juan365 app at Website🥳 

👉 Join the live now

#Juan365 #Juan365Studios #ALLINJUANLIVE #Juan365ColorGame #JuankadaLance",,0,"01/06/2026 05:27",N/A,https://www.facebook.com/permalink.php?story_fbid=pfbid02AYr8hdmZBwtgot5maLARGLotU5LRnWA2TTurbwM6vJkcdGMResTtTuonxMDRWRAEl&id=61584243275518,0,0,Photos,,,,,Lifetime,173,79,23,17,5,1,6,4,2,,,,,,,
122120520297141442,61584243275518,"Juankada Lance","𝐄𝐡𝐡? 

Surprise pala🤦

👉 Hit that Follow button!

#Juan365 #Juan365Studios #ALLINJUANLIVE #juan365colorgame #juankadalance",,0,"01/05/2026 18:00",N/A,https://www.facebook.com/permalink.php?story_fbid=pfbid02NsxPJhmp9xcx5WkmsrY58udFhAq4ZkkBpsqov6r59yj5UqBd4Sum9LrxHwTxwjhkl&id=61584243275518,0,0,Photos,,,,,Lifetime,247,116,31,21,7,3,24,13,11,,,,,,,
122120430555141442,61584243275518,"Juankada Lance","𝐉𝐮𝐚𝐧𝐤𝐚𝐝𝐚, 𝐬𝐨𝐥𝐢𝐝 𝐚𝐧𝐠 𝐚𝐫𝐚𝐰 𝐧𝐚 ’𝐭𝐨! 💥

Kamusta ang live kanina—nag-enjoy ba kayo?

#Juan365 #Juan365Studios #ALLINJUANLIVE #juan365colorgame #JuankadaLance",,0,"01/05/2026 05:15",N/A,https://www.facebook.com/permalink.php?story_fbid=pfbid0t8KPKCcMnnVtH9BSS48YJXrsjxviWkztM1q1i1MGSsBuJLNmpRMGaRBJs2bJa6Uul&id=61584243275518,0,0,Photos,,,,,Lifetime,145,65,16,12,3,1,12,11,1,,,,,,,
122120362347141442,61584243275518,"Juankada Lance","𝐬𝐮𝐦𝐮𝐤𝐨 𝐤𝐚𝐧𝐚 𝐛𝐚𝐠𝐨 𝐩𝐚 𝐝𝐮𝐦𝐚𝐧𝐚𝐤 𝐚𝐧𝐠 𝐝𝐮𝐠𝐨🤦

👉 Follow for more kulitan at tawanan

 #Juan365 #Juan365studios #ALLINJUANLIVE #Juan365ColorGame #JuankadaLance #Reels #fypシ゚viralシfypシ゚","𝐬𝐮𝐦𝐮𝐤𝐨 𝐤𝐚𝐧𝐚 𝐛𝐚𝐠𝐨 𝐩𝐚 𝐝𝐮𝐦𝐚𝐧𝐚𝐤 𝐚𝐧𝐠 𝐝𝐮𝐠𝐨🤦

👉 Follow for more kulitan at tawanan

 #Juan365 #Juan365studios #ALLINJUANLIVE #Juan365ColorGame #JuankadaLance #Reels #fypシ゚viralシfypシ゚",32,"01/04/2026 18:00",mixed,https://www.facebook.com/reel/1189692280015669/,1,0,Videos,,,,,Lifetime,1274,60,21,15,6,0,7,7,,,,4544.647,3.665,0,0,0
122120280567141442,61584243275518,"Juankada Lance","𝐅𝐨𝐨𝐝 𝐜𝐨𝐮𝐫𝐭 𝐬𝐮𝐫𝐯𝐢𝐯𝐚𝐥 𝐭𝐢𝐩:
𝐔𝐧𝐚𝐡𝐚𝐧 𝐦𝐨 𝐧𝐚 𝐚𝐧𝐠 𝐦𝐮𝐧𝐝𝐨. 𝐋𝐚𝐠𝐲𝐚𝐧 𝐦𝐨 𝐧𝐠 𝐠𝐚𝐦𝐢𝐭. 🫡

Follow for more life hacks😝

#Juan365 #Juan365Studios #ALLINJUANLIVE #juan365colorgame #JuankadaLance #fypageシ #reelsviralシ","𝐅𝐨𝐨𝐝 𝐜𝐨𝐮𝐫𝐭 𝐬𝐮𝐫𝐯𝐢𝐯𝐚𝐥 𝐭𝐢𝐩:
𝐔𝐧𝐚𝐡𝐚𝐧 𝐦𝐨 𝐧𝐚 𝐚𝐧𝐠 𝐦𝐮𝐧𝐝𝐨. 𝐋𝐚𝐠𝐲𝐚𝐧 𝐦𝐨 𝐧𝐠 𝐠𝐚𝐦𝐢𝐭. 🫡

Follow for more life hacks😝

#Juan365 #Juan365Studios #ALLINJUANLIVE #juan365colorgame #JuankadaLance #fypageシ #reelsviralシ",22,"01/04/2026 05:19",N/A,https://www.facebook.com/reel/1500871050984342/,0,0,Videos,,,,,Lifetime,107,70,14,10,3,1,11,11,,,,827.964,10.752,0,0,0
122120121879141442,61584243275518,"Juankada Lance","In case nakalimutan mo… Gwapitong Tito ’to 😎 Juankada Lance.
👉 Hit that Follow button! 

#Juan365 #Juan365Studios #ALLINJUANLIVE #juan365colorgame #fypシviralシfypシ゚ #fypageシ","In case nakalimutan mo… Gwapitong Tito ’to 😎 Juankada Lance.
👉 Hit that Follow button! 

#Juan365 #Juan365Studios #ALLINJUANLIVE #juan365colorgame #fypシviralシfypシ゚ #fypageシ",13,"01/03/2026 06:02",N/A,https://www.facebook.com/reel/1524214245534093/,0,0,Videos,,,,,Lifetime,162,69,29,16,11,2,16,16,,,,1083.206,11.402,0,0,0
122120025507141442,61584243275518,"Juankada Lance","Juankada Lance updated their cover photo.",,0,"01/02/2026 18:41",N/A,https://www.facebook.com/photo.php?fbid=122120025507141442&set=a.122098330299141442&type=3,0,0,Photos,,,,,Lifetime,0,0,14,14,0,0,0,,,,,,,,,
122119965753141442,61584243275518,"Juankada Lance","𝐍𝐚𝐭𝐮𝐫𝐞 𝐯𝐢𝐛𝐞𝐬 𝐥𝐚𝐧𝐠,𝐂𝐡𝐢𝐥𝐥 𝐥𝐚𝐧𝐠. 💚🌿

#Juan365 #Juan365Studios #ALLINJUANLIVE #juan365colorgame",,0,"01/02/2026 08:53",N/A,https://www.facebook.com/permalink.php?story_fbid=pfbid0J95JFp1EsvADqbHJxAWHJAQGSs5ymnAUqxmop2ZiNLXnrzcqLd6JocJXpAA5oZJql&id=61584243275518,0,0,Photos,,,,,Lifetime,210,80,30,23,5,2,11,9,2,,,,,,,
122119754391141442,61584243275518,"Juankada Lance","Hi Its me Gwapitong tito samahan niyo po kami, Live at Juan365 app at Website till 5am🤩",,0,"01/01/2026 06:57",N/A,https://www.facebook.com/permalink.php?story_fbid=pfbid0CY4m2fux3xzcS8oPGLDkBBKnQtun55JdtabWd2jQNMBfhdecSjKRmBkRq1Kpvqmtl&id=61584243275518,0,1,Photos,,,,,Lifetime,122,62,10,10,0,0,2,,2,,,,,,,
122119738053141442,61584243275518,"Juankada Lance","𝐅𝐢𝐧𝐞 𝐞𝐯𝐞𝐧𝐢𝐧𝐠 𝐯𝐢𝐛𝐞𝐬 ✨ 𝐊𝐚𝐦𝐮𝐬𝐭𝐚 𝐚𝐧𝐠 𝐚𝐫𝐚𝐰 𝐦𝐨? 𝐂𝐨𝐦𝐦𝐞𝐧𝐭 𝐛𝐞𝐥𝐨𝐰 👇

#Juan365 #Juan365Studios #ALLINJUANLIVE #juan365colorgame #gwapitongtito #JuankadaLance",,0,"01/01/2026 05:16",N/A,https://www.facebook.com/permalink.php?story_fbid=pfbid02uZCwxZv39bdRFkxqEzKCtkLCFxbjvakmHNjTqCcw2B1UiVuaAQPmW7xxpQk7XKmbl&id=61584243275518,0,0,Photos,,,,,Lifetime,212,80,17,13,3,1,10,5,5,,,,,,,
122119633233141442,61584243275518,"Juankada Lance","𝐉𝐮𝐚𝐧𝐤𝐚𝐝𝐚! 🎉 𝐎𝐧𝐜𝐞 𝐚𝐠𝐚𝐢𝐧, 𝐇𝐚𝐩𝐩𝐲 𝐍𝐞𝐰 𝐘𝐞𝐚𝐫!",,0,"12/31/2025 14:26",N/A,https://www.facebook.com/permalink.php?story_fbid=pfbid02ZDJQ8wky3h8ucb5u7W8jeKfuGnPJbDe38ryyprPdprtBQ6o3pch9erELozLfYiiDl&id=61584243275518,0,1,Text,,,,,Lifetime,,62,12,12,0,0,5,5,,,,,,,,
122119554879141442,61584243275518,"Juankada Lance","Happy New Year! 🤍

See you live tonight sa Juan365 app & website 🎉 Time to start 2026 with good energy ✨ 

#Juan365 #Juan365Studios #ALLINJUANLIVE #Juan365ColorGame #JuankadaLance #fypviralシ2025","Happy New Year! 🤍

See you live tonight sa Juan365 app & website 🎉 Time to start 2026 with good energy ✨ 

#Juan365 #Juan365Studios #ALLINJUANLIVE #Juan365ColorGame #JuankadaLance #fypviralシ2025",9,"12/31/2025 04:04",N/A,https://www.facebook.com/reel/1179986784326411/,0,0,Videos,,,,,Lifetime,169,84,26,22,4,0,6,6,,,,599.776,5.17,0,0,0
122133162339135583,61584067509799,"Juankada Ligaya","With great power comes main character energy 🕸️

It’s your friendly neighborhood LIGAYAAA~ 

Share, Heart, and Follow now Luvs! Don’t miss me sa ating LIVE mamayang 2PM 🤩

#Juan365 #Juan365PH #AllInJuanSaSaya #JuanKada #Juan365ColorGame #LigayaLuvs #JuankadaHostLigaya #Ligaya #FollowNow #Lovelots #fyp #followers #FriendlyNeighborhood","With great power comes main character energy 🕸️

It’s your friendly neighborhood LIGAYAAA~ 

Share, Heart, and Follow now Luvs! Don’t miss me sa ating LIVE mamayang 2PM 🤩

#Juan365 #Juan365PH #AllInJuanSaSaya #JuanKada #Juan365ColorGame #LigayaLuvs #JuankadaHostLigaya #Ligaya #FollowNow #Lovelots #fyp #followers #FriendlyNeighborhood",13,"01/12/2026 20:44",N/A,https://www.facebook.com/reel/854102160765030/,0,0,Videos,,,,,Lifetime,176,120,35,29,5,1,16,16,,,,1067.728,8.15,0,0,0
122132780469135583,61584067509799,"Juankada Ligaya","Hello LUVS~!

Songerist naman ang atake! 🥰💖

Nood na ng LIVE natin! Para makita nyo naman ang dancerist mode. Go Visit our Juan365 App or Website. Makikulit na saamin LIVE 😁

#Juan365 #Juan365PH #AllInJuanSaSaya #JuanKada #Juan365ColorGame #LigayaLuvs #JuankadaHostLigaya #Ligaya #FollowNow #Lovelots #fyp #followers #Songerist","Hello LUVS~!

Songerist naman ang atake! 🥰💖

Nood na ng LIVE natin! Para makita nyo naman ang dancerist mode. Go Visit our Juan365 App or Website. Makikulit na saamin LIVE 😁

#Juan365 #Juan365PH #AllInJuanSaSaya #JuanKada #Juan365ColorGame #LigayaLuvs #JuankadaHostLigaya #Ligaya #FollowNow #Lovelots #fyp #followers #Songerist",101,"01/12/2026 02:46",uploaded,https://www.facebook.com/reel/896615896180000/,0,0,Videos,,,,,Lifetime,386,316,45,34,9,2,34,34,,,,3311.113,9.796,0,0,0
122132731107135583,61584067509799,"Juankada Ligaya","Pretty in White~

Join us on our LIVE, and let’s see if white is your LUCKY COLOR 🤍

Check our Juan365 App or Website Luvss!

#Juan365 #Juan365PH #AllInJuanSaSaya #JuanKada #Juan365ColorGame #LigayaLuvs #JuankadaHostLigaya #Ligaya #FollowNow #Lovelots #fyp #followers #Songerist",,0,"01/11/2026 20:00",N/A,https://www.facebook.com/JuankadaLigayaOfficialPage/posts/pfbid02gJNH1nafRtWBGVdhyqKDYQZJTWdN8VrLoaVQg6Nxufdtk1fagfEqh75FPryTX28xl,0,0,Photos,,,,,Lifetime,862,337,55,47,4,4,43,23,20,,,,,,,
122132444703135583,61584067509799,"Juankada Ligaya","𝐖𝐡𝐨’𝐬 𝐭𝐡𝐢𝐬 𝐠𝐢𝐫𝐥 𝐢𝐧 𝐑𝐄𝐃? ❤️

Hmmm… is it the LUCKY COLOR? 
It’s your Lucky Ligayaaa~🌸

See you on LIVE! Visit our APP or Website para mas exciting ang inyong color game 🥰

#Juan365 #Juan365PH #AllInJuanSaSaya #JuanKada #Juan365ColorGame #LigayaLuvs #JuankadaHostLigaya #Ligaya #FollowNow #Lovelots #fyp #followers",,0,"01/11/2026 02:00",N/A,https://www.facebook.com/JuankadaLigayaOfficialPage/posts/pfbid0Mzr3d5TT7DT6dEaTSxecoXdjvykTVfbXqJjKtt3AQBmSZgrU9qZ6ZQyDQAVfYiUTl,0,0,Photos,,,,,Lifetime,478,227,59,47,7,5,48,19,29,,,,,,,
122131763433135583,61584067509799,"Juankada Ligaya","𝐄𝐘𝐘𝐘𝐘𝐘 𝐁𝐈𝐓𝐈𝐍 𝐁𝐀? 🤭

Abangan na sa 𝗟𝗜𝗩𝗘 ng 𝗖𝗢𝗟𝗢𝗥 𝗚𝗔𝗠𝗘 para di ka na mabitin. Let’s Goooo! See you there LUVS~ 🤩

#Juan365 #Juan365PH #AllInJuanSaSaya #JuanKada #Juan365ColorGame #LigayaLuvs #JuankadaHostLigaya #Ligaya #FollowNow #Lovelots #fyp #followers","𝐄𝐘𝐘𝐘𝐘𝐘 𝐁𝐈𝐓𝐈𝐍 𝐁𝐀? 🤭

Abangan na sa 𝗟𝗜𝗩𝗘 ng 𝗖𝗢𝗟𝗢𝗥 𝗚𝗔𝗠𝗘 para di ka na mabitin. Let’s Goooo! See you there LUVS~ 🤩

#Juan365 #Juan365PH #AllInJuanSaSaya #JuanKada #Juan365ColorGame #LigayaLuvs #JuankadaHostLigaya #Ligaya #FollowNow #Lovelots #fyp #followers",15,"01/10/2026 20:00",mixed,https://www.facebook.com/reel/3065816613624693/,1,0,Videos,,,,,Lifetime,333,190,48,43,3,2,35,35,,,,2016.906,9.558,0,0,0
122130971199135583,61584067509799,"Juankada Ligaya","Sailing on a sunset with your lovely LIGAYA~ ⛵️

Let’s get good vibes and unwind LUVS! 🌅🌊

#Juan365 #Juan365PH #AllInJuanSaSaya #JuanKada #Juan365ColorGame #LigayaLuvs #JuankadaHostLigaya #Ligaya #FollowNow #Lovelots #fyp #followers",,0,"01/10/2026 01:00",N/A,https://www.facebook.com/JuankadaLigayaOfficialPage/posts/pfbid0J8xxscFTx6Mesis5YcqWmnwbDseGJhBPXuaHCfxDsLEkosNcP6VryHUNsMqRcWcHl,0,0,Photos,,,,,Lifetime,766,352,52,40,8,4,64,26,38,,,,,,,
122130759897135583,61584067509799,"Juankada Ligaya","Wonderful Morning Luvs! 💕

A little rest won’t hurt you, Chill and relax luvs! Come and take a rest with me 🫣

#Juan365 #Juan365PH #AllInJuanSaSaya #JuanKada #Juan365ColorGame #LigayaLuvs #JuankadaHostLigaya #Ligaya #FollowNow #Lovelots #fyp #followers","Wonderful Morning Luvs! 💕

A little rest won’t hurt you, Chill and relax luvs! Come and take a rest with me 🫣

#Juan365 #Juan365PH #AllInJuanSaSaya #JuanKada #Juan365ColorGame #LigayaLuvs #JuankadaHostLigaya #Ligaya #FollowNow #Lovelots #fyp #followers",11,"01/09/2026 17:46",N/A,https://www.facebook.com/reel/1202000318146083/,0,0,Videos,,,,,Lifetime,1055,290,106,93,9,4,42,42,,,,4503.264,5.601,0,0,0
122130571773135583,61584067509799,"Juankada Ligaya","Kung di ka makuha sa tingin, makuha ka sa matatamis na ngiti 🥰

Endless love for LUVS! Irresistible looks with Juankada Host Star and Juankada Host Shann ✨

#Juan365 #Juan365PH #AllInJuanSaSaya #JuanKada #JuankadaLigaya #JuankadaHostStar #JuankadaHostShann #Juan365ColorGame #LigayaLuvs #Ligaya #FollowNow #Lovelots #fyp #followers",,0,"01/09/2026 02:00",N/A,https://www.facebook.com/JuankadaLigayaOfficialPage/posts/pfbid0WrTixDyXERiFtij2bh9r4pCMXczQrr97MjkwKeVa8gpF6FhTZ1weUpudBbr1WMRWl,0,0,Photos,,,,,Lifetime,601,296,33,26,4,3,19,11,8,,,,,,,
122129647761135583,61584067509799,"Juankada Ligaya","Another Sayawan with our gorgeous Juankada Host Sabbie and Juankada Host Ikay~ 🌸

Want to see more Luvs? Follow and watch our LIVE on Juan365 Website or APP 🤭

#Juan365 #Juan365PH #AllInJuanSaSaya #JuanKada #Juan365ColorGame #LigayaLuvs #Ligaya #JuankadaHostIkay #JuankadaHostSabbie #FollowNow #Lovelots #fyp #followers","Another Sayawan with our gorgeous Juankada Host Sabbie and Juankada Host Ikay~ 🌸

Want to see more Luvs? Follow and watch our LIVE on Juan365 Website or APP 🤭

#Juan365 #Juan365PH #AllInJuanSaSaya #JuanKada #Juan365ColorGame #LigayaLuvs #Ligaya #JuankadaHostIkay #JuankadaHostSabbie #FollowNow #Lovelots #fyp #followers",15,"01/08/2026 20:39",N/A,https://www.facebook.com/reel/1901655290430491/,0,0,Videos,,,,,Lifetime,761,474,40,34,5,1,24,24,,,,4565.596,8.439,0,0,0
122129311197135583,61584067509799,"Juankada Ligaya","Look so fabulous with brown? 🤎

See you later at 10pm 🤭

#Juan365 #Juan365PH #AllInJuanSaSaya #JuanKada #Juan365ColorGame #LigayaLuvs #Ligaya #FollowNow #Lovelots #fyp #followers",,0,"01/08/2026 03:01",N/A,https://www.facebook.com/JuankadaLigayaOfficialPage/posts/pfbid02QN1ixQWDi4py68Pc5wwvvaazMycxJEuFbyu7gzct1dxUskLbDhewqJPsAqECU4d8l,0,0,Photos,,,,,Lifetime,673,294,45,36,6,3,26,14,12,,,,,,,
122129199105135583,61584067509799,"Juankada Ligaya","How’s the view?🤭 
LET ME HIT THAT FLOOR ON OUR LIVE! 🤭

Come and Catch me sa ating LIVE mamaya! 10pm to 5am see you!😘

#Juan365 #Juan365PH #AllInJuanSaSaya #JuanKada #Juan365ColorGame #LigayaLuvs #Ligaya #FollowNow #Lovelots #fyp #followers","How’s the view?🤭 
LET ME HIT THAT FLOOR ON OUR LIVE! 🤭

Come and Catch me sa ating LIVE mamaya! 10pm to 5am see you!😘

#Juan365 #Juan365PH #AllInJuanSaSaya #JuanKada #Juan365ColorGame #LigayaLuvs #Ligaya #FollowNow #Lovelots #fyp #followers",18,"01/07/2026 20:57",N/A,https://www.facebook.com/reel/4368990286763942/,0,0,Videos,,,,,Lifetime,1757,579,154,139,12,3,28,28,,,,10727.779,7.64,0,0,0
122129091357135583,61584067509799,"Juankada Ligaya","ANOTHER NIGHT WITH ME~ 🌸

The camera is still rolling LUVS! Visit our website or App and watch our LIVE now! 🤭

#Juan365 #Juan365PH #AllInJuanSaSaya #JuanKada #Juan365ColorGame #LigayaLuvs #Ligaya #FollowNow #Lovelots #fyp #followers","ANOTHER NIGHT WITH ME~ 🌸

The camera is still rolling LUVS! Visit our website or App and watch our LIVE now! 🤭

#Juan365 #Juan365PH #AllInJuanSaSaya #JuanKada #Juan365ColorGame #LigayaLuvs #Ligaya #FollowNow #Lovelots #fyp #followers",5,"01/07/2026 09:52",N/A,https://www.facebook.com/reel/897387213051415/,0,0,Videos,,,,,Lifetime,463,323,28,26,0,2,5,5,,,,1488.402,4.339,0,0,0
122128983531135583,61584067509799,"Juankada Ligaya","Fit check🤍 Ready na ba kayo sa live later? 😉 

Kita kits ulit luvs 10pm to 5am tayo😘 

#Juan365 #Juan365PH #AllInJuanSaSaya #JuanKada #Juan365ColorGame #LigayaLuvs #Ligaya #FollowNow #Lovelots #fyp #followers","Fit check🤍 Ready na ba kayo sa live later? 😉 

Kita kits ulit luvs 10pm to 5am tayo😘 

#Juan365 #Juan365PH #AllInJuanSaSaya #JuanKada #Juan365ColorGame #LigayaLuvs #Ligaya #FollowNow #Lovelots #fyp #followers",14,"01/07/2026 01:29",N/A,https://www.facebook.com/reel/4223572574574158/,0,0,Videos,,,,,Lifetime,528,379,44,40,4,0,11,11,,,,2265.424,5.607,0,0,0
122128645209135583,61584067509799,"Juankada Ligaya","𝐓𝐇𝐈𝐒 𝐈𝐒 𝐖𝐇𝐀𝐓 𝐈𝐌 𝐓𝐀𝐋𝐊𝐈𝐍𝐆 𝐀𝐁𝐎𝐔𝐓! 💖

Watch us on LIVE everynight for more kulitan and sayawan with Juankada Host Sabbie girl~

#Juan365 #Juan365PH #AllInJuanSaSaya #JuanKada #Juan365ColorGame #LigayaLuvs #Ligaya #FollowNow #Lovelots #fyp #followers","𝐓𝐇𝐈𝐒 𝐈𝐒 𝐖𝐇𝐀𝐓 𝐈𝐌 𝐓𝐀𝐋𝐊𝐈𝐍𝐆 𝐀𝐁𝐎𝐔𝐓! 💖

Watch us on LIVE everynight for more kulitan and sayawan with Juankada Host Sabbie girl~

#Juan365 #Juan365PH #AllInJuanSaSaya #JuanKada #Juan365ColorGame #LigayaLuvs #Ligaya #FollowNow #Lovelots #fyp #followers",15,"01/06/2026 20:00",uploaded,https://www.facebook.com/reel/4132682777061959/,1,0,Videos,,,,,Lifetime,6123,1643,329,296,24,9,107,107,,,,36229.688,7.339,0,0,0
122128509975135583,61584067509799,"Juankada Ligaya","𝐋𝐄𝐓𝐒 𝐌𝐀𝐊𝐄 𝐘𝐎𝐔𝐑 𝐍𝐈𝐆𝐇𝐓 𝐖𝐎𝐍𝐃𝐄𝐑𝐅𝐔𝐋 𝐋𝐔𝐕𝐒! 🫣

Kung di ka pa nanonood ng LIVE, its your time to watch now! Just open your Juan365 Website or App to catch up with our kulitan and sayawan! 🌸

#Juan365 #Juan365PH #AllInJuanSaSaya #JuanKada #Juan365ColorGame #LigayaLuvs #Ligaya #FollowNow #Lovelots #fyp #followers",,0,"01/06/2026 09:26",N/A,https://www.facebook.com/JuankadaLigayaOfficialPage/posts/pfbid02E3sPLPpb2bqBZDBEJj9UYGgUeHeXx4fA4Fd6D829f3QqJ5eNLgtGX4Gw53Jf5fbml,0,0,Photos,,,,,Lifetime,2266,1177,79,69,6,4,89,47,42,,,,,,,
122128443345135583,61584067509799,"Juankada Ligaya","Hello LUVS! 💖Excited ka na ba? Kasi ako OO! 😆💖

Meet me sa LIVE mamayang 9PM more chikahan at kulitawan na may tawanan at sayawan! 👀

#Juan365 #Juan365PH #AllInJuanSaSaya #JuanKada #Juan365ColorGame #LigayaLuvs #Ligaya #FollowNow #Lovelots #fyp #followers","Hello LUVS! 💖Excited ka na ba? Kasi ako OO! 😆💖

Meet me sa LIVE mamayang 9PM more chikahan at kulitawan na may tawanan at sayawan! 👀

#Juan365 #Juan365PH #AllInJuanSaSaya #JuanKada #Juan365ColorGame #LigayaLuvs #Ligaya #FollowNow #Lovelots #fyp #followers",12,"01/06/2026 04:01",N/A,https://www.facebook.com/reel/1209246747204477/,0,0,Videos,,,,,Lifetime,967,341,87,80,4,3,31,31,,,,4126.866,5.804,0,0,0
122127914799135583,61584067509799,"Juankada Ligaya","MGA LUVS! Ready na ang iyong one and only LIGAYA para sa ating LIVE mamaya! 

Today’s Agenda: TODO NA SAYAW at WALANG HUMPAY NA PANALO 🤩

See you LATER sa ating LIVE for color game 😉

Excited ako makita yung color choice niyo  comment nyo na yan ⬇️⬇️⬇️

#Juan365 #Juan365PH #AllInJuanSaSaya #JuanKada #Juan365ColorGame #LigayaLuvs #Ligaya #FollowNow #Lovelots #fyp #followers",,0,"01/05/2026 21:22",N/A,https://www.facebook.com/JuankadaLigayaOfficialPage/posts/pfbid0MnHcbmfNM8DwU81BSvQntBpL3wa2z9Rb7467TTz6n5kjqZCYMJidMNk8MCSNAddol,0,0,Photos,,,,,Lifetime,650,291,41,38,2,1,32,13,19,,,,,,,
122127447543135583,61584067509799,"Juankada Ligaya","Who’s your BINI Bias? BINI Ligaya? 😆

Hindi nyo lang ako sa ARAW-ARAW makakasama, ngayon ay masusubay bayan nyo na din GABI-GABI 💖

All night na tayong mag sasama kaya nood na ng LIVE dito sa pinaka exciting na color game 10pm to 5am 🥳

It’s your JuankadaHost LIGAYAAAAA~ 
See tou there 😉

#Juan365 #Juan365PH #AllInJuanSaSaya #JuanKada #Juan365ColorGame #LigayaLuvs #Ligaya #FollowNow #Lovelots #fyp #followers","Who’s your BINI Bias? BINI Ligaya? 😆

Hindi nyo lang ako sa ARAW-ARAW makakasama, ngayon ay masusubay bayan nyo na din GABI-GABI 💖

All night na tayong mag sasama kaya nood na ng LIVE dito sa pinaka exciting na color game 10pm to 5am 🥳

It’s your JuankadaHost LIGAYAAAAA~ 
See tou there 😉

#Juan365 #Juan365PH #AllInJuanSaSaya #JuanKada #Juan365ColorGame #LigayaLuvs #Ligaya #FollowNow #Lovelots #fyp #followers",30,"01/05/2026 04:06",N/A,https://www.facebook.com/reel/1416285813550228/,0,0,Videos,,,,,Lifetime,507,362,45,40,5,0,28,28,,,,6737.937,16.595,0,0,0
122127424149135583,61584067509799,"Juankada Ligaya","APAT NA YAN LUVS, baka maghanap kapa ng iba? 😏

Kulitan at sayawan na may tawanan ang aabangan tuwing gabi 10pm to 5am 😜

#Juan365 #Juan365PH #AllInJuanSaSaya #JuanKada #Juan365ColorGame #LigayaLuvs #Ligaya #FollowNow #Lovelots #fyp #followers",,0,"01/05/2026 02:00",N/A,https://www.facebook.com/JuankadaLigayaOfficialPage/posts/pfbid032WxSBqAqLFDPqMUY9sdK2sfvTVJqWbgbkC6kW5tAgPQQ7iaADqyVd5XSZhKhDy88l,0,0,Photos,,,,,Lifetime,2098,1068,116,96,15,5,90,55,35,,,,,,,
122127135393135583,61584067509799,"Juankada Ligaya","BEEN HERE ALL NIGHT, BEEN HERE ALL DAY FOR YOU LUVS! 💖🔥

Solid ang energy sa LIVE kagabi, Salamat sa lahat ng tumutok with Host LIGAYA~ 💖

#Juan365 #Juan365PH #AllInJuanSaSaya #JuanKada #Juan365ColorGame #LigayaLuvs #Ligaya #FollowNow #Lovelots #fyp #followers","BEEN HERE ALL NIGHT, BEEN HERE ALL DAY FOR YOU LUVS! 💖🔥

Solid ang energy sa LIVE kagabi, Salamat sa lahat ng tumutok with Host LIGAYA~ 💖

#Juan365 #Juan365PH #AllInJuanSaSaya #JuanKada #Juan365ColorGame #LigayaLuvs #Ligaya #FollowNow #Lovelots #fyp #followers",36,"01/04/2026 20:28",N/A,https://www.facebook.com/reel/1196840502026939/,0,0,Videos,,,,,Lifetime,872,338,63,52,4,7,33,33,,,,7144.296,9.693,0,0,0
122126784021135583,61584067509799,"Juankada Ligaya","Mapupuno ng Ligaya ang inyong Linggo! Dahil magsisimula nanaman ang panibangong kulitan at sayawan with our Juankada Host Ligayaaa! 🤩

Tumutok na at makisaya mamayang 9PM NA YAN! You can check out here sa ating page para mas update ka 💖

Visit and Join us on our website and App ✨

See you there LUVS! 😘

#Juan365 #Juan365PH #AllInJuanSaSaya #JuanKada #Juan365ColorGame #LigayaLuvs #Ligaya #FollowNow #Lovelots #fyp #followers","Mapupuno ng Ligaya ang inyong Linggo! Dahil magsisimula nanaman ang panibangong kulitan at sayawan with our Juankada Host Ligayaaa! 🤩

Tumutok na at makisaya mamayang 9PM NA YAN! You can check out here sa ating page para mas update ka 💖

Visit and Join us on our website and App ✨

See you there LUVS! 😘

#Juan365 #Juan365PH #AllInJuanSaSaya #JuanKada #Juan365ColorGame #LigayaLuvs #Ligaya #FollowNow #Lovelots #fyp #followers",15,"01/04/2026 02:04",N/A,https://www.facebook.com/reel/33548443778074076/,0,0,Videos,,,,,Lifetime,724,478,60,46,12,2,14,14,,,,4260.663,7.774,0,0,0
122126761815135583,61584067509799,"Juankada Ligaya","Hi LUVS! Ready, set, COLOR! 🎨

Ready na ba kayo sa ultimate Color Game? Level up ang fun! quick snap with JUANKADA HOST Geof & JUANKADA HOST Evo

Join na sa LIVE Color Game at patunayan ang galing mo! 👀

#Juan365 #Juan365PH #AllInJuanSaSaya #JuanKada #Juan365ColorGame #LigayaLuvs #Ligaya #FollowNow #Lovelots #fyp #followers",,0,"01/03/2026 23:11",N/A,https://www.facebook.com/JuankadaLigayaOfficialPage/posts/pfbid097xYd2pmzKPP7YSPujRFNy2jC19VbujUVUaQaZwDo8RC3tSGtEWUjVaCPGwpByRwl,0,0,Photos,,,,,Lifetime,426,202,23,18,4,1,12,10,2,,,,,,,
122126715249135583,61584067509799,"Juankada Ligaya","Sweet smiles ang hatid bago ang kulay na punong puno ng saya 💕

See you sa color game mamaya ✨

Anong color ang bet mo today? Comment mo na 🎨 

Huwag kakalimutan Bisitahin na din ang ating Website or App. para sa more exciting updates!🤗

#Juan365 #Juan365PH #AllInJuanSaSaya #JuanKada #Juan365ColorGame #LigayaLuvs #Ligaya #FollowNow #Lovelots #fyp #followers #followersreelsfyp",,0,"01/03/2026 18:06",N/A,https://www.facebook.com/JuankadaLigayaOfficialPage/posts/pfbid0ADdQERUV4pFT5YVyzS6aSEzU6HB47uzs66BR44hbC214K2UBeBD1fyvx9V1uFoyVl,0,0,Photos,,,,,Lifetime,572,317,26,23,0,3,8,3,5,,,,,,,
122126628297135583,61584067509799,"Juankada Ligaya","MALIGAYANG-MALIGAYA ANG GABING ITO, DAHIL ISANG LIGAYA ANG MAG BIBIGAY SWERTE SAIYO! 🥳✨

Today’s energy ay mas pinabongga at pinasaya! Come and Join our LIVE makigulo sa ating color game 🎲🌈

PAANO SUMALI: Nood lang sa ating website or App 💕What are you waiting for LUVS?

TUTOK NA! 

#Juan365 #Juan365PH #AllInJuanSaSaya #JuanKada #Juan365ColorGame #LigayaLuvs #Ligaya #FollowNow #Lovelots #fyp #followers","MALIGAYANG-MALIGAYA ANG GABING ITO, DAHIL ISANG LIGAYA ANG MAG BIBIGAY SWERTE SAIYO! 🥳✨

Today’s energy ay mas pinabongga at pinasaya! Come and Join our LIVE makigulo sa ating color game 🎲🌈

PAANO SUMALI: Nood lang sa ating website or App 💕What are you waiting for LUVS?

TUTOK NA! 

#Juan365 #Juan365PH #AllInJuanSaSaya #JuanKada #Juan365ColorGame #LigayaLuvs #Ligaya #FollowNow #Lovelots #fyp #followers",7,"01/03/2026 04:13",N/A,https://www.facebook.com/reel/905212288515821/,0,0,Videos,,,,,Lifetime,2845,565,136,109,17,10,43,43,,,,10549.758,5.41,0,0,0
122126552697135583,61584067509799,"Juankada Ligaya","GOOD MORNING LUVS! 
Napanood nyo ba ako kagabi sa LIVE? 🫣

GOOD NEWS! Lagi na tayo mag sasama tuwing 9PM! Sumama na gabi-gabi sa ating Color Game. At itaya ang your LUCKY COLOR with your LUCKY LIGAYA ❤️💙💚💛

Start to Hit that follow button LUVS! Bisitahin na din ang ating Website or App. Stay tune para sa more update!🤗

#Juan365 #Juan365PH #AllInJuanSaSaya #JuanKada #Juan365ColorGame #LigayaLuvs #Ligaya #FollowNow #Lovelots #fyp #followers","GOOD MORNING LUVS! 
Napanood nyo ba ako kagabi sa LIVE? 🫣

GOOD NEWS! Lagi na tayo mag sasama tuwing 9PM! Sumama na gabi-gabi sa ating Color Game. At itaya ang your LUCKY COLOR with your LUCKY LIGAYA ❤️💙💚💛

Start to Hit that follow button LUVS! Bisitahin na din ang ating Website or App. Stay tune para sa more update!🤗

#Juan365 #Juan365PH #AllInJuanSaSaya #JuanKada #Juan365ColorGame #LigayaLuvs #Ligaya #FollowNow #Lovelots #fyp #followers",14,"01/02/2026 19:49",mixed,https://www.facebook.com/reel/720070717844901/,0,0,Videos,,,,,Lifetime,2104,429,183,153,21,9,43,43,,,,9556.618,5.827,0,0,0
122126542149135583,61584067509799,"Juankada Ligaya","Juankada Ligaya updated their cover photo.",,0,"01/02/2026 18:42",N/A,https://www.facebook.com/photo.php?fbid=122126542149135583&set=a.122100489423135583&type=3,0,0,Photos,,,,,Lifetime,2,1,15,15,0,0,0,,,,,,,,,
122126445801135583,61584067509799,"Juankada Ligaya","Tutok na, LUVS! 
LIVE na ang kulitan with Juankada host Juankada Charm and Juankada Evo~ 

Umagang puno ng tawa, kulay, at good vibes, makijoin sa Color Game 🌈

#Juan365 #Juan365PH #AllInJuanSaSaya #JuanKada #Juan365ColorGame #LigayaLuvs #Ligaya #FollowNow #Lovelots #fyp #followers #Like #Share #followersreelsfypシ゚viralシfypシ゚viralシ",,0,"01/02/2026 08:53",N/A,https://www.facebook.com/JuankadaLigayaOfficialPage/posts/pfbid02yATFQszDuZg139cnCHzjUDMozWoPqW5ZZA7RtCUdxDHi638en9SmCPkf7DGbGkg2l,0,0,Photos,,,,,Lifetime,509,198,12,10,0,2,25,8,17,,,,,,,
122126386791135583,61584067509799,"Juankada Ligaya","Hello Luvs!😍

Ready na ba kayong sumayaw at sumaya? 🕺💃

Hindi lang sa sayaw niyo ako kasama—subaybayan niyo rin araw-araw sa Live para kulayan natin ang bawat araw ng happiness at Color Game fun! 🌈✨

Huwag palampasin, dahil bawat kulay, may ngiti para sa inyo! 😄💜💚

#Juan365 #Juan365PH #AllInJuanSaSaya #JuanKada #Juan365ColorGame #LigayaLuvs #Ligaya #FollowNow #Lovelots #fyp #followers","Hello Luvs!😍

Ready na ba kayong sumayaw at sumaya? 🕺💃

Hindi lang sa sayaw niyo ako kasama—subaybayan niyo rin araw-araw sa Live para kulayan natin ang bawat araw ng happiness at Color Game fun! 🌈✨

Huwag palampasin, dahil bawat kulay, may ngiti para sa inyo! 😄💜💚

#Juan365 #Juan365PH #AllInJuanSaSaya #JuanKada #Juan365ColorGame #LigayaLuvs #Ligaya #FollowNow #Lovelots #fyp #followers",15,"01/02/2026 03:25",N/A,https://www.facebook.com/reel/1531129141480802/,0,0,Videos,,,,,Lifetime,1153,313,106,97,7,2,16,16,,,,6257.06,6.757,0,0,0
122126122635135583,61584067509799,"Juankada Ligaya","First day of 2026 pa lang, pero panalo na agad ang aura at saya.

Slaying looks, unstoppable charm, at walang kupas na energy 🔥✨
Our Juankada Host Ligaya is serving ganda + saya + confidence all in one frame 💃💎

👉 Comment “LIGAYA” kung ready ka na to Slay ngayong 2026!

#JuankadaHostLigaya #Juan365 #Hello2026",,0,"12/31/2025 16:21",N/A,https://www.facebook.com/JuankadaLigayaOfficialPage/posts/pfbid024fnUChjPtZAwKpgDZvTv7z9KMfYaxTpaqeBSkUp1rbQYzcJUxHVEAoL6oLzLxw2Kl,0,0,Photos,,,,,Lifetime,481,205,34,30,4,0,31,15,16,,,,,,,
122128485669135583,61584067509799,"Juankada Ligaya","𝐇𝐄𝐘 𝐇𝐄𝐘 𝐇𝐄𝐘𝐘𝐘 𝐋𝐔𝐕𝐒!

Nanonood ka na ba sa ating LIVE? On going na! Tara at makisaya na sa kulitan ng Night Shift 💕

Together with Juankada Geoff, Juankada Sabbie and Juankada Shann! Tara na!

#Juan365 #Juan365PH #AllInJuanSaSaya #JuanKada #Juan365ColorGame #LigayaLuvs #Ligaya #FollowNow #Lovelots #fyp #followers",,0,"01/06/2026 07:05",N/A,https://www.facebook.com/JuankadaLigayaOfficialPage/posts/pfbid02nvMGxNEFaLhadaTxgVxfBiQopquLpzdL3tnRs1YiPkTePRGYfX4yC2kLGcYyAmoAl,0,0,Photos,,,,,Lifetime,2638,1161,95,79,6,10,70,29,41,,,,,,,
122110054911141115,61584233476725,"Juankada Papa Joe","1st day of work this Year , morning shift na tayo ☺️  Letsjoeee Go na Go with Papa Joe 🎉🎊🥳  #ALLINJUANLIVE #JuankadaPapaJoe #JuankadaHosts #Juan365 #fbreelsfypシ","1st day of work this Year , morning shift na tayo ☺️  Letsjoeee Go na Go with Papa Joe 🎉🎊🥳  #ALLINJUANLIVE #JuankadaPapaJoe #JuankadaHosts #Juan365 #fbreelsfypシ",40,"01/01/2026 13:58",N/A,https://www.facebook.com/reel/769695359477307/,0,0,Videos,,,,,Lifetime,752,296,48,35,8,5,7,7,,,,4356.545,6.796,0,0,0
122112240999141115,61584233476725,"Juankada Papa Joe","Hindi lang kayo basta nanunuod kundi , kasama ka sa kwentuhan, kulitan ☺️💙🧡 Tara Joekada 👉 Join the live at maging ka-Juankada ni Papa Joe 🥰 

#JuankadaPapaJoe #ALLINJUANLIVE #Juan365Studios #juankadahost","Hindi lang kayo basta nanunuod kundi , kasama ka sa kwentuhan, kulitan ☺️💙🧡 Tara Joekada 👉 Join the live at maging ka-Juankada ni Papa Joe 🥰 

#JuankadaPapaJoe #ALLINJUANLIVE #Juan365Studios #juankadahost",9,"01/12/2026 09:16",N/A,https://www.facebook.com/reel/1184364130346210/,0,0,Videos,,,,,Lifetime,2061,78,70,67,2,1,4,4,,,,809.809,1.632,0,0,0
122112237141141115,61584233476725,"Juankada Papa Joe","Tara’t samahan niyo kami hanggang 5am sa kulitan, saya , kwentuhan habang nag eenjoy sa pag lalaro 😊 🎲 

#JuankadaPapaJoe #ALLINJUANLIVE #Juan365Studios #juankadahost #juankadahosts",,0,"01/12/2026 08:57",N/A,https://www.facebook.com/permalink.php?story_fbid=pfbid02qKV2eZm8KWnWZUkUBcHDyt4dvCzqfkzbfJFDqBsLB8oaEP4kHSedmakpgEzEe2Kvl&id=61584233476725,0,1,Photos,,,,,Lifetime,140,63,7,5,1,1,6,1,2,3,,,,,,
122112149739141115,61584233476725,"Juankada Papa Joe","What's up mga ka-Joekada!🙌

Thankyou sa pagsama sa amin☺️ Abangan niyo ulit kami mamayang 10PM to 5AM sa Color Game LIVE on Juan365 app & website. Let's enjoy the live together✨

Don’t forget to follow, like, and share! 💙

#Juan365Studios #ALLINJUANLIVE #JuankadaPapaJoe #JuankadaHosts #Juan365livestream #fypageシ","What's up mga ka-Joekada!🙌

Thankyou sa pagsama sa amin☺️ Abangan niyo ulit kami mamayang 10PM to 5AM sa Color Game LIVE on Juan365 app & website. Let's enjoy the live together✨

Don’t forget to follow, like, and share! 💙

#Juan365Studios #ALLINJUANLIVE #JuankadaPapaJoe #JuankadaHosts #Juan365livestream #fypageシ",42,"01/11/2026 21:30",mixed,https://www.facebook.com/reel/1972519786943497/,1,0,Videos,,,,,Lifetime,2101,147,27,14,9,4,10,10,,,,2035.52,3.728,0,0,0
122112148539141115,61584233476725,"Juankada Papa Joe","Three amigos, one epic bond✨

Tara na at makisaya, makipagkulitan kasama sina JuanKada Star, Juankada Jedi, and ofcourse your one and only Juankada Papa Joe😊💙

Please follow the trio for more kulitan!😁

#Juan365Studios #ALLINJUANLIVE #JuankadaPapaJoe #juankadastar #juankadajedi #juankadahost #Juan365livestream #fypageシ",,0,"01/11/2026 21:16",N/A,https://www.facebook.com/permalink.php?story_fbid=pfbid07CTLn7Et83sesBL9kJFwgfJ3YLg3zeYiLjhsRxAcDJGYxv8Nw2nLgYQRAnvXzMKWl&id=61584233476725,0,0,Photos,,,,,Lifetime,437,159,29,23,1,5,14,3,11,,,,,,,
122111895699141115,61584233476725,"Juankada Papa Joe","𝐖𝐡𝐨’𝐬 𝐬𝐭𝐢𝐥𝐥 𝐚𝐰𝐚𝐤𝐞 𝐚𝐭 𝟐𝐀𝐌? 👀
Color Game LIVE till 5AM on Juan365 app & website 🔥 

with Juankada Star ✨ & Juankada Shann 💥

👉 Sali na habang live pa!

#Juan365Studios #ALLINJUANLIVE #JuankadaPapaJoe #JuankadaHosts #Juan365livestream #fypageシ",,0,"01/10/2026 10:08",N/A,https://www.facebook.com/permalink.php?story_fbid=pfbid02J6tZ8Y1asvfGM6GXQEhxzZ2k59dxvTaakAhB7FYVXhvPeZPoweW4emJwCzR39UFgl&id=61584233476725,0,0,Photos,,,,,Lifetime,1033,390,67,50,10,7,59,33,26,,,,,,,
122111805399141115,61584233476725,"Juankada Papa Joe",,,0,"01/09/2026 18:25",N/A,https://www.facebook.com/permalink.php?story_fbid=pfbid02qX4Rnp88tV3odZqyW1n1EBiNSUcKK3GkPAMQFaugGB1J8ZRXTpsuVe81T6gDRbXVl&id=61584233476725,0,1,Photos,,,,,Lifetime,179,66,16,9,6,1,1,1,,,,,,,,
122111802285141115,61584233476725,"Juankada Papa Joe","You are stronger than you think, braver than you feel, and smarter than you know. ✨

#Juan365Studios #ALLINJUANLIVE #JuankadaPapaJoe #JuankadaHosts #Juan365livestream #fypageシ",,0,"01/09/2026 17:38",N/A,https://www.facebook.com/permalink.php?story_fbid=pfbid02fpdPnJsud5R6GFtXybSv6uvLM4SXmvEZbQCZtAuxAXVxZDDCXvrSP4i22LJbaKzYl&id=61584233476725,0,0,Photos,,,,,Lifetime,410,152,25,13,8,4,4,3,1,,,,,,,
122111744349141115,61584233476725,"Juankada Papa Joe","Ooops Papajoe is back 🥰 

Tara sasalang na tayo sa shift ng 10PM to 6AM sa Juan365 live 💙🧡 see youuu Joekadaaaa! 🫶🏻 

#Juan365Studios #ALLINJUANLIVE #JuankadaPapaJoe #JuankadaHosts #Juan365livestream #fypageシ",,0,"01/09/2026 06:19",N/A,https://www.facebook.com/permalink.php?story_fbid=pfbid0x1cnc4zKBGb9M7JxtTeaEdSPUhqhUbFEbHG6JTHogehoPz7F4jSp6RJWY7yz7QM7l&id=61584233476725,0,0,Photos,,,,,Lifetime,989,384,59,42,10,7,29,16,13,,,,,,,
122111672553141115,61584233476725,"Juankada Papa Joe","Ready na ba kayo sa sayahan at kulitan mamaya?👀 

Abangan niyo ako mamayang 10PM to 6AM sa Juan365 live.

Promise hindi masasayang ang effort niyo dahil full energy ang Papa Joe niyo today!😁

#Juan365Studios #ALLINJUANLIVE #JuankadaPapaJoe #JuankadaHosts #Juan365livestream #fypageシ","Ready na ba kayo sa sayahan at kulitan mamaya?👀 

Abangan niyo ako mamayang 10PM to 6AM sa Juan365 live.

Promise hindi masasayang ang effort niyo dahil full energy ang Papa Joe niyo today!😁

#Juan365Studios #ALLINJUANLIVE #JuankadaPapaJoe #JuankadaHosts #Juan365livestream #fypageシ",20,"01/08/2026 20:04",N/A,https://www.facebook.com/reel/898352252766467/,0,0,Videos,,,,,Lifetime,3415,239,62,38,17,7,15,15,,,,4341.465,3.911,0,0,0
122111579343141115,61584233476725,"Juankada Papa Joe","Hello mga ka-Joekada!😊

Abangan niyo ako sa live tomorrow 10PM to 6AM sa ating website or app na Juan365.😁 

Makisaya at makipag kulitan with Papa Joe!🤙

Don’t forget to follow, like, and share! 💙

#Juan365Studios #ALLINJUANLIVE #JuankadaPapaJoe #JuankadaHosts #Juan365 #fbreelsfypシ゚","Hello mga ka-Joekada!😊

Abangan niyo ako sa live tomorrow 10PM to 6AM sa ating website or app na Juan365.😁 

Makisaya at makipag kulitan with Papa Joe!🤙

Don’t forget to follow, like, and share! 💙

#Juan365Studios #ALLINJUANLIVE #JuankadaPapaJoe #JuankadaHosts #Juan365 #fbreelsfypシ゚",43,"01/08/2026 02:56",N/A,https://www.facebook.com/reel/1393542778847205/,0,0,Videos,,,,,Lifetime,1593,129,35,22,9,4,2,2,,,,1451.36,3.298,0,0,0
122111575143141115,61584233476725,"Juankada Papa Joe",,,0,"01/08/2026 02:06",N/A,https://www.facebook.com/permalink.php?story_fbid=pfbid02DsAfFmVmtR2NUXLM4DU1QnxhkMbBsKbggojzRCxcznJBDrp3ZTfFYBDSdmQyWhShl&id=61584233476725,0,1,Photos,,,,,Lifetime,172,77,12,8,2,2,7,6,1,,,,,,,
122111331447141115,61584233476725,"Juankada Papa Joe","Dont miss me JOEKADA, mag rest day lang ang inyong PAPA😁

Mark your calendar FRIDAY this WEEK for more fun and kwentuhan!

#Juan365Studios #ALLINJUANLIVE #JuankadaPapaJoe #JuankadaHosts #Juan365livestream #fypageシ",,0,"01/06/2026 23:06",N/A,https://www.facebook.com/permalink.php?story_fbid=pfbid02irM89dtPD6KEkZuZ9JHQhUnaACQHpqzW8CcKEW2qhACBa3ihXxHDTv6Gry1KhCgrl&id=61584233476725,0,0,Photos,,,,,Lifetime,765,361,65,34,21,10,24,17,7,,,,,,,
122111073249141115,61584233476725,"Juankada Papa Joe","Another day, another live! ✌️

What’s up, mga ka-Joekada! Samahan niyo kami and let’s enjoy the Color Game live on Juan365. You can register on our website or download our app.

Don’t forget to follow, like, and share!💙

#Juan365Studios #ALLINJUANLIVE #JuankadaPapaJoe #JuankadaHosts #Juan365livestream #fypageシ",,0,"01/05/2026 17:52",N/A,https://www.facebook.com/permalink.php?story_fbid=pfbid0pTuNKn1cGmhjwdizZGXgcEV1DFcQkkMC7z87ACpzzQYW6aE2VkAJwgc2C6x21j4Dl&id=61584233476725,0,0,Photos,,,,,Lifetime,665,272,61,37,15,9,31,13,18,,,,,,,
122110949295141115,61584233476725,"Juankada Papa Joe","MUSTAAAAAAARD.............💛

Comment ""Dancing JOE"" if you want to see me dance again🕺

#Juan365Studios #ALLINJUANLIVE #JuankadaPapaJoe #JuankadaHosts #Juan365 #fbreelsfypシ","MUSTAAAAAAARD.............💛

Comment ""Dancing JOE"" if you want to see me dance again🕺

#Juan365Studios #ALLINJUANLIVE #JuankadaPapaJoe #JuankadaHosts #Juan365 #fbreelsfypシ",16,"01/05/2026 02:00",mixed,https://www.facebook.com/reel/1525379068515741/,1,0,Videos,,,,,Lifetime,4140,779,80,53,18,9,13,13,,,,11311.815,5.491,0,0,0
122110910703141115,61584233476725,"Juankada Papa Joe","Thankyou so much sa pagsama saamin ngayon araw mga ka-Joekada🤗 

Abangan niyo ulit kami bukas sa Juan365 color game live from 6AM to 2PM. You can register on our website or download our app. 

Follow for more!💙

#Juan365Studios #ALLINJUANLIVE #JuankadaPapaJoe #JuankadaHosts #Juan365 #fbreelsfypシ゚viralfbreelsfypシ゚viral","Thankyou so much sa pagsama saamin ngayon araw mga ka-Joekada🤗 

Abangan niyo ulit kami bukas sa Juan365 color game live from 6AM to 2PM. You can register on our website or download our app. 

Follow for more!💙

#Juan365Studios #ALLINJUANLIVE #JuankadaPapaJoe #JuankadaHosts #Juan365 #fbreelsfypシ゚viralfbreelsfypシ゚viral",39,"01/04/2026 23:45",mixed,https://www.facebook.com/reel/1337159294830930/,1,0,Videos,,,,,Lifetime,899,189,35,27,6,2,5,5,,,,2040.161,5.454,0,0,0
122110853379141115,61584233476725,"Juankada Papa Joe","Happy monday, don't forget to be awesome🍃✨

What’s your mission this week?

#Juan365Studios #ALLINJUANLIVE #JuankadaPapaJoe #JuankadaHosts #Juan365 #highlightseveryonefollowers",,0,"01/04/2026 18:13",N/A,https://www.facebook.com/permalink.php?story_fbid=pfbid0u4vTHJLa8fp5vXhxynhkcbwzWw2rJeUGPuGWNhvQ8GaYWFRqtiHBYq4BAC5vCU7Yl&id=61584233476725,0,0,Photos,,,,,Lifetime,1309,557,52,44,3,5,23,15,8,,,,,,,
122110739073141115,61584233476725,"Juankada Papa Joe","Individually, we're strong, but together, we're unstoppable.💪

Pew! Pew! Pew!🔫

Don’t miss our live tomorrow on https://juan365.com/ from 6AM to 2PM.
To watch us smoothly, just register on our website or download our app.
See you, Joekada!☺️

#Juan365Studios #ALLINJUANLIVE #JuankadaPapaJoe #JuankadaHosts #Juan365 #fbreelsfypシ゚",,0,"01/04/2026 03:00",N/A,https://www.facebook.com/permalink.php?story_fbid=pfbid0V3BbN63t7xhsJAjUPGPvoxLL3aixii5UVJmBuXveNPpzwxY17JVRwuVo9pSsUR7Ql&id=61584233476725,0,0,Photos,,,,,Lifetime,1043,481,53,36,11,6,17,15,2,,,,,,,
122110624833141115,61584233476725,"Juankada Papa Joe","Am I still cute Joekada?🥹

Send this to your bestie and do the trend together 🤍

Tag your bestie and comment your entry🤗

#Juan365Studios #ALLINJUANLIVE #JuankadaPapaJoe #JuankadaHosts #Juan365 #fbreelsfypシ゚","Am I still cute Joekada?🥹

Send this to your bestie and do the trend together 🤍

Tag your bestie and comment your entry🤗

#Juan365Studios #ALLINJUANLIVE #JuankadaPapaJoe #JuankadaHosts #Juan365 #fbreelsfypシ゚",9,"01/03/2026 19:36",mixed,https://www.facebook.com/reel/847664741388039/,1,0,Videos,,,,,Lifetime,6870,1148,281,269,9,3,31,31,,,,8230.625,3.583,0,0,0
122110624089141115,61584233476725,"Juankada Papa Joe",,,0,"01/03/2026 19:31",N/A,https://www.facebook.com/permalink.php?story_fbid=pfbid0GwWRQiEoWQg9uNDhp5pMmTvNwZq4GMDbk9E6MBEMawBfFggRB597pMhTCWuDdLynl&id=61584233476725,0,1,Photos,,,,,Lifetime,255,90,11,11,0,0,5,4,1,,,,,,,
122110607823141115,61584233476725,"Juankada Papa Joe","When the trio is all together, the fun never stops😄💖

Tag your trio for the fun and good times👇

#Juan365Studios #ALLINJUANLIVE #JuankadaPapaJoe #JuankadaHosts #Juan365 #GoodVibesOnly #fblifestylechallenge",,0,"01/03/2026 16:50",N/A,https://www.facebook.com/permalink.php?story_fbid=pfbid02BpEhwpx743tH2krySgsYsPMh7ssQ7ApfbEpAdQkUNQuzQW52VyFtTkWUdJ7LAs8pl&id=61584233476725,0,0,Photos,,,,,Lifetime,646,284,18,16,0,2,20,7,13,,,,,,,
122110298325141115,61584233476725,"Juankada Papa Joe","Thankyou for today mga ka-Joekada!☺️

Abangan niyo ulit kami tomorrow 6AM to 2PM sa ating website or app: https://juan365.com/

Don’t forget to follow, like, and share! 💙

#Juan365Studios #ALLINJUANLIVE #JuankadaPapaJoe #JuankadaHosts #Juan365 #fbreelsfypシ゚","Thankyou for today mga ka-Joekada!☺️

Abangan niyo ulit kami tomorrow 6AM to 2PM sa ating website or app: https://juan365.com/

Don’t forget to follow, like, and share! 💙

#Juan365Studios #ALLINJUANLIVE #JuankadaPapaJoe #JuankadaHosts #Juan365 #fbreelsfypシ゚",26,"01/03/2026 04:01",mixed,https://www.facebook.com/reel/1353112906565066/,1,0,Videos,,,,,Lifetime,1228,465,16,12,2,2,5,4,,1,,2351.481,3.697,0,0,0
122110258671141115,61584233476725,"Juankada Papa Joe","Saturday pa lang pero it feels sunday na. Senti-vibes with me🥹

Bakit di na lang??? 
Bakit di na lang nag triple color😂

Comment your senti song👇

#Juan365Studios #ALLINJUANLIVE #JuankadaPapaJoe #JuankadaHosts #Juan365 #fbreelsfypシ゚viralfbreelsfypシ゚viral","Saturday pa lang pero it feels sunday na. Senti-vibes with me🥹

Bakit di na lang??? 
Bakit di na lang nag triple color😂

Comment your senti song👇

#Juan365Studios #ALLINJUANLIVE #JuankadaPapaJoe #JuankadaHosts #Juan365 #fbreelsfypシ゚viralfbreelsfypシ゚viral",26,"01/02/2026 23:19",N/A,https://www.facebook.com/reel/734854506343472/,0,0,Videos,,,,,Lifetime,5518,152,40,20,16,4,22,22,,,,3786.36,2.896,0,0,0
122110229583141115,61584233476725,"Juankada Papa Joe","Juankada Papa Joe updated their cover photo.",,0,"01/02/2026 18:41",N/A,https://www.facebook.com/photo.php?fbid=122110229583141115&set=a.122102925279141115&type=3,0,0,Photos,,,,,Lifetime,0,0,10,10,0,0,0,,,,,,,,,
122110227507141115,61584233476725,"Juankada Papa Joe","Another day, another live! ✌️🔥

What’s up mga ka-Joekada! Samahan niyo kami and let’s enjoy the Color Game live on https://juan365.com/

Don’t forget to follow, like, and share! 💙

#Juan365Studios #ALLINJUANLIVE #JuankadaPapaJoe #JuankadaHosts #Juan365 #fbreelsfypシ",,0,"01/02/2026 18:21",N/A,https://www.facebook.com/permalink.php?story_fbid=pfbid0BpnSL4d98PdbvtiJ3AFxvYWYLVcEfWhMFZ8FnhAf9YcssbPUTCsWZSiMEiSKkDqTl&id=61584233476725,0,0,Photos,,,,,Lifetime,552,213,13,11,0,2,28,10,17,1,,,,,,
122110109829141115,61584233476725,"Juankada Papa Joe","What’s up mga ka-Joekada! Salamat sa pagsama sa amin sa live sa Juan365. We appreciate your effort and support.☺️💖 

Don’t forget to follow, like, and share! 💙

#Juan365Studios #ALLINJUANLIVE #JuankadaPapaJoe #JuankadaHosts #Juan365 #fbreelsfypシ",,0,"01/02/2026 00:02",N/A,https://www.facebook.com/permalink.php?story_fbid=pfbid02ZsrNGVBQm8rR2hfYf8pEswNVVrVownNXvYbB2cAnLtZiHm65YcLACzuouG29Gidkl&id=61584233476725,0,0,Photos,,,,,Lifetime,1066,393,26,20,3,3,61,29,32,,,,,,,
122110063743141115,61584233476725,"Juankada Papa Joe",,,0,"01/01/2026 16:04",N/A,https://www.facebook.com/permalink.php?story_fbid=pfbid032YA7Q4UMYaHEyTqVK2bFG4kGKpCqSFVfRncCwvAAkKycMks1Dbdk9Lo2s6FbZxk5l&id=61584233476725,0,1,Photos,,,,,Lifetime,188,71,5,5,0,0,4,4,,,,,,,,
122111952219145396,61584361885503,"Juankada Sabbie","Hello, Sabbies!

Here’s our little recap for 2025 🥳
We hope for more moments like this with you, Sabbies! Don’t forget to follow and share us so we can grow even more next year.

Happy New Year! Same love, same good vibes in all our LIVE sessions in 2026 🎉✨

#Juan365 #Juan365PH #AllInJuanSaSaya #JuanKada #Juan365ColorGame #JuankadaSabbies
#Followme #trending #fyp #reels","Hello, Sabbies!

Here’s our little recap for 2025 🥳
We hope for more moments like this with you, Sabbies! Don’t forget to follow and share us so we can grow even more next year.

Happy New Year! Same love, same good vibes in all our LIVE sessions in 2026 🎉✨

#Juan365 #Juan365PH #AllInJuanSaSaya #JuanKada #Juan365ColorGame #JuankadaSabbies
#Followme #trending #fyp #reels",49,"12/31/2025 02:08",N/A,https://www.facebook.com/reel/704163429219020/,0,0,Videos,,,,,Lifetime,1525,1345,19,18,1,0,12,12,,,,7825.461,5.609,0,0,0
122112133695145396,61584361885503,"Juankada Sabbie","GOOD MORNING, SABBIES! 🌞🎉
Unang pasok ng 2026—simulan natin sa tawanan, kwentuhan, good vibes at swerte! 🍀✨

Kung hanap mo ang saya, kulitan, at panalong energy
nandito na kami LIVE!☺

Tara na, sabay-sabay tayong mag-ENJOY! 💛🔥

#Juan365 #Juan365PH #AllInJuanSaSaya #JuanKada #Juan365ColorGame #JuankadaSabbies
#FollowMe #Trending #FYP #Reels","GOOD MORNING, SABBIES! 🌞🎉
Unang pasok ng 2026—simulan natin sa tawanan, kwentuhan, good vibes at swerte! 🍀✨

Kung hanap mo ang saya, kulitan, at panalong energy
nandito na kami LIVE!☺

Tara na, sabay-sabay tayong mag-ENJOY! 💛🔥

#Juan365 #Juan365PH #AllInJuanSaSaya #JuanKada #Juan365ColorGame #JuankadaSabbies
#FollowMe #Trending #FYP #Reels",13,"12/31/2025 15:29",N/A,https://www.facebook.com/reel/3784413481864502/,0,0,Videos,,,,,Lifetime,2137,1621,19,19,0,0,20,20,,,,11572.855,6.705,0,0,0
122112504039145396,61584361885503,"Juankada Sabbie","🌈 HELLOOO SABBIES!!! 🌈

Samahan niyo ako palagi sa LIVE ha 💙
Sabay-sabay tayong ngumiti, tumawa, at magbigay ng kulay sa mga mata niyo ✨😊

Tag ka-Sabbies 👇
Follow & Share 💙

Good vibes lang tayo sa LIVE🎨

#Juan365 #Juan365PH #AllInJuanSaSaya #JuanKada #Juan365ColorGame #JuankadaSabbies
#FollowMe #Trending #FYP #Reels","🌈 HELLOOO SABBIES!!! 🌈

Samahan niyo ako palagi sa LIVE ha 💙
Sabay-sabay tayong ngumiti, tumawa, at magbigay ng kulay sa mga mata niyo ✨😊

Tag ka-Sabbies 👇
Follow & Share 💙

Good vibes lang tayo sa LIVE🎨

#Juan365 #Juan365PH #AllInJuanSaSaya #JuanKada #Juan365ColorGame #JuankadaSabbies
#FollowMe #Trending #FYP #Reels",35,"01/01/2026 23:06",N/A,https://www.facebook.com/reel/1508851590202757/,0,0,Videos,,,,,Lifetime,323,192,19,17,1,1,23,23,,,,3201.5,12.408,0,0,0
122112532527145396,61584361885503,"Juankada Sabbie","Your juankada host Sabbie mantra 2026 ay maging loyal sa sarili! 😄🥰

Kayo Sabbies ano ang mantra nyo this 2026? Comment down below na 👇

Isingit nyo na sa mga mantra nyo ang pagiging loyal sa Colorgame live at sabay sabay tayong mag enjoy sa bawat kulay, tawanan at kulitin. 😍💖

#Juan365 #Juan365PH #AllInJuanSaSaya #JuanKada #Juan365ColorGame #JuankadaSabbies
#FollowMe #Trending #FYP #Reels","Your juankada host Sabbie mantra 2026 ay maging loyal sa sarili! 😄🥰

Kayo Sabbies ano ang mantra nyo this 2026? Comment down below na 👇

Isingit nyo na sa mga mantra nyo ang pagiging loyal sa Colorgame live at sabay sabay tayong mag enjoy sa bawat kulay, tawanan at kulitin. 😍💖

#Juan365 #Juan365PH #AllInJuanSaSaya #JuanKada #Juan365ColorGame #JuankadaSabbies
#FollowMe #Trending #FYP #Reels",10,"01/02/2026 02:08",N/A,https://www.facebook.com/reel/749691031483944/,0,0,Videos,,,,,Lifetime,1453,280,60,53,5,2,102,102,,,,7354.007,8.661,0,0,0
122112583665145396,61584361885503,"Juankada Sabbie","Restday vibes activated Sabbies💆🏻‍♀️ 

Wanna share you how cute Juankada host Sabbie on her Pj’s 😜

What’s your favorite thing to do on your restday Sabbies? 😉♥️

#Juan365 #Juan365PH #AllInJuanSaSaya #JuanKada #Juan365ColorGame #colorGame #JuankadaSabbies
#FollowMe #Trending #FYP #Reels","Restday vibes activated Sabbies💆🏻‍♀️ 

Wanna share you how cute Juankada host Sabbie on her Pj’s 😜

What’s your favorite thing to do on your restday Sabbies? 😉♥️

#Juan365 #Juan365PH #AllInJuanSaSaya #JuanKada #Juan365ColorGame #colorGame #JuankadaSabbies
#FollowMe #Trending #FYP #Reels",16,"01/02/2026 07:17",N/A,https://www.facebook.com/reel/1295049919113430/,0,0,Videos,,,,,Lifetime,431,194,32,27,4,1,14,14,,,,2840.37,9.931,0,0,0
122112683475145396,61584361885503,"Juankada Sabbie","Juankada Sabbie updated their cover photo.",,0,"01/02/2026 18:40",N/A,https://www.facebook.com/photo.php?fbid=122112683475145396&set=a.122094606033145396&type=3,0,0,Photos,,,,,Lifetime,1,2,23,21,1,1,0,,,,,,,,,
122112732405145396,61584361885503,"Juankada Sabbie","Rest day today ✨
Can’t let the Sabbies miss this pretty face 😉

See you tomorrow, Sabbies! 10PM–5AM 💙

#Juan365 #Juan365PH #AllInJuanSaSaya #JuanKada #Juan365ColorGame #JuankadaSabbies
#FollowMe #Trending #FYP #Reels","Rest day today ✨
Can’t let the Sabbies miss this pretty face 😉

See you tomorrow, Sabbies! 10PM–5AM 💙

#Juan365 #Juan365PH #AllInJuanSaSaya #JuanKada #Juan365ColorGame #JuankadaSabbies
#FollowMe #Trending #FYP #Reels",14,"01/03/2026 02:15",N/A,https://www.facebook.com/reel/1438574924552910/,0,0,Videos,,,,,Lifetime,425,213,43,29,10,4,15,15,,,,2723.621,10.05,0,0,0
122112998295145396,61584361885503,"Juankada Sabbie","Hello Sabbies!😍
Makisabay na sa LIVE ngayong gabi! ✨

Tara na sa Color Game para sabay-sabay tayong magbigay  kulay ngayong gabi para sa saya at swerte 💛💜💚

2026 na, paniguradong full ng good vibes at ngiti ang bawat kulay na ibibigay natin! 😄🎨

Huwag kalimutang follow, like, at share para mas marami ang makisaya! 💖

#Juan365 #Juan365PH #AllInJuanSaSaya #JuanKada #Juan365ColorGame #colorGame #JuankadaSabbies
#FollowMe #Trending #FYP #Reels","Hello Sabbies!😍
Makisabay na sa LIVE ngayong gabi! ✨

Tara na sa Color Game para sabay-sabay tayong magbigay  kulay ngayong gabi para sa saya at swerte 💛💜💚

2026 na, paniguradong full ng good vibes at ngiti ang bawat kulay na ibibigay natin! 😄🎨

Huwag kalimutang follow, like, at share para mas marami ang makisaya! 💖

#Juan365 #Juan365PH #AllInJuanSaSaya #JuanKada #Juan365ColorGame #colorGame #JuankadaSabbies
#FollowMe #Trending #FYP #Reels",14,"01/04/2026 08:32",N/A,https://www.facebook.com/reel/914609281064708/,0,0,Videos,,,,,Lifetime,399,191,34,26,6,2,25,25,,,,2803.365,10.699,0,0,0
122113106403145396,61584361885503,"Juankada Sabbie","Nakapanood ba ang lahat last Night Sabbies?☺
 
Your marilag Sabbie will go on live again tonight 10pm-5am😉 See you later Sabbies! 

#Juan365 #Juan365PH #AllInJuanSaSaya #JuanKada #Juan365ColorGame #JuankadaSabbies
#FollowMe #Trending #FYP #Reels","Nakapanood ba ang lahat last Night Sabbies?☺
 
Your marilag Sabbie will go on live again tonight 10pm-5am😉 See you later Sabbies! 

#Juan365 #Juan365PH #AllInJuanSaSaya #JuanKada #Juan365ColorGame #JuankadaSabbies
#FollowMe #Trending #FYP #Reels",29,"01/05/2026 01:38",N/A,https://www.facebook.com/reel/1191048733145301/,0,0,Videos,,,,,Lifetime,355,196,34,27,6,1,28,28,,,,3454.512,13.6,0,0,0
122113153305145396,61584361885503,"Juankada Sabbie","HELLO SABBIES!☺

Handa na ba kayo ngayong gabi sa SAYA, EXCITEMENT, at SWERTE sa ating LIVE COLOR GAME?🎨

Swerte? MERON!
Saya? SAGAD!
Good vibes? UMAAPAW!🥳

#Juan365 #Juan365PH #AllInJuanSaSaya #JuanKada #Juan365ColorGame #JuankadaSabbies
#FollowMe #Trending #FYP #Reels",,0,"01/05/2026 06:34",N/A,https://www.facebook.com/permalink.php?story_fbid=pfbid02d3KppCmtG7K6FcJZmgbWmVghnh9LaUyaQ31LNWdhwwH2kn65shX3uZ2fcymprPbKl&id=61584361885503,0,0,Photos,,,,,Lifetime,1741,631,86,69,9,8,95,44,51,,,,,,,
122113314087145396,61584361885503,"Juankada Sabbie","Hindi lang SAYA at SWERTE ang hatid ng isang Juankada host SABBIE 🥰

Hanggang dulo, Full of SAYAW & GOOD VIBES while playing 🔥💃 

#Juan365 #Juan365PH #AllInJuanSaSaya #JuanKada #Juan365ColorGame #JuankadaSabbies
#FollowMe #Trending #FYP #Reels","Hindi lang SAYA at SWERTE ang hatid ng isang Juankada host SABBIE 🥰

Hanggang dulo, Full of SAYAW & GOOD VIBES while playing 🔥💃 

#Juan365 #Juan365PH #AllInJuanSaSaya #JuanKada #Juan365ColorGame #JuankadaSabbies
#FollowMe #Trending #FYP #Reels",24,"01/06/2026 00:49",N/A,https://www.facebook.com/reel/1356353379145059/,0,0,Videos,,,,,Lifetime,3100,500,254,214,36,4,364,364,,,,28111.477,13.807,0,0,0
122113356297145396,61584361885503,"Juankada Sabbie","We are now Live Sabbies!😉

Ready na kayo sa Kagandahan ko? Ay sa Makulay na laro pala!😅😘

#Juan365 #Juan365PH #AllInJuanSaSaya #JuanKada #Juan365ColorGame #JuankadaSabbies
#FollowMe #Trending #FYP #Reels",,0,"01/06/2026 06:14",N/A,https://www.facebook.com/permalink.php?story_fbid=pfbid0aw7uVQV91RbKkDTGT1FfxN77crKDAps3ookW2uDuWqmtiTXHS86Bqd9e2JgBhuQ3l&id=61584361885503,0,0,Photos,,,,,Lifetime,332,140,26,21,2,3,20,2,18,,,,,,,
122113372545145396,61584361885503,"Juankada Sabbie",🔥🔥,,0,"01/06/2026 08:04",N/A,https://www.facebook.com/permalink.php?story_fbid=pfbid02wr1KT1fz3gcNKFsr1RnD1rY4fuee7ppyvMsfMPfezZhrhmXWoBqGLzS2RF5MFfuSl&id=61584361885503,0,1,Photos,,,,,Lifetime,199,89,14,14,0,0,6,3,3,,,,,,,
122113388703145396,61584361885503,"Juankada Sabbie","Goodmorning Sabbies! ☺️

Gising pa ba ang lahat? Watch me live and enjoy Color game 🧡💙

Makisaya, makilaro at sabay sabay naten abangan ang swerte nyo ngayon gabi!

Last night na ng nightshift ng inyong Sabbie girl kaya habol naaaa😉

#Juan365 #Juan365PH #AllInJuanSaSaya #JuanKada #Juan365ColorGame #JuankadaSabbies
#FollowMe #Trending #FYP #Reels","Goodmorning Sabbies! ☺️

Gising pa ba ang lahat? Watch me live and enjoy Color game 🧡💙

Makisaya, makilaro at sabay sabay naten abangan ang swerte nyo ngayon gabi!

Last night na ng nightshift ng inyong Sabbie girl kaya habol naaaa😉

#Juan365 #Juan365PH #AllInJuanSaSaya #JuanKada #Juan365ColorGame #JuankadaSabbies
#FollowMe #Trending #FYP #Reels",43,"01/06/2026 10:01",N/A,https://www.facebook.com/reel/760136089827954/,0,0,Videos,,,,,Lifetime,176,114,22,18,2,2,4,4,,,,1757.705,13.02,0,0,0
122113419663145396,61584361885503,"Juankada Sabbie","Dahil daily maintenance tayo ng 1hr from 5am-6am.

Eto muna panuorin nyo 😜

Dont forget to log in sa Juan365 app and website🧡💙

Thankyou so much Sabbies for always supporting on my live! I’ll see you all on friday 2-10pm naman. 😘♥️

#Juan365 #Juan365PH #AllInJuanSaSaya #JuanKada #Juan365ColorGame #JuankadaSabbies
#FollowMe #Trending #FYP #Reels","Dahil daily maintenance tayo ng 1hr from 5am-6am.

Eto muna panuorin nyo 😜

Dont forget to log in sa Juan365 app and website🧡💙

Thankyou so much Sabbies for always supporting on my live! I’ll see you all on friday 2-10pm naman. 😘♥️

#Juan365 #Juan365PH #AllInJuanSaSaya #JuanKada #Juan365ColorGame #JuankadaSabbies
#FollowMe #Trending #FYP #Reels",10,"01/06/2026 13:06",N/A,https://www.facebook.com/reel/882606100830683/,0,0,Videos,,,,,Lifetime,318,145,32,26,4,2,14,14,,,,1652.583,8.743,0,0,0
122113638675145396,61584361885503,"Juankada Sabbie","Can't wait to be with you Sabbies!☺️

See you on our LIVE tomorrow, 2pm! Can't wait to see me din ba?😍

#Juan365 #Juan365PH #AllInJuanSaSaya #JuanKada #Juan365ColorGame #JuankadaSabbies
#FollowMe #Trending #FYP #Reels","Can't wait to be with you Sabbies!☺️

See you on our LIVE tomorrow, 2pm! Can't wait to see me din ba?😍

#Juan365 #Juan365PH #AllInJuanSaSaya #JuanKada #Juan365ColorGame #JuankadaSabbies
#FollowMe #Trending #FYP #Reels",14,"01/07/2026 23:16",N/A,https://www.facebook.com/reel/25940220165570591/,0,0,Videos,,,,,Lifetime,156,101,26,19,5,2,3,3,,,,794.962,6.68,0,0,0
122113638765145396,61584361885503,"Juankada Sabbie",💖💖,,0,"01/07/2026 23:17",N/A,https://www.facebook.com/permalink.php?story_fbid=pfbid02jkzBE62eqzjbqt4dbmPt9DQ9AUvgvMKMcEAqUkSRGB1gL4QxMU9cf6JpucAMe8uil&id=61584361885503,0,1,Photos,,,,,Lifetime,195,98,30,20,8,2,10,5,5,,,,,,,
122113829721145396,61584361885503,"Juankada Sabbie",💖🔥,,0,"01/09/2026 00:33",N/A,https://www.facebook.com/permalink.php?story_fbid=pfbid0AfBaNcSeU1Vqf3x1Zyr5AKueaXzKMnSgo6pGQSjMbmZbMhyUPA2MiEaDvVtFPo7rl&id=61584361885503,0,1,Photos,,,,,Lifetime,100,53,6,5,1,0,5,5,,,,,,,,
122113832001145396,61584361885503,"Juankada Sabbie","Serving hot 🔥 Sabbie is on fire! 

Magsasabog tayo ng saya at enerhiya 2pm-10pm tayo today.

Ano pang hinihintay ninyo Sabbies. Log in sa Juan365app and website!🥳

#Juan365 #Juan365PH #AllInJuanSaSaya #JuanKada #Juan365ColorGame #JuankadaSabbies
#FollowMe #Trending #FYP #Reels","Serving hot 🔥 Sabbie is on fire! 

Magsasabog tayo ng saya at enerhiya 2pm-10pm tayo today.

Ano pang hinihintay ninyo Sabbies. Log in sa Juan365app and website!🥳

#Juan365 #Juan365PH #AllInJuanSaSaya #JuanKada #Juan365ColorGame #JuankadaSabbies
#FollowMe #Trending #FYP #Reels",14,"01/09/2026 00:50",N/A,https://www.facebook.com/reel/752064567396318/,0,0,Videos,,,,,Lifetime,143,94,19,16,3,0,10,10,,,,918.016,8.5,0,0,0
122113859829145396,61584361885503,"Juankada Sabbie","Look who’s back Sabbies! 😉

Your Juankada Host Sabbie is ready to give you a happy days ahead!😘

#Juan365 #Juan365PH #AllInJuanSaSaya #JuanKada #Juan365ColorGame #JuankadaSabbies
#FollowMe #Trending #FYP #Reels","Look who’s back Sabbies! 😉

Your Juankada Host Sabbie is ready to give you a happy days ahead!😘

#Juan365 #Juan365PH #AllInJuanSaSaya #JuanKada #Juan365ColorGame #JuankadaSabbies
#FollowMe #Trending #FYP #Reels",16,"01/09/2026 04:58",N/A,https://www.facebook.com/reel/887954503730230/,0,0,Videos,,,,,Lifetime,277,120,18,14,3,1,16,16,,,,1732.151,9.021,0,0,0
122113972521145396,61584361885503,"Juankada Sabbie","Sabbies… Ready na ba kayo saluhin ang swerteng dala ng inyong pretty Sabbie?😉

Walong triple color lang naman tayo kahapon Sabbies at lima don minor jackpot ☺️

Mamaya ulit Sabbies 2-10pm! See youuuu!😘

#Juan365 #Juan365PH #AllInJuanSaSaya #JuanKada #Juan365ColorGame #JuankadaSabbies
#FollowMe #Trending #FYP #Reels","Sabbies… Ready na ba kayo saluhin ang swerteng dala ng inyong pretty Sabbie?😉

Walong triple color lang naman tayo kahapon Sabbies at lima don minor jackpot ☺️

Mamaya ulit Sabbies 2-10pm! See youuuu!😘

#Juan365 #Juan365PH #AllInJuanSaSaya #JuanKada #Juan365ColorGame #JuankadaSabbies
#FollowMe #Trending #FYP #Reels",31,"01/09/2026 21:55",N/A,https://www.facebook.com/reel/1496423099152573/,0,0,Videos,,,,,Lifetime,118,80,24,16,6,2,12,12,,,,609.471,5.975,0,0,0
122114057571145396,61584361885503,"Juankada Sabbie","SABBIES! Look who’s here! The one and only Babygirl JUANABABESENA~🥰

Nag sama ang mga baby girl na hindi nagpapatalo sa dance floor!🤭

#Juan365 #Juan365PH #AllInJuanSaSaya #JuanKada #Juan365ColorGame #JuankadaSabbies
#FollowMe #Trending #FYP #Reels","SABBIES! Look who’s here! The one and only Babygirl JUANABABESENA~🥰

Nag sama ang mga baby girl na hindi nagpapatalo sa dance floor!🤭

#Juan365 #Juan365PH #AllInJuanSaSaya #JuanKada #Juan365ColorGame #JuankadaSabbies
#FollowMe #Trending #FYP #Reels",21,"01/10/2026 03:59",uploaded,https://www.facebook.com/reel/755081327059927/,0,0,Videos,,,,,Lifetime,226,124,24,20,2,2,17,17,,,,1957.532,13.689,0,0,0
122114070945145396,61584361885503,"Juankada Sabbie","THANKYOUSOMUCH SABBIES!! 💖

Grabe kayo kanina! 🔥 Maraming salamat po sa laging suporta ninyo Sabbies ☺️ bukas ulit 2pm-10pm padin tayo.

Eto muna panuorin nyo while im not on live! Still serving you hot 🔥😜

#Juan365 #Juan365PH #AllInJuanSaSaya #JuanKada #Juan365ColorGame #JuankadaSabbies
#FollowMe #Trending #FYP #Reels","THANKYOUSOMUCH SABBIES!! 💖

Grabe kayo kanina! 🔥 Maraming salamat po sa laging suporta ninyo Sabbies ☺️ bukas ulit 2pm-10pm padin tayo.

Eto muna panuorin nyo while im not on live! Still serving you hot 🔥😜

#Juan365 #Juan365PH #AllInJuanSaSaya #JuanKada #Juan365ColorGame #JuankadaSabbies
#FollowMe #Trending #FYP #Reels",15,"01/10/2026 05:53",N/A,https://www.facebook.com/reel/2247954392351417/,0,0,Videos,,,,,Lifetime,221,112,32,26,4,2,22,22,,,,1716.465,13.515,0,0,0
122118510057012033,61580361006776,"Juana Babe Sena","𝐄𝐯𝐞𝐫𝐲𝐭𝐡𝐢𝐧𝐠 𝐟𝐮𝐧 𝐰𝐢𝐭𝐡 Juankada Sabbie 🥰

#JuanababeSena #Juanabies #Followme #TagAFriend #JuankadaSabbie #GoodVibesOnly","𝐄𝐯𝐞𝐫𝐲𝐭𝐡𝐢𝐧𝐠 𝐟𝐮𝐧 𝐰𝐢𝐭𝐡 @[61584361885503:2048:Juankada Sabbie] 🥰

#JuanababeSena #Juanabies #Followme #TagAFriend #JuankadaSabbie #GoodVibesOnly",16,"01/10/2026 22:01",N/A,https://www.facebook.com/reel/2293243437847253/,0,0,Videos,,,,,Lifetime,,1234,238,134,88,16,,72,,,,10279.717,7.677,0,,
122114193261145396,61584361885503,"Juankada Sabbie","Hello SABBIES! 😍
Gusto niyo rin ba ng SWERTE at PANALO? 🍀💸 anim na triple na tayo. Habol na Juankada

TARA NA SA LIVE!
Mag-log in na sa JUAN365 APP/ Website
Baka ikaw na ang susunod na panalo!

🎉 MINOR / x5 WINNERS – GREEN 🎉
🎉MINOR / x5 WINNERS -  GREEN 🎉
🎉 x10 WINNER 🎉

#Juan365 #Juan365PH #AllInJuanSaSaya #JuanKada #Juan365ColorGame #JuankadaSabbies
#FollowMe #Trending #FYP #Reels",,0,"01/11/2026 01:34",N/A,https://www.facebook.com/permalink.php?story_fbid=pfbid0Bw7pXpQ4yVorNLeH7rGYcGd1vbd4XJ37rHnYfxSmznLBHbEHudY95RUwJMK4uYxCl&id=61584361885503,0,0,Photos,,,,,Lifetime,340,129,38,24,8,6,33,15,17,1,,,,,,
122114321661145396,61584361885503,"Juankada Sabbie","Sabbies! Sasayawan ko muna kayo kahit kakagising ko lang 🥱

bago tayo mag-LIVE para magbigay ng saya, kilig, at swerte sa inyo! Handa na ba kayo?😉

#Juan365 #Juan365PH #AllInJuanSaSaya #JuanKada #Juan365ColorGame #JuankadaSabbies
#FollowMe #Trending #FYP #Reels","Sabbies! Sasayawan ko muna kayo kahit kakagising ko lang 🥱

bago tayo mag-LIVE para magbigay ng saya, kilig, at swerte sa inyo! Handa na ba kayo?😉

#Juan365 #Juan365PH #AllInJuanSaSaya #JuanKada #Juan365ColorGame #JuankadaSabbies
#FollowMe #Trending #FYP #Reels",15,"01/11/2026 21:49",mixed,https://www.facebook.com/reel/1534654107829756/,0,0,Videos,,,,,Lifetime,256,119,43,35,5,3,29,29,,,,2042.26,13.524,0,0,0
122114341521145396,61584361885503,"Juankada Sabbie","Hello, Sabbies! 🤗

LIVE na kami nila Juankada host LIGAYA at Juankada host GEOFF  Andito na ang saya at swerte para sa inyo ngayong araw kaya tara na, sama-sama tayong mag enjoy!☺️

Log in na sa JUAN365 App/Website!🥳

#Juan365 #Juan365PH #AllInJuanSaSaya #JuanKada #Juan365ColorGame #JuankadaSabbies
#FollowMe #Trending #FYP #Reels",,0,"01/12/2026 01:01",N/A,https://www.facebook.com/permalink.php?story_fbid=pfbid0kYxvrdfw7oPGbX1vsmM8Rx5m5ArdcZvXJ4T7r8MQHEka5caGMeuXTVsw29FTUJswl&id=61584361885503,0,0,Photos,,,,,Lifetime,282,120,21,19,1,1,11,1,10,,,,,,,
122114394291145396,61584361885503,"Juankada Sabbie","Pwede ba ako muna ang kasama ninyo tonight Sabbies? 💙

Tuloy-tuloy ang pamimigay ng swerte humabol na at mag-log in sa Juan365 app/website🫰

#Juan365 #Juan365PH #AllInJuanSaSaya #JuanKada #Juan365ColorGame #JuankadaSabbies
#FollowMe #Trending #FYP #Reels","Pwede ba ako muna ang kasama ninyo tonight Sabbies? 💙

Tuloy-tuloy ang pamimigay ng swerte humabol na at mag-log in sa Juan365 app/website🫰

#Juan365 #Juan365PH #AllInJuanSaSaya #JuanKada #Juan365ColorGame #JuankadaSabbies
#FollowMe #Trending #FYP #Reels",16,"01/12/2026 06:40",N/A,https://www.facebook.com/reel/852277824465982/,0,0,Videos,,,,,Lifetime,175,91,20,18,2,0,20,20,,,,2372.156,21.964,0,0,0
122109271065149417,61584482528597,"Juankada Shann","Say you love me, cause I love... 🤭❤️

Follow me para laging kang swertehin ✨

#LoveVibes #GoodLuckCharm #FlirtyMood #FollowForGoodVibes #ForYou #TrendingReels #Juan365Moments  #Juan365Studios #Juan365 #ALLINJUANLIVE #JuankadaHosts #JuankadaShann #Shanshines","Say you love me, cause I love... 🤭❤️

Follow me para laging kang swertehin ✨

#LoveVibes #GoodLuckCharm #FlirtyMood #FollowForGoodVibes #ForYou #TrendingReels #Juan365Moments  #Juan365Studios #Juan365 #ALLINJUANLIVE #JuankadaHosts #JuankadaShann #Shanshines",15,"12/31/2025 00:03",N/A,https://www.facebook.com/reel/1205955744334859/,0,0,Videos,,,,,Lifetime,77,51,5,5,0,0,3,3,,,,445.239,7.95,0,0,0
122109296133149417,61584482528597,"Juankada Shann","I’m thinking about you, Shanshines! 🤭💫

Miss niyo na ba ang saya? Tara na mag Color Game Live sa Juan365! 🔥
Hit ❤️, join now, and let’s play!

#Shanshines #Juan365 #ColorGameLive #JuankadaVibes #ALLINJUANLIVE #Juan365Moments  #Juan365Studios #ALLINJUANLIVE #JuankadaHosts #JuankadaShann","I’m thinking about you, Shanshines! 🤭💫

Miss niyo na ba ang saya? Tara na mag Color Game Live sa Juan365! 🔥
Hit ❤️, join now, and let’s play!

#Shanshines #Juan365 #ColorGameLive #JuankadaVibes #ALLINJUANLIVE #Juan365Moments  #Juan365Studios #ALLINJUANLIVE #JuankadaHosts #JuankadaShann",16,"12/31/2025 03:04",N/A,https://www.facebook.com/reel/1071307048424453/,0,0,Videos,,,,,Lifetime,59,49,8,8,0,0,0,,,,,297.774,5.955,0,0,0
122109407559149417,61584482528597,"Juankada Shann","Shanshines, ready na ba kayo? 🎉
Tara na sa Juan365 Color Game Live walang humpay tawanan at kulitan!✨

👉 Watch, join, at comment live. Kita-kits! 🧡💙

#Juan365PH #Shanshines #ColorGameLive #AllInJuan #LiveVibes #Kulitan #TrendingNow #GoodVibes",,0,"12/31/2025 14:07",N/A,https://www.facebook.com/JuankadaShannOfficialPage/posts/pfbid0Szgx9itDALYdjdsXnjfZQvLHjxKuivB3S8m6t3yyi6qCGjUGVcoB7Gra8ieamb1Gl,0,0,Photos,,,,,Lifetime,73,31,2,2,0,0,2,,2,,,,,,,
122109421629149417,61584482528597,"Juankada Shann",,,0,"12/31/2025 16:23",N/A,https://www.facebook.com/JuankadaShannOfficialPage/posts/pfbid0x3UVYkTaoM8SgL9P2gb3EU13qt5EdTEEkqnBTJH2zoCa7vw9pYgMc2um3o38GBRwl,0,1,Text,,,,,Lifetime,,25,0,0,0,0,0,,,,,,,,,
122109421713149417,61584482528597,"Juankada Shann",,,0,"12/31/2025 16:23",N/A,https://www.facebook.com/JuankadaShannOfficialPage/posts/pfbid02M6CueAmvCmCXPFs5eWE5LkdyvYQcS9itVmkimmr9s9imn23HvViX9zAAbpaVDNQjl,0,1,Videos,,,,,Lifetime,,30,1,1,0,0,0,,,,,,,,,
122109437451149417,61584482528597,"Juankada Shann","𝘾𝙧𝙪𝙨𝙝, 𝙖𝙣𝙤 𝙣𝙖!! Hintay pa ba o aamin na? 😏

Top ❤️ at i-share ang post na ‘to para gumalaw na rin siya!
At syempre, follow me para updated ka sa mga kilig moments! ✨

#CrushAlert #KiligMoments #ShanshineVibes #CommentBait #TrendingPH #Juan365Studios #Juan365 #ALLINJUANLIVE #JuankadaHosts #JuankadaShann #Shanshines","𝘾𝙧𝙪𝙨𝙝, 𝙖𝙣𝙤 𝙣𝙖!! Hintay pa ba o aamin na? 😏

Top ❤️ at i-share ang post na ‘to para gumalaw na rin siya!
At syempre, follow me para updated ka sa mga kilig moments! ✨

#CrushAlert #KiligMoments #ShanshineVibes #CommentBait #TrendingPH #Juan365Studios #Juan365 #ALLINJUANLIVE #JuankadaHosts #JuankadaShann #Shanshines",43,"12/31/2025 19:09",N/A,https://www.facebook.com/reel/1331843085379214/,0,0,Videos,,,,,Lifetime,84,75,4,4,0,0,1,1,,,,619.628,8.153,0,0,0
122109466443149417,61584482528597,"Juankada Shann","𝗦𝗵𝗮𝗻𝘀𝗵𝗶𝗻𝗲𝘀, 𝘁𝘂𝗹𝗼𝘆-𝘁𝘂𝗹𝗼𝘆 𝗮𝗻𝗴 𝘀𝗮𝘆𝗮 𝘀𝗮 𝗝𝘂𝗮𝗻𝟯𝟲𝟱! 😆✨

Huwag palampasin join na rin kayo sa Color Game LIVE at subukan ang iyong swerte! 🎨💙💛

#Juan365Live #ColorGameLive #ShanshineVibes #GoodVibesOnly #LuckyColor #FunTimes #Juan365Studios #Juan365 #ALLINJUANLIVE #JuankadaHosts #JuankadaShann #Shanshines","𝗦𝗵𝗮𝗻𝘀𝗵𝗶𝗻𝗲𝘀, 𝘁𝘂𝗹𝗼𝘆-𝘁𝘂𝗹𝗼𝘆 𝗮𝗻𝗴 𝘀𝗮𝘆𝗮 𝘀𝗮 𝗝𝘂𝗮𝗻𝟯𝟲𝟱! 😆✨

Huwag palampasin join na rin kayo sa Color Game LIVE at subukan ang iyong swerte! 🎨💙💛

#Juan365Live #ColorGameLive #ShanshineVibes #GoodVibesOnly #LuckyColor #FunTimes #Juan365Studios #Juan365 #ALLINJUANLIVE #JuankadaHosts #JuankadaShann #Shanshines",23,"12/31/2025 22:59",N/A,https://www.facebook.com/reel/1284047153532702/,0,0,Videos,,,,,Lifetime,393,138,15,13,1,1,5,5,,,,3618.827,12.143,0,0,0
122109469527149417,61584482528597,"Juankada Shann","🥳🎉🌈💗 happy birthday sa juankada naming kikay",,0,"12/31/2025 23:20",N/A,https://www.facebook.com/JuankadaShannOfficialPage/posts/pfbid02F5PWxr9kzSUeFkM8Y6g7oo6mW32Va11anPWYD3JD7zYUnS24Awgh5zjxfPAcBbdzl,0,1,Photos,,,,,Lifetime,66,37,2,1,1,0,7,7,,,,,,,,
122109502179149417,61584482528597,"Juankada Shann","𝐒𝐡𝐚𝐧𝐬𝐡𝐢𝐧𝐞𝐬! 😆

Tuloy-tuloy ang saya sa Juan365 Color Game LIVE! 🎨💛
Wag na magpahuli  follow me para updated ka sa kulitan at good vibes! 💖✨

#Juan365Studios #Juan365 #ALLINJUANLIVE #JuankadaHosts #JuankadaShann #Shanshines #Juan365Live #ColorGameVibes #ShanshineEnergy #GoodVibesOnly #LuckyColor #FunTimesPH","𝐒𝐡𝐚𝐧𝐬𝐡𝐢𝐧𝐞𝐬! 😆

Tuloy-tuloy ang saya sa Juan365 Color Game LIVE! 🎨💛
Wag na magpahuli  follow me para updated ka sa kulitan at good vibes! 💖✨

#Juan365Studios #Juan365 #ALLINJUANLIVE #JuankadaHosts #JuankadaShann #Shanshines #Juan365Live #ColorGameVibes #ShanshineEnergy #GoodVibesOnly #LuckyColor #FunTimesPH",17,"01/01/2026 03:11",N/A,https://www.facebook.com/reel/2255762268282446/,0,0,Videos,,,,,Lifetime,130,108,5,5,0,0,3,3,,,,569.456,4.909,0,0,0
122109632745149417,61584482528597,"Juankada Shann","𝙎𝙝𝙖𝙣𝙨𝙝𝙞𝙣𝙚𝙨! 🌟 Sama-sama tayo sa Juan365 kasama ang aming energy queen, Criselda Alvarez! 😘💖

Color Game LIVE na pick your color, feel the vibe!
Follow me for more Shanshine magic! ✨❤️

#Juan365Live #ColorGameVibes #ShanshineEnergy #LuckyColor #GoodVibesOnly #Juan365Studios #Juan365 #ALLINJUANLIVE #JuankadaHosts #JuankadaShann #Shanshines",,0,"01/01/2026 18:51",N/A,https://www.facebook.com/JuankadaShannOfficialPage/posts/pfbid02xWkhhaRSEbijHmzLzgghutA7swUJmF75qxq8ALpdAfmGXY2odEKccZ66XBY68PJl,0,0,Photos,,,,,Lifetime,1718,695,71,55,0,16,70,31,39,,,,,,,
122109669537149417,61584482528597,"Juankada Shann",,,0,"01/01/2026 23:59",N/A,https://www.facebook.com/JuankadaShannOfficialPage/posts/pfbid02yYqktRi2DpyMD8fA4VcmojNiDEJU6QpKuDbuCLWkcvfoRDSyWKoRq4cAcXrpTuwCl,0,1,Photos,,,,,Lifetime,89,42,0,0,0,0,5,1,3,1,,,,,,
122109669927149417,61584482528597,"Juankada Shann","Grabe talaga si juankada sabbie jusme for more tawanan and saya donwload now juan 365 and catch us on color game🥰🤗💗🌈✨",,0,"01/02/2026 00:03",N/A,https://www.facebook.com/JuankadaShannOfficialPage/posts/pfbid0Sk4CHoPWbnnmRkQXDaFKZukmEV673Qmm2c2HuDMiCceYtNq4L7H63pmqB9pS51sql,0,1,Text,,,,,Lifetime,,42,0,0,0,0,8,8,,,,,,,,
122109743853149417,61584482528597,"Juankada Shann","Shanshines! Samahan niyo kami ni 𝐉𝐮𝐚𝐧𝐤𝐚𝐝𝐚 𝐋𝐨𝐢𝐬𝐚
sa pagbibigay ng saya dito lang sa 𝗝𝘂𝗮𝗻𝟯𝟲𝟱!🥰

Huwag palampasin ang kulitan, good vibes, at surprises.
 comment 💖 kung excited ka at share sa tropa para sama-sama tayo!

#Juan365Live #ShanshineVibes #GoodVibesOnly #FunTimesPH #Juan365Moments #Juan365Studios #Juan365 #ALLINJUANLIVE #JuankadaHosts #JuankadaShann #Shanshines",,0,"01/02/2026 07:31",N/A,https://www.facebook.com/JuankadaShannOfficialPage/posts/pfbid02gJFwdaptVzW1aS1WxrxkBKjoL3C3xzJbosQedv2vQwki3wptBQV17zYoVQJ9xQJ2l,0,0,Photos,,,,,Lifetime,118,50,3,2,1,0,10,6,4,,,,,,,
122109831669149417,61584482528597,"Juankada Shann","A day in 3 snapshots ✨📸

Ready na sa Color Game LIVE sa Juan365! 🎨
Pick your lucky color at manalo sa saya! 💙🧡

#Juan365Studios #Juan365 #ALLINJUANLIVE #JuankadaHosts #JuankadaShann #Shanshines #ColorGameLive #ShanshineVibes #Juan365Moments #LuckyColor #GoodVibesOnly",,0,"01/02/2026 16:00",N/A,https://www.facebook.com/JuankadaShannOfficialPage/posts/pfbid02Y33XtH3pp8w94RaMQuCqEpiBiNigHocG9f7McuJdg2LYdzH2K2BERz5fkUCUHXLEl,0,0,Photos,,,,,Lifetime,111,50,7,7,0,0,12,8,4,,,,,,,
122109841551149417,61584482528597,"Juankada Shann","EP 1 : 𝗗𝗮𝘆 𝗶𝗻 𝘁𝗵𝗲 𝗹𝗶𝗳𝗲 𝗼𝗳 𝘆𝗼𝘂𝗿 𝗝𝘂𝗮𝗻𝗸𝗮𝗱𝗮 𝗵𝗼𝘀𝘁, 𝗦𝗵𝗮𝗻𝗻 🎥✨

Simula pa lang ito! let’s connect, Juankada Family & Shanshines! 💖
Drop a ❤️ kung excited ka sa series!

#DayInTheLife #JuankadaHost #ShannVibes #Shanshines #JuankadaFamily
#Juan365 #SeriesLaunch #GoodVibesOnly","EP 1 : 𝗗𝗮𝘆 𝗶𝗻 𝘁𝗵𝗲 𝗹𝗶𝗳𝗲 𝗼𝗳 𝘆𝗼𝘂𝗿 𝗝𝘂𝗮𝗻𝗸𝗮𝗱𝗮 𝗵𝗼𝘀𝘁, 𝗦𝗵𝗮𝗻𝗻 🎥✨

Simula pa lang ito! let’s connect, Juankada Family & Shanshines! 💖
Drop a ❤️ kung excited ka sa series!

#DayInTheLife #JuankadaHost #ShannVibes #Shanshines #JuankadaFamily
#Juan365 #SeriesLaunch #GoodVibesOnly",223,"01/02/2026 18:00",N/A,https://www.facebook.com/reel/1032106505782973/,1,0,Videos,,,,,Lifetime,366,256,30,21,8,1,53,53,,,,11098.088,38.669,0,0,0
122109845013149417,61584482528597,"Juankada Shann","Juankada Shann updated their cover photo.",,0,"01/02/2026 18:43",N/A,https://www.facebook.com/photo.php?fbid=122109845013149417&set=a.122099315145149417&type=3,0,0,Photos,,,,,Lifetime,0,0,1,1,0,0,0,,,,,,,,,
122109853257149417,61584482528597,"Juankada Shann","A day, 4 captures, at walang kupas na good vibes ✨📸

Swipe through and feel the energy sa 𝐉𝐮𝐚𝐧𝟑𝟔𝟓 𝐂𝐨𝐥𝐨𝐫𝐠𝐚𝐦𝐞 𝐥𝐢𝐯𝐞!💖

#Juan365Studios #Juan365 #ALLINJUANLIVE #JuankadaHosts #JuankadaShann #Shanshines #PhotoDumpAesthetic #ShanshineMoments #Juan365Live #GoodVibesPH",,0,"01/02/2026 20:00",N/A,https://www.facebook.com/JuankadaShannOfficialPage/posts/pfbid0bhZtrf2K1rVSWj9TQcnwmuKGHkmXCyJCu43A3uTiaPoooaPhViqVGykMMQLZP5mCl,0,0,Photos,,,,,Lifetime,165,63,17,15,2,0,2,1,1,,,,,,,
122109897915149417,61584482528597,"Juankada Shann","Ako lang ba to o kilig na rin kayo? 😳💖𝐖𝐢𝐭𝐡 𝐉𝐮𝐚𝐧𝐤𝐚𝐝𝐚 𝐉𝐚𝐦𝐞𝐬 𝐑𝐞𝐢𝐝!🔥 

Comment ❤️ kung ready ka sa saya! sa Color game live in Juan365!

#JamesReidVibes #JuankadaLive #ShanshineEnergy #KiligMode #Juan365Studios #Juan365 #ALLINJUANLIVE #JuankadaHosts #JuankadaShann #Shanshines",,0,"01/03/2026 01:56",N/A,https://www.facebook.com/JuankadaShannOfficialPage/posts/pfbid0NJRrFhyAaLy59L26avabfSvcivqXz1Tw8fmRABbb2MwhdAbC5qXe158MYAxPnwwCl,0,0,Photos,,,,,Lifetime,259,107,19,12,4,3,27,21,6,,,,,,,
122109916419149417,61584482528597,"Juankada Shann","Hi Shanshines! ✨ Start your day with love, smiles, at good vibes! 💖

Drop a ❤️ at comment 💬 kung kasama ka!

#ShanshineVibes #Juan365Moments #GoodVibesOnly #PositiveEnergy #Juan365Studios #Juan365 #ALLINJUANLIVE #JuankadaHosts #JuankadaShann #Shanshines","Hi Shanshines! ✨ Start your day with love, smiles, at good vibes! 💖

Drop a ❤️ at comment 💬 kung kasama ka!

#ShanshineVibes #Juan365Moments #GoodVibesOnly #PositiveEnergy #Juan365Studios #Juan365 #ALLINJUANLIVE #JuankadaHosts #JuankadaShann #Shanshines",13,"01/03/2026 04:01",mixed,https://www.facebook.com/reel/925193696527301/,1,0,Videos,,,,,Lifetime,79,66,8,6,1,1,4,4,,,,285.097,4.255,0,0,0
122109965847149417,61584482528597,"Juankada Shann","𝐒𝐞𝐫𝐯𝐢𝐧𝐠 𝐂𝐨𝐥𝐨𝐫𝐬!🎨

Pick your favorite color, comment below, at join na sa Color Game LIVE sa Juan365! 💙🧡 

#JuankadaShann #CommentYourThoughts #TagAFriend #Followme #Shanshines #Juan365 #AllInJuanSaSaya #Juan365Studios  #SweetEnergy #DailyBeautyVibes #ServingColors #ColorGameLive","𝐒𝐞𝐫𝐯𝐢𝐧𝐠 𝐂𝐨𝐥𝐨𝐫𝐬!🎨

Pick your favorite color, comment below, at join na sa Color Game LIVE sa Juan365! 💙🧡 

#JuankadaShann #CommentYourThoughts #TagAFriend #Followme #Shanshines #Juan365 #AllInJuanSaSaya #Juan365Studios  #SweetEnergy #DailyBeautyVibes #ServingColors #ColorGameLive",18,"01/03/2026 08:52",N/A,https://www.facebook.com/reel/793402133772752/,1,0,Videos,,,,,Lifetime,139,110,6,6,0,0,2,2,,,,669.299,5.624,0,0,0
122109996033149417,61584482528597,"Juankada Shann","Wearing the lucky color of the year 🤍

Hit ♥️ and comment 💬 if you agree  he’s really lucky! ✨

 #JuankadaShann #CommentYourThoughts #TagAFriend #Followme #Shanshines #Juan365 #AllInJuanSaSaya #Juan365livestream #Juan365Studios  #SweetEnergy #DailyBeautyVibes #LuckyColor #GoodVibesOnly","Wearing the lucky color of the year 🤍

Hit ♥️ and comment 💬 if you agree  he’s really lucky! ✨

 #JuankadaShann #CommentYourThoughts #TagAFriend #Followme #Shanshines #Juan365 #AllInJuanSaSaya #Juan365livestream #Juan365Studios  #SweetEnergy #DailyBeautyVibes #LuckyColor #GoodVibesOnly",11,"01/03/2026 11:01",N/A,https://www.facebook.com/reel/1429766185451079/,1,0,Videos,,,,,Lifetime,143,107,12,8,2,2,1,1,,,,589.365,4.994,0,0,0
122110065939149417,61584482528597,"Juankada Shann","𝐒𝐞𝐫𝐯𝐢𝐧𝐠 𝐂𝐨𝐥𝐨𝐫𝐬!🎨

Pick your favorite color, comment below, at join na sa Color Game LIVE sa Juan365! 💙🧡 

#JuankadaShann #CommentYourThoughts #TagAFriend #Followme #Shanshines #Juan365 #AllInJuanSaSaya #Juan365Studios  #SweetEnergy #DailyBeautyVibes #ServingColors #ColorGameLive","𝐒𝐞𝐫𝐯𝐢𝐧𝐠 𝐂𝐨𝐥𝐨𝐫𝐬!🎨

Pick your favorite color, comment below, at join na sa Color Game LIVE sa Juan365! 💙🧡 

#JuankadaShann #CommentYourThoughts #TagAFriend #Followme #Shanshines #Juan365 #AllInJuanSaSaya #Juan365Studios  #SweetEnergy #DailyBeautyVibes #ServingColors #ColorGameLive",18,"01/03/2026 20:01",N/A,https://www.facebook.com/reel/1528114145178622/,1,0,Videos,,,,,Lifetime,190,134,11,8,3,0,5,5,,,,1223.108,8.493,0,0,0
122110067421149417,61584482528597,"Juankada Shann","Iba talaga pag si JuanKada Star ang kasama kaya kung gusto niyo ng more good vibes at gusto niyo makipag tawanan saamin at pumaldo TARA NA! Sa COLORGAME SA JUAN365😘✨🤗🌈💗",,0,"01/03/2026 20:16",N/A,https://www.facebook.com/JuankadaShannOfficialPage/posts/pfbid0anpgzG3Zd3ECJCaM3BFAF2Jp5r4JjEtM91Ccps6tBhFPJ7sLGhfpFZpyZtrzZuyl,0,1,Photos,,,,,Lifetime,99,53,4,3,0,1,7,3,4,,,,,,,
122110094391149417,61584482528597,"Juankada Shann","Hanap niyo ba ang 𝐮𝐥𝐭𝐢𝐦𝐚𝐭𝐞 𝐟𝐮𝐧? 𝐉𝐮𝐚𝐧𝟑𝟔𝟓 𝐂𝐨𝐥𝐨𝐫 𝐆𝐚𝐦𝐞 𝐋𝐈𝐕𝐄 𝐧𝐚! 🎨

Comment your color at sama-sama tayong magkulitan! 💖

 #JuankadaShann #CommentYourThoughts #TagAFriend #Followme #Shanshines #Juan365 #AllInJuanSaSaya #Juan365livestream #Juan365Studios  #SweetEnergy #DailyBeautyVibes","Hanap niyo ba ang 𝐮𝐥𝐭𝐢𝐦𝐚𝐭𝐞 𝐟𝐮𝐧? 𝐉𝐮𝐚𝐧𝟑𝟔𝟓 𝐂𝐨𝐥𝐨𝐫 𝐆𝐚𝐦𝐞 𝐋𝐈𝐕𝐄 𝐧𝐚! 🎨

Comment your color at sama-sama tayong magkulitan! 💖

 #JuankadaShann #CommentYourThoughts #TagAFriend #Followme #Shanshines #Juan365 #AllInJuanSaSaya #Juan365livestream #Juan365Studios  #SweetEnergy #DailyBeautyVibes",14,"01/04/2026 00:00",N/A,https://www.facebook.com/reel/908941378371038/,1,0,Videos,,,,,Lifetime,117,92,14,10,4,0,3,3,,,,446.079,4.598,0,0,0
122110137003149417,61584482528597,"Juankada Shann","Spin 𝐖𝐢𝐧 here sa 𝐉𝐮𝐚𝐧𝟑𝟔𝟓 Color Game LIVE! 🎉

Join na, comment live, at subukan ang iyong swerte!
Huwag palampasin ang saya, 𝐒𝐡𝐚𝐧𝐬𝐡𝐢𝐧𝐞𝐬! ✨

#JuankadaShann #CommentYourThoughts #TagAFriend #Followme #Shanshines #Juan365 #AllInJuanSaSaya #Juan365Studios  #SweetEnergy #DailyBeautyVibes #ColorGameLive #SpinWin","Spin 𝐖𝐢𝐧 here sa 𝐉𝐮𝐚𝐧𝟑𝟔𝟓 Color Game LIVE! 🎉

Join na, comment live, at subukan ang iyong swerte!
Huwag palampasin ang saya, 𝐒𝐡𝐚𝐧𝐬𝐡𝐢𝐧𝐞𝐬! ✨

#JuankadaShann #CommentYourThoughts #TagAFriend #Followme #Shanshines #Juan365 #AllInJuanSaSaya #Juan365Studios  #SweetEnergy #DailyBeautyVibes #ColorGameLive #SpinWin",11,"01/04/2026 05:01",mixed,https://www.facebook.com/reel/4201226623525432/,1,0,Videos,,,,,Lifetime,92,48,4,4,0,0,3,3,,,,400.391,7.149,0,0,0
122110141077149417,61584482528597,"Juankada Shann","Yung ang oa talaga ng reaction🤣 pero kung gusto niyo din mag karoon ng jackpot price at more more surprise download now JUAN365 and lets play Colorgame🥰🌈✨💗😘 #juankadashann #AllInJuanSaSaya #Juan365Studios #colorgamelive #Juan365 #Shanshines",,0,"01/04/2026 05:32",N/A,https://www.facebook.com/JuankadaShannOfficialPage/posts/pfbid02rQwC4KGBhg7TskGYT5VTRmSprG1qEQBJBhsDJ4ACZ7NgxkNz8wMUUWMwoMTU3J3ql,0,1,Text,,,,,Lifetime,,44,6,5,1,0,3,3,,,,,,,,
122110241793149417,61584482528597,"Juankada Shann","𝐉𝐚𝐜𝐤𝐩𝐨𝐭 𝐨 𝐣𝐚𝐜𝐤𝐩𝐨𝐭!? Huwag palampasin ang saya sa Juan365 Color Game LIVE!

Leave a ♥️ at comment 💬 para sure, sama tayo sa kulitan! 💖

#JuankadaShann #CommentYourThoughts #TagAFriend #Followme #Shanshines #Juan365 #AllInJuanSaSaya #Juan365Studios  #SweetEnergy #DailyBeautyVibes #ColorGameVibes #ShanshineEnergy #LuckyColor","𝐉𝐚𝐜𝐤𝐩𝐨𝐭 𝐨 𝐣𝐚𝐜𝐤𝐩𝐨𝐭!? Huwag palampasin ang saya sa Juan365 Color Game LIVE!

Leave a ♥️ at comment 💬 para sure, sama tayo sa kulitan! 💖

#JuankadaShann #CommentYourThoughts #TagAFriend #Followme #Shanshines #Juan365 #AllInJuanSaSaya #Juan365Studios  #SweetEnergy #DailyBeautyVibes #ColorGameVibes #ShanshineEnergy #LuckyColor",45,"01/04/2026 20:00",mixed,https://www.facebook.com/reel/835843842615651/,1,0,Videos,,,,,Lifetime,64,46,11,11,0,0,6,6,,,,669.777,12.88,0,0,0
122110258203149417,61584482528597,"Juankada Shann","𝐈𝐤𝐚𝐰 𝐧𝐚 𝐥𝐚𝐧𝐠 𝐚𝐧𝐠 𝐧𝐚𝐡𝐮𝐡𝐮𝐥𝐢!! Shanshines join na sa Juan365 Color Game LIVE!

Comment at leave a ♥️ para same tayo sa kulitan! ✨

#JuankadaShann #CommentYourThoughts #TagAFriend #Followme #Shanshines #Juan365 #AllInJuanSaSaya #Juan365Studios  #SweetEnergy #DailyBeautyVibes #ColorGameVibes #ShanshineEnergy #LuckyColor","𝐈𝐤𝐚𝐰 𝐧𝐚 𝐥𝐚𝐧𝐠 𝐚𝐧𝐠 𝐧𝐚𝐡𝐮𝐡𝐮𝐥𝐢!! Shanshines join na sa Juan365 Color Game LIVE!

Comment at leave a ♥️ para same tayo sa kulitan! ✨

#JuankadaShann #CommentYourThoughts #TagAFriend #Followme #Shanshines #Juan365 #AllInJuanSaSaya #Juan365Studios  #SweetEnergy #DailyBeautyVibes #ColorGameVibes #ShanshineEnergy #LuckyColor",37,"01/04/2026 23:00",mixed,https://www.facebook.com/reel/818402557919334/,1,0,Videos,,,,,Lifetime,211,56,22,14,6,2,8,8,,,,2434.752,15.913,0,0,0
122110433073149417,61584482528597,"Juankada Shann","𝐏𝐚𝐫𝐚𝐧𝐠… 🤭💖

Drop a ♥️ at comment para hindi ka ma-panis! 😆

#JuankadaShann #CommentYourThoughts #TagAFriend #Followme #Shanshines #Juan365 #AllInJuanSaSaya #Juan365Studios  #SweetEnergy #DailyBeautyVibes #Juan365Live #GoodVibesOnly #HitTheHeart #JoinTheFun","𝐏𝐚𝐫𝐚𝐧𝐠… 🤭💖

Drop a ♥️ at comment para hindi ka ma-panis! 😆

#JuankadaShann #CommentYourThoughts #TagAFriend #Followme #Shanshines #Juan365 #AllInJuanSaSaya #Juan365Studios  #SweetEnergy #DailyBeautyVibes #Juan365Live #GoodVibesOnly #HitTheHeart #JoinTheFun",15,"01/05/2026 18:40",N/A,https://www.facebook.com/reel/4437328803179656/,0,0,Videos,,,,,Lifetime,257,181,12,12,0,0,8,8,,,,1548.284,8.324,0,0,0
122110440549149417,61584482528597,"Juankada Shann","Basta kami ang kasama, asahan ang 𝐀𝐋𝐋 𝐈𝐍 𝐒𝐀 𝐒𝐀𝐘𝐀! 🔥
Join na sa 𝐉𝐮𝐚𝐧𝟑𝟔𝟓 𝐂𝐨𝐥𝐨𝐫 𝐆𝐚𝐦𝐞 𝐋𝐈𝐕𝐄 at sabay-sabay tayo sa kulitan! 

Leave a ♥️ at comment 💬!

#JuankadaShann #CommentYourThoughts #TagAFriend #Followme #Shanshines #Juan365 #AllInJuanSaSaya #Juan365Studios  #SweetEnergy #DailyBeautyVibes #ColorGameVibes #ShanshineEnergy #GoodTimesPH","Basta kami ang kasama, asahan ang 𝐀𝐋𝐋 𝐈𝐍 𝐒𝐀 𝐒𝐀𝐘𝐀! 🔥
Join na sa 𝐉𝐮𝐚𝐧𝟑𝟔𝟓 𝐂𝐨𝐥𝐨𝐫 𝐆𝐚𝐦𝐞 𝐋𝐈𝐕𝐄 at sabay-sabay tayo sa kulitan! 

Leave a ♥️ at comment 💬!

#JuankadaShann #CommentYourThoughts #TagAFriend #Followme #Shanshines #Juan365 #AllInJuanSaSaya #Juan365Studios  #SweetEnergy #DailyBeautyVibes #ColorGameVibes #ShanshineEnergy #GoodTimesPH",20,"01/05/2026 20:00",uploaded,https://www.facebook.com/reel/855313047353596/,1,0,Videos,,,,,Lifetime,152,93,13,10,3,0,6,6,,,,1173.662,10.386,0,0,0
122110441935149417,61584482528597,"Juankada Shann","Give ma give and its giving mothering naman talaga ang sisteret ko🥰😘💗🌈",,0,"01/05/2026 20:12",N/A,https://www.facebook.com/JuankadaShannOfficialPage/posts/pfbid02LeS3JLf77ETV5PAhyFY8AtEBG9XNcYrQm5GwTtbjsJ7YcMwYvrQTLnRHv8h9uF4Ml,0,1,Text,,,,,Lifetime,,37,2,2,0,0,3,3,,,,,,,,
122110472313149417,61584482528597,"Juankada Shann","𝟐𝟒/𝟕 𝐧𝐢𝐲𝐨 𝐤𝐚𝐦𝐢𝐧𝐠 𝐦𝐚𝐤𝐚𝐤𝐚𝐬𝐚𝐦𝐚 𝐬𝐚 𝐉𝐮𝐚𝐧𝟑𝟔𝟓 𝐂𝐨𝐥𝐨𝐫 𝐆𝐚𝐦𝐞 𝐋𝐈𝐕𝐄!🔥

Tap the ♥️ and follow kung gusto niyong 𝐦𝐚𝐤𝐚-𝐣𝐚𝐜𝐤𝐩𝐨𝐭!

#JuankadaShann #CommentYourThoughts #TagAFriend #Followme #Shanshines #Juan365 #AllInJuanSaSaya #Juan365Studios  #SweetEnergy #DailyBeautyVibes #JackpotFeels #GoodTimesPH","𝟐𝟒/𝟕 𝐧𝐢𝐲𝐨 𝐤𝐚𝐦𝐢𝐧𝐠 𝐦𝐚𝐤𝐚𝐤𝐚𝐬𝐚𝐦𝐚 𝐬𝐚 𝐉𝐮𝐚𝐧𝟑𝟔𝟓 𝐂𝐨𝐥𝐨𝐫 𝐆𝐚𝐦𝐞 𝐋𝐈𝐕𝐄!🔥

Tap the ♥️ and follow kung gusto niyong 𝐦𝐚𝐤𝐚-𝐣𝐚𝐜𝐤𝐩𝐨𝐭!

#JuankadaShann #CommentYourThoughts #TagAFriend #Followme #Shanshines #Juan365 #AllInJuanSaSaya #Juan365Studios  #SweetEnergy #DailyBeautyVibes #JackpotFeels #GoodTimesPH",15,"01/06/2026 00:00",uploaded,https://www.facebook.com/reel/1975111956405821/,1,0,Videos,,,,,Lifetime,183,102,11,6,4,1,5,5,,,,1190.775,9.76,0,0,0
122110547043149417,61584482528597,"Juankada Shann","Hello Shanshines! ✨
Live na ang good vibes at saya ngayon! 💖

👉 Comment HERE kung nandito ka na at ready makilaro ⬇️

#JuankadaShann #CommentYourThoughts #TagAFriend #Followme #Shanshines #Juan365 #AllInJuanSaSaya #Juan365Studios  #SweetEnergy #DailyBeautyVibes",,0,"01/06/2026 06:59",N/A,https://www.facebook.com/JuankadaShannOfficialPage/posts/pfbid02s9RBy9rWqSRSqGFJCKAYemQo4qJevRoVSDmxZ9qAuhRBB1pm7W8Lgr8THa6uDGLil,0,0,Photos,,,,,Lifetime,124,53,9,9,0,0,9,3,6,,,,,,,
122110627779149417,61584482528597,"Juankada Shann","𝐒𝐡𝐚𝐧𝐬𝐡𝐢𝐧𝐞𝐬 𝐋𝐢𝐤𝐞 𝐦𝐞? 💖

Hit the ♥️ and follow para ma-bless ka today! ✨💫

#JuankadaShann #CommentYourThoughts #TagAFriend #Followme #Shanshines #Juan365 #AllInJuanSaSaya #Juan365Studios  #SweetEnergy #DailyBeautyVibes #GoodVibesOnly #ChillAndDance #ShanshineVibes","𝐒𝐡𝐚𝐧𝐬𝐡𝐢𝐧𝐞𝐬 𝐋𝐢𝐤𝐞 𝐦𝐞? 💖

Hit the ♥️ and follow para ma-bless ka today! ✨💫

#JuankadaShann #CommentYourThoughts #TagAFriend #Followme #Shanshines #Juan365 #AllInJuanSaSaya #Juan365Studios  #SweetEnergy #DailyBeautyVibes #GoodVibesOnly #ChillAndDance #ShanshineVibes",9,"01/06/2026 18:31",N/A,https://www.facebook.com/reel/4292804347532221/,1,0,Videos,,,,,Lifetime,169,89,13,10,2,1,6,6,,,,755.387,7.194,0,0,0
122110643709149417,61584482528597,"Juankada Shann","𝐂𝐡𝐢𝐥𝐥𝐢𝐧 𝐟𝐢𝐭, 𝐦𝐢𝐫𝐫𝐨𝐫 𝐦𝐨𝐦𝐞𝐧𝐭 📸

Click ♥️ and comment para swertehin ka! 

#MirrorShot #ChillVibes #OOTD #CasualFit #JuankadaShann #CommentYourThoughts #TagAFriend #Followme #Shanshines #Juan365 #AllInJuanSaSaya #Juan365Studios  #SweetEnergy #DailyBeautyVibes",,0,"01/06/2026 21:30",N/A,https://www.facebook.com/JuankadaShannOfficialPage/posts/pfbid0XBTsZVJJmRrGvE8aXtChoKZKoRR73owcoeEMoJToNfs6QCTwMvfBqTfBMyoKUk7sl,0,0,Photos,,,,,Lifetime,114,43,8,7,1,0,7,2,5,,,,,,,
122110655979149417,61584482528597,"Juankada Shann","𝐁𝐨𝐥𝐝 𝐜𝐨𝐥𝐨𝐫𝐬, 𝐥𝐨𝐮𝐝𝐞𝐫 𝐜𝐨𝐧𝐟𝐢𝐝𝐞𝐧𝐜𝐞 ✨🌈

Leave ♥️  para mag karoon kana rin ng confidence! 

#ColorfulConfidence #UnapologeticallyMe #StyleWithAttitude #JuankadaShann #CommentYourThoughts #TagAFriend #Followme #Shanshines #Juan365 #AllInJuanSaSaya #Juan365Studios  #SweetEnergy #DailyBeautyVibes",,0,"01/06/2026 23:30",N/A,https://www.facebook.com/JuankadaShannOfficialPage/posts/pfbid0qmaxcE3RdZCqis2TEzYd65Lf5yEDNQNPfFrMmjPHZukVsEcWDDReWczhCoG4ej2Dl,0,0,Photos,,,,,Lifetime,117,54,11,8,2,1,7,5,2,,,,,,,
122110674333149417,61584482528597,"Juankada Shann","𝐒𝐡𝐚𝐧𝐬𝐡𝐢𝐧𝐞𝐬, 𝐬𝐚 𝐉𝐮𝐚𝐧𝟑𝟔𝟓 𝐂𝐨𝐥𝐨𝐫 𝐆𝐚𝐦𝐞 𝐋𝐈𝐕𝐄 𝐧𝐢𝐲𝐨 𝐥𝐚𝐧𝐠 𝐦𝐚𝐭𝐚𝐭𝐚𝐠𝐩𝐮𝐚𝐧 𝐚𝐧𝐠 𝐭𝐮𝐧𝐚𝐲 𝐧𝐚 𝐬𝐚𝐲𝐚! 🎨

React ♥️ at comment para maging masaya ka na rin! 😄

Music used belongs to its rightful owner. No copyright infringement intended.
#JuankadaShann #CommentYourThoughts #TagAFriend #Followme #Shanshines #Juan365 #AllInJuanSaSaya #Juan365Studios  #SweetEnergy #DailyBeautyVibes #ColorGameVibes #ShanshineEnergy #AllInSaSaya","𝐒𝐡𝐚𝐧𝐬𝐡𝐢𝐧𝐞𝐬, 𝐬𝐚 𝐉𝐮𝐚𝐧𝟑𝟔𝟓 𝐂𝐨𝐥𝐨𝐫 𝐆𝐚𝐦𝐞 𝐋𝐈𝐕𝐄 𝐧𝐢𝐲𝐨 𝐥𝐚𝐧𝐠 𝐦𝐚𝐭𝐚𝐭𝐚𝐠𝐩𝐮𝐚𝐧 𝐚𝐧𝐠 𝐭𝐮𝐧𝐚𝐲 𝐧𝐚 𝐬𝐚𝐲𝐚! 🎨

React ♥️ at comment para maging masaya ka na rin! 😄

Music used belongs to its rightful owner. No copyright infringement intended.
#JuankadaShann #CommentYourThoughts #TagAFriend #Followme #Shanshines #Juan365 #AllInJuanSaSaya #Juan365Studios  #SweetEnergy #DailyBeautyVibes #ColorGameVibes #ShanshineEnergy #AllInSaSaya",27,"01/07/2026 02:00",N/A,https://www.facebook.com/reel/868774325930804/,1,0,Videos,,,,,Lifetime,79,57,13,9,4,0,6,6,,,,573.881,9.564,0,0,0
122175045374762707,61572881214141,Juan365,"Bakit hindi pareho? Sa 𝐂𝐎𝐋𝐎𝐑 𝐆𝐀𝐌𝐄, Juankada, panalo ka sa swerte at saya! 🎨✨

Huwag pahuli—join the fun with Juan! Message us to guide you, Juankada 🧑‍🌾🎉

#Juan365 #Juan365PH #AllInJuanSaSaya #JuanKada","Bakit hindi pareho? Sa 𝐂𝐎𝐋𝐎𝐑 𝐆𝐀𝐌𝐄, Juankada, panalo ka sa swerte at saya! 🎨✨

Huwag pahuli—join the fun with Juan! Message us to guide you, Juankada 🧑‍🌾🎉

#Juan365 #Juan365PH #AllInJuanSaSaya #JuanKada",10,"01/07/2026 05:00",N/A,https://www.facebook.com/reel/1170985318580735/,1,0,Videos,,,,,Lifetime,,9715,385,210,111,64,,115,,,,34786.109,3.175,0,,
122110716435149417,61584482528597,"Juankada Shann","Hi 𝐒𝐡𝐚𝐧𝐬𝐡𝐢𝐧𝐞𝐬! It’s your host, 𝐉𝐮𝐚𝐧𝐤𝐚𝐝𝐚 𝐒𝐡𝐚𝐧𝐧 💙

Samahan niyo ko ngayong gabi sa 𝐉𝐮𝐚𝐧𝟑𝟔𝟓 𝐂𝐨𝐥𝐨𝐫 𝐆𝐚𝐦𝐞 𝐋𝐈𝐕𝐄🎨🔥

#JuankadaShann #CommentYourThoughts #TagAFriend #Followme #Shanshines #Juan365 #AllInJuanSaSaya #Juan365Studios  #SweetEnergy #DailyBeautyVibes #ColorGameVibes #ShanshineEnergy",,0,"01/07/2026 06:49",N/A,https://www.facebook.com/JuankadaShannOfficialPage/posts/pfbid0u5o9nA1sQJM95g17xaGsu5bSJjgeRGGdqdfMTiGXhfKaqr2Mq6TcJiaczYxGKptVl,0,0,Photos,,,,,Lifetime,98,42,7,5,2,0,5,3,2,,,,,,,
122110742469149417,61584482528597,"Juankada Shann",,,0,"01/07/2026 09:35",N/A,https://www.facebook.com/JuankadaShannOfficialPage/posts/pfbid02kk6xS5knP5EAQGqeVQj7TByMFRYNSJqmJ25eFuoDyeJYVdsrSPYf8Yu4tUVPiQQrl,0,1,Photos,,,,,Lifetime,72,42,4,3,0,1,6,5,1,,,,,,,
122110796079149417,61584482528597,"Juankada Shann","Hindi kapa nakapag download! 𝐆𝐈𝐆𝐈𝐋 nako sayo!🔥

Tap a ♥️ at comment HOW para ma guide kita! 😊

#JuankadaShann #CommentYourThoughts #TagAFriend #Followme #Shanshines #Juan365 #AllInJuanSaSaya #Juan365Studios  #SweetEnergy #DailyBeautyVibes #ColorGameLive","Hindi kapa nakapag download! 𝐆𝐈𝐆𝐈𝐋 nako sayo!🔥

Tap a ♥️ at comment HOW para ma guide kita! 😊

#JuankadaShann #CommentYourThoughts #TagAFriend #Followme #Shanshines #Juan365 #AllInJuanSaSaya #Juan365Studios  #SweetEnergy #DailyBeautyVibes #ColorGameLive",40,"01/07/2026 17:42",N/A,https://www.facebook.com/reel/1249244333777104/,0,0,Videos,,,,,Lifetime,101,81,20,18,2,0,11,11,,,,866.809,10.701,0,0,0
122110812951149417,61584482528597,"Juankada Shann","𝐒𝐦𝐢𝐥𝐞𝐬 𝐭𝐡𝐚𝐭 𝐥𝐢𝐠𝐡𝐭 𝐮𝐩 𝐭𝐡𝐞 𝐟𝐞𝐞𝐝! ✨

Drop a ♥️ if this made you smile today!

Music used belongs to its rightful owner. No copyright infringement intended.
#JuankadaShann #CommentYourThoughts #TagAFriend #Followme #Shanshines #Juan365 #AllInJuanSaSaya #Juan365Studios  #SweetEnergy #DailyBeautyVibes #SmileMore #ConfidenceGoals #HappyVibes #OOTDInspo #PositiveEnergy","𝐒𝐦𝐢𝐥𝐞𝐬 𝐭𝐡𝐚𝐭 𝐥𝐢𝐠𝐡𝐭 𝐮𝐩 𝐭𝐡𝐞 𝐟𝐞𝐞𝐝! ✨

Drop a ♥️ if this made you smile today!

Music used belongs to its rightful owner. No copyright infringement intended.
#JuankadaShann #CommentYourThoughts #TagAFriend #Followme #Shanshines #Juan365 #AllInJuanSaSaya #Juan365Studios  #SweetEnergy #DailyBeautyVibes #SmileMore #ConfidenceGoals #HappyVibes #OOTDInspo #PositiveEnergy",25,"01/07/2026 20:00",mixed,https://www.facebook.com/reel/1551114756127999/,1,0,Videos,,,,,Lifetime,148,116,24,16,7,1,6,6,,,,875.508,7.547,0,0,0
122110897263149417,61584482528597,"Juankada Shann","Hi 𝐒𝐡𝐚𝐧𝐬𝐡𝐢𝐧𝐞𝐬! It’s your host, 𝐉𝐮𝐚𝐧𝐤𝐚𝐝𝐚 𝐒𝐡𝐚𝐧𝐧 💙

Samahan niyo ko mamaya sa 𝐉𝐮𝐚𝐧𝟑𝟔𝟓 𝐂𝐨𝐥𝐨𝐫 𝐆𝐚𝐦𝐞 𝐋𝐈𝐕𝐄🎨🔥

#JuankadaShann #CommentYourThoughts #TagAFriend #Followme #Shanshines #Juan365 #AllInJuanSaSaya #Juan365Studios  #SweetEnergy #DailyBeautyVibes #ColorGameVibes #ShanshineEnergy",,0,"01/08/2026 06:00",N/A,https://www.facebook.com/JuankadaShannOfficialPage/posts/pfbid0QX5XCT3gCCvwJcY5UsCdnDFsugVP8qVZiXsBB1arBCpzn2hYBmrw4H2xjVZ1TL9Gl,0,0,Photos,,,,,Lifetime,257,148,12,10,1,1,6,2,4,,,,,,,
122111015223149417,61584482528597,"Juankada Shann","𝐏𝐥𝐚𝐲, 𝐞𝐧𝐣𝐨𝐲, 𝐚𝐧𝐝 𝐢𝐭’𝐬 𝐠𝐨𝐧𝐧𝐚 𝐛𝐞 𝐚𝐥𝐫𝐢𝐠𝐡𝐭! 😎💖

#JuankadaShann #CommentYourThoughts #TagAFriend #Followme #Shanshines #Juan365 #AllInJuanSaSaya #Juan365Studios  #SweetEnergy #DailyBeautyVibes #PlayAndEnjoy #ShanshineEnergy","𝐏𝐥𝐚𝐲, 𝐞𝐧𝐣𝐨𝐲, 𝐚𝐧𝐝 𝐢𝐭’𝐬 𝐠𝐨𝐧𝐧𝐚 𝐛𝐞 𝐚𝐥𝐫𝐢𝐠𝐡𝐭! 😎💖

#JuankadaShann #CommentYourThoughts #TagAFriend #Followme #Shanshines #Juan365 #AllInJuanSaSaya #Juan365Studios  #SweetEnergy #DailyBeautyVibes #PlayAndEnjoy #ShanshineEnergy",14,"01/08/2026 23:09",N/A,https://www.facebook.com/reel/852475904091677/,0,0,Videos,,,,,Lifetime,270,210,12,11,1,0,8,8,,,,1519.786,7.135,0,0,0
122111049531149417,61584482528597,"Juankada Shann","𝐒𝐭𝐚𝐲 𝐰𝐢𝐭𝐡 𝐦𝐞 𝐚𝐧𝐝 𝐥𝐞𝐭’𝐬 𝐦𝐚𝐤𝐞 𝐭𝐨𝐝𝐚𝐲 𝐰𝐨𝐫𝐭𝐡 𝐫𝐞𝐦𝐞𝐦𝐛𝐞𝐫𝐢𝐧𝐠 💖

#JuankadaShann #CommentYourThoughts #TagAFriend #Followme #Shanshines #Juan365 #AllInJuanSaSaya #Juan365Studios  #SweetEnergy #DailyBeautyVibes #TodayStory #GoodVibesOnly","𝐒𝐭𝐚𝐲 𝐰𝐢𝐭𝐡 𝐦𝐞 𝐚𝐧𝐝 𝐥𝐞𝐭’𝐬 𝐦𝐚𝐤𝐞 𝐭𝐨𝐝𝐚𝐲 𝐰𝐨𝐫𝐭𝐡 𝐫𝐞𝐦𝐞𝐦𝐛𝐞𝐫𝐢𝐧𝐠 💖

#JuankadaShann #CommentYourThoughts #TagAFriend #Followme #Shanshines #Juan365 #AllInJuanSaSaya #Juan365Studios  #SweetEnergy #DailyBeautyVibes #TodayStory #GoodVibesOnly",13,"01/09/2026 03:00",N/A,https://www.facebook.com/reel/1228881535872760/,1,0,Videos,,,,,Lifetime,168,138,20,9,8,3,3,3,,,,470.651,3.245,0,0,0
122111083275149417,61584482528597,"Juankada Shann","𝐇𝐢 𝐒𝐡𝐚𝐧𝐬𝐡𝐢𝐧𝐞𝐬! 𝐋𝐞𝐭’𝐬 𝐩𝐥𝐚𝐲, 𝐞𝐧𝐣𝐨𝐲, 𝐚𝐧𝐝 𝐰𝐢𝐧 𝐭𝐨𝐠𝐞𝐭𝐡𝐞𝐫 ♥️

#JuankadaShann #CommentYourThoughts #TagAFriend #Followme #Shanshines #Juan365 #AllInJuanSaSaya #Juan365Studios  #SweetEnergy #DailyBeautyVibes #ColorGameVibes #ShanshineEnergy",,0,"01/09/2026 05:55",N/A,https://www.facebook.com/JuankadaShannOfficialPage/posts/pfbid0JdFX26j6Q8ZQNSwR7yQHLzFQcA8C5DgWCmQYxdqUctGEXN8rsvArbk3YTdhi1W9Rl,0,0,Photos,,,,,Lifetime,137,55,18,10,6,2,11,8,3,,,,,,,
122111104665149417,61584482528597,"Juankada Shann","𝐆𝐨𝐨𝐝 𝐞𝐧𝐞𝐫𝐠𝐲 𝐚𝐥𝐥 𝐝𝐚𝐲.

#WorkAndSmile #GoodVibesOnly #PositiveEnergy #JuankadaShann #CommentYourThoughts #TagAFriend #Followme #Shanshines #Juan365 #AllInJuanSaSaya #Juan365Studios  #SweetEnergy #DailyBeautyVibes","𝐆𝐨𝐨𝐝 𝐞𝐧𝐞𝐫𝐠𝐲 𝐚𝐥𝐥 𝐝𝐚𝐲.

#WorkAndSmile #GoodVibesOnly #PositiveEnergy #JuankadaShann #CommentYourThoughts #TagAFriend #Followme #Shanshines #Juan365 #AllInJuanSaSaya #Juan365Studios  #SweetEnergy #DailyBeautyVibes",15,"01/09/2026 08:00",N/A,https://www.facebook.com/reel/2324270448058858/,1,0,Videos,,,,,Lifetime,285,226,16,12,3,1,5,5,,,,1449.769,5.966,0,0,0
122111134551149417,61584482528597,"Juankada Shann","𝐈𝐧𝐬𝐭𝐚𝐧𝐭 𝐧𝐞𝐰 𝐜𝐞𝐥𝐥𝐩𝐡𝐨𝐧𝐞🤣

#JuankadaShann #CommentYourThoughts #TagAFriend #Followme #Shanshines #Juan365 #AllInJuanSaSaya #Juan365Studios  #SweetEnergy #DailyBeautyVibes #NewPhone #InstantUpgrade","𝐈𝐧𝐬𝐭𝐚𝐧𝐭 𝐧𝐞𝐰 𝐜𝐞𝐥𝐥𝐩𝐡𝐨𝐧𝐞🤣

#JuankadaShann #CommentYourThoughts #TagAFriend #Followme #Shanshines #Juan365 #AllInJuanSaSaya #Juan365Studios  #SweetEnergy #DailyBeautyVibes #NewPhone #InstantUpgrade",15,"01/09/2026 12:31",N/A,https://www.facebook.com/reel/1855270335355562/,1,0,Videos,,,,,Lifetime,135,54,16,10,4,2,8,8,,,,791.024,8.887,0,0,0
122111191857149417,61584482528597,"Juankada Shann","𝐌𝐚𝐤𝐞 𝐬𝐨𝐦𝐞! 🔊

#JuankadaShann #Shanshines #Followme #TagAFriend #MakeSomeNoise","𝐌𝐚𝐤𝐞 𝐬𝐨𝐦𝐞! 🔊

#JuankadaShann #Shanshines #Followme #TagAFriend #MakeSomeNoise",15,"01/09/2026 22:00",N/A,https://www.facebook.com/reel/901830128866228/,1,0,Videos,,,,,Lifetime,123,87,1,1,0,0,0,,,,,652.846,7.096,0,0,0
122111200677149417,61584482528597,"Juankada Shann",,,0,"01/09/2026 23:40",N/A,https://www.facebook.com/JuankadaShannOfficialPage/posts/pfbid02afW5iSJJf8SE8m6uV5i8bQYbFg1XJRsNZBAeB84ThsJP58Rv8DBmKXZPcHYznAGcl,0,1,Photos,,,,,Lifetime,62,30,5,3,2,0,6,6,,,,,,,,
122111270913149417,61584482528597,"Juankada Shann","Umpisahan nanating kulayan ang iniyong mga kapalaran ng kasiwertehan dito sa pinaka makulay na laro dito sa color game tara na manood at mag laro ngayong gabi ✨🌈💗

#JuankadaShann #Shanshines #Followme #TagAFriend #ColorGameVibes",,0,"01/10/2026 05:40",N/A,https://www.facebook.com/JuankadaShannOfficialPage/posts/pfbid0218UCXgq6ZKAnhnwUo9c7YPvawNwMwbMNgj9PgCkP9LMTjv93ouwT54XutrwSEwbnl,0,0,Photos,,,,,Lifetime,105,42,4,3,1,0,6,2,4,,,,,,,
122111272743149417,61584482528597,"Juankada Shann","𝐇𝐢𝐧𝐝𝐢 𝐚𝐤𝐨 𝐠𝐚𝐥𝐢𝐭 ,𝐧𝐚𝐠 𝐥𝐚𝐥𝐚𝐦𝐛𝐢𝐧𝐠 𝐥𝐚𝐧𝐠, 𝐒𝐡𝐚𝐧𝐬𝐡𝐢𝐧𝐞𝐬!  ✨

#JuankadaShann #Shanshines #Followme #TagAFriend #LambingLang","𝐇𝐢𝐧𝐝𝐢 𝐚𝐤𝐨 𝐠𝐚𝐥𝐢𝐭 ,𝐧𝐚𝐠 𝐥𝐚𝐥𝐚𝐦𝐛𝐢𝐧𝐠 𝐥𝐚𝐧𝐠, 𝐒𝐡𝐚𝐧𝐬𝐡𝐢𝐧𝐞𝐬!  ✨

#JuankadaShann #Shanshines #Followme #TagAFriend #LambingLang",48,"01/10/2026 06:00",mixed,https://www.facebook.com/reel/2780079275663353/,1,0,Videos,,,,,Lifetime,57,40,7,7,0,0,8,8,,,,700.914,16.3,0,0,0
122111331237149417,61584482528597,"Juankada Shann","𝐆𝐨𝐨𝐝 𝐦𝐨𝐫𝐧𝐢𝐧𝐠, 𝐒𝐡𝐚𝐧𝐬𝐡𝐢𝐧𝐞𝐬!! ☀️💗
Triple Pink… tapos 𝐉𝐀𝐂𝐊𝐏𝐎𝐓 agad! 😏💥
Huling chance na baka ma-miss mo ulit! 😱✨
Drop a 💗 kung gusto mo next ma-feel ang swerte!

#Juan365 #AllInJuanSaSaya #Juan365Studios #CommentYourThoughts #JuankadaShann #TagAFriend #Followme #Shanshines    #SweetEnergy #DailyBeautyVibes #ColorGameVibes #ShanshineEnergy","𝐆𝐨𝐨𝐝 𝐦𝐨𝐫𝐧𝐢𝐧𝐠, 𝐒𝐡𝐚𝐧𝐬𝐡𝐢𝐧𝐞𝐬!! ☀️💗
Triple Pink… tapos 𝐉𝐀𝐂𝐊𝐏𝐎𝐓 agad! 😏💥
Huling chance na baka ma-miss mo ulit! 😱✨
Drop a 💗 kung gusto mo next ma-feel ang swerte!

#Juan365 #AllInJuanSaSaya #Juan365Studios #CommentYourThoughts #JuankadaShann #TagAFriend #Followme #Shanshines    #SweetEnergy #DailyBeautyVibes #ColorGameVibes #ShanshineEnergy",24,"01/10/2026 13:22",N/A,https://www.facebook.com/reel/2072525326621296/,0,0,Videos,,,,,Lifetime,73,39,8,6,2,0,2,2,,,,783.563,14.784,0,0,0
122111357871149417,61584482528597,"Juankada Shann","𝐂𝐨𝐳𝐲 𝐯𝐢𝐛𝐞𝐬, 𝐛𝐢𝐠 𝐬𝐦𝐢𝐥𝐞𝐬! 🧸✨💗🌈

#JuankadaShann #Shanshines #Followme #TagAFriend #StyleWithPersonality",,0,"01/10/2026 18:47",N/A,https://www.facebook.com/JuankadaShannOfficialPage/posts/pfbid0YQ87frFbG5uQRgyEMi9xRU3hXtJoivgFfvd8P6TqADU3pjVWRzX4H3uFhGTNKJzul,0,0,Photos,,,,,Lifetime,132,54,12,7,4,1,3,2,1,,,,,,,
122111384037149417,61584482528597,"Juankada Shann","𝐈𝐭’𝐬 𝐚 𝐁𝐎𝐘! 💙🎉

#JuankadaShann #Shanshines #Followme #TagAFriend #ItsABoy #CelebrateWithUs","𝐈𝐭’𝐬 𝐚 𝐁𝐎𝐘! 💙🎉

#JuankadaShann #Shanshines #Followme #TagAFriend #ItsABoy #CelebrateWithUs",23,"01/10/2026 23:00",mixed,https://www.facebook.com/reel/850665047836149/,1,0,Videos,,,,,Lifetime,80,48,8,7,1,0,6,6,,,,617.89,11.033,0,0,0
122111415939149417,61584482528597,"Juankada Shann","𝐒𝐡𝐚𝐧𝐬𝐡𝐢𝐧𝐞𝐬, 𝐭𝐚𝐫𝐚 𝐧𝐚 𝐚𝐭 𝐬𝐚𝐛𝐚𝐲-𝐬𝐚𝐛𝐚𝐲 𝐭𝐚𝐲𝐨 𝐬𝐚 𝐬𝐚𝐲𝐚! 💙🧡

#JuankadaShann #Shanshines #Followme #TagAFriend #GoodVibesLang","𝐒𝐡𝐚𝐧𝐬𝐡𝐢𝐧𝐞𝐬, 𝐭𝐚𝐫𝐚 𝐧𝐚 𝐚𝐭 𝐬𝐚𝐛𝐚𝐲-𝐬𝐚𝐛𝐚𝐲 𝐭𝐚𝐲𝐨 𝐬𝐚 𝐬𝐚𝐲𝐚! 💙🧡

#JuankadaShann #Shanshines #Followme #TagAFriend #GoodVibesLang",35,"01/11/2026 03:01",mixed,https://www.facebook.com/reel/1218466123576329/,1,0,Videos,,,,,Lifetime,183,126,7,6,0,1,2,2,,,,1083.585,6.647,0,0,0
122111447751149417,61584482528597,"Juankada Shann","𝐅𝐞𝐞𝐥 𝐭𝐡𝐞 𝐛𝐞𝐚𝐭  𝐉𝐨𝐢𝐧 𝐂𝐨𝐥𝐨𝐫 𝐆𝐚𝐦𝐞𝐬 𝐋𝐈𝐕𝐄 𝐚𝐭 𝐉𝐮𝐚𝐧𝟑𝟔𝟓! 🔥

#JuankadaShann #Shanshines #Followme #TagAFriend #FeelTheBeat","𝐅𝐞𝐞𝐥 𝐭𝐡𝐞 𝐛𝐞𝐚𝐭  𝐉𝐨𝐢𝐧 𝐂𝐨𝐥𝐨𝐫 𝐆𝐚𝐦𝐞𝐬 𝐋𝐈𝐕𝐄 𝐚𝐭 𝐉𝐮𝐚𝐧𝟑𝟔𝟓! 🔥

#JuankadaShann #Shanshines #Followme #TagAFriend #FeelTheBeat",16,"01/11/2026 06:00",N/A,https://www.facebook.com/reel/2276668319493099/,1,0,Videos,,,,,Lifetime,187,150,8,6,1,1,1,1,,,,952.106,6.182,0,0,0
122111526075149417,61584482528597,"Juankada Shann","𝐒𝐨𝐫𝐫𝐲 𝐧𝐚 𝐤𝐢𝐧𝐢𝐥𝐢𝐠 𝐥𝐚𝐧𝐠 𝐚𝐧𝐠 𝐄𝐀! 😳💖

#JuankadaShann #Shanshines #Followme #TagAFriend #KiligMoments  #JuankadaPapaJoe","𝐒𝐨𝐫𝐫𝐲 𝐧𝐚 𝐤𝐢𝐧𝐢𝐥𝐢𝐠 𝐥𝐚𝐧𝐠 𝐚𝐧𝐠 𝐄𝐀! 😳💖

#JuankadaShann #Shanshines #Followme #TagAFriend #KiligMoments  #JuankadaPapaJoe",11,"01/11/2026 17:00",mixed,https://www.facebook.com/reel/1427411102503088/,1,0,Videos,,,,,Lifetime,1350,1074,33,29,2,2,11,11,,,,7076.733,6.558,0,0,0
122111545371149417,61584482528597,"Juankada Shann","𝐅𝐫𝐢𝐞𝐧𝐝𝐬𝐡𝐢𝐩 𝐧𝐞𝐯𝐞𝐫 𝐞𝐧𝐝𝐬 𝐒𝐡𝐚𝐧𝐬𝐡𝐢𝐧𝐞𝐬 ✨

#JuankadaShann #Shanshines #Followme #TagAFriend #FriendshipGoals","𝐅𝐫𝐢𝐞𝐧𝐝𝐬𝐡𝐢𝐩 𝐧𝐞𝐯𝐞𝐫 𝐞𝐧𝐝𝐬 𝐒𝐡𝐚𝐧𝐬𝐡𝐢𝐧𝐞𝐬 ✨

#JuankadaShann #Shanshines #Followme #TagAFriend #FriendshipGoals",25,"01/11/2026 20:00",mixed,https://www.facebook.com/reel/1241722457918803/,1,0,Videos,,,,,Lifetime,170,143,11,11,0,0,1,1,,,,967.324,6.535,0,0,0
122111585019149417,61584482528597,"Juankada Shann","𝐃𝐞𝐧𝐢𝐦 𝐨𝐧 𝐝𝐞𝐧𝐢𝐦, 𝐡𝐞𝐚𝐫𝐭 𝐨𝐧 𝐜𝐡𝐢𝐥𝐥 😎💖

JuankadaShann #Shanshines #Followme #TagAFriend #OOTDInspo #RelaxMode",,0,"01/12/2026 02:06",N/A,https://www.facebook.com/JuankadaShannOfficialPage/posts/pfbid09NbKvBxaPY9wET23TRYphBV6jB9DH4BGgzPLQs9yHgVsPTyMkkAENKvv2YyaiKj9l,0,0,Photos,,,,,Lifetime,147,52,14,9,3,2,18,16,2,,,,,,,
122111708073149417,61584482528597,"Juankada Shann","Hindi talaga kaya maging lalaki mga Shanshines.

#JuankadaShann #Shanshines #Followme #TagAFriend","Hindi talaga kaya maging lalaki mga Shanshines.

#JuankadaShann #Shanshines #Followme #TagAFriend",11,"01/12/2026 22:58",N/A,https://www.facebook.com/reel/2654632998207922/,0,0,Videos,,,,,Lifetime,183,67,11,9,2,0,15,15,,,,1378.446,17.017,0,0,0
1312790064220077,100064672885113,"Juankada host Drae","Hi Draemons!!! 🔥 Miss niyo na ba ako sa Color Game? 👀 Bukas babawi ako juakada kita, kits tayo!

#Juan365  #Juan365Studios #Juan365ColorGame #JuankadaHostDrae #ALLINJUANLIVE #JuankadaHosts #JuankadaHosts",,0,"01/11/2026 23:00",N/A,https://www.facebook.com/JuankadaDrae/posts/pfbid02iH9UuZAhJe8tdKD8RCyvKfhrKrLYaWvdkfW39r5iEainra9p46Mgq6ivCqmMUoR3l,0,0,Photos,,,,,Lifetime,288,113,29,17,6,6,12,11,1,,,,,,,
1312703564228727,100064672885113,"Juankada host Drae","When I start dancing, it’s impossible not to watch! 

Watch me na lang lagi sa Color Game para lagi niyong makita ang mga ganyang moves ko💯🔥

#Juan365  #Juan365Studios #Juan365ColorGame #JuankadaHostDrae #ALLINJUANLIVE #JuankadaHosts #JuankadaHosts","When I start dancing, it’s impossible not to watch! 

Watch me na lang lagi sa Color Game para lagi niyong makita ang mga ganyang moves ko💯🔥

#Juan365  #Juan365Studios #Juan365ColorGame #JuankadaHostDrae #ALLINJUANLIVE #JuankadaHosts #JuankadaHosts",16,"01/11/2026 20:30",mixed,https://www.facebook.com/reel/924715403219100/,1,0,Videos,,,,,Lifetime,268,156,24,21,3,0,26,26,,,,2061.007,11.913,0,0,0
1312050080960742,100064672885113,"Juankada host Drae","Sakto mag-Valentines na, flowers and chocolates who??? PERA ANG GUSTO KO! 💸💔

Sinong nakakarelate, draemons? 😅

#Juan365  #Juan365Studios #Juan365ColorGame #JuankadaHostDrae #ALLINJUANLIVE #JuankadaHosts #JuankadaHosts","Sakto mag-Valentines na, flowers and chocolates who??? PERA ANG GUSTO KO! 💸💔

Sinong nakakarelate, draemons? 😅

#Juan365  #Juan365Studios #Juan365ColorGame #JuankadaHostDrae #ALLINJUANLIVE #JuankadaHosts #JuankadaHosts",11,"01/10/2026 23:00",mixed,https://www.facebook.com/reel/2054018158696282/,1,0,Videos,,,,,Lifetime,868,352,68,44,18,6,71,71,,,,5744.739,10.963,0,0,0
1311884394310644,100064672885113,"Juankada host Drae","Hi, Draemons! 😄 Just stopping by to sprinkle konting good vibes sa araw niyo! ✨

Abangan niyo 'ko palagi sa Color Game—kitakits! 

#Juan365  #Juan365Studios #Juan365ColorGame #JuankadaHostDrae #ALLINJUANLIVE #JuankadaHosts #JuankadaHosts","Hi, Draemons! 😄 Just stopping by to sprinkle konting good vibes sa araw niyo! ✨

Abangan niyo 'ko palagi sa Color Game—kitakits! 

#Juan365  #Juan365Studios #Juan365ColorGame #JuankadaHostDrae #ALLINJUANLIVE #JuankadaHosts #JuankadaHosts",21,"01/10/2026 18:00",N/A,https://www.facebook.com/reel/856770403840782/,1,0,Videos,,,,,Lifetime,295,232,19,15,3,1,14,14,,,,1773.343,7.327,0,0,0
1311538417678575,100064672885113,"Juankada host Drae","Pigilan mong sarili mong mahulog sa katulad ko… kung kaya mo? 🤪

Pusuan mo nga ‘to kung matapang ka 🤔

#Juan365  #Juan365Studios #Juan365ColorGame #JuankadaHostDrae #ALLINJUANLIVE #JuankadaHosts #JuankadaHosts","Pigilan mong sarili mong mahulog sa katulad ko… kung kaya mo? 🤪

Pusuan mo nga ‘to kung matapang ka 🤔

#Juan365  #Juan365Studios #Juan365ColorGame #JuankadaHostDrae #ALLINJUANLIVE #JuankadaHosts #JuankadaHosts",16,"01/10/2026 06:30",mixed,https://www.facebook.com/reel/1167601185356620/,1,0,Videos,,,,,Lifetime,255,139,16,16,0,0,12,12,,,,1415.022,8.323,0,0,0
1311060447726372,100064672885113,"Juankada host Drae","Hi Draemons!!! 🔥 Kulitan at kwentuhan na ulit ngayon! Abang na sa Juan365 Color Game halika na! 😄

#Juan365  #Juan365Studios #Juan365ColorGame #JuankadaHostDrae #ALLINJUANLIVE #JuankadaHosts #JuankadaHosts",,0,"01/09/2026 15:35",N/A,https://www.facebook.com/JuankadaDrae/posts/pfbid033hDJSVsyZkZoLmBf4qS2eKeiwYDzgZxnssaWSNtz4qoj3jzqG7Soyyv8eZLa5q7gl,0,0,Photos,,,,,Lifetime,371,141,20,14,2,4,24,4,20,,,,,,,
1310785261087224,100064672885113,"Juankada host Drae","Helu Juankada!!! 😜 Magandang gabi! Hindi pa tapos ang araw quick dance muna tayo! 💃 Kamusta ka? Umabot ka ba sa live kanina o late ka na naman?😂 

#Juan365  #Juan365Studios #Juan365ColorGame #JuankadaHostDrae #ALLINJUANLIVE #JuankadaHosts #JuankadaHosts","Helu Juankada!!! 😜 Magandang gabi! Hindi pa tapos ang araw quick dance muna tayo! 💃 Kamusta ka? Umabot ka ba sa live kanina o late ka na naman?😂 

#Juan365  #Juan365Studios #Juan365ColorGame #JuankadaHostDrae #ALLINJUANLIVE #JuankadaHosts #JuankadaHosts",14,"01/09/2026 07:00",N/A,https://www.facebook.com/reel/1616499419346098/,1,0,Videos,,,,,Lifetime,600,211,50,34,8,8,18,18,,,,4214.091,11.118,0,0,0
1310351277797289,100064672885113,"Juankada host Drae",,,0,"01/08/2026 19:07",N/A,https://www.facebook.com/JuankadaDrae/posts/pfbid02jvpFgKxNPwNWT3j1p5ypyvKQ3VxGgFSy9KhA9EsFRwh6RebgsugQmqYHukUh4pXVl,0,1,Photos,,,,,Lifetime,292,108,30,19,6,5,20,7,9,4,,,,,,
1310350477797369,100064672885113,"Juankada host Drae","DRAEMONS! It's afternoon fit check👀❤️ 

live parin ang color game sa Juan365 app at website.✨

👉Don't miss out-play now!

#Juan365 #Juan365Studios #ALLINJUANLIVE #Juan365ColorGame #JuankadaDrae #Juankadahosts #fypviralシ #reelsfypシ","DRAEMONS! It's afternoon fit check👀❤️ 

live parin ang color game sa Juan365 app at website.✨

👉Don't miss out-play now!

#Juan365 #Juan365Studios #ALLINJUANLIVE #Juan365ColorGame #JuankadaDrae #Juankadahosts #fypviralシ #reelsfypシ",7,"01/08/2026 19:06",N/A,https://www.facebook.com/reel/1920783588559955/,0,0,Videos,,,,,Lifetime,786,310,20,18,0,2,13,13,,,,3517.027,7.498,0,0,0
1310211987811218,100064672885113,"Juankada host Drae","𝐃𝐑𝐀𝐄𝐌𝐎𝐍𝐒, ARE YOU READY? 👀✨

IT’S TIME! 🚨
Triple color streaks + x150 prizes are dropping TODAY!  Together with Juankada Alexchoozy🌟

👉Tap into the Color Game LIVE on Juan365 App or Website! Don’t blink!

#Juan365ColorGame #JuankadaHostDrae #ALLINJUANLIVE #JuankadaHosts #JuankadaHosts",,0,"01/08/2026 14:26",N/A,https://www.facebook.com/JuankadaDrae/posts/pfbid033yp6dJbigAJLoguLyBC1ywRdoamvtjM27fRb6yH6shGGsAPpKc33QRv3U8p22Bzjl,0,0,Photos,,,,,Lifetime,592,213,19,18,0,1,54,19,35,,,,,,,
1309533107879106,100064672885113,"Juankada host Drae",,,0,"01/07/2026 19:10",N/A,https://www.facebook.com/JuankadaDrae/posts/pfbid0MYdqkSKYJJxCt6GRb2xMERVs82Ec6ZibbYJFA3pnMMv3RsXt1F7yWHATxFZF7TPsl,0,1,Photos,,,,,Lifetime,242,81,8,7,0,1,11,3,4,4,,,,,,
1309481274550956,100064672885113,"Juankada host Drae",,,0,"01/07/2026 17:52",N/A,https://www.facebook.com/JuankadaDrae/posts/pfbid02p4CnnaLMP7cG1D1bEtCL8Pzhp29bgzehpxZbiGbTbgoQ6ywGM7aKbgL8CyFUSiRtl,0,1,Photos,,,,,Lifetime,184,75,8,6,1,1,4,1,3,,,,,,,
1309479541217796,100064672885113,"Juankada host Drae","THANKYOUUUU MGA KAJUANKADAAA SA SUPPORT!!! 🫶🏻",,0,"01/07/2026 17:48",N/A,https://www.facebook.com/JuankadaDrae/posts/pfbid0rEzs8L7xVPtmntGrE519cvBnmDabSqL2Y78pVagvRHjMeSeiwqxDijd3q3fgi5YGl,0,1,Photos,,,,,Lifetime,170,75,4,4,0,0,3,2,1,,,,,,,
1309369887895428,100064672885113,"Juankada host Drae","Hi Juankada! Its your host Juankada drae. Samahan niyo ko mamaya sa 𝐉𝐮𝐚𝐧𝟑𝟔𝟓 𝐂𝐨𝐥𝐨𝐫 𝐆𝐚𝐦𝐞 𝐋𝐈𝐕𝐄! 🔥 Let’s color our way to fun!

#Juan365  #Juan365Studios #Juan365ColorGame #JuankadaHostDrae #ALLINJUANLIVE #JuankadaHosts #JuankadaHosts",,0,"01/07/2026 14:36",N/A,https://www.facebook.com/JuankadaDrae/posts/pfbid0LrSrsraUfAq1jHSjTwWYWCvyVto5r8Cit6Mv8V3pfk6SCMupHbzRJ973hGZgrSLql,0,0,Photos,,,,,Lifetime,288,114,20,20,0,0,29,9,20,,,,,,,
1309109917921425,100064672885113,"Juankada host Drae","Helu Juankada! 😄 Hindi muna tayo seryoso today. tamang dance-dance lang muna for this video. Enjoy tayo! 🎵✨”

#Juan365  #Juan365Studios #Juan365ColorGame #JuankadaHostDrae #ALLINJUANLIVE #JuankadaHosts #JuankadaHosts","Helu Juankada! 😄 Hindi muna tayo seryoso today. tamang dance-dance lang muna for this video. Enjoy tayo! 🎵✨”

#Juan365  #Juan365Studios #Juan365ColorGame #JuankadaHostDrae #ALLINJUANLIVE #JuankadaHosts #JuankadaHosts",16,"01/07/2026 07:00",N/A,https://www.facebook.com/reel/1759661961818083/,1,0,Videos,,,,,Lifetime,435,261,17,15,2,0,28,28,,,,2839.057,9.369,0,0,0
1309093634589720,100064672885113,"Juankada host Drae","Juankada! 𝐒𝐢𝐧𝐨 𝐝𝐢𝐭𝐨 𝐚𝐧𝐠 𝐧𝐚𝐤𝐚-𝐟𝐨𝐥𝐥𝐨𝐰 𝐧𝐚? 🙋‍♂️🙋‍♀️ 
Follow now para una sa 𝐛𝐚𝐥𝐢𝐭𝐚 𝐚𝐭 𝐩𝐫𝐢𝐳𝐞𝐬!🎁

 #Juan365Studios #Juan365 #ALLINJUANLIVE #JuankadaHosts #Juankada",,0,"01/07/2026 06:34",N/A,https://www.facebook.com/JuankadaDrae/posts/pfbid032xjJXfHeRjN6T5K4QLuKmgCYbGJ5iJRRZocmtuZamrqSssWvqRPJJ8dvsXwEMSLMl,0,1,Photos,,,,,Lifetime,179,71,1,1,0,0,3,2,1,,,,,,,
1308828914616192,100064672885113,"Juankada host Drae","Hi Juankada! 💕💃
Pa-sweet girl muna tayo today 🥰✨
Kamusta ka today, Juankada? 👀💖
Comment mo na mood mo ngayon gamit emoji! 😄

Happy vibes lang tayo palagi, ha? 💫💞
#Juan365  #Juan365Studios #Juan365ColorGame #JuankadaHostDrae #ALLINJUANLIVE #JuankadaHosts #JuankadaHosts","Hi Juankada! 💕💃
Pa-sweet girl muna tayo today 🥰✨
Kamusta ka today, Juankada? 👀💖
Comment mo na mood mo ngayon gamit emoji! 😄

Happy vibes lang tayo palagi, ha? 💫💞
#Juan365  #Juan365Studios #Juan365ColorGame #JuankadaHostDrae #ALLINJUANLIVE #JuankadaHosts #JuankadaHosts",8,"01/06/2026 23:00",N/A,https://www.facebook.com/reel/25920446284225872/,1,0,Videos,,,,,Lifetime,444,204,30,26,3,1,17,17,,,,2249.729,9.573,0,0,0
1308644701301280,100064672885113,"Juankada host Drae","ALL BEHIND THE SCENES! 👀🔥
Sama-sama tayo, JUANKADA! 🙌
Nakanood ka ba kahapon sa LIVE natin?
Mas solid ngayon—makipagkulitan tayo! 💥😎

🚨 This is your SIGN! 🚨
Buksan na ang website o app ngayon.
huwag magpahuli, SAMA NA SA LIVE, JUANKADA!

#Juan365  #Juan365Studios #Juan365ColorGame #JuankadaHostDrae #ALLINJUANLIVE #JuankadaHosts #JuankadaHosts","ALL BEHIND THE SCENES! 👀🔥
Sama-sama tayo, JUANKADA! 🙌
Nakanood ka ba kahapon sa LIVE natin?
Mas solid ngayon—makipagkulitan tayo! 💥😎

🚨 This is your SIGN! 🚨
Buksan na ang website o app ngayon.
huwag magpahuli, SAMA NA SA LIVE, JUANKADA!

#Juan365  #Juan365Studios #Juan365ColorGame #JuankadaHostDrae #ALLINJUANLIVE #JuankadaHosts #JuankadaHosts",50,"01/06/2026 18:00",uploaded,https://www.facebook.com/reel/2139340006886629/,1,0,Videos,,,,,Lifetime,684,194,58,45,11,2,31,31,,,,9793.346,20.792,0,0,0
1308546541311096,100064672885113,"Juankada host Drae","Hi Juankada! 💕💃✨
Samahan n’yo ako ulit makipagkulitan sa COLOR GAME LIVE ngayon na! 🎨🔥
Tawanan, saya, at good vibes lang tayo dito 💖

#Juan365  #Juan365Studios #Juan365ColorGame #JuankadaHostDrae #ALLINJUANLIVE #JuankadaHosts #JuankadaHosts",,0,"01/06/2026 15:13",N/A,https://www.facebook.com/JuankadaDrae/posts/pfbid02tSmoYEG7FcwcuBAbGCPhZCUDYeWDRLdf5CN4dUGXeE8fZ4YJbjp9rJAPL3ojmHZAl,0,0,Photos,,,,,Lifetime,573,194,23,17,3,3,34,12,22,,,,,,,
1307673798065037,100064672885113,"Juankada host Drae","Juankadaaaa! Did you miss me?🔥
It’s your Juankada Host Drae! 😎
Tara na, gisingin ang saya at kulit. 

It’s your sign to open that website or app!  huwag na magpahuli Juankada sama na sa LIVE! 🔥

#Juan365  #Juan365Studios #Juan365ColorGame #JuankadaHostDrae #ALLINJUANLIVE #JuankadaHosts #JuankadaHosts",,0,"01/05/2026 14:17",N/A,https://www.facebook.com/JuankadaDrae/posts/pfbid02TSa7qmVjbFsx4RJRNXhnB9oh9mk81Ra9FP56WiE8iREFE9vUd4nN4JutGAsGQB4wl,0,0,Photos,,,,,Lifetime,519,182,29,28,1,0,58,22,36,,,,,,,
1307060014793082,100064672885113,"Juankada host Drae","Hi Juankada! 🤪
Your chaotic host Drae here—tara na at makipagkulitan sa Color Game Live at Juan365 app at website! 🎨

#Juan365  #Juan365Studios #Juan365ColorGame #JuankadaHostDrae #ALLINJUANLIVE #JuankadaHosts #JuankadaHosts","Hi Juankada! 🤪
Your chaotic host Drae here—tara na at makipagkulitan sa Color Game Live at Juan365 app at website! 🎨

#Juan365  #Juan365Studios #Juan365ColorGame #JuankadaHostDrae #ALLINJUANLIVE #JuankadaHosts #JuankadaHosts",12,"01/04/2026 20:00",N/A,https://www.facebook.com/reel/2033314423878701/,1,0,Videos,,,,,Lifetime,994,503,39,29,10,0,71,71,,,,6214.264,10.204,0,0,0
1305580501607700,100064672885113,"Juankada host Drae","Juankada host Drae updated their profile picture.",,0,"01/02/2026 20:14",N/A,https://www.facebook.com/photo.php?fbid=1305580501607700&set=a.467750008724091&type=3,0,0,Photos,,,,,Lifetime,270,114,21,18,3,0,6,5,1,,,,,,,
1305562984942785,100064672885113,"Juankada host Drae","Juankada host Drae updated their cover photo.",,0,"01/02/2026 19:39",N/A,https://www.facebook.com/photo.php?fbid=1305562984942785&set=a.467749982057427&type=3,0,0,Photos,,,,,Lifetime,0,0,9,9,0,0,0,,,,,,,,,
1304962158336201,100064672885113,"Juankada host Drae","Nood na, Juankada! 🎉 LIVE na sa Juan365 App at website — Maki-All In Juan sa Saya ngayon!

#Juan365 #JuankadaHostDrae
#Juan365ColorGame #Juan365Studios #ALLINJUANLIVE #JuankadaHosts #JuankadaHosts",,0,"01/01/2026 23:49",N/A,https://www.facebook.com/JuankadaDrae/posts/pfbid0JCTf86QFf7LsmADYkFBAUWWw9pxK8x2VP6VyZu128YWjPyycugthnj6qXNXo3sg3l,0,0,Photos,,,,,Lifetime,463,171,31,22,7,2,61,36,25,,,,,,,
1304956921670058,100064672885113,"Juankada host Drae",,,0,"01/01/2026 23:37",N/A,https://www.facebook.com/JuankadaDrae/posts/pfbid02peAkGqhMwmJ5Tr7LWsgdTmfcvXPnAdVa3WS37a3J75VS42mDMa3PDecGBMjFVzgtl,0,1,Photos,,,,,Lifetime,303,108,11,10,1,0,24,14,9,1,,,,,,
