Post ID,Page ID,Page name,Title,Description,Duration (sec),Publish time,Caption type,Permalink,Is crosspost,Is share,Post type,Languages,Custom labels,Funded content status,Data comment,Date,Views,Reach,"Reactions, Comments and Shares",Reactions,Comments,Shares,Seconds viewed,Average Seconds viewed,Estimated earnings (USD),Total clicks,Other Clicks,Matched Audience Targeting Consumption (Photo Click),Link Clicks,Approximate content monetization earnings,Negative feedback from users: Hide all,Negative feedback from users: Hide,Ad CPM (USD),Ad impressions
1.2219E+17,6.15615E+13,JUANKada Host Ikay,"Eto na nga bubuksan na 😅

#Juan365Studios #ALLINJUANLIVE #Juan365 #ColorGameLive #JuankadaIkay #Kikay","Eto na nga bubuksan na 😅

#Juan365Studios #ALLINJUANLIVE #Juan365 #ColorGameLive #JuankadaIkay #Kikay",15,3/2/2026 19:49,N/A,https://www.facebook.com/reel/911537434961176/,0,0,Videos,,,,,Lifetime,764,261,42,33,5,4,4789.796,8.936,0,39,39,,,0,,,0,1
1.2219E+17,6.15615E+13,JUANKada Host Ikay,"Ikaw pipiliin mo ba ako ng matagal?🥺

#Juan365Studios #ALLINJUANLIVE #Juan365 #ColorGameLive #JuankadaIkay #Kikay","Ikaw pipiliin mo ba ako ng matagal?🥺

#Juan365Studios #ALLINJUANLIVE #Juan365 #ColorGameLive #JuankadaIkay #Kikay",10,3/2/2026 7:12,N/A,https://www.facebook.com/reel/1538572970975729/,0,0,Videos,,,,,Lifetime,418,250,28,18,10,0,2254.694,8.198,0,29,29,,,0,,,0,0
1.2219E+17,6.15615E+13,JUANKada Host Ikay,JUANKada Host Ikay updated their cover photo.,,0,3/2/2026 4:16,N/A,https://www.facebook.com/photo.php?fbid=122190032066383179&set=a.122140909430383179&type=3,0,0,Photos,,,,,Lifetime,0,0,6,5,1,0,,,,0,,,,0,,,,
1.2219E+17,6.15615E+13,JUANKada Host Ikay,🧡,,0,3/2/2026 4:16,N/A,https://www.facebook.com/photo.php?fbid=122190031982383179&set=a.122102184470383179&type=3,0,0,Photos,,,,,Lifetime,180,85,16,14,2,0,,,,6,5,1,,0,,,,
1.2219E+17,6.15615E+13,JUANKada Host Ikay,"Boy I've been loving you since day one 

#Juan365Studios #ALLINJUANLIVE #Juan365 #ColorGameLive #JuankadaIkay #Kikay","Boy I've been loving you since day one 

#Juan365Studios #ALLINJUANLIVE #Juan365 #ColorGameLive #JuankadaIkay #Kikay",15,3/1/2026 21:41,N/A,https://www.facebook.com/reel/1479775446818661/,0,0,Videos,,,,,Lifetime,260,167,30,24,6,0,1639.862,8.722,0,25,25,,,0,,,0,0
1.2219E+17,6.15615E+13,JUANKada Host Ikay,Team night shift 🏍️,,0,3/1/2026 7:06,N/A,https://www.facebook.com/JUANKadaHostIkayOfficialPage/posts/pfbid0TFF2nCUt3Z8GFTWiduBjtJyBbGwCLBXLCbZUSiAVjWZFJQVgxoKZLdfD6HQyx3Zxl,0,0,Photos,,,,,Lifetime,458,230,7,5,2,0,,,,19,12,7,,0,,,,
1.2219E+17,6.15615E+13,JUANKada Host Ikay,"Hey man! 😉

#Juan365Studios #ALLINJUANLIVE #Juan365 #ColorGameLive #JuankadaIkay #Kikay","Hey man! 😉

#Juan365Studios #ALLINJUANLIVE #Juan365 #ColorGameLive #JuankadaIkay #Kikay",15,2/28/2026 20:33,N/A,https://www.facebook.com/reel/809402798856394/,0,0,Videos,,,,,Lifetime,241,169,22,20,2,0,1317.342,7.082,0,14,14,,,0,,,0,0
1.2219E+17,6.15615E+13,JUANKada Host Ikay,"Bakit ang daming… 🤭 ng mga tao sa paligid?

#Juan365Studios #ALLINJUANLIVE #Juan365 #ColorGameLive #JuankadaIkay #Kikay","Bakit ang daming… 🤭 ng mga tao sa paligid?

#Juan365Studios #ALLINJUANLIVE #Juan365 #ColorGameLive #JuankadaIkay #Kikay",14,2/28/2026 2:55,N/A,https://www.facebook.com/reel/1305490708281981/,0,0,Videos,,,,,Lifetime,287,178,28,23,5,0,1590.125,7.833,0,12,12,,,0,,,0,0
1.2219E+17,6.15615E+13,JUANKada Host Ikay,"Got murd3r on my mind ❤️‍🔥

#Juan365Studios #ALLINJUANLIVE #Juan365 #ColorGameLive #JuankadaIkay #Kikay","Got murd3r on my mind ❤️‍🔥

#Juan365Studios #ALLINJUANLIVE #Juan365 #ColorGameLive #JuankadaIkay #Kikay",16,2/27/2026 20:26,N/A,https://www.facebook.com/reel/1610174150028267/,0,0,Videos,,,,,Lifetime,701,244,46,39,6,1,4286.791,8.103,0,19,19,,,0,,,0,0
1.2219E+17,6.15615E+13,JUANKada Host Ikay,"And I need you, and I miss youuuuu 🥹

#Juan365Studios #ALLINJUANLIVE #Juan365 #ColorGameLive #JuankadaIkay #Kikay","And I need you, and I miss youuuuu 🥹

#Juan365Studios #ALLINJUANLIVE #Juan365 #ColorGameLive #JuankadaIkay #Kikay",15,2/27/2026 3:09,N/A,https://www.facebook.com/reel/1242841817316590/,0,0,Videos,,,,,Lifetime,178,125,22,20,2,0,885.145,6.414,0,11,11,,,0,,,0,0
1.2219E+17,6.15615E+13,JUANKada Host Ikay,"I like you and you like me 🥰

#Juan365Studios #ALLINJUANLIVE #Juan365 #ColorGameLive #JuankadaIkay #Kikay","I like you and you like me 🥰

#Juan365Studios #ALLINJUANLIVE #Juan365 #ColorGameLive #JuankadaIkay #Kikay",12,2/26/2026 20:59,N/A,https://www.facebook.com/reel/1592817875390654/,0,0,Videos,,,,,Lifetime,205,135,15,13,2,0,922.39,6.19,0,15,15,,,0,,,0,0
1.2219E+17,6.15615E+13,JUANKada Host Ikay,"Sweet asian check

#Juan365Studios #ALLINJUANLIVE #Juan365 #ColorGameLive #JuankadaIkay #Kikay","Sweet asian check

#Juan365Studios #ALLINJUANLIVE #Juan365 #ColorGameLive #JuankadaIkay #Kikay",11,2/26/2026 2:04,N/A,https://www.facebook.com/reel/1658110588948399/,0,0,Videos,,,,,Lifetime,239,144,23,21,2,0,3087.5,19.058,0,14,14,,,0,,,0,0
1.2219E+17,6.15615E+13,JUANKada Host Ikay,"Serving looks while securing luck 😉

Ready ka na ba swertehin? Join na sa color game now!

#Juan365Studios #ALLINJUANLIVE #Juan365 #ColorGameLive #JuankadaIkay #Kikay",,0,2/25/2026 21:21,N/A,https://www.facebook.com/JUANKadaHostIkayOfficialPage/posts/pfbid02TrjaiqsULEw6ESwT5rENSNf3Fhh3SyQMLrEsWv7NN8nxRCNPjz6kJkA33Bj8LEFFl,0,0,Photos,,,,,Lifetime,360,163,12,10,1,1,,,,17,6,11,,0,,,,
1.2219E+17,6.15615E+13,JUANKada Host Ikay,"Oh oh oh 💋

#Juan365Studios #ALLINJUANLIVE #Juan365 #ColorGameLive #JuankadaIkay #Kikay","Oh oh oh 💋

#Juan365Studios #ALLINJUANLIVE #Juan365 #ColorGameLive #JuankadaIkay #Kikay",11,2/25/2026 3:30,N/A,https://www.facebook.com/reel/1734906357473617/,0,0,Videos,,,,,Lifetime,287,161,30,25,5,0,1243.527,5.921,0,13,13,,,0,,,0,0
1.2219E+17,6.15615E+13,JUANKada Host Ikay,#Juan365Studios #ALLINJUANLIVE #Juan365 #ColorGameLive #JuankadaIkay #Kikay,#Juan365Studios #ALLINJUANLIVE #Juan365 #ColorGameLive #JuankadaIkay #Kikay,27,2/24/2026 21:02,N/A,https://www.facebook.com/reel/1299952685524664/,0,0,Videos,,,,,Lifetime,717,434,46,39,7,0,5534.521,10.008,0,35,35,,,0,,,0,0
1.2219E+17,6.15615E+13,JUANKada Host Ikay,"thinking about you 24/7 🥰

#Juan365Studios #ALLINJUANLIVE #Juan365 #ColorGameLive #JuankadaIkay #Kikay","thinking about you 24/7 🥰

#Juan365Studios #ALLINJUANLIVE #Juan365 #ColorGameLive #JuankadaIkay #Kikay",7,2/24/2026 4:59,N/A,https://www.facebook.com/reel/886190137718103/,0,0,Videos,,,,,Lifetime,354,202,22,18,4,0,1052.948,4.315,0,17,17,,,0,,,0,0
1.22189E+17,6.15615E+13,JUANKada Host Ikay,"Pwede ba kitang maging big guy? 🙈

#Juan365Studios #ALLINJUANLIVE #Juan365 #ColorGameLive #JuankadaIkay #Kikay","Pwede ba kitang maging big guy? 🙈

#Juan365Studios #ALLINJUANLIVE #Juan365 #ColorGameLive #JuankadaIkay #Kikay",14,2/23/2026 20:02,N/A,https://www.facebook.com/reel/1245387370346112/,0,0,Videos,,,,,Lifetime,1163,310,54,48,4,2,6047.757,7.277,0.01,34,34,,,0,,,0,0
1.22189E+17,6.15615E+13,JUANKada Host Ikay,"Just vibin’ and playin’ 🖤 Kamusta kayo Kikays? 

#Juan365Studios #ALLINJUANLIVE #Juan365 #ColorGameLive #JuankadaIkay #Kikay","Just vibin’ and playin’ 🖤 Kamusta kayo Kikays? 

#Juan365Studios #ALLINJUANLIVE #Juan365 #ColorGameLive #JuankadaIkay #Kikay",15,2/23/2026 3:17,N/A,https://www.facebook.com/reel/1199258721981289/,0,0,Videos,,,,,Lifetime,546,185,35,30,3,2,2427.432,5.454,0,9,9,,,0,,,0,0
1.22189E+17,6.15615E+13,JUANKada Host Ikay,"Konnichiwa 🇯🇵 

#Juan365Studios #ALLINJUANLIVE #Juan365 #ColorGameLive #JuankadaIkay #Kikay","Konnichiwa 🇯🇵 

#Juan365Studios #ALLINJUANLIVE #Juan365 #ColorGameLive #JuankadaIkay #Kikay",15,2/22/2026 20:04,N/A,https://www.facebook.com/reel/908601528595691/,0,0,Videos,,,,,Lifetime,632,215,51,45,4,2,2923.813,5.859,0,29,29,,,0,,,0,0
1.22189E+17,6.15615E+13,JUANKada Host Ikay,"please me, baby? 😘

#Juan365Studios #ALLINJUANLIVE #Juan365 #ColorGameLive #JuankadaIkay #Kikay","please me, baby? 😘

#Juan365Studios #ALLINJUANLIVE #Juan365 #ColorGameLive #JuankadaIkay #Kikay",15,2/22/2026 3:26,N/A,https://www.facebook.com/reel/1394416798616266/,0,0,Videos,,,,,Lifetime,814,260,55,49,4,2,4180.595,6.688,0,25,25,,,0,,,0,0
1.22189E+17,6.15615E+13,JUANKada Host Ikay,"All summer, gonna spend it like no other ☀️

#Juan365Studios #ALLINJUANLIVE #Juan365 #ColorGameLive #JuankadaIkay #Kikay","All summer, gonna spend it like no other ☀️

#Juan365Studios #ALLINJUANLIVE #Juan365 #ColorGameLive #JuankadaIkay #Kikay",15,2/21/2026 20:37,N/A,https://www.facebook.com/reel/1439169131270664/,0,0,Videos,,,,,Lifetime,870,262,45,37,6,2,6906.954,10.232,0,28,28,,,0,,,0,0
1.22189E+17,6.15615E+13,JUANKada Host Ikay,"🩵

#Juan365Studios #ALLINJUANLIVE #Juan365 #ColorGameLive #JuankadaIkay #Kikay","🩵

#Juan365Studios #ALLINJUANLIVE #Juan365 #ColorGameLive #JuankadaIkay #Kikay",15,2/21/2026 3:32,N/A,https://www.facebook.com/reel/1483193833376959/,0,0,Videos,,,,,Lifetime,2348,568,116,104,11,1,16941.78,10.86,0,72,72,,,0,,,0,0
1.22189E+17,6.15615E+13,JUANKada Host Ikay,,,0,2/20/2026 22:22,N/A,https://www.facebook.com/JUANKadaHostIkayOfficialPage/posts/pfbid02N8xKm8z9wqVAfyoBHttbfgsv5XrzYLLENmfwpNNnvUvY2SihDSuvbiEX2RNEzMqcl,0,1,Photos,,,,,Lifetime,173,83,5,5,0,0,,,,3,,,3,0,,,,
1.22189E+17,6.15615E+13,JUANKada Host Ikay,"Nag sstart sa letter K... 🥰

#Juan365Studios #ALLINJUANLIVE #Juan365 #ColorGameLive #JuankadaIkay #Kikay","Nag sstart sa letter K... 🥰

#Juan365Studios #ALLINJUANLIVE #Juan365 #ColorGameLive #JuankadaIkay #Kikay",15,2/20/2026 20:29,mixed,https://www.facebook.com/reel/1690520241914682/,0,0,Videos,,,,,Lifetime,387,219,23,20,3,0,2233.307,8.271,0,19,19,,,0,,,0,0
1.22189E+17,6.15615E+13,JUANKada Host Ikay,"I wanna....LOVE you 😉

#Juan365Studios #ALLINJUANLIVE #Juan365 #ColorGameLive #JuankadaIkay #Kikays","I wanna....LOVE you 😉

#Juan365Studios #ALLINJUANLIVE #Juan365 #ColorGameLive #JuankadaIkay #Kikays",15,2/20/2026 3:28,N/A,https://www.facebook.com/reel/1391554988929021/,0,0,Videos,,,,,Lifetime,328,212,23,21,2,0,1875.804,7.719,0,14,14,,,0,,,0,0
1.22189E+17,6.15615E+13,JUANKada Host Ikay,"Weekend glow check! ✨

#Juan365Studios #ALLINJUANLIVE #Juan365 #ColorGameLive #JuankadaIkay #Kikay","Weekend glow check! ✨

#Juan365Studios #ALLINJUANLIVE #Juan365 #ColorGameLive #JuankadaIkay #Kikay",15,2/19/2026 20:59,N/A,https://www.facebook.com/reel/2425471471246301/,0,0,Videos,,,,,Lifetime,529,322,38,36,2,0,3399.262,8.852,0,40,40,,,0,,,0,0
1.22189E+17,6.15615E+13,JUANKada Host Ikay,"Baby do better, come let me get you together 🙈

#Juan365Studios #ALLINJUANLIVE #Juan365 #ColorGameLive #JuankadaIkay #Kikays","Baby do better, come let me get you together 🙈

#Juan365Studios #ALLINJUANLIVE #Juan365 #ColorGameLive #JuankadaIkay #Kikays",15,2/19/2026 6:13,N/A,https://www.facebook.com/reel/1887147921926393/,0,0,Videos,,,,,Lifetime,657,220,49,41,6,2,3395.433,6.542,0,26,26,,,0,,,0,0
1.22189E+17,6.15615E+13,JUANKada Host Ikay,"Okay lang bang maging binibini mo? 

#Juan365Studios #ALLINJUANLIVE #Juan365 #ColorGameLive #JuankadaIkay #Kikay","Okay lang bang maging binibini mo? 

#Juan365Studios #ALLINJUANLIVE #Juan365 #ColorGameLive #JuankadaIkay #Kikay",15,2/18/2026 19:55,N/A,https://www.facebook.com/reel/883562147816145/,0,0,Videos,,,,,Lifetime,1085,336,75,65,9,1,6965.618,8.828,0,46,46,,,0,,,0,0
1.22189E+17,6.15615E+13,JUANKada Host Ikay,"Sasabay o sasabay? 🛗 

#Juan365Studios #ALLINJUANLIVE #Juan365 #ColorGameLive #JuankadaIkay #Kikay","Sasabay o sasabay? 🛗 

#Juan365Studios #ALLINJUANLIVE #Juan365 #ColorGameLive #JuankadaIkay #Kikay",13,2/18/2026 3:04,N/A,https://www.facebook.com/reel/1234929648706070/,0,0,Videos,,,,,Lifetime,976,285,56,50,5,1,5385.525,7.248,0,22,22,,,0,,,0,0
1.22189E+17,6.15615E+13,JUANKada Host Ikay,"Sino sasabay elevator? 

#Juan365Studios #ALLINJUANLIVE #Juan365 #ColorGameLive #JuankadaIkay #Kikays","Sino sasabay elevator? 

#Juan365Studios #ALLINJUANLIVE #Juan365 #ColorGameLive #JuankadaIkay #Kikays",15,2/17/2026 20:00,uploaded,https://www.facebook.com/reel/693108593887870/,1,0,Videos,,,,,Lifetime,852,236,61,52,7,2,5077.054,7.774,0,41,41,,,0,,,0,0
1.22189E+17,6.15615E+13,JUANKada Host Ikay,#Juan365Studios #ALLINJUANLIVE #Juan365 #ColorGameLive #JuankadaIkay #Kikays,#Juan365Studios #ALLINJUANLIVE #Juan365 #ColorGameLive #JuankadaIkay #Kikays,16,2/17/2026 3:05,N/A,https://www.facebook.com/reel/2823837111407845/,0,0,Videos,,,,,Lifetime,292,174,22,18,4,0,1917.04,9.351,0,16,16,,,0,,,0,0
1.22189E+17,6.15615E+13,JUANKada Host Ikay,"didn’t come to play, came to slay 🔥

#Juan365Studios #ALLINJUANLIVE #Juan365 #ColorGameLive #JuankadaIkay #Kikays","didn’t come to play, came to slay 🔥

#Juan365Studios #ALLINJUANLIVE #Juan365 #ColorGameLive #JuankadaIkay #Kikays",18,2/16/2026 21:39,N/A,https://www.facebook.com/reel/1230082049254651/,0,0,Videos,,,,,Lifetime,847,245,56,48,6,2,5040.358,7.636,0,34,34,,,0,,,0,0
1.22189E+17,6.15615E+13,JUANKada Host Ikay,"As beautiful as the sunset 🌅

#Juan365Studios #ALLINJUANLIVE #Juan365 #ColorGameLive #JuankadaIkay #Kikays","As beautiful as the sunset 🌅

#Juan365Studios #ALLINJUANLIVE #Juan365 #ColorGameLive #JuankadaIkay #Kikays",8,2/16/2026 2:22,N/A,https://www.facebook.com/reel/773663932463577/,0,0,Videos,,,,,Lifetime,1292,328,67,59,5,3,5718.776,6.634,0,21,21,,,0,,,0,0
1.22189E+17,6.15615E+13,JUANKada Host Ikay,"Ready na ‘ko sa saya at swerte! Join na sa Color Game live, Kikays! 🩷

#Juan365Studios #ALLINJUANLIVE #Juan365 #ColorGameLive #JuankadaIkay #Kikays",,0,2/15/2026 21:36,N/A,https://www.facebook.com/JUANKadaHostIkayOfficialPage/posts/pfbid02U1gxgE7td2U4ZDhraNs2Vv9HkRCJrA22N33oLffTmmkoKYkGB3yFGHPfoUThUNzCl,0,0,Photos,,,,,Lifetime,861,356,30,23,7,0,,,,92,24,68,,0,,,,
1.22189E+17,6.15615E+13,JUANKada Host Ikay,#Juan365Studios #ALLINJUANLIVE #Juan365 #ColorGameLive #JuankadaIkay #Kikays,#Juan365Studios #ALLINJUANLIVE #Juan365 #ColorGameLive #JuankadaIkay #Kikays,15,2/15/2026 3:28,N/A,https://www.facebook.com/reel/928548366531327/,0,0,Videos,,,,,Lifetime,330,195,25,23,2,0,2248.827,9.651,0,23,23,,,0,,,0,0
1.22189E+17,6.15615E+13,JUANKada Host Ikay,"Looking so sweet 🫦

#Juan365Studios #ALLINJUANLIVE #Juan365 #ColorGameLive #JuankadaIkay #Kikays","Looking so sweet 🫦

#Juan365Studios #ALLINJUANLIVE #Juan365 #ColorGameLive #JuankadaIkay #Kikays",15,2/14/2026 20:42,N/A,https://www.facebook.com/reel/2025623075028589/,0,0,Videos,,,,,Lifetime,1094,335,59,42,7,10,4754.731,5.496,0,19,19,,,0,,,0,0
1.22189E+17,6.15615E+13,JUANKada Host Ikay,"❤️

#Juan365Studios #ALLINJUANLIVE #Juan365 #ColorGameLive #JuankadaIkay #Kikays","❤️

#Juan365Studios #ALLINJUANLIVE #Juan365 #ColorGameLive #JuankadaIkay #Kikays",15,2/14/2026 3:35,N/A,https://www.facebook.com/reel/1673548960747318/,0,0,Videos,,,,,Lifetime,372,217,31,27,3,1,2300.36,8.583,0,16,16,,,0,,,0,0
1.22189E+17,6.15615E+13,JUANKada Host Ikay,"💅

How’s your week, Kikays? Comment mo na yan below! 👇

#Juan365Studios #ALLINJUANLIVE #Juan365 #ColorGameLive #JuankadaIkay #Kikays","💅

How’s your week, Kikays? Comment mo na yan below! 👇

#Juan365Studios #ALLINJUANLIVE #Juan365 #ColorGameLive #JuankadaIkay #Kikays",17,2/13/2026 21:19,N/A,https://www.facebook.com/reel/1298377039011848/,0,0,Videos,,,,,Lifetime,921,279,39,35,3,1,6215.772,9.446,0,15,15,,,0,,,0,0
1.22189E+17,6.15615E+13,JUANKada Host Ikay,"Outfit check: clean, classy, and a little main character energy 😘

#Juan365Studios #ALLINJUANLIVE #Juan365 #ColorGameLive #JuankadaIkay #Kikays","Outfit check: clean, classy, and a little main character energy 😘

#Juan365Studios #ALLINJUANLIVE #Juan365 #ColorGameLive #JuankadaIkay #Kikays",16,2/13/2026 3:40,N/A,https://www.facebook.com/reel/2230998657423777/,0,0,Videos,,,,,Lifetime,1197,365,66,56,3,7,6675.59,7.271,0,36,36,,,0,,,0,0
1.22189E+17,6.15615E+13,JUANKada Host Ikay,"Can I be your valentine? 💝 

#Juan365Studios #ALLINJUANLIVE #Juan365 #ColorGameLive #JuankadaIkay #Kikays","Can I be your valentine? 💝 

#Juan365Studios #ALLINJUANLIVE #Juan365 #ColorGameLive #JuankadaIkay #Kikays",15,2/12/2026 22:53,N/A,https://www.facebook.com/reel/1648613956308946/,0,0,Videos,,,,,Lifetime,1404,391,38,25,3,10,3382.444,2.961,0,24,24,,,0,,,0,0
1.22188E+17,6.15615E+13,JUANKada Host Ikay,"Eya eya 🔥

#Juan365Studios #ALLINJUANLIVE #Juan365 #ColorGameLive #JuankadaIkay #Kikays","Eya eya 🔥

#Juan365Studios #ALLINJUANLIVE #Juan365 #ColorGameLive #JuankadaIkay #Kikays",19,2/12/2026 2:57,N/A,https://www.facebook.com/reel/1587521662395224/,0,0,Videos,,,,,Lifetime,712,347,42,34,5,3,3713.241,6.424,0,29,29,,,0,,,0,0
1.22188E+17,6.15615E+13,JUANKada Host Ikay,"Do it how you do it and walk it out! 💋

#Juan365Studios #ALLINJUANLIVE #Juan365 #ColorGameLive #JuankadaIkay #Kikays","Do it how you do it and walk it out! 💋

#Juan365Studios #ALLINJUANLIVE #Juan365 #ColorGameLive #JuankadaIkay #Kikays",30,2/11/2026 22:36,N/A,https://www.facebook.com/reel/1641931436814846/,0,0,Videos,,,,,Lifetime,646,225,45,42,2,1,4240.107,7.852,0,15,15,,,0,,,0,0
1.22188E+17,6.15615E+13,JUANKada Host Ikay,"💙 

#Juan365Studios #ALLINJUANLIVE #Juan365 #ColorGameLive #JuankadaIkay #Kikays","💙 

#Juan365Studios #ALLINJUANLIVE #Juan365 #ColorGameLive #JuankadaIkay #Kikays",15,2/11/2026 2:40,N/A,https://www.facebook.com/reel/24894487450227208/,0,0,Videos,,,,,Lifetime,842,330,53,49,2,2,4821.634,7.143,0,25,25,,,0,,,0,0
1.22188E+17,6.15615E+13,JUANKada Host Ikay,"Miss Independent it is! 💅

#Juan365Studios #ALLINJUANLIVE #Juan365 #ColorGameLive #JuankadaIkay #Kikays","Miss Independent it is! 💅

#Juan365Studios #ALLINJUANLIVE #Juan365 #ColorGameLive #JuankadaIkay #Kikays",27,2/10/2026 20:09,N/A,https://www.facebook.com/reel/910307121857004/,0,0,Videos,,,,,Lifetime,866,293,54,47,6,1,7002.386,10.119,0,36,36,,,0,,,0,0
1.22188E+17,6.15615E+13,JUANKada Host Ikay,"Baby shake it if you got it 😘

#Juan365Studios #ALLINJUANLIVE #Juan365 #ColorGameLive #JuankadaIkay #Kikays","Baby shake it if you got it 😘

#Juan365Studios #ALLINJUANLIVE #Juan365 #ColorGameLive #JuankadaIkay #Kikays",15,2/10/2026 2:33,N/A,https://www.facebook.com/reel/3876960919104712/,0,0,Videos,,,,,Lifetime,979,288,73,63,9,1,5861.966,8.107,0,44,44,,,0,,,0,0
1.22188E+17,6.15615E+13,JUANKada Host Ikay,"Game ka na ba? Join na sa Color Game LIVE!

Tap in at subukan ang swerte mo! 

#Juan365Studios #ALLINJUANLIVE #Juan365 #ColorGameLive #JuankadaIkay #Kikays","Game ka na ba? Join na sa Color Game LIVE!

Tap in at subukan ang swerte mo! 

#Juan365Studios #ALLINJUANLIVE #Juan365 #ColorGameLive #JuankadaIkay #Kikays",22,2/9/2026 19:09,N/A,https://www.facebook.com/reel/1586573722465069/,0,0,Videos,,,,,Lifetime,1057,286,65,55,7,3,8145.125,10.068,0,33,33,,,0,,,0,0
1.22188E+17,6.15615E+13,JUANKada Host Ikay,"Soft girl vibes lang 

#Juan365Studios #ALLINJUANLIVE #Juan365 #ColorGameLive #JuankadaIkay #Kikays","Soft girl vibes lang 

#Juan365Studios #ALLINJUANLIVE #Juan365 #ColorGameLive #JuankadaIkay #Kikays",15,2/9/2026 2:31,N/A,https://www.facebook.com/reel/1170309945175228/,0,0,Videos,,,,,Lifetime,1084,293,58,53,4,1,7739.729,10.012,0,17,17,,,0,,,0,0
1.22188E+17,6.15615E+13,JUANKada Host Ikay,"Sand, sea, and a quiet reset 🌴

#Juan365Studios #ALLINJUANLIVE #Juan365 #ColorGameLive #JuankadaIkay #Kikays","Sand, sea, and a quiet reset 🌴

#Juan365Studios #ALLINJUANLIVE #Juan365 #ColorGameLive #JuankadaIkay #Kikays",21,2/8/2026 19:00,N/A,https://www.facebook.com/reel/1442640640795262/,1,0,Videos,,,,,Lifetime,957,403,70,65,4,1,6022.049,7.955,0,48,48,,,0,,,0,0
1.22188E+17,6.15615E+13,JUANKada Host Ikay,"Lets take it slowly 🫣

#Juan365Studios #ALLINJUANLIVE #Juan365 #ColorGameLive #JuankadaIkay #Kikays","Lets take it slowly 🫣

#Juan365Studios #ALLINJUANLIVE #Juan365 #ColorGameLive #JuankadaIkay #Kikays",15,2/8/2026 3:06,N/A,https://www.facebook.com/reel/2151363275641560/,0,0,Videos,,,,,Lifetime,767,309,55,52,2,1,3811.886,6.031,0,17,17,,,0,,,0,0
1.22188E+17,6.15615E+13,JUANKada Host Ikay,"LF kasama sa beach 🥺

#Juan365Studios #ALLINJUANLIVE #Juan365 #ColorGameLive #JuankadaIkay #Kikays","LF kasama sa beach 🥺

#Juan365Studios #ALLINJUANLIVE #Juan365 #ColorGameLive #JuankadaIkay #Kikays",18,2/7/2026 19:00,N/A,https://www.facebook.com/reel/2219405752129641/,1,0,Videos,,,,,Lifetime,737,334,53,50,2,1,4220.114,7.08,0,29,29,,,0,,,0,0
1.22188E+17,6.15615E+13,JUANKada Host Ikay,"Can you be my big guy?

#Juan365Studios #ALLINJUANLIVE #Juan365 #ColorGameLive #JuankadaIkay #Kikays","Can you be my big guy?

#Juan365Studios #ALLINJUANLIVE #Juan365 #ColorGameLive #JuankadaIkay #Kikays",12,2/7/2026 2:33,uploaded,https://www.facebook.com/reel/3235295393317978/,0,0,Videos,,,,,Lifetime,1926,520,95,83,6,6,12450.106,10.409,0,136,136,,,0,,,0,0
1.22188E+17,6.15615E+13,JUANKada Host Ikay,"I-heart niyo ’to kung gusto niyo akong humarap 😉

#Juan365Studios #ALLINJUANLIVE #Juan365 #ColorGameLive #JuankadaIkay #Kikays","I-heart niyo ’to kung gusto niyo akong humarap 😉

#Juan365Studios #ALLINJUANLIVE #Juan365 #ColorGameLive #JuankadaIkay #Kikays",20,2/6/2026 19:01,N/A,https://www.facebook.com/reel/1469733324493375/,1,0,Videos,,,,,Lifetime,1502,461,80,71,7,2,11696.543,11.214,0,67,67,,,0,,,0,0
1.22188E+17,6.15615E+13,JUANKada Host Ikay,"Twinning with Juankada Host Sabbie! 🩷

#Juan365Studios #ALLINJUANLIVE #Juan365 #ColorGameLive #JuankadaIkay #Kikays","Twinning with Juankada Host Sabbie! 🩷

#Juan365Studios #ALLINJUANLIVE #Juan365 #ColorGameLive #JuankadaIkay #Kikays",15,2/6/2026 2:39,N/A,https://www.facebook.com/reel/763771716307540/,0,0,Videos,,,,,Lifetime,811,539,36,32,4,0,5779.254,9.811,0,27,27,,,0,,,0,0
1.22188E+17,6.15615E+13,JUANKada Host Ikay,"Take me on a date? 🥰

#Juan365Studios #ALLINJUANLIVE #Juan365 #ColorGameLive #JuankadaIkay #Kikays","Take me on a date? 🥰

#Juan365Studios #ALLINJUANLIVE #Juan365 #ColorGameLive #JuankadaIkay #Kikays",13,2/5/2026 19:00,N/A,https://www.facebook.com/reel/3980741358884919/,1,0,Videos,,,,,Lifetime,1200,621,55,50,4,1,7321.444,7.949,0,36,36,,,0,,,0,0
1.22188E+17,6.15615E+13,JUANKada Host Ikay,"Soft girl vibes lang 

#Juan365Studios #ALLINJUANLIVE #Juan365 #ColorGameLive #JuankadaIkay #Kikays","Soft girl vibes lang 

#Juan365Studios #ALLINJUANLIVE #Juan365 #ColorGameLive #JuankadaIkay #Kikays",15,2/5/2026 2:01,N/A,https://www.facebook.com/reel/2665778017128713/,1,0,Videos,,,,,Lifetime,696,281,48,43,4,1,4653.14,8.264,0,14,14,,,0,,,0,0
1.22188E+17,6.15615E+13,JUANKada Host Ikay,"Let’s take it slowly 🫦

#Juan365Studios #ALLINJUANLIVE #Juan365 #ColorGameLive #JuankadaIkay #Kikays","Let’s take it slowly 🫦

#Juan365Studios #ALLINJUANLIVE #Juan365 #ColorGameLive #JuankadaIkay #Kikays",15,2/4/2026 19:00,N/A,https://www.facebook.com/reel/1691724915125863/,1,0,Videos,,,,,Lifetime,1063,595,62,52,8,2,5739.196,6.689,0,41,41,,,0,,,0,0
1.22188E+17,6.15615E+13,JUANKada Host Ikay,"Bagay ba tayo? 😉

#Juan365Studios #ALLINJUANLIVE #Juan365 #ColorGameLive #JuankadaIkay #Kikays","Bagay ba tayo? 😉

#Juan365Studios #ALLINJUANLIVE #Juan365 #ColorGameLive #JuankadaIkay #Kikays",15,2/4/2026 2:31,N/A,https://www.facebook.com/reel/852529014448826/,0,0,Videos,,,,,Lifetime,1928,1178,95,86,6,3,12756.14,8.037,0,39,39,,,0,,,0,0
1.22188E+17,6.15615E+13,JUANKada Host Ikay,"Baby come over 🫦

#Juan365Studios #ALLINJUANLIVE #Juan365 #ColorGameLive #JuankadaIkay #Kikays","Baby come over 🫦

#Juan365Studios #ALLINJUANLIVE #Juan365 #ColorGameLive #JuankadaIkay #Kikays",15,2/3/2026 21:20,N/A,https://www.facebook.com/reel/1802309527122874/,0,0,Videos,,,,,Lifetime,698,314,62,50,10,2,3809.62,6.851,0,26,26,,,0,,,0,0
1.22188E+17,6.15615E+13,JUANKada Host Ikay,"Comment 🤍 kung napanood moto

#Juan365Studios #ALLINJUANLIVE #Juan365 #ColorGameLive #JuankadaIkay #Kikays","Comment 🤍 kung napanood moto

#Juan365Studios #ALLINJUANLIVE #Juan365 #ColorGameLive #JuankadaIkay #Kikays",13,2/3/2026 3:16,N/A,https://www.facebook.com/reel/1548386326395651/,0,0,Videos,,,,,Lifetime,1693,419,115,98,11,6,10022.712,8.465,0,81,81,,,0,,,0,0
1.22188E+17,6.15615E+13,JUANKada Host Ikay,"I wanna… LOVE YOU! 😋

#Juan365Studios #ALLINJUANLIVE #Juan365 #ColorGameLive #JuankadaIkay #Kikays","I wanna… LOVE YOU! 😋

#Juan365Studios #ALLINJUANLIVE #Juan365 #ColorGameLive #JuankadaIkay #Kikays",18,2/2/2026 3:42,N/A,https://www.facebook.com/reel/894506406528525/,0,0,Videos,,,,,Lifetime,1105,401,90,80,6,4,6404.263,7.446,0,36,36,,,0,,,0,0
1.22187E+17,6.15615E+13,JUANKada Host Ikay,"I got you, babe 💋

#Juan365Studios #ALLINJUANLIVE #Juan365 #ColorGameLive #JuankadaIkay #Kikays","I got you, babe 💋

#Juan365Studios #ALLINJUANLIVE #Juan365 #ColorGameLive #JuankadaIkay #Kikays",15,2/1/2026 3:07,N/A,https://www.facebook.com/reel/2137974016608757/,0,0,Videos,,,,,Lifetime,1026,459,79,73,4,2,6349.132,7.79,0,27,27,,,0,,,0,0
1.22187E+17,6.15615E+13,JUANKada Host Ikay,❤️,,0,1/31/2026 22:43,N/A,https://www.facebook.com/JUANKadaHostIkayOfficialPage/posts/pfbid0jL7dG9neLcbwesZ6JmA8BhzPNwo29fLRaw7s6pfu85n6aMju72XcDoRJaBfP9fogl,0,1,Photos,,,,,Lifetime,333,153,7,7,0,0,,,,8,3,5,,0,,,,
1.22187E+17,6.15615E+13,JUANKada Host Ikay,JUANKada Host Ikay updated their cover photo.,,0,1/31/2026 22:41,N/A,https://www.facebook.com/photo.php?fbid=122187456146383179&set=a.122140909430383179&type=3,0,0,Photos,,,,,Lifetime,1,1,14,12,2,0,,,,0,,,,0,,,,
1.22187E+17,6.15615E+13,JUANKada Host Ikay,Lets continue the goodvibes kikays.❤️,,0,1/31/2026 22:38,N/A,https://www.facebook.com/photo.php?fbid=122187455960383179&set=a.122102184470383179&type=3,0,0,Photos,,,,,Lifetime,302,153,16,15,1,0,,,,10,9,1,,0,,,,
1.22187E+17,6.15615E+13,JUANKada Host Ikay,JUANKada Host Ikay's Video,,11,1/31/2026 3:06,N/A,https://www.facebook.com/reel/1440787857457409/,1,0,Videos,,,,,Lifetime,1560,806,77,71,2,4,6472.218,5.287,0,19,19,,,0,,,0,0
1.22118E+17,6.15856E+13,JuanKada Star,"Red for fire, black for power ⭐

#Juan365Studios #ALLINJUANLIVE #Juan365 #ColorGameLive #JuankadaStar #StarBabies #highlights",,0,3/2/2026 20:00,N/A,https://www.facebook.com/JuanKadaStarOfficialPage/posts/pfbid02aRzCf81bS4uSdHYCGtFM8pWn21s4BytZs7YRpmdxPY2Sr23VcwaH2UANCYvoXEBwl,0,0,Photos,,,,,Lifetime,275,138,240,232,7,1,,,,16,8,8,,0,,,,
1.22118E+17,6.15856E+13,JuanKada Star,"Summer Glow! ✨🏝️🏖️🌞

#Juan365Studios #ALLINJUANLIVE #Juan365 #ColorGameLive #JuankadaStar #StarBabies",,0,3/2/2026 6:09,N/A,https://www.facebook.com/photo.php?fbid=122117569281185509&set=a.122098993131185509&type=3,0,0,Photos,,,,,Lifetime,264,117,256,241,12,3,,,,17,17,,,0,,,,
1.22118E+17,6.15856E+13,JuanKada Star,Kasabihan 🤭,"Ngayon alam niyo na yung kasabihan ha? 🫣

#Juan365Studios #ALLINJUANLIVE #Juan365 #ColorGameLive #JuankadaStar #StarBabies #fbreels #fypシ #highlights",9,3/2/2026 3:01,N/A,https://www.facebook.com/reel/769540039171279/,1,0,Videos,,,,,Lifetime,1129,66,135,125,7,3,652.818,2.298,0,4,4,,,0,,,0,0
1.22118E+17,6.15856E+13,JuanKada Star,,,0,3/1/2026 21:34,N/A,https://www.facebook.com/JuanKadaStarOfficialPage/posts/pfbid056PJeaPHwJdjUkkoMQLn1a3Z98CimabWiS3Yt1opAViYzqBmU2Xd7wBd9S4Mkz8Xl,0,1,Photos,,,,,Lifetime,72,30,8,8,0,0,,,,1,1,,,0,,,,
1.22118E+17,6.15856E+13,JuanKada Star,🏍🏁🚩,,0,3/1/2026 21:34,N/A,https://www.facebook.com/JuanKadaStarOfficialPage/posts/pfbid02BTQV7QNhJj3pJ77GJCH65PPRL14Q6jFxSNCDRWPHtUMKMvGofpTtLdsjT1PYPJBEl,0,1,Photos,,,,,Lifetime,113,45,7,6,1,0,,,,9,4,5,,0,,,,
1.22118E+17,6.15856E+13,JuanKada Star,"Bagay ba sakin may bangs, Star Babies? Let me know in the comments 👀🩷

#Juan365Studios #ALLINJUANLIVE #Juan365 #ColorGameLive #JuankadaStar #StarBabies #highlights #fyp",,0,3/1/2026 20:00,N/A,https://www.facebook.com/JuanKadaStarOfficialPage/posts/pfbid0nKyg82xx9K7dwjULu3j7QdJhYBPXHHucqfbrWPUfEuzQhQtyZChi1EGnrrvxohxxl,0,0,Photos,,,,,Lifetime,342,174,128,122,3,3,,,,11,9,2,,0,,,,
1.22117E+17,6.15856E+13,JuanKada Star,Ako lang dapat 🤭,"Ngayon alam niyo na yung kasabihan ha? 🫣

#Juan365Studios #ALLINJUANLIVE #Juan365 #ColorGameLive #JuankadaStar #StarBabies #highlights #fbreels",9,3/1/2026 3:01,N/A,https://www.facebook.com/reel/796384889559766/,1,0,Videos,,,,,Lifetime,2225,132,137,125,8,4,1085.876,1.953,0,12,12,,,0,,,0,0
1.22117E+17,6.15856E+13,JuanKada Star,"Dressed simple, shining loud 🫶🏻

#Juan365Studios #ALLINJUANLIVE #Juan365 #ColorGameLive #JuankadaStar #StarBabies",,0,3/1/2026 0:09,N/A,https://www.facebook.com/JuanKadaStarOfficialPage/posts/pfbid02rLbQbG1eJLETuzorQnjtPs8x5DqoanqfujMrzMhEyVz8gC6jc9r4NNWETMSq8jgKl,0,0,Photos,,,,,Lifetime,398,187,146,133,8,5,,,,29,15,14,,0,1,,,
1.22117E+17,6.15856E+13,JuanKada Star,🖤🤍,,0,2/28/2026 13:48,N/A,https://www.facebook.com/JuanKadaStarOfficialPage/posts/pfbid0erQxPSfgWx6yciEhfu9dijMvYvoFHGwLrbvedgxRH17Z26kMWYUheWPAoPdSDmb2l,0,1,Photos,,,,,Lifetime,137,52,7,6,1,0,,,,6,2,4,,0,,,,
1.22117E+17,6.15856E+13,JuanKada Star,Samahan ang team night shift until 5am ❤️,,0,2/28/2026 9:28,N/A,https://www.facebook.com/JuanKadaStarOfficialPage/posts/pfbid0cwZkqjcSDkYAuB8JRsxU1k7dBv3sGMreh7hdVLTxPwJ9tbXAjJV2xvkBoEvsKAWgl,0,1,Text,,,,,Lifetime,27,33,7,7,0,0,,,,4,4,,,0,,,,
1.22117E+17,6.15856E+13,JuanKada Star,Mosang 🤭,"May tropa rin ba kayong ganito? Simpleng words na lang pinapa-complicated pa 🤦‍♀️😆

#Juan365Studios #ALLINJUANLIVE #Juan365 #ColorGameLive #JuankadaStar #StarBabies #highlights #fbreels",10,2/28/2026 2:22,N/A,https://www.facebook.com/reel/1577183990228919/,0,0,Videos,,,,,Lifetime,1680,811,242,235,3,4,4904.517,5.179,0.01,7,7,,,0,,,0,0
1.22117E+17,6.15856E+13,JuanKada Star,💜,"I bet you can't take your eyes off me? 💋😜

#Juan365Studios #ALLINJUANLIVE #Juan365 #ColorGameLive #JuankadaStar #StarBabies #highlights #fbreels",17,2/27/2026 20:00,N/A,https://www.facebook.com/reel/929147762933229/,1,0,Videos,,,,,Lifetime,2075,75,127,119,3,5,840.98,1.716,0,4,4,,,0,,,0,0
1.22117E+17,6.15856E+13,JuanKada Star,🤍,"Promise na kayo lang ang iibigin, Star Babies! 😘

#Juan365Studios #ALLINJUANLIVE #Juan365 #ColorGameLive #JuankadaStar #StarBabies #highlights",15,2/27/2026 4:00,N/A,https://www.facebook.com/reel/1302348251735946/,1,0,Videos,,,,,Lifetime,1174,157,136,126,8,2,1306.736,3.475,0,2,2,,,0,,,0,0
1.22117E+17,6.15856E+13,JuanKada Star,🖤,"Take it take it, baby love me, LOVE ME 💋

#Juan365Studios #ALLINJUANLIVE #Juan365 #ColorGameLive #JuankadaStar #StarBabies #highlights #fbreels",15,2/26/2026 20:00,N/A,https://www.facebook.com/reel/3356752861140641/,1,0,Videos,,,,,Lifetime,2385,254,145,129,12,4,2720.941,3.848,0,19,19,,,0,,,0,0
1.22117E+17,6.15856E+13,JuanKada Star,❤️,,0,2/26/2026 9:49,N/A,https://www.facebook.com/JuanKadaStarOfficialPage/posts/pfbid0Dv9JUH5CHBEA1XYY1cn3btT3VdcXgD2tpwm1PMosRTahGo3HF5a1oYZpqDzeS9vWl,0,1,Videos,,,,,Lifetime,44,33,7,6,1,0,,,,2,2,,,0,,,,
1.22117E+17,6.15856E+13,JuanKada Star,"Shining bright like a star, no matter where life takes me ⭐️

#Juan365Studios #ALLINJUANLIVE #Juan365 #ColorGameLive #JuankadaStar #StarBabies",,0,2/26/2026 4:00,N/A,https://www.facebook.com/JuanKadaStarOfficialPage/posts/pfbid0sHrbCGSsKnUyniwXhMDUPyA8AVWjdKFDRiokjgHFeeZuA1Sj59P8bgDkHNitSL6xl,0,0,Photos,,,,,Lifetime,1987,804,145,131,2,12,,,,28,20,8,,0,,,,
1.22117E+17,6.15856E+13,JuanKada Star,CNY 🧧,"Recap on how our Chinese New Year went ❤️

#Juan365Studios #ALLINJUANLIVE #Juan365 #ColorGameLive #JuankadaStar #StarBabies #highlights #fypシ #fbreels",57,2/25/2026 20:00,N/A,https://www.facebook.com/reel/1080623868459767/,1,0,Videos,,,,,Lifetime,1073,125,19,12,3,4,1204.999,3.607,0,3,3,,,0,,,0,0
1.22116E+17,6.15856E+13,JuanKada Star,🩷,"Anong titigilan? walang titigilan dito 😅

#Juan365Studios #ALLINJUANLIVE #Juan365 #ColorGameLive #JuankadaStar #StarBabies #fypシ #highlights",15,2/25/2026 5:01,N/A,https://www.facebook.com/reel/1723527539019950/,1,0,Videos,,,,,Lifetime,2291,166,147,133,12,2,2288.358,3.807,0,21,21,,,0,,,0,0
1.22116E+17,6.15856E+13,JuanKada Star,"Di pa makatulog? I got you! Join ka na sa Color Game Live para antukin kakatawa sa saya! 🤣

#Juan365Studios #ALLINJUANLIVE #Juan365 #ColorGameLive #JuankadaStar #StarBabies",,0,2/25/2026 3:00,N/A,https://www.facebook.com/JuanKadaStarOfficialPage/posts/pfbid0Eyr9C28xeSnzdpJj4WfyWsjXtmPmc5teNv2p2FLroP7CdDJaA6DLxsCTBpoig5Qjl,0,0,Photos,,,,,Lifetime,338,180,13,10,0,3,,,,11,9,2,,0,,,,
1.22116E+17,6.15856E+13,JuanKada Star,🩵,"Mapapa-How do I breathe ka talaga sa ganitong kagandahan 🥰😋

#Juan365Studios #ALLINJUANLIVE #Juan365 #ColorGameLive #JuankadaStar #StarBabies #highlights #fbreels",14,2/24/2026 20:05,N/A,https://www.facebook.com/reel/1329105925643841/,0,0,Videos,,,,,Lifetime,2256,115,151,144,2,5,1701.409,2.597,0,11,11,,,0,,,0,0
1.22116E+17,6.15856E+13,JuanKada Star,Maritesssss,"Isa....ng daan? 😅

#Juan365Studios #ALLINJUANLIVE #Juan365 #ColorGameLive #JuankadaStar #StarBabies #highlights #fbreels",9,2/24/2026 5:01,N/A,https://www.facebook.com/reel/1454120733007119/,1,0,Videos,,,,,Lifetime,3330,185,235,232,0,3,2135.981,2.63,0,3,3,,,0,,,0,0
1.22116E+17,6.15856E+13,JuanKada Star,Chismosa yarn? 🤣,"Nainom lang napa-chismis pa. Bakit parang kasalanan namin? 🙂‍↕️

#Juan365Studios #ALLINJUANLIVE #Juan365 #ColorGameLive #JuankadaStar #StarBabies",29,2/24/2026 3:00,N/A,https://www.facebook.com/reel/1254938466736487/,1,0,Videos,,,,,Lifetime,3262,184,249,238,6,5,2238.385,2.716,0,18,18,,,0,,,0,0
1.22116E+17,6.15856E+13,JuanKada Star,"Mare, balita ko maganda at masaya daw sa Color Game Live ng Juan365? 🤨

Pano mo malalaman kung ‘di mo susubukan? Join na LIVE sa Color Game! 

#Juan365Studios #ALLINJUANLIVE #Juan365 #ColorGameLive #JuankadaStar #StarBabies #highlights #followers",,0,2/23/2026 20:00,N/A,https://www.facebook.com/JuanKadaStarOfficialPage/posts/pfbid04zVHQsGZePCrPKVT67NKsPG5mZT8oP5xPQJ8ksH133ELZZwEQvqnLpNJ41cSHbokl,0,0,Photos,,,,,Lifetime,499,209,24,14,5,5,,,,59,22,37,,0,,,,
1.22116E+17,6.15856E+13,JuanKada Star,"Salamat muli sa nakikulit, nakisaya at naglaro kasama ang team night shift. 🫶🫰 Abangan muli kami mamayang 10pm-5am ✨️",,0,2/23/2026 13:17,N/A,https://www.facebook.com/JuanKadaStarOfficialPage/posts/pfbid02soZQQwCJZzkju2o9XjzF7uEyTRoXvc9BzQ38TVjrYjdvyaSPJRRRv7uzZkY69AWkl,0,1,Text,,,,,Lifetime,77,71,12,9,3,0,,,,20,20,,,0,,,,
1.22116E+17,6.15856E+13,JuanKada Star,BTS 📹,"Pili na ng kulay, baka ito na ang lucky mo tonight! 💛💚 💙🩷❤️🤍

Join the live now! 

#Juan365Studios #ALLINJUANLIVE #Juan365 #ColorGameLive #JuankadaStar #StarBabies #highlights #fbreels",25,2/23/2026 5:00,N/A,https://www.facebook.com/reel/1472615447701154/,1,0,Videos,,,,,Lifetime,1133,95,18,12,2,4,700.419,2.122,0,4,4,,,0,,,0,0
1.22116E+17,6.15856E+13,JuanKada Star,🏌️‍♀️⛳️,"Ay parang ibang golf yata ‘to? 🤣

#Juan365Studios #ALLINJUANLIVE #Juan365 #ColorGameLive #JuankadaStar #StarBabies #highlights #fbreelsvideo",10,2/23/2026 3:00,N/A,https://www.facebook.com/reel/1224823909764521/,1,0,Videos,,,,,Lifetime,1367,223,21,13,2,6,1774.836,3.883,0,12,12,,,0,,,0,0
1.22116E+17,6.15856E+13,JuanKada Star,"Golfer yan sha! 😍⛳️ 

#Juan365Studios #ALLINJUANLIVE #Juan365 #ColorGameLive #JuankadaStar #StarBabies",,0,2/22/2026 20:36,N/A,https://www.facebook.com/JuanKadaStarOfficialPage/posts/pfbid02mLKAXoZnXmkAp6AGAM5gRDCRWsYkaVtbkAZULU69rQcgrT7ezmXDTHdrgbTXUdRVl,0,0,Photos,,,,,Lifetime,399,202,26,16,6,4,,,,22,12,10,,0,,,,
1.22116E+17,6.15856E+13,JuanKada Star,,,0,2/22/2026 9:47,N/A,https://www.facebook.com/JuanKadaStarOfficialPage/posts/pfbid0UBJRqHSDkXm1yg5qB7QFWs2RtxVxYKZePy1SQEPBgoSHmiygVHimfkyWgdHbweiHl,0,1,Text,,,,,Lifetime,36,43,8,7,1,0,,,,2,2,,,0,,,,
1.22116E+17,6.15856E+13,JuanKada Star,Paldo talaga kasama ang team night shift 🤑😍❤️,,0,2/22/2026 9:45,N/A,https://www.facebook.com/JuanKadaStarOfficialPage/posts/pfbid0k7Dfo68fbWwvhmdscPKtyufr5T2vzcKYaBt6U9G9LXtGzNvSHAyBBrLoVCGpL5oXl,0,1,Photos,,,,,Lifetime,142,65,7,7,0,0,,,,12,2,10,,0,,,,
1.22116E+17,6.15856E+13,JuanKada Star,"Soft glow, slow night ✨🌙

Kumusta kayo, Star babies? SMake sure to rest at wag mag papagod masyado ❤️

#Juan365Studios #ALLINJUANLIVE #Juan365 #ColorGameLive #JuankadaStar #StarBabies",,0,2/22/2026 3:00,N/A,https://www.facebook.com/JuanKadaStarOfficialPage/posts/pfbid06WBdocKb8KyM6u4GJFrQH4u1ASd8gbutWg3FvNgKjvbeivq8TWvobd4D2Jf8pqyAl,0,0,Photos,,,,,Lifetime,398,199,17,12,2,3,,,,27,8,19,,0,,,,
1.22116E+17,6.15856E+13,JuanKada Star,One time ✨,"Give you everything you need 😘

#Juan365Studios #ALLINJUANLIVE #Juan365 #ColorGameLive #JuankadaStar #StarBabies",22,2/21/2026 20:00,N/A,https://www.facebook.com/reel/1576958560187245/,1,0,Videos,,,,,Lifetime,1660,185,21,13,4,4,1214.31,2.478,0,8,8,,,0,,,0,0
1.22116E+17,6.15856E+13,JuanKada Star,❤️‍🔥,"Loosen up my buttons, babe 😉

#Juan365Studios #ALLINJUANLIVE #Juan365 #ColorGameLive #JuankadaStar #StarBabies",14,2/21/2026 5:01,N/A,https://www.facebook.com/reel/3856594711302461/,1,0,Videos,,,,,Lifetime,1814,696,31,21,6,4,4378.199,4.875,0,11,11,,,0,,,0,0
1.22116E+17,6.15856E+13,JuanKada Star,🖤,"Baby I’m not like the rest 😘

#Juan365Studios #ALLINJUANLIVE #Juan365 #ColorGameLive #JuankadaStar #StarBabies",26,2/21/2026 3:01,N/A,https://www.facebook.com/reel/26263134249969685/,1,0,Videos,,,,,Lifetime,1419,303,34,22,7,5,2179.185,4.02,0,15,15,,,0,,,0,0
1.22116E+17,6.15856E+13,JuanKada Star,Arat na! Makisaya at maglaro ng Color Game Live 🤗🤑 Abangan niyo ako 10pm-5am ✨💫⭐️,,0,2/20/2026 22:00,N/A,https://www.facebook.com/JuanKadaStarOfficialPage/posts/pfbid02WHqMJgzHnjc3tEchkGYgwqagUYzxXDJKJqYf1bSu3D8V9d2Gcj8kvgsjTMJsLoenl,0,1,Photos,,,,,Lifetime,100,51,6,6,0,0,,,,2,1,,1,0,,,,
1.22116E+17,6.15856E+13,JuanKada Star,Hi Star babies 🥰 Samahan niyo ulit kami mamayang 10pm-5am 😘😊,,0,2/20/2026 21:50,N/A,https://www.facebook.com/JuanKadaStarOfficialPage/posts/pfbid02XTSBpuXgcJn2M7wga4oBbe3gUAN49TNhcRNaPVSsKZXoMxZWRvmeyrZexromhG5Ul,0,1,Photos,,,,,Lifetime,150,79,11,10,1,0,,,,9,7,2,,0,,,,
1.22116E+17,6.15856E+13,JuanKada Star,Stick with you 🥰,"I must stick with you 💋

#Juan365Studios #ALLINJUANLIVE #Juan365 #ColorGameLive #JuankadaStar #StarBabies",13,2/20/2026 20:00,N/A,https://www.facebook.com/reel/747400731548710/,1,0,Videos,,,,,Lifetime,1836,184,28,20,3,5,1675.046,3.233,0,8,8,,,0,,,0,0
1.22115E+17,6.15856E+13,JuanKada Star,Stay tuned star babies 10pm-5am ✨,,0,2/20/2026 6:47,N/A,https://www.facebook.com/JuanKadaStarOfficialPage/posts/pfbid02JF7E82CE5a8G2Lz9YajrgxHWeYk57aqp8dYw7fEVQCkmV3FXDTyo1dCmK6qkkzfSl,0,1,Text,,,,,Lifetime,97,91,14,12,2,0,,,,9,9,,,0,,,,
1.22115E+17,6.15856E+13,JuanKada Star,"Weekend na! Tama na ang stress, time to relax and have some fun!

Catch me live mamaya from 10pm to 5am sa Color Game! Don’t miss it, Star Babies! ⭐️

#Juan365Studios #ALLINJUANLIVE #Juan365 #ColorGameLive #JuankadaStar #StarBabies",,0,2/20/2026 3:00,N/A,https://www.facebook.com/JuanKadaStarOfficialPage/posts/pfbid08pQMGgtc6HhjQyMyLBErtWPiiQvgi1ALfX2kSHMpF2oWjD6KTdNp1wWqjMnbDJsFl,0,0,Photos,,,,,Lifetime,348,163,23,13,6,4,,,,16,15,1,,0,,,,
1.22115E+17,6.15856E+13,JuanKada Star,Pasulyap sulyap 🫣,"Sumusulyap ka na naman ha! Baka mainlove ka na ng sobra sakin nyan? 😋

#Juan365Studios #ALLINJUANLIVE #Juan365 #ColorGameLive #JuankadaStar #StarBabies #highlights #fbreelsvideo",23,2/19/2026 19:50,N/A,https://www.facebook.com/reel/2481015492313866/,0,0,Videos,,,,,Lifetime,1604,146,31,24,5,2,1835.279,3.236,0,5,5,,,0,,,0,0
1.22115E+17,6.15856E+13,JuanKada Star,"Unstoppable, unapologetic, me 💅

#Juan365Studios #ALLINJUANLIVE #Juan365 #ColorGameLive #JuankadaStar #StarBabies",,0,2/19/2026 3:00,N/A,https://www.facebook.com/JuanKadaStarOfficialPage/posts/pfbid02U7b2nQWpbQGNUpAe8Y7ejoKUZij1asqxARZmLZtHs8R3J1n1xhUsg4HCyfoYWAQPl,0,0,Photos,,,,,Lifetime,351,140,24,15,5,4,,,,30,18,12,,0,,,,
1.22115E+17,6.15856E+13,JuanKada Star,🥰,"Good afternoon, Star Babies! ✨

Don’t forget to grab your lunch and watch your daily dose of happiness na Color Game live! 🫶🏻

#Juan365Studios #ALLINJUANLIVE #Juan365 #ColorGameLive #JuankadaStar #StarBabies",30,2/18/2026 20:01,N/A,https://www.facebook.com/reel/894287713490766/,1,0,Videos,,,,,Lifetime,1163,113,20,15,3,2,1144.205,3.345,0,7,7,,,0,,,0,0
1.22115E+17,6.15856E+13,JuanKada Star,Hindi babae lang 👊🏻,"Haters gonna hate 😜

#Juan365Studios #ALLINJUANLIVE #Juan365 #ColorGameLive #JuankadaStar #StarBabies",15,2/18/2026 5:00,N/A,https://www.facebook.com/reel/1971883416697283/,1,0,Videos,,,,,Lifetime,1330,223,35,22,8,5,2014.863,4.268,0,5,5,,,0,,,0,0
1.22115E+17,6.15856E+13,JuanKada Star,Soul Sister 🫶🏻,"Soul sister @[61583996447175:2048:Juankada Jedi]🌟❤️

#Juan365Studios #ALLINJUANLIVE #Juan365 #ColorGameLive #JuankadaStar #StarBabies",20,2/18/2026 3:01,N/A,https://www.facebook.com/reel/2986570488200886/,1,0,Videos,,,,,Lifetime,1183,114,16,11,2,3,910.894,2.625,0,8,8,,,0,,,0,0
1.22115E+17,6.15856E+13,JuanKada Star,,,0,2/18/2026 1:59,N/A,https://www.facebook.com/JuanKadaStarOfficialPage/posts/pfbid0MXnkXsDnc1ruueXR6ooemZ3AjuGShbvt4LuRYp9eoMM2kfFqpjR5vekWpFzBdT4nl,0,1,Photos,,,,,Lifetime,138,66,10,9,1,0,,,,18,12,6,,0,,,,
1.22115E+17,6.15856E+13,JuanKada Star,❤️,,0,2/17/2026 21:38,N/A,https://www.facebook.com/JuanKadaStarOfficialPage/posts/pfbid0Pgj5txH4W24BesNDUhDEdGNxDTisuByQWgU7C1RYWhtPUgtj8xbekqwC5x9m7DJCl,0,1,Videos,,,,,Lifetime,86,70,15,11,4,0,,,,13,13,,,0,,,,
1.22115E+17,6.15856E+13,JuanKada Star,"Feeling extra sexy in red ❤️

#Juan365Studios #ALLINJUANLIVE #Juan365 #ColorGameLive #JuankadaStar #StarBabies",,0,2/17/2026 20:00,N/A,https://www.facebook.com/JuanKadaStarOfficialPage/posts/pfbid0PtxWmeopUdNdsRXKAFZcpqaW3jRaPuwCgHKo3RGiErnfBobeGGUTjTJMsuCtNs1Ql,0,0,Photos,,,,,Lifetime,453,228,21,12,5,4,,,,38,15,23,,0,,,,
1.22115E+17,6.15856E+13,JuanKada Star,Diyosa ✨,"Ang diyosa ng buhay niyo ❤️

#Juan365Studios #ALLINJUANLIVE #Juan365 #ColorGameLive #JuankadaStar #StarBabies",13,2/17/2026 5:00,N/A,https://www.facebook.com/reel/1977460549859444/,1,0,Videos,,,,,Lifetime,1185,132,26,17,5,4,929.199,2.617,0,10,10,,,0,,,0,0
1.22115E+17,6.15856E+13,JuanKada Star,🥰 🥰,"Nanggigigil at kinikilig rin ba kayo sa ganda ko, Star Babies? 💋

#Juan365Studios #ALLINJUANLIVE #Juan365 #ColorGameLive #JuankadaStar #StarBabies #highlights #fbreelsvideo",28,2/17/2026 3:00,N/A,https://www.facebook.com/reel/3355562411268531/,1,0,Videos,,,,,Lifetime,1232,157,29,21,8,0,1282.143,3.237,0,13,13,,,0,,,0,0
1.22115E+17,6.15856E+13,JuanKada Star,"Gong Xi Fa Cai! 🏮

#Juan365Studios #ALLINJUANLIVE #Juan365 #ColorGameLive #JuankadaStar #StarBabies",,0,2/16/2026 20:01,N/A,https://www.facebook.com/JuanKadaStarOfficialPage/posts/pfbid02mJg9nmFAc7yhWkxKKQux4roGZQ6DASsdMcVSQvgzKxvbueK7upHFYayzXCc12yzZl,0,0,Photos,,,,,Lifetime,542,309,23,17,1,5,,,,31,9,22,,0,,,,
1.22115E+17,6.15856E+13,JuanKada Star,"Kamusta naman ang gabi niyo, Star Babies? Sana masaya at chill lang tayo tonight 💖

#Juan365Studios #ALLINJUANLIVE #Juan365 #ColorGameLive #JuankadaStar #StarBabies",,0,2/16/2026 5:00,N/A,https://www.facebook.com/JuanKadaStarOfficialPage/posts/pfbid02zrmdDZpw1XG7trraowTXTGTCdaaLmY2hfDyMnc2YCv89JayCaGpeGSvdJy9YhVzFl,0,0,Photos,,,,,Lifetime,246,112,19,13,3,3,,,,10,3,7,,0,,,,
1.22115E+17,6.15856E+13,JuanKada Star,Kasalanan 🤭,"Willing ka bang maging kasalanan ako? 🤪

#Juan365Studios #ALLINJUANLIVE #Juan365 #ColorGameLive #JuankadaStar #StarBabies #highlights #fbreels",8,2/16/2026 3:00,N/A,https://www.facebook.com/reel/912997207999238/,1,0,Videos,,,,,Lifetime,1664,141,39,27,6,6,2705.436,4.308,0,9,9,,,0,,,0,0
1.22115E+17,6.15856E+13,JuanKada Star,❤️‍🔥,"Pwede bang sa akin lang kayo maaakit, Star Babies? 🥹

#Juan365Studios #ALLINJUANLIVE #Juan365 #ColorGameLive #JuankadaStar #StarBabies #highlights #fbreels",16,2/15/2026 20:00,N/A,https://www.facebook.com/reel/2125198938251213/,1,0,Videos,,,,,Lifetime,1202,210,33,22,6,5,1643.005,3.829,0,15,15,,,0,,,0,0
1.22115E+17,6.15856E+13,JuanKada Star,❤️,"Put me in Chanel 💍

#Juan365Studios #ALLINJUANLIVE #Juan365 #ColorGameLive #JuankadaStar #StarBabies #highlights",17,2/15/2026 5:01,N/A,https://www.facebook.com/reel/1623586882315313/,1,0,Videos,,,,,Lifetime,1181,109,21,11,5,5,1008.613,3.001,0,13,13,,,0,,,0,0
1.22115E+17,6.15856E+13,JuanKada Star,Closer,"Ain't never getting older 😍

Tiktok break muna with Juankada Host Zia ❤️

#Juan365Studios #ALLINJUANLIVE #Juan365 #ColorGameLive #JuankadaStar #StarBabies",18,2/15/2026 3:00,N/A,https://www.facebook.com/reel/2106216640130912/,1,0,Videos,,,,,Lifetime,1662,581,28,21,7,0,3201.343,4.104,0,25,25,,,0,,,0,0
1.22115E+17,6.15856E+13,JuanKada Star,Walang reaksyon ganto naba pag wala ng kinakatakutan? ✌️😆🤣,,0,2/15/2026 2:21,N/A,https://www.facebook.com/JuanKadaStarOfficialPage/posts/pfbid02GiyWmEV13g1XxPzNW6wMNaUTGHwZUPSzvqkiQQmoJzxF7uPTfExqYRYXdE9t6mfkl,0,1,Videos,,,,,Lifetime,92,81,11,9,2,0,,,,4,4,,,0,,,,
1.22115E+17,6.15856E+13,JuanKada Star,Live until 10pm 😊 Arat na star babies ✨️💫⭐️,,0,2/15/2026 2:21,N/A,https://www.facebook.com/JuanKadaStarOfficialPage/posts/pfbid031gAfMXP7vTZwH5m4AVNEQUyomCgYhyQKqrT9GjwHxmxMfDMnM3igV9M7UP21FYbgl,0,1,Photos,,,,,Lifetime,204,93,10,9,1,0,,,,12,8,4,,0,,,,
1.22115E+17,6.15856E+13,JuanKada Star,Ek ek ek 😆🤣,,0,2/15/2026 2:18,N/A,https://www.facebook.com/JuanKadaStarOfficialPage/posts/pfbid0f5QhWKqm9mDDZo4z9W1KUwUBMf1M8fp8AuvNWhiXRc4o9Fnevs8DETUq9hJNHTJ9l,0,1,Text,,,,,Lifetime,53,54,9,7,2,0,,,,4,4,,,0,,,,
1.22115E+17,6.15856E+13,JuanKada Star,"Roses for you 🌹🥰

#Juan365Studios #ALLINJUANLIVE #Juan365 #ColorGameLive #JuankadaStar #StarBabies",,0,2/14/2026 20:00,N/A,https://www.facebook.com/JuanKadaStarOfficialPage/posts/pfbid0XsF8BYbpGFDgSnrLAYZ9zeDtaFwAPvUzePbm7VyZeVi9xcranLhhqBDrNLiuFmjYl,0,0,Photos,,,,,Lifetime,364,161,26,16,6,4,,,,12,6,6,,0,,,,
1.22114E+17,6.15856E+13,JuanKada Star,Relapsed muna 😂,"Princess na sana nabroken pa bigla… 🙂‍↕️

#Juan365Studios #ALLINJUANLIVE #Juan365 #ColorGameLive #JuankadaStar #StarBabies #highlights #fbreelsvideo",14,2/14/2026 5:25,N/A,https://www.facebook.com/reel/881512698035664/,1,0,Videos,,,,,Lifetime,1414,209,41,29,10,2,1884.086,4.122,0,11,11,,,0,,,0,0
1.22114E+17,6.15856E+13,JuanKada Star,"Serving looks and love this Valentine’s 💘

#Juan365Studios #ALLINJUANLIVE #Juan365 #ColorGameLive #JuankadaStar #StarBabies #highlights",,0,2/14/2026 4:37,N/A,https://www.facebook.com/JuanKadaStarOfficialPage/posts/pfbid0KXoqzdh8g5adUQV3avFZUJRZ8Wts8vHKgXpHdrhppp2Zs1yJBUHRiqYa8qe8Dz8al,0,0,Photos,,,,,Lifetime,524,237,21,14,4,3,,,,31,12,19,,0,,,,
1.22114E+17,6.15856E+13,JuanKada Star,"Happy Valentines Day, Star Babies! 🫶🏻 Flowers for you 💐🌷❤️

#Juan365Studios #ALLINJUANLIVE #Juan365 #ColorGameLive #JuankadaStar #StarBabies #highlights","Happy Valentines Day, Star Babies! 🫶🏻 Flowers for you 💐🌷❤️

#Juan365Studios #ALLINJUANLIVE #Juan365 #ColorGameLive #JuankadaStar #StarBabies #highlights",14,2/13/2026 20:00,N/A,https://www.facebook.com/reel/2472673936481932/,1,0,Videos,,,,,Lifetime,2087,134,29,16,9,4,879.08,1.615,0,11,11,,,0,,,0,0
1.22114E+17,6.15856E+13,JuanKada Star,Sumama kana! 🫶🏻,"Tara na, Star babies! 😉

#Juan365Studios #ALLINJUANLIVE #Juan365 #ColorGameLive #JuankadaStar #StarBabies",20,2/13/2026 5:02,N/A,https://www.facebook.com/reel/2131723634228194/,1,0,Videos,,,,,Lifetime,1401,283,47,36,7,4,2438.618,4.698,0,23,23,,,0,,,0,0
1.22114E+17,6.15856E+13,JuanKada Star,😘,"Sinong gusto ng kiss ko dyan? 🥰😘

#Juan365Studios #ALLINJUANLIVE #Juan365 #ColorGameLive #JuankadaStar #StarBabies #higlights #fbreelsvideo",9,2/13/2026 3:00,N/A,https://www.facebook.com/reel/1880794679209275/,1,0,Videos,,,,,Lifetime,1177,106,19,14,3,2,779.742,2.37,0,7,7,,,0,,,0,0
1.22114E+17,6.15856E+13,JuanKada Star,"Serving looks in red ❤️

#Juan365Studios #ALLINJUANLIVE #Juan365 #ColorGameLive #JuankadaStar #StarBabies #highlights",,0,2/12/2026 20:00,N/A,https://www.facebook.com/JuanKadaStarOfficialPage/posts/pfbid0cwZkqjcSDoejycmX33uu2ddAWAvWB4eP3aBTsCU4f5ss1U3BGrobwFCBRTEoTHbDl,0,0,Photos,,,,,Lifetime,1634,736,75,59,10,6,,,,155,40,115,,0,,,,
1.22114E+17,6.15856E+13,JuanKada Star,Arat na star babies until 2pm ⭐️,,0,2/12/2026 18:22,N/A,https://www.facebook.com/JuanKadaStarOfficialPage/posts/pfbid0smGSquFCWFyzKXXhC92qpiC851u57KXg2JWBqGcGqKRK6RSj1xSQgxqgpuLwor9rl,0,1,Photos,,,,,Lifetime,180,80,12,11,1,0,,,,7,2,5,,0,,,,
1.22114E+17,6.15856E+13,JuanKada Star,🧋,"Quick escape from work with Mam Jess and Juankada Host Jedi! 🫶

#Juan365Studios #ALLINJUANLIVE #Juan365 #ColorGameLive #JuankadaStar #StarBabies #highlights #fbreelsvideo",28,2/12/2026 5:00,N/A,https://www.facebook.com/reel/1912443939370949/,1,0,Videos,,,,,Lifetime,1167,118,15,10,2,3,1054.955,3.13,0,3,3,,,0,,,0,0
1.22114E+17,6.15856E+13,JuanKada Star,Congratulations to all winners ✨️🎉🫶,,0,2/12/2026 4:34,N/A,https://www.facebook.com/JuanKadaStarOfficialPage/posts/pfbid0tGKN73eMHtYwxV9MoFhU6t2YGFwq9TGXoD3KD3ouzFUDQzq1sd3K8DSTcRPPTquYl,0,1,Photos,,,,,Lifetime,363,138,27,18,9,0,,,,33,25,8,,0,,,,
1.22114E+17,6.15856E+13,JuanKada Star,X150 🤑,"Shoutout to all my sexy, Star Babies! 💋

Tune in lang lagi sa Color Game live! 

#Juan365Studios #ALLINJUANLIVE #Juan365 #ColorGameLive #JuankadaStar #StarBabies #highlights #fbreelsvideo",18,2/12/2026 3:00,N/A,https://www.facebook.com/reel/1431980805008009/,1,0,Videos,,,,,Lifetime,1226,150,23,15,3,5,1320.411,3.549,0,10,10,,,0,,,0,0
1.22114E+17,6.15856E+13,JuanKada Star,🤟🏻,"Just another day, just another slay 💃

#Juan365Studios #ALLINJUANLIVE #Juan365 #ColorGameLive #JuankadaStar #StarBabies #highlights #fbreelsvideo",17,2/11/2026 20:00,N/A,https://www.facebook.com/reel/1957162514879049/,1,0,Videos,,,,,Lifetime,1307,251,24,15,5,4,1353.295,3.02,0,7,7,,,0,,,0,0
1.22114E+17,6.15856E+13,JuanKada Star,🧡🤍,"Orange vibes, starry skies ✨🧡 Bringing the sunshine wherever I go!

#Juan365Studios #ALLINJUANLIVE #Juan365 #ColorGameLive #JuankadaStar #StarBabies #highlights #fbreelsfypシ゚",19,2/11/2026 5:00,N/A,https://www.facebook.com/reel/1284430756885395/,1,0,Videos,,,,,Lifetime,1311,229,34,25,5,4,2101.324,4.558,0,6,6,,,0,,,0,0
1.22114E+17,6.15856E+13,JuanKada Star,"Olive mood 💚

#Juan365Studios #ALLINJUANLIVE #Juan365 #ColorGameLive #JuankadaStar #StarBabies #highlights",,0,2/11/2026 3:00,N/A,https://www.facebook.com/JuanKadaStarOfficialPage/posts/pfbid0Ns7MZMaDtbiLX54ryE1Y3gruoKaR6KDws4iXLXWnmjpTJVeFv9MmqLAfQqUn23wwl,0,0,Photos,,,,,Lifetime,375,175,32,23,4,5,,,,19,12,7,,0,,,,
1.22114E+17,6.15856E+13,JuanKada Star,"🚨 Huwag ka nang mag-isip, sali na agad! 𝐅𝐑𝐄𝐄 𝟐𝟎𝟎 𝐂𝐑𝐄𝐃𝐈𝐓𝐒 si 𝐉𝐮𝐚𝐧𝐤𝐚𝐝𝐚 𝐒𝐭𝐚𝐫 para sa inyo!

👉 𝐅𝐨𝐥𝐥𝐨𝐰 𝐉𝐮𝐚𝐧𝟑𝟔𝟓 𝐒𝐭𝐮𝐝𝐢𝐨𝐬 (https://www.facebook.com/Juan365Studios/)
👉 Leave a 𝐫𝐞𝐯𝐢𝐞𝐰
👉 𝐅𝐨𝐥𝐥𝐨𝐰 𝐉𝐮𝐚𝐧𝐤𝐚𝐝𝐚 𝐒𝐭𝐚𝐫 (https://www.facebook.com/JuanKadaStarOfficialPage)
👉 Comment screenshot

Limited sa 𝟐𝟎 𝐥𝐮𝐜𝐤𝐲 𝐰𝐢𝐧𝐧𝐞𝐫𝐬! 🔥

#Juan365 #Juan365Studios #AllInJuanSaSaya #JuanKada #JuankadaStar",,0,2/11/2026 1:34,N/A,https://www.facebook.com/JuanKadaStarOfficialPage/posts/pfbid02xA43TW9ExjTvHkEeAMGcYRQ6AAk93jHeTsrzs7TSfydyjRsZt8UK2uXzKr7zgxEwl,0,1,Photos,,,,,Lifetime,413,174,50,37,11,2,,,,36,27,9,,0,,,,
1.22114E+17,6.15856E+13,JuanKada Star,"Let your colors shine, Star Babies!

Abangan ako lagi sa Color Game Live and be part of the fun! 🫶

#Juan365Studios #ALLINJUANLIVE #Juan365 #ColorGameLive #JuankadaStar #StarBabies #highlights",,0,2/10/2026 20:00,N/A,https://www.facebook.com/JuanKadaStarOfficialPage/posts/pfbid06hsNL4SNcz7THhuRs5pVFTFZqqqEEN6oEuVnSK3Ca1pLAmqH93BKs597BwVbsAKEl,0,0,Photos,,,,,Lifetime,193,86,15,10,1,4,,,,11,4,7,,0,,,,
1.22114E+17,6.15856E+13,JuanKada Star,"Ako pa rin ba ang nasa puso niyo, Star Babies? 

Heart this if yes! 🥰

#Juan365Studios #ALLINJUANLIVE #Juan365 #ColorGameLive #JuankadaStar #StarBabies #highlights","Ako pa rin ba ang nasa puso niyo, Star Babies? 

Heart this if yes! 🥰

#Juan365Studios #ALLINJUANLIVE #Juan365 #ColorGameLive #JuankadaStar #StarBabies #highlights",15,2/10/2026 5:00,N/A,https://www.facebook.com/reel/1266545885366725/,1,0,Videos,,,,,Lifetime,1209,145,21,15,1,5,1033.507,2.816,0,2,2,,,0,,,0,0
1.22114E+17,6.15856E+13,JuanKada Star,"Star Babies, kumain na ba kayo today?

Kumain tayo ng tama para always healthy at may energy araw-araw 💚

#Juan365Studios #ALLINJUANLIVE #Juan365 #ColorGameLive #JuankadaStar #StarBabies #highlights",,0,2/10/2026 3:00,N/A,https://www.facebook.com/JuanKadaStarOfficialPage/posts/pfbid0EgUytZVhCMEFMCvuyoZ3QeRLVaKvuURuPidQpUZuh8aK8KrAxjH2yMhNfZKDWmQHl,0,0,Photos,,,,,Lifetime,277,121,14,10,0,4,,,,7,4,3,,0,,,,
1.22114E+17,6.15856E+13,JuanKada Star,Live until 2pm 🫶,,0,2/9/2026 20:13,N/A,https://www.facebook.com/JuanKadaStarOfficialPage/posts/pfbid02ZymznUsgdDFCSLmDc2eBst7vVYreePFtwLR9dwgGK1Nx9fmE12uiuR4NwXkSti9Sl,0,1,Text,,,,,Lifetime,65,75,14,10,4,0,,,,6,6,,,0,,,,
1.22114E+17,6.15856E+13,JuanKada Star,Abangan niyo ko star babies 💫⭐️🫶,,0,2/9/2026 20:12,N/A,https://www.facebook.com/JuanKadaStarOfficialPage/posts/pfbid02nrSrTMduj3soEdxALHRYvw4nYf995zfMJvVKQeg7CsEXiYVdgBzcJckcrvbyCK6bl,0,1,Photos,,,,,Lifetime,137,66,8,7,0,1,,,,14,4,3,7,0,,,,
1.22114E+17,6.15856E+13,JuanKada Star,"Gusto mo bang sumaya at manalo? Watch me LIVE sa COLOR GAME LIVE at baka ikaw na ang sunod na manalo! 🥰

#Juan365Studios #ALLINJUANLIVE #Juan365 #ColorGameLive #JuankadaStar #StarBabies #highlights",,0,2/9/2026 20:00,N/A,https://www.facebook.com/JuanKadaStarOfficialPage/posts/pfbid0ddRi8UT5EZh3dRoUqPLVYRRmxpkUMSFLocYaPQknxx9v25tLE2sgAk8CCuSjmA9Bl,0,0,Photos,,,,,Lifetime,192,77,15,11,0,4,,,,7,4,3,,0,,,,
1.22113E+17,6.15856E+13,JuanKada Star,🤟🏻,"Quick fit check ✅

#Juan365Studios #ALLINJUANLIVE #Juan365 #ColorGameLive #JuankadaStar #StarBabies #highlights #fbreelsvideo",15,2/9/2026 5:01,N/A,https://www.facebook.com/reel/2718491255203812/,1,0,Videos,,,,,Lifetime,1411,288,22,18,1,3,2569.641,4.875,0,6,6,,,0,,,0,0
1.22113E+17,6.15856E+13,JuanKada Star,✨💫⭐️,"Shining so bright ✨

#Juan365Studios #ALLINJUANLIVE #Juan365 #ColorGameLive #JuankadaStar #StarBabies #highlights #fbreels",15,2/9/2026 3:01,N/A,https://www.facebook.com/reel/1589365718772189/,1,0,Videos,,,,,Lifetime,1212,149,24,17,4,3,1012.46,2.714,0,4,4,,,0,,,0,0
1.22113E+17,6.15856E+13,JuanKada Star,🖤,"Sulitin ang Sunday, relax muna, at samahan ulit ako bukas sa Color Game Live 🥰

#Juan365Studios #ALLINJUANLIVE #Juan365 #ColorGameLive #JuankadaStar #StarBabies #highlights #fbreelsvideo",25,2/8/2026 20:37,N/A,https://www.facebook.com/reel/860759100110529/,0,0,Videos,,,,,Lifetime,1161,110,23,15,6,2,1258.736,3.757,0,5,5,,,0,,,0,0
1.22113E+17,6.15856E+13,JuanKada Star,,,0,2/8/2026 11:48,N/A,https://www.facebook.com/JuanKadaStarOfficialPage/posts/pfbid0adTMKdA6LyxANU9ZT18ScEFz53f2Tvt9BK4DwSXTsMqUv3QSDoxheQfxjPa8dPPgl,0,1,Photos,,,,,Lifetime,98,42,7,7,0,0,,,,2,2,,,0,,,,
1.22113E+17,6.15856E+13,JuanKada Star,"On Sundays, we wear black — bold, strong, and classy🖤

#Juan365Studios #ALLINJUANLIVE #Juan365 #ColorGameLive #JuankadaStar #StarBabies #highlights #fbreels",,0,2/8/2026 5:00,N/A,https://www.facebook.com/JuanKadaStarOfficialPage/posts/pfbid02fUZWdJavNcMX247XAVLo8i4P9tp4UmATr8L89ZTgSGJkJmgcKpn2BpZZTT166b3Hl,0,0,Photos,,,,,Lifetime,852,441,26,20,2,4,,,,59,13,46,,0,,,,
1.22113E+17,6.15856E+13,JuanKada Star,Binibini 🩵💙,"Shoutout to all binibini’s out there! 🫶🏻 

#Juan365Studios #ALLINJUANLIVE #Juan365 #ColorGameLive #JuankadaStar #StarBabies #highlights #fbreelsvideo #followersreels",25,2/8/2026 3:01,N/A,https://www.facebook.com/reel/1951594526240385/,1,0,Videos,,,,,Lifetime,1508,269,143,136,2,5,2999.82,4.792,0,10,10,,,0,,,0,0
1.22113E+17,6.15856E+13,JuanKada Star,"Salamat sa mga nakilaro, nakikulit at nakisaya sa amin kanina. Magkikita muli tayo bukas 6am-2pm star babies 🫰🫶💫⭐️",,0,2/8/2026 1:15,N/A,https://www.facebook.com/JuanKadaStarOfficialPage/posts/pfbid02GbSTMFQYzHeW4MzMYcjBYh9YBws4CCb4x9c7AvRXCpmXgeHPyE4J4onNRfjT6NVGl,0,1,Text,,,,,Lifetime,55,61,12,9,3,0,,,,4,4,,,0,,,,
1.22113E+17,6.15856E+13,JuanKada Star,🩶,,0,2/8/2026 0:48,N/A,https://www.facebook.com/JuanKadaStarOfficialPage/posts/pfbid0iCG7RwgYXkGjqviGAB7hgxHsSe8H1QqUfwovc7MvjGWiZhYidYSdQrZ4WLBXrad7l,0,1,Text,,,,,Lifetime,53,53,9,9,0,0,,,,7,7,,,0,,,,
1.22113E+17,6.15856E+13,JuanKada Star,Skydome ✨,"A quick escape 🩷

#Juan365Studios #ALLINJUANLIVE #Juan365 #ColorGameLive #JuankadaStar #StarBabies #highlights #fbreels",34,2/7/2026 20:00,N/A,https://www.facebook.com/reel/1586982609177838/,1,0,Videos,,,,,Lifetime,1136,80,128,123,0,5,1025.813,3.225,0,2,2,,,0,,,0,0
1.22113E+17,6.15856E+13,JuanKada Star,Mama 🤭,"Hi mama? 🙈

#Juan365Studios #ALLINJUANLIVE #Juan365 #ColorGameLive #JuankadaStar #StarBabies #highlights #fbreels",12,2/7/2026 5:00,N/A,https://www.facebook.com/reel/1971790243754154/,1,0,Videos,,,,,Lifetime,1557,135,146,136,4,6,3181.037,5.105,0,14,14,,,0,,,0,0
1.22113E+17,6.15856E+13,JuanKada Star,"Slay the day! ✨

#Juan365Studios #ALLINJUANLIVE #Juan365 #ColorGameLive #JuankadaStar #StarBabies",,0,2/7/2026 3:01,N/A,https://www.facebook.com/JuanKadaStarOfficialPage/posts/pfbid02cU3TUCsxzxPUR3BUEYrTbUTA7ntwvBhZZmZkSrPZKMMmFgi5yc4AKKSpk6nj4KxRl,0,0,Photos,,,,,Lifetime,362,134,21,12,6,3,,,,28,11,17,,0,,,,
1.22113E+17,6.15856E+13,JuanKada Star,"With Juankada hosts Lance, Alex & Zia — good vibes, good people! 💛

#Juan365Studios #ALLINJUANLIVE #Juan365 #ColorGameLive #JuankadaStar #StarBabies",,0,2/6/2026 20:00,N/A,https://www.facebook.com/JuanKadaStarOfficialPage/posts/pfbid02D7Hsn7PiaMFCAGsDM4ABjhWMTkxPMtTb6JiwJvzpmGc3yXwFaesmiHhEozNyFnqKl,0,0,Photos,,,,,Lifetime,416,189,22,17,2,3,,,,16,4,12,,0,,,,
1.22113E+17,6.15856E+13,JuanKada Star,🩶,"Catch me shining, catching all the happy vibes ⭐

#Juan365Studios #ALLINJUANLIVE #Juan365 #ColorGameLive #JuankadaStar #StarBabies #highlights #fbreelsvideo",17,2/6/2026 5:01,N/A,https://www.facebook.com/reel/1458066185742062/,1,0,Videos,,,,,Lifetime,1234,160,15,11,2,2,1147.251,2.941,0,4,4,,,0,,,0,0
1.22113E+17,6.15856E+13,JuanKada Star,Friday 🩶🤍,"It's friYAY, Star Babies! Anong plans niyo this weekend? 🥰

#Juan365Studios #ALLINJUANLIVE #Juan365 #ColorGameLive #JuankadaStar #StarBabies #highlights #fbreelsfypシ゚",28,2/6/2026 1:35,N/A,https://www.facebook.com/reel/1342361504578102/,0,0,Videos,,,,,Lifetime,1147,93,25,20,2,3,781.029,2.425,0,5,5,,,0,,,0,0
1.22113E+17,6.15856E+13,JuanKada Star,Mahalin moko ng lubos 🫶🏻,"Mahalin niyo ko ng lubos star babies 🫶🏻💖

#Juan365Studios #ALLINJUANLIVE #Juan365 #ColorGameLive #JuankadaStar #StarBabies #highlights #fbreels #followerseveryone",12,2/5/2026 20:00,N/A,https://www.facebook.com/reel/4283558905245035/,1,0,Videos,,,,,Lifetime,1321,185,32,23,5,4,2029.062,4.774,0,17,17,,,0,,,0,0
1.22113E+17,6.15856E+13,JuanKada Star,"Tinamaan na talaga ‘ko sa inyo, Star Babies! 🙂‍↔️🩷

#Juan365Studios #ALLINJUANLIVE #Juan365 #ColorGameLive #JuankadaStar #StarBabies","Tinamaan na talaga ‘ko sa inyo, Star Babies! 🙂‍↔️🩷

#Juan365Studios #ALLINJUANLIVE #Juan365 #ColorGameLive #JuankadaStar #StarBabies",15,2/5/2026 5:01,N/A,https://www.facebook.com/reel/1212926023887707/,1,0,Videos,,,,,Lifetime,1432,257,33,21,7,5,2132.75,3.849,0,4,4,,,0,,,0,0
1.22112E+17,6.15856E+13,JuanKada Star,"Sweet by heart, not just by looks 🩷

#Juan365Studios #ALLINJUANLIVE #Juan365 #ColorGameLive #JuankadaStar #StarBabies #highlights #fbreels",,0,2/5/2026 3:00,N/A,https://www.facebook.com/JuanKadaStarOfficialPage/posts/pfbid02jueBkPEPkkEYZ8BLx17Mcut9KV5ikxfgfK5FEgCy2meVva7FZXfyxTj9GcRbfufHl,0,0,Photos,,,,,Lifetime,230,95,286,283,0,3,,,,6,5,1,,0,,,,
1.2212E+17,6.1584E+13,Juankada Jedi,"masetala with juankada star! ung cuteness nalang namin i-mix mix namin 🙈

#JuankadaJedi #JediBabes #JuankadaStar #masetala #trendingreels #fyp #highlightseveryone #fypviralシ","masetala with juankada star! ung cuteness nalang namin i-mix mix namin 🙈

#JuankadaJedi #JediBabes #JuankadaStar #masetala #trendingreels #fyp #highlightseveryone #fypviralシ",14,2/4/2026 20:01,N/A,https://www.facebook.com/reel/1246655860706855/,1,0,Videos,,,,,Lifetime,1457,229,22,17,3,2,2914.654,5.829,0,16,16,,,0,,,0,0
1.22112E+17,6.15856E+13,JuanKada Star,💖,"Choose joy today, Star Babies! ✨

Comment ""😊"" kung masaya ka rin today!

#Juan365Studios #ALLINJUANLIVE #Juan365 #ColorGameLive #JuankadaStar #StarBabies #highlights #followersreels",17,2/4/2026 20:00,N/A,https://www.facebook.com/reel/2170856400324727/,1,0,Videos,,,,,Lifetime,1209,103,291,286,3,2,1189.37,3.398,0,7,7,,,0,,,0,0
1.22112E+17,6.15856E+13,JuanKada Star,"Kakayanin ko naman… UMIYAK 😭

#Juan365Studios #ALLINJUANLIVE #Juan365 #ColorGameLive #JuankadaStar #StarBabies","Kakayanin ko naman… UMIYAK 😭

#Juan365Studios #ALLINJUANLIVE #Juan365 #ColorGameLive #JuankadaStar #StarBabies",16,2/4/2026 5:24,N/A,https://www.facebook.com/reel/918224663959047/,0,0,Videos,,,,,Lifetime,2233,963,319,310,3,6,5654.634,4.608,0,15,15,,,0,,,0,0
1.22112E+17,6.15856E+13,JuanKada Star,"Unbothered. Glowing. Thriving. 🍃

#Juan365Studios #ALLINJUANLIVE #Juan365 #ColorGameLive #JuankadaStar #StarBabies #highlightseveryone #fypviralシ",,0,2/4/2026 4:25,N/A,https://www.facebook.com/JuanKadaStarOfficialPage/posts/pfbid0WrhyZgRWpWfRTDbmtJEfvCuoWWdJi7q8XiorxatfBxZTEDjRszqpDKM6sc2FEqAyl,0,0,Photos,,,,,Lifetime,324,132,289,285,1,3,,,,14,3,11,,0,,,,
1.22112E+17,6.15856E+13,JuanKada Star,"Main character energy 🌸

#Juan365Studios #ALLINJUANLIVE #Juan365 #ColorGameLive #JuankadaStar #StarBabies #highlightseveryone #fypviralシ",,0,2/3/2026 20:00,N/A,https://www.facebook.com/JuanKadaStarOfficialPage/posts/pfbid05BdM2JcUW1GFvfVGRDGbKV2JTQgwmgbVpMuwg3zWrcRzgJoKq8nygAhFcANbx4nUl,0,0,Photos,,,,,Lifetime,1473,840,328,311,9,8,,,,41,23,18,,0,,,,
1.22112E+17,6.15856E+13,JuanKada Star,"Quick break between busy days with Direc Prey and Jhay, HMUA Yuki and Juankada Hosy Jedi ❤️✨

#Juan365Studios #ALLINJUANLIVE #Juan365 #ColorGameLive #JuankadaStar #StarBabies","Quick break between busy days with Direc Prey and Jhay, HMUA Yuki and Juankada Hosy Jedi ❤️✨

#Juan365Studios #ALLINJUANLIVE #Juan365 #ColorGameLive #JuankadaStar #StarBabies",37,2/3/2026 5:00,N/A,https://www.facebook.com/reel/1226469715674247/,1,0,Videos,,,,,Lifetime,1240,124,294,285,3,6,1055.266,2.698,0,3,3,,,0,,,0,0
1.22112E+17,6.15856E+13,JuanKada Star,"What’s going on, Star Babies? 🤭

#Juan365Studios #ALLINJUANLIVE #Juan365 #ColorGameLive #JuankadaStar #StarBabies","What’s going on, Star Babies? 🤭

#Juan365Studios #ALLINJUANLIVE #Juan365 #ColorGameLive #JuankadaStar #StarBabies",24,2/2/2026 20:07,N/A,https://www.facebook.com/reel/1585346642783747/,1,0,Videos,,,,,Lifetime,1855,627,34,23,5,6,6402.362,7.097,0,28,28,,,0,,,0,0
1.22112E+17,6.15856E+13,JuanKada Star,"Always shining and smiling ✨

How’s your day, Star Babies? Heart this if you’re feeling the good vibes today 💫

#Juan365Studios #ALLINJUANLIVE #Juan365 #ColorGameLive #JuankadaStar #StarBabies #highlight #fypviralシ #reelsfypシ","Always shining and smiling ✨

How’s your day, Star Babies? Heart this if you’re feeling the good vibes today 💫

#Juan365Studios #ALLINJUANLIVE #Juan365 #ColorGameLive #JuankadaStar #StarBabies #highlight #fypviralシ #reelsfypシ",25,2/2/2026 6:51,N/A,https://www.facebook.com/reel/1133130572125904/,0,0,Videos,,,,,Lifetime,2386,258,301,294,3,4,2483.553,3.444,0,8,8,,,0,,,0,0
1.22112E+17,6.15856E+13,JuanKada Star,💜,"Why’re you so obsessed with me? 😌

#Juan365Studios #ALLINJUANLIVE #Juan365 #ColorGameLive #JuankadaStar #StarBabies #fypシ゚viralシ #highlights #reelschallenge",36,2/1/2026 19:29,N/A,https://www.facebook.com/reel/1661842341895020/,0,0,Videos,,,,,Lifetime,1404,341,302,294,2,6,2239.392,4.027,0,16,16,,,0,,,0,0
1.22112E+17,6.15856E+13,JuanKada Star,"With your Juankada Hosts! 🫶🏻

#Juan365Studios #ALLINJUANLIVE #Juan365 #ColorGameLive #JuankadaStar #StarBabies",,0,2/1/2026 3:00,N/A,https://www.facebook.com/JuanKadaStarOfficialPage/posts/pfbid02pk6MMbkXy9UbwhvR2QwNmLoZULbj3YBPAhwreWTV2WACvoFsezZSRr6TsvR1UzwJl,0,0,Photos,,,,,Lifetime,2162,1103,27,22,0,5,,,,162,43,119,,0,,,,
1.22112E+17,6.15856E+13,JuanKada Star,#Juan365Studios #ALLINJUANLIVE #Juan365 #ColorGameLive #JuankadaStar #StarBabies,,0,1/31/2026 19:11,N/A,https://www.facebook.com/photo.php?fbid=122111567013185509&set=a.122101646277185509&type=3,0,0,Photos,,,,,Lifetime,1,1,292,287,1,4,,,,0,,,,0,,,,
1.22112E+17,6.15856E+13,JuanKada Star,Winning feels brighter with STAR ✨💫⭐️,,0,1/31/2026 19:09,N/A,https://www.facebook.com/photo.php?fbid=122111566017185509&set=a.122098993131185509&type=3,0,0,Photos,,,,,Lifetime,271,124,305,299,2,4,,,,10,8,2,,0,,,,
1.22112E+17,6.15856E+13,JuanKada Star,"It’s officially the month of love, Starbabies! 🩷

Ready na ba kayo sa kilig at swerte? Watch me lang palagi Color Game LIVE! See you there!

#Juan365Studios #ALLINJUANLIVE #Juan365 #ColorGameLive #JuankadaStar #StarBabies #fypviralシ #highlights",,0,1/31/2026 17:09,N/A,https://www.facebook.com/JuanKadaStarOfficialPage/posts/pfbid0z5Le1F7kQ9vPat8doV1FKfCBogPzR5rSLCDjYAXTJNppE3nmj24E8N8otXJjRKBrl,0,0,Photos,,,,,Lifetime,780,288,35,27,3,5,,,,46,18,28,,0,,,,
1.22112E+17,6.15856E+13,JuanKada Star,Let's go star babies! 😍❤️,,0,1/31/2026 15:43,N/A,https://www.facebook.com/JuanKadaStarOfficialPage/posts/pfbid0YUJQ4bsUGcgWHoMjVcxMsPWuQKY9SmpGqqXhrf3fYtnf8DQ65Jy2XSyZJsgp1RS2l,0,1,Text,,,,,Lifetime,55,62,8,7,1,0,,,,3,3,,,0,,,,
1.22111E+17,6.15856E+13,JuanKada Star,February na agad ❤️,,0,1/31/2026 7:27,N/A,https://www.facebook.com/JuanKadaStarOfficialPage/posts/pfbid02J5H8EYdQgj9P4SLxTGLyFSKPYkkutSZVQXmWQw1iERk1Dtf7xzt1x5cxGc98iJZLl,0,1,Text,,,,,Lifetime,65,68,5,5,0,0,,,,2,2,,,0,,,,
1.22111E+17,6.15856E+13,JuanKada Star,Join now Star babies 🫶,,0,1/31/2026 4:35,N/A,https://www.facebook.com/JuanKadaStarOfficialPage/posts/pfbid01CKYF45pDJstMuyX2jy56NTTmCaaXBETLLGkb8fGgKVdDCJuEcRRXAixY7fEaVQAl,0,1,Photos,,,,,Lifetime,139,67,6,6,0,0,,,,4,2,2,,0,,,,
1.22111E+17,6.15856E+13,JuanKada Star,Quick Escape 🫶🏻,"Wag kalimutang mag take ng break, Star Babies!

#Juan365Studios #ALLINJUANLIVE #Juan365 #ColorGameLive #JuankadaStar #StarBabies #fypviralシ #reelsfypシ #highlightsシ゚ #followersreels",11,1/31/2026 4:27,N/A,https://www.facebook.com/reel/4266532373625883/,0,0,Videos,,,,,Lifetime,1370,243,295,289,1,5,1531.234,3.292,0,15,15,,,0,,,0,0
1.22111E+17,6.15856E+13,JuanKada Star,Star babies samahan niyo kami until 10pm 🫰🫶☺️,,0,1/31/2026 2:02,N/A,https://www.facebook.com/JuanKadaStarOfficialPage/posts/pfbid02gdj1ci7DV1CebNbCkShyMGH9r8PyF2mdVZ454KdyXzQnp1Rbk6cfuLXyx4RdgJ8zl,0,1,Text,,,,,Lifetime,104,88,6,6,0,0,,,,15,15,,,0,,,,
1.22111E+17,6.15856E+13,JuanKada Star,💜,,0,1/31/2026 0:05,N/A,https://www.facebook.com/JuanKadaStarOfficialPage/posts/pfbid023yJ52ZfTCXhSJQSBR4dwWV5HAJFKvQSK8HzwkhP7QoKWEdP8JokMDhxtq4Xt9fS9l,0,1,Photos,,,,,Lifetime,192,83,11,9,1,1,,,,13,3,10,,0,,,,
1.22111E+17,6.15856E+13,JuanKada Star,"Slayin’ in Purple 💜

Don’t miss it, watch me 𝐋𝐈𝐕𝐄 𝐍𝐎𝐖 sa 𝐂𝐨𝐥𝐨𝐫 𝐆𝐚𝐦𝐞! 👀

#Juan365Studios #ALLINJUANLIVE #Juan365 #ColorGameLive #JuankadaStar #StarBabies",,0,1/31/2026 0:04,N/A,https://www.facebook.com/JuanKadaStarOfficialPage/posts/pfbid02E65eqVrXL4hYCX89XneQPe3Jvjih1URRTBrNt9vZuVyTfN2BEyzG7UiDCZXaMPCQl,0,0,Photos,,,,,Lifetime,2407,1124,61,49,6,6,,,,172,41,131,,0,,,,
1.22115E+17,6.15843E+13,Juankada Alexchoozy,Parang gusto ko na ng 𝗯𝗮𝗯𝘆? 𝗣𝗮𝗮𝗻𝗼? 🤣,"Parang gusto ko na ng 𝗯𝗮𝗯𝘆? 𝗣𝗮𝗮𝗻𝗼? 🤣

#JuankadaAlexchoozy #Choozers #Followme #CommentYourThoughts #PositiveEnergy",8,2/1/2026 6:00,N/A,https://www.facebook.com/reel/2140742686688818/,0,0,Videos,,,,,Lifetime,193,131,14,13,1,0,626.732,4.413,0,1,1,,,0,,,0,0
1.22115E+17,6.15843E+13,Juankada Alexchoozy,"Ganda ng 𝗯𝘂𝘄𝗮𝗻 ngayong gabi tapos 𝗯𝘂𝗸𝗮𝘀 ng 𝘂𝗺𝗮𝗴𝗮, magkikita na tayo choozers!

See you tom, 6am to 2pm! 🧡💙

#JuankadaAlexchoozy #Choozers #Followme #CommentYourThoughts #PositiveEnergy",,0,2/2/2026 4:12,N/A,https://www.facebook.com/JuankadaAlexchoozyOfficialPage/posts/pfbid0vdV6ubbHKjv93jvfSwhXL7m3hFoSH5NUVaKiBnEzGZi4J2TcbfEu9MGMBuABX34Rl,0,0,Photos,,,,,Lifetime,406,192,16,14,1,1,,,,5,3,2,,0,,,,
1.22115E+17,6.15843E+13,Juankada Alexchoozy,𝗝𝗼𝘆 𝗽𝗲𝗿𝗼 𝗺𝗮𝗹𝘂𝗻𝗴𝗸𝗼𝘁 𝗸𝗮 🤣,"𝗝𝗼𝘆 𝗽𝗲𝗿𝗼 𝗺𝗮𝗹𝘂𝗻𝗴𝗸𝗼𝘁 𝗸𝗮 🤣

#JuankadaAlexchoozy #Choozers #Followme #CommentYourThoughts #PositiveEnergy #FeelsLang",8,2/2/2026 6:00,N/A,https://www.facebook.com/reel/1353862669819588/,0,0,Videos,,,,,Lifetime,139,91,13,13,0,0,384.677,3.561,0,0,,,,0,,,0,0
1.22115E+17,6.15843E+13,Juankada Alexchoozy,"Choozers, Simulan natin ang FEBibig kasama ang Team Morning Shift! ❤️ Kasama sina Juankada Jedi and Juankada Ligaya. Catch us today from 6am to 2pm.

#JuankadaAlexchoozy #Choozers #Followme #CommentYourThoughts #PositiveEnergy",,0,2/2/2026 15:11,N/A,https://www.facebook.com/JuankadaAlexchoozyOfficialPage/posts/pfbid0WSu9YjXkGmoMHhvB2sabqtTCTG1XLR21e4KGrabE2LJGdgKnKyS95PJtJRRuc8jul,0,0,Photos,,,,,Lifetime,682,321,23,16,4,3,,,,30,17,13,,0,,,,
1.22115E+17,6.15843E+13,Juankada Alexchoozy,Raining of Money? PLEASEE 🤣,"Raining in Manila? No! Raining of Money? YES! Colorgame Live na 𝗖𝗵𝗼𝗼𝘇𝗲𝗿𝘀! See you today from 6am to 2pm 🧡💙

#KamustaKayo #JuankadaAlexchoozy #Choozers #Followme #CommentYourThoughts #PositiveEnergy",22,2/2/2026 16:00,N/A,https://www.facebook.com/reel/1225986478914365/,0,0,Videos,,,,,Lifetime,151,90,13,10,2,1,545.331,4.825,0,6,6,,,0,,,0,0
1.22115E+17,6.15843E+13,Juankada Alexchoozy,Catch us today from 6am to 2pm! Don’t miss this chance 🥰,,0,2/2/2026 16:30,N/A,https://www.facebook.com/JuankadaAlexchoozyOfficialPage/posts/pfbid0CqtpGksf79q2XhhMiziLKDt4STME5RUvYWRnGMrxvdv1HSJUqgi4TenF2x4e6xACl,0,1,Text,,,,,Lifetime,93,54,10,9,1,0,,,,4,4,,,0,,,,
1.22115E+17,6.15843E+13,Juankada Alexchoozy,𝗣𝗮𝘁𝗼𝗹𝗮 𝘆𝗮𝗿𝗻? 🤣,"𝗣𝗮𝘁𝗼𝗹𝗮 𝘆𝗮𝗿𝗻? 🤣

#PatolaMoments #KamustaKayo #JuankadaAlexchoozy #Choozers #Followme #CommentYourThoughts #RelateMuch",9,2/3/2026 3:00,N/A,https://www.facebook.com/reel/1376627893785397/,0,0,Videos,,,,,Lifetime,551,368,19,16,2,1,2695.107,7.284,0,5,5,,,0,,,0,0
1.22115E+17,6.15843E+13,Juankada Alexchoozy,"Wednesday Groove! Choozers, Makisaya, makitawa at makipagkwentuhan na mula 6am to 2pm! See you ☺️

#JuankadaAlexchoozy #Choozers #Followme #CommentYourThoughts #PositiveEnergy",,0,2/3/2026 14:49,N/A,https://www.facebook.com/JuankadaAlexchoozyOfficialPage/posts/pfbid02Yj3TGjrtAnAvJPfcPydCKTjwnz3F3avzNDr1GYUdvNqXMonVsm7hfqtrk6fJeoWsl,0,0,Photos,,,,,Lifetime,434,218,15,13,1,1,,,,11,10,1,,0,,,,
1.22115E+17,6.15843E+13,Juankada Alexchoozy,𝗣𝗮𝗸-𝘆𝘂𝘁 𝘆𝗮𝗿𝗻? 😜,"𝗣𝗮𝗸-𝘆𝘂𝘁 𝘆𝗮𝗿𝗻? 😜

#PatolaMoments #KamustaKayo #JuankadaAlexchoozy #Choozers #Followme #CommentYourThoughts #RelateMuch #CuteVibes",7,2/3/2026 17:00,N/A,https://www.facebook.com/reel/908780975020509/,0,0,Videos,,,,,Lifetime,177,126,12,12,0,0,615.431,4.77,0,1,1,,,0,,,0,0
1.22115E+17,6.15843E+13,Juankada Alexchoozy,Relate kaba 𝗰𝗵𝗼𝗼𝘇𝗲𝗿? 🤣,"Relate kaba 𝗰𝗵𝗼𝗼𝘇𝗲𝗿? 🤣

#KamustaKayo #JuankadaAlexchoozy #Choozers #Followme #CommentYourThoughts #RelateMuch",12,2/3/2026 20:01,N/A,https://www.facebook.com/reel/4350002811949160/,0,0,Videos,,,,,Lifetime,175,131,13,12,1,0,548.246,3.916,0,4,4,,,0,,,0,0
1.22115E+17,6.15843E+13,Juankada Alexchoozy,Join kayo here Choozer!! 💙 Good luck and enjoy.,,0,2/3/2026 21:17,N/A,https://www.facebook.com/JuankadaAlexchoozyOfficialPage/posts/pfbid02eSPMGQ6114waztqrmoir1dY7SiqzJGqs5KGBYpDWsR7ioZU6B7QeDK5GtP6fcs7wl,0,1,Text,,,,,Lifetime,86,58,10,10,0,0,,,,23,23,,,0,,,,
4.39251E+15,6.15843E+13,Juankada Alexchoozy,"Choozers, GOOD MORNING! See you from 6am to 2pm ❤️","Choozers, GOOD MORNING! See you from 6am to 2pm ❤️",894,2/4/2026 13:30,N/A,https://www.facebook.com/JuankadaAlexchoozyOfficialPage/videos/4392509954407896/,0,0,Live,,,,,Lifetime,183,63,12,11,1,0,1505.282,11.317,0,8,8,,,0,,,0,0
1.22116E+17,6.15843E+13,Juankada Alexchoozy,"Morning Shift is ready to make your day extra special and extra colorful! Join us today from 6am to 2pm with Juankada Hosts Juankada Ligaya, Juankada Lance, Juankada Zia and yourstruly Juankada Alexchoozy 🤎🤍

#JuankadaAlexchoozy #Choozers #Followme #CommentYourThoughts #PositiveEnergy",,0,2/4/2026 14:43,N/A,https://www.facebook.com/JuankadaAlexchoozyOfficialPage/posts/pfbid06VkJGoJVQtHwdP5Yw7NruGFE3cGuqeyiZiELJj1zfeY6fMcJtfURWsGU6V5rLPzql,0,0,Photos,,,,,Lifetime,443,199,13,11,1,1,,,,17,7,10,,0,,,,
1.22116E+17,6.15843E+13,Juankada Alexchoozy,𝗬𝗼𝘂 𝗺𝗶𝘀𝘀 𝗺𝗲?Or you just needed me? 🧐,"𝗬𝗼𝘂 𝗺𝗶𝘀𝘀 𝗺𝗲?Or you just needed me? 🧐

#JuankadaAlexchoozy #Choozers #Followme #CommentYourThoughts #PositiveEnergy #MissMoBaKo",6,2/4/2026 16:00,N/A,https://www.facebook.com/reel/1738237413752336/,0,0,Videos,,,,,Lifetime,201,124,9,9,0,0,673.404,5.063,0,5,5,,,0,,,0,0
1.22116E+17,6.15843E+13,Juankada Alexchoozy,Huli pero ‘di kulong? 𝗔𝗯𝗮𝗻𝗴𝗮𝗻 ang next ganap! 😜✨,"Huli pero ‘di kulong? 𝗔𝗯𝗮𝗻𝗴𝗮𝗻 ang next ganap! 😜✨

#JuankadaAlexchoozy #Choozers #Followme #CommentYourThoughts #GoodVibesLang",23,2/4/2026 20:01,N/A,https://www.facebook.com/reel/1612544179931816/,0,0,Videos,,,,,Lifetime,193,147,12,12,0,0,882.407,5.549,0,3,3,,,0,,,0,0
1.22116E+17,6.15843E+13,Juankada Alexchoozy,Yung 2 days nalang taposs off mo na? 🤣,"Yung 2 days nalang tapos off mo na! Yehey! Excited much?🤣

#JuankadaAlexchoozy #Choozers #Followme #CommentYourThoughts #RelatableMoments",23,2/5/2026 3:00,N/A,https://www.facebook.com/reel/916141444402336/,0,0,Videos,,,,,Lifetime,143,117,11,11,0,0,651.13,5.518,0,1,1,,,0,,,0,0
1.22116E+17,6.15843E+13,Juankada Alexchoozy,"TGIF today on Colorgame Live! Kita-kits tayo choozers from 6am to 2pm!

#JuankadaAlexchoozy #Choozers #Followme #CommentYourThoughts #PositiveEnergy",,0,2/5/2026 14:07,N/A,https://www.facebook.com/JuankadaAlexchoozyOfficialPage/posts/pfbid02RnAcfs1BaDnuGq2vkpcGMiypxFHJQqKRfD2dcngeK6UukbGdm4rYx6Bb8dkNaeFHl,0,0,Photos,,,,,Lifetime,452,207,21,14,6,1,,,,13,9,4,,0,,,,
4.42578E+15,6.15843E+13,Juankada Alexchoozy,Juankada Alexchoozy's Video,,948,2/5/2026 15:02,N/A,https://www.facebook.com/JuankadaAlexchoozyOfficialPage/videos/4425782657652670/,0,0,Live,,,,,Lifetime,195,121,28,24,3,1,3290.626,22.233,0,9,9,,,0,,,0,0
1.22116E+17,6.15843E+13,Juankada Alexchoozy,Ano ang ginagawa ng mga 𝗛𝗼𝘀𝘁 kapag break? ALAMIN,"Ano ang ginagawa ng mga 𝗛𝗼𝘀𝘁 kapag break? ALAMIN 🙄

#JuankadaAlexchoozy #Choozers #Followme #CommentYourThoughts #BehindTheScenes",50,2/5/2026 21:25,N/A,https://www.facebook.com/reel/878726545151018/,0,0,Videos,,,,,Lifetime,142,96,15,11,4,0,1364.99,11.767,0,9,9,,,0,,,0,0
1.22116E+17,6.15843E+13,Juankada Alexchoozy,Ready na sa 𝗝𝗨𝗔𝗡𝗸𝗮𝗱𝗮𝗢𝗞𝗘! Okay naba ganito ang background ng song nyo? 🤣,"Ready na sa 𝗝𝗨𝗔𝗡𝗸𝗮𝗱𝗮𝗢𝗞𝗘! Okay naba ganito ang background ng song nyo? 🤣

#JuankadaAlexchoozy #Choozers #Followme #CommentYourThoughts #GoodVibesLang #JUANkadaOKE",27,2/6/2026 2:00,N/A,https://www.facebook.com/reel/4418567308464987/,0,0,Videos,,,,,Lifetime,290,205,22,19,3,0,2857.819,13.23,0,11,11,,,0,,,0,0
1.22116E+17,6.15843E+13,Juankada Alexchoozy,"Tita’s of Manila being tiktokerist with JuanKada Star and Juankada Juankada Zia🤣

#JuankadaAlexchoozy #Choozers #Followme #CommentYourThoughts","Tita’s of Manila being tiktokerist with @[61585565286734:2048:JuanKada Star] and Juankada @[100068698221421:2048:Juankada Zia]🤣

#JuankadaAlexchoozy #Choozers #Followme #CommentYourThoughts",26,2/6/2026 18:34,N/A,https://www.facebook.com/reel/1313960733826020/,0,0,Videos,,,,,Lifetime,305,180,24,21,2,1,1909.697,7.344,0,6,6,,,0,,,0,0
1.22116E+17,6.15843E+13,Juankada Alexchoozy,"Sabay-sabay nating habulin ang swerte! Yiiihhaaaa! 🐎
Di ka magiging kawawang cowboy sa Team Night Shift 🥰

#JuankadaAlexchoozy #Choozers #Followme #CommentYourThoughts #PositiveEnergy",,0,2/7/2026 8:03,N/A,https://www.facebook.com/JuankadaAlexchoozyOfficialPage/posts/pfbid0kv5322uysAci9dUftCUFyT75fk8229WQcxN6SaQwzR387oshe8CacbBrtUXdmfqhl,0,0,Photos,,,,,Lifetime,480,251,16,14,0,2,,,,12,3,9,,0,,,,
1.22116E+17,6.15843E+13,Juankada Alexchoozy,NOW NA! 10pm to 5am ohhh! Lezzgooo! 🥰,,0,2/7/2026 8:43,N/A,https://www.facebook.com/JuankadaAlexchoozyOfficialPage/posts/pfbid0h5wJPonPZd9tLaPG4VnM7wFcuZnb8J2zsbE5DYunmCPorZnpVbYksvPSoKsQBENFl,0,1,Photos,,,,,Lifetime,78,36,8,8,0,0,,,,2,2,,,0,,,,
1.22116E+17,6.15843E+13,Juankada Alexchoozy,"Minor + Major + 150! Gusto nyo maulit? Tara naaa! 🥰
Juankada host Drae sabit lang sa swerte kooo! 🤣",,0,2/7/2026 8:46,N/A,https://www.facebook.com/JuankadaAlexchoozyOfficialPage/posts/pfbid0y4ar4D4zwNh2RbQLQZVRbcyFtUaQAoUJZNaKrkYizr3HLziC1GkkfmLkbKxiyv4Hl,0,1,Photos,,,,,Lifetime,101,50,11,11,0,0,,,,2,2,,,0,,,,
1.22116E+17,6.15843E+13,Juankada Alexchoozy,Ayokong nahihirapan ka. Ako nalang mag-salsa for you? 😜,"Ayokong nahihirapan ka. Ako nalang mag-salsa for you? 😜

#JuankadaAlexchoozy #Choozers #Followme #CommentYourThoughts #PositiveEnergy",14,2/7/2026 18:30,N/A,https://www.facebook.com/reel/1461488995700508/,0,0,Videos,,,,,Lifetime,198,162,14,12,1,1,935.09,5.881,0,4,4,,,0,,,0,0
1.22116E+17,6.15843E+13,Juankada Alexchoozy,"I 𝗹𝗼𝘃𝗲 𝘃𝗶𝗲𝘄 ❤️✨

#KamustaKayo #JuankadaAlexchoozy #Choozers #Followme #CommentYourThoughts #ViewGoals #NatureVibes",,0,2/8/2026 3:44,N/A,https://www.facebook.com/JuankadaAlexchoozyOfficialPage/posts/pfbid0fd5wimUJmkxLWxW6MEzdFj78Hv5GtoFktieZh4nPZsBm1esFNTRNQ9nAaQo3nRml,0,0,Photos,,,,,Lifetime,281,152,7,7,0,0,,,,4,2,2,,0,,,,
1.22116E+17,6.15843E+13,Juankada Alexchoozy,Listening skills 🤣,"Let’s try kung magegets kaagad ng mga co-host ko kahit puyat sila 🤣 Tongue twister nganiii! 🤣

#JuankadaAlexchoozy #Choozers #Followme #JuankadaDrae #JuankadaCharm #JuankadaPapaJoe",63,2/8/2026 16:00,N/A,https://www.facebook.com/reel/910425781495516/,0,0,Videos,,,,,Lifetime,138,114,19,13,5,1,1682.697,13.68,0,9,9,,,0,,,0,0
1.22116E+17,6.15843E+13,Juankada Alexchoozy,"Restday is Pamper Day! Balik alindog, Balik Hosting bukas. See you choozers! 6am to 2pm

#JuankadaAlexchoozy #Choozers #Followme #CommentYourThoughts #PositiveEnergy",,0,2/8/2026 23:15,N/A,https://www.facebook.com/JuankadaAlexchoozyOfficialPage/posts/pfbid0qTNjXRwWKu6xoxpKD8DtUrdDTkqyJvgaZHmka9Vbdkr2D3TZLWok17xbo76pnp3ul,0,0,Photos,,,,,Lifetime,424,207,15,13,1,1,,,,14,8,6,,0,,,,
1.22116E+17,6.15843E+13,Juankada Alexchoozy,Nag lolo-lu kaa? 🤣,"Nag lolo-lu kaa? 🤣

#JuankadaAlexchoozy #Choozers #Followme #CommentYourThoughts #PositiveEnergy",15,2/9/2026 3:30,N/A,https://www.facebook.com/reel/893371430213489/,0,0,Videos,,,,,Lifetime,177,153,15,12,2,1,867.792,5.709,0,2,2,,,0,,,0,0
1.22116E+17,6.15843E+13,Juankada Alexchoozy,"Negative yan Boi 🤣

#JuankadaAlexchoozy #Choozers #Followme #CommentYourThoughts #PositiveEnergy","Negative yan Boi 🤣

#JuankadaAlexchoozy #Choozers #Followme #CommentYourThoughts #PositiveEnergy",13,2/9/2026 6:00,N/A,https://www.facebook.com/reel/1527233218822105/,0,0,Videos,,,,,Lifetime,148,121,11,10,1,0,443.637,3.386,0,3,3,,,0,,,0,0
1.22116E+17,6.15843E+13,Juankada Alexchoozy,Negative yan Boi 🤣,"Negative yan Boi 🤣

#JuankadaAlexchoozy #Choozers #Followme #CommentYourThoughts #PositiveEnergy",13,2/9/2026 6:00,N/A,https://www.facebook.com/reel/929858893317921/,0,0,Videos,,,,,Lifetime,200,155,14,12,1,1,795.428,4.94,0,1,1,,,0,,,0,0
1.22116E+17,6.15843E+13,Juankada Alexchoozy,"Tuesday na! Colorgame Live na! See you today from 6am to 2pm choozers! With Team Morning Shift! 💚

#JuankadaAlexchoozy #Choozers #Followme #CommentYourThoughts #PositiveEnergy",,0,2/9/2026 15:19,N/A,https://www.facebook.com/JuankadaAlexchoozyOfficialPage/posts/pfbid02JsN9n58JTcJ8HqcSjJhabHoeTN9yCCkkeBUioKgdq3CWZD2T8SpdYdfQoxsC1XNvl,0,0,Photos,,,,,Lifetime,545,248,16,14,2,0,,,,32,16,16,,0,,,,
1.22116E+17,6.15843E+13,Juankada Alexchoozy,"𝗦𝗵𝗮𝗸𝗲 𝘀𝗵𝗮𝗸𝗲! 🥰 wiht Juankada Ligaya

#JuankadaAlexchoozy #Choozers #Followme #CommentYourThoughts #Juankadaligaya","𝗦𝗵𝗮𝗸𝗲 𝘀𝗵𝗮𝗸𝗲! 🥰 wiht Juankada Ligaya

#JuankadaAlexchoozy #Choozers #Followme #CommentYourThoughts #Juankadaligaya",15,2/9/2026 23:00,N/A,https://www.facebook.com/reel/1648460713244489/,0,0,Videos,,,,,Lifetime,392,251,25,20,4,1,2427.308,8.826,0,19,19,,,0,,,0,0
1.22116E+17,6.15843E+13,Juankada Alexchoozy,"Ayy 𝗕𝗶𝘁𝗶𝗻 🤭 with Juankada Ligaya

#JuankadaAlexchoozy #Choozers #Followme #CommentYourThoughts #Juankadaligaya","Ayy 𝗕𝗶𝘁𝗶𝗻 🤭 with @[61584067509799:2048:Juankada Ligaya]

#JuankadaAlexchoozy #Choozers #Followme #CommentYourThoughts #Juankadaligaya",12,2/10/2026 18:00,N/A,https://www.facebook.com/reel/968419002380100/,0,0,Videos,,,,,Lifetime,882,756,24,22,2,0,6036.71,7.555,0,16,16,,,0,,,0,0
1.22117E+17,6.15843E+13,Juankada Alexchoozy,"Choozers, Thank you for this Wednesday with positive vibes, energy and prosperity! Join us tomorrow again from 6am to 2pm. 🤍💙

#JuankadaAlexchoozy #Choozers #Followme #CommentYourThoughts #PositiveEnergy",,0,2/11/2026 0:29,N/A,https://www.facebook.com/JuankadaAlexchoozyOfficialPage/posts/pfbid0hfTsUnr6jRdVHqUESrSUqSftXmyScrb7EAHw88S95HcwvPzTrvWe5F75LgjwFmFAl,0,0,Photos,,,,,Lifetime,245,119,17,17,0,0,,,,10,2,8,,0,,,,
1.22117E+17,6.15843E+13,Juankada Alexchoozy,Self care and self love! Road to Barbie! Charessss! 🤍,"Self care and self love! 🤍

#JuankadaAlexchoozy #Choozers #Followme #CommentYourThoughts",219,2/11/2026 2:00,N/A,https://www.facebook.com/reel/2419862691805280/,0,0,Videos,,,,,Lifetime,141,114,13,12,1,0,450.108,3.6,0,7,7,,,0,,,0,0
1.22117E+17,6.15843E+13,Juankada Alexchoozy,"It’s Thursday today choozers! Samahan nyo kaming Morning Shift from 6am to 2pm! Makisaya, makilaro at makipagtawanan kasama sina Juankada Ligaya, Juankada Jedi, Juankada Lance at yourstruly!

See you choozers! 💛🤍

#JuankadaAlexchoozy #Choozers #Followme #CommentYourThoughts #PositiveEnergy",,0,2/11/2026 14:43,N/A,https://www.facebook.com/JuankadaAlexchoozyOfficialPage/posts/pfbid02VtnqXvjquNM7MxdiiMJb9qjy3qr48AJB62THWG3bvRjdDuuqFRq5tRBEcKKTtJjcl,0,0,Photos,,,,,Lifetime,240,119,20,17,1,2,,,,9,2,7,,0,,,,
1.22117E+17,6.15843E+13,Juankada Alexchoozy,Kinakalawang na nganiii 🤣,"Kinakalawang na nganiii 🤣

#JuankadaAlexchoozy #Choozers #Followme #CommentYourThoughts #PositiveEnergy",16,2/11/2026 22:00,N/A,https://www.facebook.com/reel/1421935046341138/,0,0,Videos,,,,,Lifetime,193,134,22,19,3,0,1010.613,7.018,0,12,12,,,0,,,0,0
1.22117E+17,6.15843E+13,Juankada Alexchoozy,"Friday D’ 13th? MALAS? NOOOO! Simulan naten ang araw ng PUNO NG SWERTE kasama ang MORNING SHIFT!

Join us today from 6am to 2pm! Tara na Choozers! ❤️

#JuankadaAlexchoozy #Choozers #Followme #CommentYourThoughts #PositiveEnergy",,0,2/12/2026 15:28,N/A,https://www.facebook.com/JuankadaAlexchoozyOfficialPage/posts/pfbid0pyxrSZW5JZCxi9YuiypMm8YEHuEvgbDNb3vgcKyyXcn9Us8vkeKZJPPiJ2PcCg15l,0,0,Photos,,,,,Lifetime,512,210,36,28,4,4,,,,22,7,15,,0,,,,
1.22117E+17,6.15843E+13,Juankada Alexchoozy,"EveryJuan: “Love is in the Air”
Me: “Love is in the Dice 🥰”

Happy Valentines Day Choozers. See you today from 6am to 2pm! Lezzgooo ❤️

#JuankadaAlexchoozy #Choozers #Followme #CommentYourThoughts #PositiveEnergy #HappyValentinesDay",,0,2/13/2026 15:04,N/A,https://www.facebook.com/JuankadaAlexchoozyOfficialPage/posts/pfbid02S4Yk6GDNqC4oSRbuQaALbxmU3GbnAUTgevx9Zr841uqoiAcWJcNqjGYFdrDxu94Xl,0,0,Photos,,,,,Lifetime,469,212,26,19,5,2,,,,13,10,3,,0,,,,
1.22117E+17,6.15843E+13,Juankada Alexchoozy,Focus on the things that no one can take away from you,"Focus on the things that no one can take away from you

#JuankadaAlexchoozy #Choozers #Followme #CommentYourThoughts",15,2/13/2026 23:30,N/A,https://www.facebook.com/reel/1364161132419917/,0,0,Videos,,,,,Lifetime,340,275,19,17,1,1,1631.079,5.783,0,5,5,,,0,,,0,0
1.22117E+17,6.15843E+13,Juankada Alexchoozy,"Gusto ko lang malaman nyo, HAPPY VALENTINES! 🥰","Gusto ko lang malaman nyo, HAPPY VALENTINES! 🥰

#JuankadaAlexchoozy #Choozers #Followme #CommentYourThoughts",15,2/14/2026 2:30,N/A,https://www.facebook.com/reel/2154640018402671/,0,0,Videos,,,,,Lifetime,468,381,22,17,2,3,2570.038,6.781,0,6,6,,,0,,,0,0
1.22117E+17,6.15843E+13,Juankada Alexchoozy,"Sapol sa sipol 🥰

#JuankadaAlexchoozy #Choozers #Followme #CommentYourThoughts","Sapol sa sipol 🥰

#JuankadaAlexchoozy #Choozers #Followme #CommentYourThoughts",12,2/14/2026 18:55,N/A,https://www.facebook.com/reel/2001161167466541/,0,0,Videos,,,,,Lifetime,495,401,21,17,2,2,2553.072,6.35,0,12,12,,,0,,,0,0
1.22117E+17,6.15843E+13,Juankada Alexchoozy,Araw ng mga NGUSO 🤣,"Sila: Happy kahapon

Me: Walang ka date kahapon 🤣

#JuankadaAlexchoozy #Choozers #Followme #CommentYourThoughts",15,2/15/2026 1:00,N/A,https://www.facebook.com/reel/914118841227826/,0,0,Videos,,,,,Lifetime,193,153,12,11,1,0,647.43,3.853,0,1,1,,,0,,,0,0
1.22117E+17,6.15843E+13,Juankada Alexchoozy,"Congratulations Choozers!! Kung gusto mong maging winner, follow Juan365 Studios, Juan365 at follow nyo. Salamat choozers! 💙🧡",,0,2/15/2026 1:02,N/A,https://www.facebook.com/JuankadaAlexchoozyOfficialPage/posts/pfbid0JyovqFZAfXq6mnvakQ6rzVN5sSrDGdhvBZ61JRUV2jvqPo5CWFu6nr9RucRBLSyQl,0,1,Photos,,,,,Lifetime,687,306,42,34,6,2,,,,20,18,2,,0,,,,
1.22117E+17,6.15843E+13,Juankada Alexchoozy,Aling perpekta 🤣,"Aling perpekta 🤣

#JuankadaAlexchoozy #Choozers #Followme #CommentYourThoughts",8,2/15/2026 4:30,N/A,https://www.facebook.com/reel/1277438970926865/,0,0,Videos,,,,,Lifetime,289,194,16,14,2,0,846.137,4.029,0,2,2,,,0,,,0,0
1.22117E+17,6.15843E+13,Juankada Alexchoozy,SEXBOMB sa MUNTINLUPA?! 😱,"SEXBOMB sa MUNTINLUPA?! 😱

#JuankadaAlexchoozy #Choozers #Followme #CommentYourThoughts",275,2/15/2026 23:44,N/A,https://www.facebook.com/reel/1709337093780118/,0,0,Videos,,,,,Lifetime,115,86,11,10,1,0,1086.713,11.319,0,3,3,,,0,,,0,0
1.22117E+17,6.15843E+13,Juankada Alexchoozy,"LIFE is like a cup of COFFEE, it’s all about how you MAKE it.

#JuankadaAlexchoozy #Choozers #Followme #CommentYourThoughts",,0,2/16/2026 4:16,N/A,https://www.facebook.com/JuankadaAlexchoozyOfficialPage/posts/pfbid0j5or7bvAioDfzVbEgTfKuChjJe4vkP9nEcsQX5ck37gVEdNegqKsq4vWZFtbKbPMl,0,0,Photos,,,,,Lifetime,430,200,17,15,2,0,,,,4,2,2,,0,,,,
1.22117E+17,6.15843E+13,Juankada Alexchoozy,Post Valentine Date with my Mom 🥰,"Post Valentine Date with my Mom 🥰

#JuankadaAlexchoozy #Choozers #Followme #CommentYourThoughts #PositiveEnergy",25,2/16/2026 22:26,N/A,https://www.facebook.com/reel/2110907182976877/,0,0,Videos,,,,,Lifetime,219,186,13,10,3,0,1086.173,5.808,0,3,3,,,0,,,0,0
1.22117E+17,6.15843E+13,Juankada Alexchoozy,Kung Hei Fat Choi 🍾🎉,,0,2/16/2026 22:29,N/A,https://www.facebook.com/JuankadaAlexchoozyOfficialPage/posts/pfbid02VcxMbJfRT1m2bUjSCz4QD49c81s2kAf5XqfbyAi7fxdSeqSwYKAfsWaGcVUK2rFLl,0,1,Photos,,,,,Lifetime,82,39,10,8,2,0,,,,0,,,,0,,,,
1.22117E+17,6.15843E+13,Juankada Alexchoozy,Your PARENTS may not be PERFECT but they are THE MOST PRECIOUS GIFT that GOD has GIVEN YOU.,"Your PARENTS may not be PERFECT but they are THE MOST PRECIOUS GIFT that GOD has GIVEN YOU.

Always LOVE YOUR PARENTS, Choozers!

#JuankadaAlexchoozy #Choozers #Followme #CommentYourThoughts #PositiveEnergy",123,2/17/2026 7:25,N/A,https://www.facebook.com/reel/1267708881838446/,0,0,Videos,,,,,Lifetime,113,100,14,13,1,0,569.011,5.578,0,4,4,,,0,,,0,0
1.22117E+17,6.15843E+13,Juankada Alexchoozy,"𝐂𝐨𝐧𝐠𝐫𝐚𝐭𝐬 𝐬𝐚 𝐚𝐦𝐢𝐧𝐠 𝟐𝟎 𝐋𝐮𝐜𝐤𝐲 𝐉𝐮𝐚𝐧𝐤𝐚𝐝𝐚𝐬! 🎉

Hindi man ikaw ang napili today, okay lang, stay tuned sa aming mga next announcement…dahil baka 𝐢𝐤𝐚𝐰 𝐧𝐚 𝐚𝐧𝐠 𝐬𝐮𝐬𝐮𝐧𝐨𝐝! ✨

#Juan365 #Juan365Studios #AllInJuanSaSaya #Juankada #JuankadaAlexchoozy",,0,2/17/2026 9:04,N/A,https://www.facebook.com/JuankadaAlexchoozyOfficialPage/posts/pfbid027DuEZojLL9eCCzLtb4iwASMScgLWWLkBK7ZgJQy9ftUh92EZepD3LM4qr6U7mfEgl,0,1,Photos,,,,,Lifetime,205,111,26,19,6,1,,,,11,9,2,,0,,,,
1.22117E+17,6.15843E+13,Juankada Alexchoozy,"Hindi 'to scam 𝐋𝐄𝐆𝐈𝐓 𝐧𝐚 𝐅𝐑𝐄𝐄 𝟐𝟎𝟎 𝐂𝐑𝐄𝐃𝐈𝐓𝐒 ang pwedeng mapunta sa’yo! 🔥

Gawin lang ang mga sumusunod:

✔ 𝐅𝐨𝐥𝐥𝐨𝐰 𝐉𝐮𝐚𝐧𝟑𝟔𝟓 𝐒𝐭𝐮𝐝𝐢𝐨𝐬 (https://www.facebook.com/Juan365Studios/)
✔ 𝐌𝐚𝐠-𝐫𝐞𝐯𝐢𝐞𝐰 sa page
✔ 𝐅𝐨𝐥𝐥𝐨𝐰 𝐉𝐮𝐚𝐧𝐤𝐚𝐝𝐚 𝐇𝐨𝐬𝐭 𝐀𝐥𝐞𝐱𝐜𝐡𝐨𝐨𝐳𝐲 (https://www.facebook.com/JuankadaAlexchoozyOfficialPage)
✔ I-𝐜𝐨𝐦𝐦𝐞𝐧𝐭 ang screenshot

👑 Baka ikaw na ang susunod na winner!

#Juan365 #Juan365Studios #JuanKada #AllInJuanSaSaya #JuankadaAlexchoozy",,0,2/17/2026 9:06,N/A,https://www.facebook.com/JuankadaAlexchoozyOfficialPage/posts/pfbid0n4FXZceJcuKyCYeSspCgcUDW1muhAuf7T7b73N38Tcrju2vnWoW2AKeJe9tw8HVgl,0,1,Photos,,,,,Lifetime,330,146,29,22,6,1,,,,29,27,2,,0,,,,
1.22117E+17,6.15843E+13,Juankada Alexchoozy,"Kung Hei Fat Choi 🧧

Maraming salamat sa pagsama samin. Mamaya ulit Choozers, 10pm to 5am.

#JuankadaAlexchoozy #Choozers #Followme #CommentYourThoughts #PositiveEnergy",,0,2/17/2026 13:37,N/A,https://www.facebook.com/JuankadaAlexchoozyOfficialPage/posts/pfbid02SuN9e6Djedhg5hBkTRKaXeZUrNyPgekqNfurN6HMCW2kTMLrvpsvorMJBS2raQgNl,0,0,Photos,,,,,Lifetime,657,280,38,33,4,1,,,,48,23,25,,0,,,,
1.22118E+17,6.15843E+13,Juankada Alexchoozy,"Wednesday Night with Team Night Shift! Samahan nyo kami nila Juankada Ligaya, Juankada Lance, Juankada Jedi and yourstruly from 10pm to 5am! Lezzgoo!

#JuankadaAlexchoozy #Choozers #Followme #CommentYourThoughts #PositiveEnergy",,0,2/18/2026 6:18,N/A,https://www.facebook.com/JuankadaAlexchoozyOfficialPage/posts/pfbid0378z8sTsK89BFN5PBmRdV8HVLmpHVEbhLjhZ3CNa1myUhU65kREWB31CL313U2qW5l,0,0,Photos,,,,,Lifetime,693,294,25,17,7,1,,,,27,14,13,,0,,,,
1.22118E+17,6.15843E+13,Juankada Alexchoozy,"Yung tropa mong outfitera 🤣

#JuankadaAlexchoozy #Choozers #Followme #CommentYourThoughts","Yung tropa mong outfitera 🤣

#JuankadaAlexchoozy #Choozers #Followme #CommentYourThoughts",32,2/18/2026 20:00,auto,https://www.facebook.com/reel/1916939185588016/,1,0,Videos,,,,,Lifetime,297,250,14,13,1,0,2115.176,8.393,0,7,7,,,0,,,0,0
1.22118E+17,6.15843E+13,Juankada Alexchoozy,"Hawak mo ang Beat🕺

#JuankadaAlexchoozy #Choozers #Followme #CommentYourThoughts","Hawak mo ang Beat🕺

#JuankadaAlexchoozy #Choozers #Followme #CommentYourThoughts",21,2/18/2026 23:30,N/A,https://www.facebook.com/reel/741707998803764/,0,0,Videos,,,,,Lifetime,72,159,11,10,1,0,851.851,4.68,0,3,3,,,0,,,0,0
1.22118E+17,6.15843E+13,Juankada Alexchoozy,"Star power meets solid performance! 🔥

𝗗𝗲𝗻𝗻𝗶𝘀 𝗧𝗿𝗶𝗹𝗹𝗼 brings the charm, the talent, and the moment you don’t want to miss. ✨

#JuankadaAlexchoozy #Choozers #Followme #CommentYourThoughts","Star power meets solid performance! 🔥

𝗗𝗲𝗻𝗻𝗶𝘀 𝗧𝗿𝗶𝗹𝗹𝗼 brings the charm, the talent, and the moment you don’t want to miss. ✨

#JuankadaAlexchoozy #Choozers #Followme #CommentYourThoughts",8,2/19/2026 2:30,N/A,https://www.facebook.com/reel/1455465259414271/,1,0,Videos,,,,,Lifetime,319,172,13,12,1,0,991.107,3.932,0,3,3,,,0,,,0,0
1.22118E+17,6.15843E+13,Juankada Alexchoozy,"Effortless charm, undeniable presence. 🔥

𝗗𝗮𝘃𝗶𝗱 𝗟𝗶𝗰𝗮𝘂𝗰𝗼 bringing the vibe you won’t want to scroll past. 👀✨

#JuankadaAlexchoozy #Choozers #Followme #CommentYourThoughts","Effortless charm, undeniable presence. 🔥

𝗗𝗮𝘃𝗶𝗱 𝗟𝗶𝗰𝗮𝘂𝗰𝗼 bringing the vibe you won’t want to scroll past. 👀✨

#JuankadaAlexchoozy #Choozers #Followme #CommentYourThoughts",9,2/19/2026 20:30,N/A,https://www.facebook.com/reel/1653321076090433/,1,0,Videos,,,,,Lifetime,128,90,9,9,0,0,381.312,3.344,0,3,3,,,0,,,0,0
1.22118E+17,6.15843E+13,Juankada Alexchoozy,"Ash Wednesday at Baclaran Church with my Mom and Choozers! ☺️

#JuankadaAlexchoozy #Choozers #Followme #CommentYourThoughts #PositiveEnergy","Ash Wednesday at Baclaran Church with my Mom and Choozers! ☺️

#JuankadaAlexchoozy #Choozers #Followme #CommentYourThoughts #PositiveEnergy",22,2/19/2026 23:30,N/A,https://www.facebook.com/reel/911266658318139/,1,0,Videos,,,,,Lifetime,95,49,12,11,1,0,265.857,3.408,0,2,2,,,0,,,0,0
1.22118E+17,6.15843E+13,Juankada Alexchoozy,3 sides(emotions) in one song 🤣,"3 sides(emotions) in one song 🤣

#JuankadaAlexchoozy #Choozers #Followme #CommentYourThoughts #PositiveEnergy",16,2/20/2026 2:00,N/A,https://www.facebook.com/reel/1469232064830886/,0,0,Videos,,,,,Lifetime,240,187,10,9,1,0,1058.6,5.428,0,7,7,,,0,,,0,0
1.22118E+17,6.15843E+13,Juankada Alexchoozy,"Loving yourself is always in style just like 𝗟𝗼𝗶𝘀𝗮 ✨

#JuankadaAlexchoozy #Choozers #Followme #CommentYourThoughts","Loving yourself is always in style just like 𝗟𝗼𝗶𝘀𝗮 ✨

#JuankadaAlexchoozy #Choozers #Followme #CommentYourThoughts",15,2/20/2026 19:31,mixed,https://www.facebook.com/reel/1621809432498024/,1,0,Videos,,,,,Lifetime,110,97,10,9,1,0,401.211,4.136,0,7,7,,,0,,,0,0
1.22118E+17,6.15843E+13,Juankada Alexchoozy,"One color, big moment Color Game will give you joy! 🎨

#JuankadaAlexchoozy #Choozers #Followme #CommentYourThoughts","One color, big moment Color Game will give you joy! 🎨

#JuankadaAlexchoozy #Choozers #Followme #CommentYourThoughts",32,2/20/2026 23:30,N/A,https://www.facebook.com/reel/1185803133393807/,1,0,Videos,,,,,Lifetime,108,103,12,10,2,0,387.701,3.838,0,3,3,,,0,,,0,0
1.22118E+17,6.15843E+13,Juankada Alexchoozy,"Maki kanta narin kayo samin choozers! With Juankada Ligaya

#JuankadaAlexchoozy #Choozers #Followme #CommentYourThoughts","Maki kanta narin kayo samin choozers! With Juankada Ligaya

#JuankadaAlexchoozy #Choozers #Followme #CommentYourThoughts",66,2/21/2026 2:31,uploaded,https://www.facebook.com/reel/1771391734229277/,1,0,Videos,,,,,Lifetime,164,135,18,15,3,0,2023.508,14.453,0,9,9,,,0,,,0,0
1.22118E+17,6.15843E+13,Juankada Alexchoozy,"3 sides(emotions) in one song 🤣

#JuankadaAlexchoozy #Choozers #Followme #CommentYourThoughts #PositiveEnergy","3 sides(emotions) in one song 🤣

#JuankadaAlexchoozy #Choozers #Followme #CommentYourThoughts #PositiveEnergy",16,2/21/2026 20:31,mixed,https://www.facebook.com/reel/923505837092790/,1,0,Videos,,,,,Lifetime,370,320,20,17,2,1,1678.347,5.502,0,3,3,,,0,,,0,0
1.22118E+17,6.15843E+13,Juankada Alexchoozy,"Choozers request kayo song 🥰

#JuankadaAlexchoozy #Choozers #Followme #CommentYourThoughts","Choozers request kayo song 🥰

#JuankadaAlexchoozy #Choozers #Followme #CommentYourThoughts",9,2/22/2026 0:30,mixed,https://www.facebook.com/reel/1419035836384952/,1,0,Videos,,,,,Lifetime,197,135,10,8,2,0,668.545,4.708,0,2,2,,,0,,,0,0
1.22118E+17,6.15843E+13,Juankada Alexchoozy,"Rest today, slay tomorrow. 💯

#JuankadaAlexchoozy #Choozers #Followme #CommentYourThoughts","Rest today, slay tomorrow. 💯

#JuankadaAlexchoozy #Choozers #Followme #CommentYourThoughts",20,2/22/2026 2:30,N/A,https://www.facebook.com/reel/1250098023117927/,1,0,Videos,,,,,Lifetime,54,45,11,9,2,0,117.851,2.455,0,1,1,,,0,,,0,0
1.22118E+17,6.15843E+13,Juankada Alexchoozy,"Reset yern 🥰

#JuankadaAlexchoozy #Choozers #Followme #CommentYourThoughts","Reset yern 🥰

#JuankadaAlexchoozy #Choozers #Followme #CommentYourThoughts",41,2/22/2026 16:00,mixed,https://www.facebook.com/reel/25937618469256305/,1,0,Videos,,,,,Lifetime,78,63,13,11,2,0,334.706,4.85,0,4,4,,,0,,,0,0
1.22118E+17,6.15843E+13,Juankada Alexchoozy,"Iyak talaga 😭

#JuankadaAlexchoozy #Choozers #Followme #CommentYourThoughts","Iyak talaga 😭

#JuankadaAlexchoozy #Choozers #Followme #CommentYourThoughts",8,2/22/2026 19:30,mixed,https://www.facebook.com/reel/1158334346228768/,1,0,Videos,,,,,Lifetime,180,116,15,13,2,0,683.86,5.515,0,4,4,,,0,,,0,0
1.22118E+17,6.15843E+13,Juankada Alexchoozy,"Ikaw talaga yon 😂

#JuankadaAlexchoozy #Choozers #Followme #CommentYourThoughts","Ikaw talaga yon 😂

#JuankadaAlexchoozy #Choozers #Followme #CommentYourThoughts",12,2/23/2026 3:01,mixed,https://www.facebook.com/reel/2000718477511371/,1,0,Videos,,,,,Lifetime,146,112,14,12,2,0,525.684,4.205,0,3,3,,,0,,,0,0
1.22118E+17,6.15843E+13,Juankada Alexchoozy,"Sana maulit muli😊

#JuankadaAlexchoozy #Choozers #Followme #CommentYourThoughts","Sana maulit muli😊

#JuankadaAlexchoozy #Choozers #Followme #CommentYourThoughts",15,2/23/2026 17:00,mixed,https://www.facebook.com/reel/1485554032999270/,1,0,Videos,,,,,Lifetime,110,80,11,9,2,0,490.663,5.639,0,2,2,,,0,,,0,0
1.22118E+17,6.15843E+13,Juankada Alexchoozy,"Maliii! Hindi ganyan! Ayusin nyo sayaw 🤣

#JuankadaAlexchoozy #Choozers #Followme #CommentYourThoughts","Maliii! Hindi ganyan! Ayusin nyo sayaw 🤣

#JuankadaAlexchoozy #Choozers #Followme #CommentYourThoughts",15,2/23/2026 21:31,N/A,https://www.facebook.com/reel/1908024913139664/,1,0,Videos,,,,,Lifetime,669,453,19,17,2,0,4297.272,8.842,0,16,16,,,0,,,0,0
1.22118E+17,6.15843E+13,Juankada Alexchoozy,"Buksan mo para makapasok ako choozers! 🤭

#JuankadaAlexchoozy #Choozers #Followme #CommentYourThoughts","Buksan mo para makapasok ako choozers! 🤭

#JuankadaAlexchoozy #Choozers #Followme #CommentYourThoughts",15,2/24/2026 4:30,mixed,https://www.facebook.com/reel/1219812056962708/,1,0,Videos,,,,,Lifetime,182,137,7,6,0,1,867.753,5.823,0,4,4,,,0,,,0,0
1.22118E+17,6.15843E+13,Juankada Alexchoozy,"KAILANGAN KITA 🎶

My own version of this song. Hope you like it Choozers! Please like, follow and share 💚

#JuankadaAlexchoozy #Choozers #Followme #CommentYourThoughts #PositiveEnergy","KAILANGAN KITA 🎶

My own version of this song. Hope you like it Choozers! Please like, follow and share 💚

#JuankadaAlexchoozy #Choozers #Followme #CommentYourThoughts #PositiveEnergy",194,2/24/2026 18:00,N/A,https://www.facebook.com/reel/2653859661649058/,0,0,Videos,,,,,Lifetime,88,86,4,3,1,0,501.157,6.508,0,5,5,,,0,,,0,0
1.22118E+17,6.15843E+13,Juankada Alexchoozy,"“Naging masaya at umulan ng papremyo kagabi, see you again mamaya choozers mula 10pm to 5am kasama ang Night Shift”

#JuankadaAlexchoozy #Choozers #Followme #CommentYourThoughts #PositiveEnergy",,0,2/24/2026 23:07,N/A,https://www.facebook.com/JuankadaAlexchoozyOfficialPage/posts/pfbid0QsrdDF2QA1VGbhSkUkXA2uVxZfpsw6yYLStzc2Uiuc32KuU3LYwRWCqYBvtq7Ev2l,0,0,Photos,,,,,Lifetime,577,264,11,7,3,1,,,,30,16,14,,0,,,,
1.22118E+17,6.15843E+13,Juankada Alexchoozy,Lazy and Quiet Night?! Let’s paint the night colorful! 🥰 #JuankadaAlexchoozy #Choozers #Followme #CommentYourThoughts #PositiveEnergy,Lazy and Quiet Night?! Let’s paint the night colorful! 🥰 #JuankadaAlexchoozy #Choozers #Followme #CommentYourThoughts #PositiveEnergy,125,2/25/2026 3:00,N/A,https://www.facebook.com/reel/1475604460832532/,0,0,Videos,,,,,Lifetime,223,174,14,10,2,2,2187.813,11.575,0,6,6,,,0,,,0,0
1.22119E+17,6.15843E+13,Juankada Alexchoozy,"It hits different when the host knows how to bring the heat. 🌡🔥

Sino bias mo? Tag mo na!

#JuankadaAlexchoozy #Choozers #Followme #CommentYourThoughts",,0,2/26/2026 3:21,N/A,https://www.facebook.com/JuankadaAlexchoozyOfficialPage/posts/pfbid0327PqM75xYDPyNAyFMbpsXHUHpGnyTbefodsTG3WTArmk4vbjbAwkFVgYr7htdQzol,0,0,Photos,,,,,Lifetime,598,276,11,8,2,1,,,,12,4,8,,0,,,,
1.22119E+17,6.15843E+13,Juankada Alexchoozy,"Orange is the color of what? Team Night Shift 🧡

Join us tonight from 10pm to 5am with Ligaya, Lance, Jedi and Alexchoozy 🥰

#JuankadaAlexchoozy #Choozers #Followme #CommentYourThoughts #PositiveEnergy",,0,2/26/2026 6:58,N/A,https://www.facebook.com/JuankadaAlexchoozyOfficialPage/posts/pfbid0o9Ngpkt3DVvBwSbNTgwh34GDcmJbbTzNnmzzvqS8D1bypL3DxACrrJCDTA7W3LnXl,0,0,Photos,,,,,Lifetime,268,141,9,8,1,0,,,,18,7,11,,0,,,,
1.22119E+17,6.15843E+13,Juankada Alexchoozy,"Color game live sa Juan365 pasok and saya mo here choozers! 💙🧡

#JuankadaAlexchoozy #Choozers #Followme #CommentYourThoughts","Color game live sa Juan365 pasok and saya mo here choozers! 💙🧡

#JuankadaAlexchoozy #Choozers #Followme #CommentYourThoughts",23,2/26/2026 21:48,N/A,https://www.facebook.com/reel/1980764562792890/,0,0,Videos,,,,,Lifetime,98,74,9,7,2,0,535.786,6.782,0,6,6,,,0,,,0,0
1.22119E+17,6.15843E+13,Juankada Alexchoozy,"Your favorite host is back and ready to hype everyJUAN! 🎤✨See you later 10pm to 5am Choozers!

#JuankadaAlexchoozy #Choozers #Followme #CommentYourThoughts",,0,2/26/2026 23:51,N/A,https://www.facebook.com/JuankadaAlexchoozyOfficialPage/posts/pfbid02omxabRpNnavEtjiXidYw8N1xexPJ2tBoZaGKmpP8z35MbweJcFCxvYBQL6nrotPwl,0,0,Photos,,,,,Lifetime,419,198,6,5,1,0,,,,6,3,3,,0,,,,
1.22119E+17,6.15843E+13,Juankada Alexchoozy,"Behind the scene choozers

#JuankadaAlexchoozy #Choozers #Followme #CommentYourThoughts",,0,2/28/2026 2:19,N/A,https://www.facebook.com/JuankadaAlexchoozyOfficialPage/posts/pfbid02hMLMuAJT2nCyKvzgBGxnsuRsx74u6jzpGAYBaf6fJ3ubnHAjd3XUkxYNFyhuioQgl,0,0,Photos,,,,,Lifetime,154,74,6,4,1,1,,,,6,3,3,,0,,,,
1.22119E+17,6.15843E+13,Juankada Alexchoozy,"Rehearsal ☺️

#JuankadaAlexchoozy #Choozers #Followme #CommentYourThoughts","Rehearsal ☺️

#JuankadaAlexchoozy #Choozers #Followme #CommentYourThoughts",35,2/28/2026 4:30,mixed,https://www.facebook.com/reel/1100809225523335/,1,0,Videos,,,,,Lifetime,111,90,3,3,0,0,414.924,4.149,0,2,2,,,0,,,0,0
1.22119E+17,6.15843E+13,Juankada Alexchoozy,Thank you February! Hello MARCH! Wag bibitiw Juankada! Samahan nyo pa ren kami dito sa COLORGAME LIVE! 🥰,,0,2/28/2026 10:16,N/A,https://www.facebook.com/JuankadaAlexchoozyOfficialPage/posts/pfbid02tBWbnuY71jKEPxYCjQpq2XodvYEQs84VXLqJDojcLKxEahF2QvmpEDy3MhSEMEMEl,0,0,Photos,,,,,Lifetime,309,136,11,8,1,2,,,,11,5,6,,0,,,,
1.22119E+17,6.15843E+13,Juankada Alexchoozy,"Pinili ako ikaw pinili ba? 

#JuankadaAlexchoozy #Choozers #Followme #CommentYourThoughts","Pinili ako ikaw pinili ba? 

#JuankadaAlexchoozy #Choozers #Followme #CommentYourThoughts",10,2/28/2026 17:31,mixed,https://www.facebook.com/reel/857434927341045/,1,0,Videos,,,,,Lifetime,117,91,6,4,2,0,438.943,4.669,0,9,9,,,0,,,0,0
1.22119E+17,6.15843E+13,Juankada Alexchoozy,"Yung nagnonotes ka palang pero pinasukan kana ng call. 🤣

#JuankadaAlexchoozy #Choozers #Followme #CommentYourThoughts","Yung nagnonotes ka palang pero pinasukan kana ng call. 🤣

#JuankadaAlexchoozy #Choozers #Followme #CommentYourThoughts",12,2/28/2026 20:31,mixed,https://www.facebook.com/reel/1631472718009172/,1,0,Videos,,,,,Lifetime,146,122,6,4,2,0,589.358,4.791,0,3,3,,,0,,,0,0
1.22119E+17,6.15843E+13,Juankada Alexchoozy,"Summer na, Choozers! ☀️
Init sa panahon, init din sa good vibes! 😎🔥

#JuankadaAlexchoozy #Choozers #SummerNa #AllInJuan",,0,3/1/2026 19:21,N/A,https://www.facebook.com/photo.php?fbid=122118990609144249&set=a.122095214151144249&type=3,0,0,Photos,,,,,Lifetime,243,125,19,16,1,2,,,,10,10,,,0,,,,
1.22119E+17,6.15843E+13,Juankada Alexchoozy,"Pangarap ko ang Ibigin ka” my own version. I sang this on One of my Hosting Gig.😊
 
#JuankadaAlexchoozy #Choozers #SummerNa #AllInJuan","Pangarap ko ang Ibigin ka” my own version. I sang this on One of my Hosting Gig.😊
 
#JuankadaAlexchoozy #Choozers #SummerNa #AllInJuan",45,3/2/2026 17:31,uploaded,https://www.facebook.com/reel/1211534090962525/,1,0,Videos,,,,,Lifetime,56,35,4,2,2,0,375.512,7.823,0,2,2,,,0,,,0,0
1.22119E+17,6.15843E+13,Juankada Alexchoozy,"Kain time with GMA Sparkle Artist Matthew Uy 😍

#JuankadaAlexchoozy #Choozers #SummerNa #AllInJuan","Kain time with GMA Sparkle Artist Matthew Uy 😍

#JuankadaAlexchoozy #Choozers #SummerNa #AllInJuan",14,3/2/2026 20:31,mixed,https://www.facebook.com/reel/1639702787193446/,1,0,Videos,,,,,Lifetime,156,125,4,3,1,0,653.2,4.733,0,7,7,,,0,,,0,0
1.22115E+17,6.15843E+13,Juankada Alexchoozy,"Miss kaba? 🤭

#JuankadaAlexchoozy #Choozers #Followme #CommentYourThoughts #PositiveEnergy","Miss kaba? 🤭

#JuankadaAlexchoozy #Choozers #Followme #CommentYourThoughts #PositiveEnergy",16,1/31/2026 5:47,N/A,https://www.facebook.com/reel/797599220021115/,0,0,Videos,,,,,Lifetime,447,330,20,17,3,0,2785.471,8.168,0,6,6,,,0,,,0,0
1.22115E+17,6.15843E+13,Juankada Alexchoozy,"𝐓𝐡𝐞 𝐊𝐈𝐍𝐆 𝐎𝐅 𝐓𝐀𝐋𝐊 𝐨𝐟 𝐭𝐡𝐞 𝐒𝐎𝐔𝐓𝐇.
Ang inyong 𝐇𝐎𝐒𝐓 na 𝐖𝐈𝐓𝐓𝐘 na magbibigay sa inyo ng 𝐒𝐖𝐄𝐑𝐓𝐘🥰",,0,1/31/2026 16:51,N/A,https://www.facebook.com/photo.php?fbid=122115011607144249&set=a.122095214151144249&type=3,0,0,Photos,,,,,Lifetime,228,107,25,21,2,2,,,,11,8,3,,0,,,,
1.22115E+17,6.15843E+13,Juankada Alexchoozy,Juankada Alexchoozy updated his cover photo.,,0,1/31/2026 16:51,N/A,https://www.facebook.com/photo.php?fbid=122115011685144249&set=a.122095215045144249&type=3,0,0,Photos,,,,,Lifetime,0,0,14,12,1,1,,,,0,,,,0,,,,
1.22115E+17,6.15843E+13,Juankada Alexchoozy,Ang galing 😭😂,"Ang galing 😭😂

#JuankadaAlexchoozy #Choozers #Followme #CommentYourThoughts #PositiveEnergy",19,1/31/2026 23:03,N/A,https://www.facebook.com/reel/1579772926395900/,0,0,Videos,,,,,Lifetime,214,152,15,14,1,0,1005.776,5.682,0,9,9,,,0,,,0,0
1.22115E+17,6.15843E+13,Juankada Alexchoozy,"𝗝𝗮𝗻𝘂𝗮𝗿𝘆 𝗥𝗲𝗰𝗮𝗽 ✨

Thanks for this January Choozers! Let’s see each other this FEBibig-February! 🥰

#JuankadaAlexchoozy #Choozers #Followme #CommentYourThoughts #PositiveEnergy","𝗝𝗮𝗻𝘂𝗮𝗿𝘆 𝗥𝗲𝗰𝗮𝗽 ✨

Thanks for this January Choozers! Let’s see each other this FEBibig-February! 🥰

#JuankadaAlexchoozy #Choozers #Followme #CommentYourThoughts #PositiveEnergy",31,2/1/2026 0:38,N/A,https://www.facebook.com/reel/1226692248889079/,0,0,Videos,,,,,Lifetime,171,147,14,12,1,1,558.432,3.579,0,2,2,,,0,,,0,0
1.22115E+17,6.15843E+13,Juankada Alexchoozy,Serving vibes mula sa 𝗝𝘂𝗮𝗻𝟯𝟲𝟱 ✨,"Serving vibes mula sa 𝗝𝘂𝗮𝗻𝟯𝟲𝟱 ✨

#JuankadaAlexchoozy #Choozers #Followme #CommentYourThoughts #PositiveEnergy",11,2/1/2026 3:00,N/A,https://www.facebook.com/reel/902160548852504/,0,0,Videos,,,,,Lifetime,241,166,20,17,1,2,877.899,4.548,0,6,6,,,0,,,0,0
1.22115E+17,6.15851E+13,Juankada Charm,"Basahin niyo yung POV, Lucky Charms!!! ✨

Be better everyday! 💖

#Juan365Studios #Juan365 #ALLINJUANSASAYA #JuankadaHosts #JuankadaCharm #LuckyCharms","Basahin niyo yung POV, Lucky Charms!!! ✨

Be better everyday! 💖

#Juan365Studios #Juan365 #ALLINJUANSASAYA #JuankadaHosts #JuankadaCharm #LuckyCharms",14,1/31/2026 2:00,N/A,https://www.facebook.com/reel/881312228162226/,0,0,Videos,,,,,Lifetime,334,277,8,7,1,0,1995.123,7.389,0,3,3,,,0,,,0,0
1.22122E+17,6.15851E+13,Juankada Charm,"🎺💃🎺💃🎺

#Juan365Studios #Juan365 #ALLINJUANSASAYA #JuankadaHosts #JuankadaCharm #LuckyCharms","🎺💃🎺💃🎺

#Juan365Studios #Juan365 #ALLINJUANSASAYA #JuankadaHosts #JuankadaCharm #LuckyCharms",16,3/2/2026 21:30,N/A,https://www.facebook.com/reel/2179765466196655/,0,0,Videos,,,,,Lifetime,13,9,0,0,0,0,85.16,7.741,0,0,,,,0,,,0,0
1.22122E+17,6.15851E+13,Juankada Charm,"You heard my name? 🤨🫣

#Juan365Studios #Juan365 #ALLINJUANSASAYA #JuankadaHosts #JuankadaCharm #LuckyCharms","You heard my name? 🤨🫣

#Juan365Studios #Juan365 #ALLINJUANSASAYA #JuankadaHosts #JuankadaCharm #LuckyCharms",13,3/2/2026 1:30,N/A,https://www.facebook.com/reel/1452246519816428/,0,0,Videos,,,,,Lifetime,28,19,3,3,0,0,115.378,5.768,0,0,,,,0,,,0,0
1.22122E+17,6.15851E+13,Juankada Charm,"Just call me whenever you're lonely! 😜😘

#Juan365Studios #Juan365 #ALLINJUANSASAYA #JuankadaHosts #JuankadaCharm #LuckyCharms","Just call me whenever you're lonely! 😜😘

#Juan365Studios #Juan365 #ALLINJUANSASAYA #JuankadaHosts #JuankadaCharm #LuckyCharms",16,3/1/2026 22:00,N/A,https://www.facebook.com/reel/911906291575486/,0,0,Videos,,,,,Lifetime,20,15,2,2,0,0,101.222,5.623,0,0,,,,0,,,0,0
1.22122E+17,6.15851E+13,Juankada Charm,"Yan ang very useful advice na galing sainyong Lucky Charm! 😂✨

#Juan365Studios #Juan365 #ALLINJUANSASAYA #JuankadaHosts #JuankadaCharm #LuckyCharms","Yan ang very useful advice na galing sainyong Lucky Charm! 😂✨

#Juan365Studios #Juan365 #ALLINJUANSASAYA #JuankadaHosts #JuankadaCharm #LuckyCharms",15,2/28/2026 22:00,N/A,https://www.facebook.com/reel/4562170200677940/,0,0,Videos,,,,,Lifetime,35,24,4,3,1,0,173.509,6.426,0,1,1,,,0,,,0,0
1.22121E+17,6.15851E+13,Juankada Charm,"Hire niyo na ko bilang drummer! 🥁

#Juan365Studios #Juan365 #ALLINJUANSASAYA #JuankadaHosts #JuankadaCharm #LuckyCharms","Hire niyo na ko bilang drummer! 🥁

#Juan365Studios #Juan365 #ALLINJUANSASAYA #JuankadaHosts #JuankadaCharm #LuckyCharms",16,2/28/2026 2:00,N/A,https://www.facebook.com/reel/928784682866250/,0,0,Videos,,,,,Lifetime,20,13,1,1,0,0,102.37,6.021,0,1,1,,,0,,,0,0
1.22122E+17,6.15851E+13,Juankada Charm,"Ang aking 3 kahilingan ay... 🫣

#Juan365Studios #Juan365 #ALLINJUANSASAYA #JuankadaHosts #JuankadaCharm #LuckyCharms","Ang aking 3 kahilingan ay... 🫣

#Juan365Studios #Juan365 #ALLINJUANSASAYA #JuankadaHosts #JuankadaCharm #LuckyCharms",9,2/27/2026 22:00,N/A,https://www.facebook.com/reel/779708908523049/,0,0,Videos,,,,,Lifetime,25,17,2,2,0,0,76.536,3.644,0,0,,,,0,,,0,0
1.22122E+17,6.15851E+13,Juankada Charm,"Bakit ba? 🤨

#Juan365Studios #Juan365 #ALLINJUANSASAYA #JuankadaHosts #JuankadaCharm #LuckyCharms","Bakit ba? 🤨

#Juan365Studios #Juan365 #ALLINJUANSASAYA #JuankadaHosts #JuankadaCharm #LuckyCharms",16,2/26/2026 22:00,N/A,https://www.facebook.com/reel/25721190664240267/,0,0,Videos,,,,,Lifetime,41,25,5,4,1,0,180.61,5.644,0,2,2,,,0,,,0,0
1.22121E+17,6.15851E+13,Juankada Charm,"Bakit ba? 🤨

#Juan365Studios #Juan365 #ALLINJUANSASAYA #JuankadaHosts #JuankadaCharm #LuckyCharms","Bakit ba? 🤨

#Juan365Studios #Juan365 #ALLINJUANSASAYA #JuankadaHosts #JuankadaCharm #LuckyCharms",16,2/26/2026 22:00,N/A,https://www.facebook.com/reel/2025247451373859/,0,0,Videos,,,,,Lifetime,18,14,2,1,1,0,65.989,4.399,0,1,1,,,0,,,0,0
1.22122E+17,6.15851E+13,Juankada Charm,"Go! Go! Go! Juan365 Studio demure today for our OOTD para sa COLOR GAME LIVE! 😘

#Juan365Studios #Juan365 #ALLINJUANSASAYA #JuankadaHosts #JuankadaCharm #LuckyCharms",,0,2/25/2026 22:44,N/A,https://www.facebook.com/permalink.php?story_fbid=pfbid0kGPiWstdjmjvQTqH7eFH3oLzYR2ezpezPC8yJcXFmsb5JzKWGftSndcESiKSBq9ol&id=61585109026232,0,0,Photos,,,,,Lifetime,103,65,8,6,1,1,,,,4,3,1,,0,,,,
1.22121E+17,6.15851E+13,Juankada Charm,"PSA lang Lucky Charms ha! 🫣

Ganyan ang gusto ko sana... 

#Juan365Studios #Juan365 #ALLINJUANSASAYA #JuankadaHosts #JuankadaCharm #LuckyCharms","PSA lang Lucky Charms ha! 🫣

Ganyan ang gusto ko sana... 

#Juan365Studios #Juan365 #ALLINJUANSASAYA #JuankadaHosts #JuankadaCharm #LuckyCharms",16,2/25/2026 22:00,N/A,https://www.facebook.com/reel/3403021556547281/,0,0,Videos,,,,,Lifetime,25,16,0,0,0,0,93.847,4.08,0,0,,,,0,,,0,0
1.22121E+17,6.15851E+13,Juankada Charm,"Hindi man tinatamaan sa alak pero malakas talaga tama ko... pagdating sayo! 🤭

#Juan365Studios #Juan365 #ALLINJUANSASAYA #JuankadaHosts #JuankadaCharm #LuckyCharms","Hindi man tinatamaan sa alak pero malakas talaga tama ko... pagdating sayo! 🤭

#Juan365Studios #Juan365 #ALLINJUANSASAYA #JuankadaHosts #JuankadaCharm #LuckyCharms",16,2/25/2026 2:00,N/A,https://www.facebook.com/reel/1282994697076122/,0,0,Videos,,,,,Lifetime,36,19,5,4,1,0,251.758,9.324,0,1,1,,,0,,,0,0
1.22121E+17,6.15851E+13,Juankada Charm,"I wanna try something new... with you? 😘

#Juan365Studios #Juan365 #ALLINJUANSASAYA #JuankadaHosts #JuankadaCharm #LuckyCharms","I wanna try something new... with you? 😘

#Juan365Studios #Juan365 #ALLINJUANSASAYA #JuankadaHosts #JuankadaCharm #LuckyCharms",14,2/24/2026 22:00,N/A,https://www.facebook.com/reel/1681647796612315/,0,0,Videos,,,,,Lifetime,41,29,4,3,1,0,174.73,5.636,0,3,3,,,0,,,0,0
1.22121E+17,6.15851E+13,Juankada Charm,"Wala na nga eh... 😔

#Juan365Studios #Juan365 #ALLINJUANSASAYA #JuankadaHosts #JuankadaCharm #LuckyCharms","Wala na nga eh... 😔

#Juan365Studios #Juan365 #ALLINJUANSASAYA #JuankadaHosts #JuankadaCharm #LuckyCharms",14,2/24/2026 3:00,N/A,https://www.facebook.com/reel/1659123845261543/,0,0,Videos,,,,,Lifetime,43,32,7,5,2,0,182.522,5.214,0,6,6,,,0,,,0,0
1.22121E+17,6.15851E+13,Juankada Charm,"Uy! Take me on a date! 😜

#Juan365Studios #Juan365 #ALLINJUANSASAYA #JuankadaHosts #JuankadaCharm #LuckyCharms","Uy! Take me on a date! 😜

#Juan365Studios #Juan365 #ALLINJUANSASAYA #JuankadaHosts #JuankadaCharm #LuckyCharms",16,2/23/2026 22:00,N/A,https://www.facebook.com/reel/1454480903022814/,0,0,Videos,,,,,Lifetime,40,30,9,8,1,0,206.94,6.086,0,3,3,,,0,,,0,0
1.22121E+17,6.15851E+13,Juankada Charm,"Magpaparinig lang po sa isa diyan 🫣

#Juan365Studios #Juan365 #ALLINJUANSASAYA #JuankadaHosts #JuankadaCharm #LuckyCharms","Magpaparinig lang po sa isa diyan 🫣

#Juan365Studios #Juan365 #ALLINJUANSASAYA #JuankadaHosts #JuankadaCharm #LuckyCharms",14,2/22/2026 22:05,N/A,https://www.facebook.com/reel/1284744370200688/,0,0,Videos,,,,,Lifetime,107,88,9,8,1,0,479.283,5.385,0,3,3,,,0,,,0,0
1.22121E+17,6.15851E+13,Juankada Charm,"Kahit Young Stunna ako, been loving you since DAY 1! 💖🙌

#Juan365Studios #Juan365 #ALLINJUANSASAYA #JuankadaHosts #JuankadaCharm #LuckyCharms","Kahit Young Stunna ako, been loving you since DAY 1! 💖🙌

#Juan365Studios #Juan365 #ALLINJUANSASAYA #JuankadaHosts #JuankadaCharm #LuckyCharms",16,2/22/2026 3:00,N/A,https://www.facebook.com/reel/2041391256422059/,0,0,Videos,,,,,Lifetime,95,84,10,8,2,0,384.465,4.47,0,3,3,,,0,,,0,0
1.22121E+17,6.15851E+13,Juankada Charm,"BINABAWI KO NA! 🙄

K lang naman diba Lucky Charms? 🥺

#Juan365Studios #Juan365 #ALLINJUANSASAYA #JuankadaHosts #JuankadaCharm #LuckyCharms","BINABAWI KO NA! 🙄

K lang naman diba Lucky Charms? 🥺

#Juan365Studios #Juan365 #ALLINJUANSASAYA #JuankadaHosts #JuankadaCharm #LuckyCharms",8,2/22/2026 0:00,N/A,https://www.facebook.com/reel/1497325428729661/,0,0,Videos,,,,,Lifetime,89,55,7,5,2,0,284.831,4.594,0,3,3,,,0,,,0,0
1.22121E+17,6.15851E+13,Juankada Charm,"Go! Go! Go! Juan365 Studios!!! 🎊🎉

Cheerleader and atake natin today for our OOTD para sa COLOR GAME LIVE! 😘

#Juan365Studios #Juan365 #ALLINJUANSASAYA #JuankadaHosts #JuankadaCharm #LuckyCharms",,0,2/21/2026 6:15,N/A,https://www.facebook.com/permalink.php?story_fbid=pfbid0bxmxM7WXdWLmDwdHxQT42T7eSwzPPMTYpjkFKSDsg6BzsFVnboetNrH7GvFSHP6Kl&id=61585109026232,0,0,Photos,,,,,Lifetime,154,87,13,10,2,1,,,,6,3,3,,0,,,,
1.2212E+17,6.15851E+13,Juankada Charm,"Demure ang mukha pero OG, Young Stunna! 😎🤙

#Juan365Studios #Juan365 #ALLINJUANSASAYA #JuankadaHosts #JuankadaCharm #LuckyCharms","Demure ang mukha pero OG, Young Stunna! 😎🤙

#Juan365Studios #Juan365 #ALLINJUANSASAYA #JuankadaHosts #JuankadaCharm #LuckyCharms",15,2/20/2026 23:00,N/A,https://www.facebook.com/reel/1493160532232521/,0,0,Videos,,,,,Lifetime,71,48,10,9,1,0,637.688,12.503,0,7,7,,,0,,,0,0
1.2212E+17,6.15851E+13,Juankada Charm,"Don't act like you forgot! 🤨

#Juan365Studios #Juan365 #ALLINJUANSASAYA #JuankadaHosts #JuankadaCharm #LuckyCharms","Don't act like you forgot! 🤨

#Juan365Studios #Juan365 #ALLINJUANSASAYA #JuankadaHosts #JuankadaCharm #LuckyCharms",8,2/19/2026 23:00,N/A,https://www.facebook.com/reel/1604776033996070/,0,0,Videos,,,,,Lifetime,73,32,4,3,1,0,243.775,5.186,0,3,3,,,0,,,0,0
1.2212E+17,6.15851E+13,Juankada Charm,"Go! Go! Go! Juan365 Studios!!! 🎊🎉

Cheerleader and atake natin today for our OOTD para sa COLOR GAME LIVE! 😘

#Juan365Studios #Juan365 #ALLINJUANSASAYA #JuankadaHosts #JuankadaCharm #LuckyCharms",,0,2/19/2026 20:29,N/A,https://www.facebook.com/permalink.php?story_fbid=pfbid028i4ubiDWpJ6udEjt4LtvvMMeAaDucgfy8EEXUtiNpXGvQrFNP8mAq1ac7Sc6cZvkl&id=61585109026232,0,0,Photos,,,,,Lifetime,140,75,8,5,2,1,,,,4,4,,,0,,,,
1.2212E+17,6.15851E+13,Juankada Charm,"Anong Mcdo Mcdo? Di na! 🙅‍♀️

Petsa de Peligro na! 😭

#Juan365Studios #Juan365 #ALLINJUANSASAYA #JuankadaHosts #JuankadaCharm #LuckyCharms","Anong Mcdo Mcdo? Di na! 🙅‍♀️

Petsa de Peligro na! 😭

#Juan365Studios #Juan365 #ALLINJUANSASAYA #JuankadaHosts #JuankadaCharm #LuckyCharms",22,2/18/2026 23:00,N/A,https://www.facebook.com/reel/1476978537332731/,0,0,Videos,,,,,Lifetime,120,97,5,4,1,0,685,6.715,0,5,5,,,0,,,0,0
1.2212E+17,6.15851E+13,Juankada Charm,"Malapit na mag-weekend, Lucky Charms! ✨

Pero siyempre, unli-kulitan pa din sa COLOR GAME LIVE! 🤭😘

#Juan365Studios #Juan365 #ALLINJUANSASAYA #JuankadaHosts #JuankadaCharm #LuckyCharms",,0,2/18/2026 22:29,N/A,https://www.facebook.com/permalink.php?story_fbid=pfbid023Bs3nFhCzpNhiNxAbKoRwhK898g4BkCBT2X57LhDXyMz68ijSPEjMrj1kkqQipyCl&id=61585109026232,0,0,Photos,,,,,Lifetime,122,60,9,7,1,1,,,,6,4,2,,0,,,,
1.22119E+17,6.15851E+13,Juankada Charm,"Bebot na may filter or bebot na natural? 🫣

Paki-sagot naman Lucky Charms! ✨

#Juan365Studios #Juan365 #ALLINJUANSASAYA #JuankadaHosts #JuankadaCharm #LuckyCharms","Bebot na may filter or bebot na natural? 🫣

Paki-sagot naman Lucky Charms! ✨

#Juan365Studios #Juan365 #ALLINJUANSASAYA #JuankadaHosts #JuankadaCharm #LuckyCharms",10,2/17/2026 23:00,N/A,https://www.facebook.com/reel/1294386659187106/,0,0,Videos,,,,,Lifetime,53,35,2,1,1,0,231.911,6.441,0,3,3,,,0,,,0,0
1.22119E+17,6.15851E+13,Juankada Charm,"New dance craze nanaman with the crew! 👫💃

#Juan365Studios #Juan365 #ALLINJUANSASAYA #JuankadaHosts #JuankadaCharm #LuckyCharms","New dance craze nanaman with the crew! 👫💃

#Juan365Studios #Juan365 #ALLINJUANSASAYA #JuankadaHosts #JuankadaCharm #LuckyCharms",19,2/17/2026 2:00,N/A,https://www.facebook.com/reel/1262846119035924/,0,0,Videos,,,,,Lifetime,138,97,6,6,0,0,905.981,8.388,0,4,4,,,0,,,0,0
1.22119E+17,6.15851E+13,Juankada Charm,"The boys na seryoso sa work pero G na G pa din sa kakulitan ko! 😂🤭

#Juan365Studios #Juan365 #ALLINJUANSASAYA #JuankadaHosts #JuankadaCharm #LuckyCharms","The boys na seryoso sa work pero G na G pa din sa kakulitan ko! 😂🤭

#Juan365Studios #Juan365 #ALLINJUANSASAYA #JuankadaHosts #JuankadaCharm #LuckyCharms",16,2/16/2026 23:00,N/A,https://www.facebook.com/reel/1392603665672718/,0,0,Videos,,,,,Lifetime,68,49,5,4,1,0,404.909,7.361,0,1,1,,,0,,,0,0
1.22119E+17,6.15851E+13,Juankada Charm,"Monday is funday!!!

Start the week right with me, Lucky Charms! ✨

Check out today’s OOTD before we go live sa COLOR GAME LIVE! 😘

#Juan365Studios #Juan365 #ALLINJUANSASAYA #JuankadaHosts #JuankadaCharm #LuckyCharms",,0,2/16/2026 6:23,N/A,https://www.facebook.com/permalink.php?story_fbid=pfbid02jDzrMad6vGvun1Y7kWs2rVWekfMaNc9ZUdFbgRFjHsdecapuJQwu7itZmRHT3wiil&id=61585109026232,0,0,Photos,,,,,Lifetime,94,52,8,6,1,1,,,,7,2,5,,0,,,,
1.22119E+17,6.15851E+13,Juankada Charm,"Ano yang narinig ko na sinasabi mo daw tungkol sakin na sinabi ng pinagsabihan mo na sabi mo daw sakin??? 🤨😡

#Juan365Studios #Juan365 #ALLINJUANSASAYA #JuankadaHosts #JuankadaCharm #LuckyCharms","Ano yang narinig ko na sinasabi mo daw tungkol sakin na sinabi ng pinagsabihan mo na sabi mo daw sakin??? 🤨😡

#Juan365Studios #Juan365 #ALLINJUANSASAYA #JuankadaHosts #JuankadaCharm #LuckyCharms",10,2/16/2026 2:00,N/A,https://www.facebook.com/reel/934383005919946/,0,0,Videos,,,,,Lifetime,162,119,5,4,1,0,588.835,4.564,0,1,1,,,0,,,0,0
1.22119E+17,6.15851E+13,Juankada Charm,"OOTD on a Sunday! 👚

Starting the week right with my Lucky Charms! 😘

#Juan365Studios #Juan365 #ALLINJUANSASAYA #JuankadaHosts #JuankadaCharm #LuckyCharms",,0,2/15/2026 5:56,N/A,https://www.facebook.com/permalink.php?story_fbid=pfbid0EgvLrc9tkRS8ffqotGff716ofTReDQwV5Xj3v9447N4FRRzV2ee1fFmeCPu2kKHMl&id=61585109026232,0,0,Photos,,,,,Lifetime,161,84,10,7,2,1,,,,6,4,2,,0,,,,
1.22119E+17,6.15851E+13,Juankada Charm,"Why is everyone so in love with me? 🤭

Totoo ba talaga, Lucky Charms? 😝

#Juan365Studios #Juan365 #ALLINJUANSASAYA #JuankadaHosts #JuankadaCharm #LuckyCharms","Why is everyone so in love with me? 🤭

Totoo ba talaga, Lucky Charms? 😝

#Juan365Studios #Juan365 #ALLINJUANSASAYA #JuankadaHosts #JuankadaCharm #LuckyCharms",12,2/15/2026 1:02,N/A,https://www.facebook.com/reel/1157694239629233/,0,0,Videos,,,,,Lifetime,125,93,3,2,1,0,583.883,5.668,0,3,3,,,0,,,0,0
1.22119E+17,6.15851E+13,Juankada Charm,"Kakatapos lang makipag-date kasama ang aking... SARILI! 💁‍♀️

Catch me live sa COLOR GAME LIVE!!! ✨

#Juan365Studios #Juan365 #ALLINJUANSASAYA #JuankadaHosts #JuankadaCharm #LuckyCharms",,0,2/14/2026 6:45,N/A,https://www.facebook.com/permalink.php?story_fbid=pfbid02XLLVNy7S744WQZooEc95Ft38TAbBJC7b8a7PmycBpu9296dyF85Mt8BohJHVMPE9l&id=61585109026232,0,0,Photos,,,,,Lifetime,135,73,11,9,1,1,,,,7,2,5,,0,,,,
1.22119E+17,6.15851E+13,Juankada Charm,"Sa mga nagpaparinig ng flowers diyan oh! 💐

Ito na!!! 😂

#Juan365Studios #Juan365 #ALLINJUANSASAYA #JuankadaHosts #JuankadaCharm #LuckyCharms","Sa mga nagpaparinig ng flowers diyan oh! 💐

Ito na!!! 😂

#Juan365Studios #Juan365 #ALLINJUANSASAYA #JuankadaHosts #JuankadaCharm #LuckyCharms",10,2/14/2026 2:00,N/A,https://www.facebook.com/reel/2737495759946542/,0,0,Videos,,,,,Lifetime,82,60,4,3,1,0,231.118,3.398,0,1,1,,,0,,,0,0
1.22119E+17,6.15851E+13,Juankada Charm,"BAKIT HINDI PWEDE LUMABAS NGAYON? 😤

ay oo nga pala… 🫣

#Juan365Studios #Juan365 #ALLINJUANSASAYA #JuankadaHosts #JuankadaCharm #LuckyCharms","BAKIT HINDI PWEDE LUMABAS NGAYON? 😤

ay oo nga pala… 🫣

#Juan365Studios #Juan365 #ALLINJUANSASAYA #JuankadaHosts #JuankadaCharm #LuckyCharms",16,2/13/2026 23:00,N/A,https://www.facebook.com/reel/3167987816739978/,0,0,Videos,,,,,Lifetime,271,215,9,8,1,0,1543.562,6.952,0,3,3,,,0,,,0,0
1.22119E+17,6.15851E+13,Juankada Charm,"✨Hi Lucky Charms!✨

Ready na ba ang lahat para sa ating HAPPY T? 🤙

Join me today sa ating COLOR GAME LIVE!!! 💖

#Juan365Studios #Juan365 #ALLINJUANSASAYA #JuankadaHosts #JuankadaCharm #LuckyCharms",,0,2/12/2026 5:35,N/A,https://www.facebook.com/permalink.php?story_fbid=pfbid02MqGAK55ZiJj3V4GvfjJm36tvjYN16yVna7orzTwELw9K27Yme2ff9SGLxKKaXFoCl&id=61585109026232,0,0,Photos,,,,,Lifetime,135,71,13,11,1,1,,,,4,2,2,,0,,,,
1.22119E+17,6.15851E+13,Juankada Charm,"Magpaparinig lang ako Lucky Charms ah! 🫣

GUSTO KO MARINIG MONG OKAY NA KO!!! 🤭

#Juan365Studios #Juan365 #ALLINJUANSASAYA #JuankadaHosts #JuankadaCharm #LuckyCharms","Magpaparinig lang ako Lucky Charms ah! 🫣

GUSTO KO MARINIG MONG OKAY NA KO!!! 🤭

#Juan365Studios #Juan365 #ALLINJUANSASAYA #JuankadaHosts #JuankadaCharm #LuckyCharms",16,2/11/2026 23:00,N/A,https://www.facebook.com/reel/1231998405056490/,1,0,Videos,,,,,Lifetime,107,98,4,3,1,0,377.977,3.817,0,3,3,,,0,,,0,0
1.22119E+17,6.15851E+13,Juankada Charm,"Luh!? Sarili ko kakampi ko? 🧍‍♀️

AYOKO NIYAN! ❌

#Juan365Studios #Juan365 #ALLINJUANSASAYA #JuankadaHosts #JuankadaCharm #LuckyCharms","Luh!? Sarili ko kakampi ko? 🧍‍♀️

AYOKO NIYAN! ❌

#Juan365Studios #Juan365 #ALLINJUANSASAYA #JuankadaHosts #JuankadaCharm #LuckyCharms",11,2/11/2026 23:00,N/A,https://www.facebook.com/reel/797920673334340/,0,0,Videos,,,,,Lifetime,100,85,5,4,1,0,310.915,3.615,0,2,2,,,0,,,0,0
1.22119E+17,6.15851E+13,Juankada Charm,"🕶🧍‍♀️🧍‍♂️🕶

#Juan365Studios #Juan365 #ALLINJUANSASAYA #JuankadaHosts #JuankadaCharm #LuckyCharms","🕶🧍‍♀️🧍‍♂️🕶

#Juan365Studios #Juan365 #ALLINJUANSASAYA #JuankadaHosts #JuankadaCharm #LuckyCharms",22,2/11/2026 2:00,N/A,https://www.facebook.com/reel/890603843751231/,1,0,Videos,,,,,Lifetime,118,102,8,6,2,0,799.871,7.617,0,3,3,,,0,,,0,0
1.22119E+17,6.15851E+13,Juankada Charm,"YEEHAW!!! 🤠

As a cowgirl ang atake natin from the other day's live!🐮

#Juan365Studios #Juan365 #ALLINJUANSASAYA #JuankadaHosts #JuankadaCharm #LuckyCharms #Cowgirl","YEEHAW!!! 🤠

As a cowgirl ang atake natin from the other day's live!🐮

#Juan365Studios #Juan365 #ALLINJUANSASAYA #JuankadaHosts #JuankadaCharm #LuckyCharms #Cowgirl",16,2/10/2026 23:00,N/A,https://www.facebook.com/reel/1481959006785647/,1,0,Videos,,,,,Lifetime,62,40,12,11,1,0,545.7,11.136,0,2,2,,,0,,,0,0
1.22119E+17,6.15851E+13,Juankada Charm,"Diyan ako nakukuha!

Ayan din ba ang gusto niyo, Lucky Charms? 😜

#Juan365Studios #Juan365 #ALLINJUANSASAYA #JuankadaHosts #JuankadaCharm #LuckyCharms","Diyan ako nakukuha!

Ayan din ba ang gusto niyo, Lucky Charms? 😜

#Juan365Studios #Juan365 #ALLINJUANSASAYA #JuankadaHosts #JuankadaCharm #LuckyCharms",6,2/10/2026 2:00,N/A,https://www.facebook.com/reel/1582809689433171/,1,0,Videos,,,,,Lifetime,113,83,5,4,1,0,312.508,3.633,0,1,1,,,0,,,0,0
1.22119E+17,6.15851E+13,Juankada Charm,"Mga ganyang tanong, hindi na dapat tinatanong! 🤭

Tama naman diba, Lucky Charms? ✨

#Juan365Studios #Juan365 #ALLINJUANSASAYA #JuankadaHosts #JuankadaCharm #LuckyCharms","Mga ganyang tanong, hindi na dapat tinatanong! 🤭

Tama naman diba, Lucky Charms? ✨

#Juan365Studios #Juan365 #ALLINJUANSASAYA #JuankadaHosts #JuankadaCharm #LuckyCharms",16,2/9/2026 23:00,N/A,https://www.facebook.com/reel/1536420674315718/,1,0,Videos,,,,,Lifetime,114,83,4,3,1,0,577.084,6.341,0,3,3,,,0,,,0,0
1.22118E+17,6.15851E+13,Juankada Charm,"Kulitan with @JuankadaPapaJoe & @JuankadaGeoff 💖

Catch us live sa COLOR GAME LIVE, Lucky Charms! ✨

#Juan365Studios #Juan365 #ALLINJUANSASAYA #JuankadaHosts #JuankadaCharm #LuckyCharms","Kulitan with @JuankadaPapaJoe & @JuankadaGeoff 💖

Catch us live sa COLOR GAME LIVE, Lucky Charms! ✨

#Juan365Studios #Juan365 #ALLINJUANSASAYA #JuankadaHosts #JuankadaCharm #LuckyCharms",52,2/9/2026 2:00,mixed,https://www.facebook.com/reel/1442041394103255/,0,0,Videos,,,,,Lifetime,137,107,10,9,1,0,1719.455,14.822,0,9,9,,,0,,,0,0
1.22118E+17,6.15851E+13,Juankada Charm,"Baby, I'm PERFECT FOR YOU!!! ✨

#Juan365Studios #Juan365 #ALLINJUANSASAYA #JuankadaHosts #JuankadaCharm #LuckyCharms","Baby, I'm PERFECT FOR YOU!!! ✨

#Juan365Studios #Juan365 #ALLINJUANSASAYA #JuankadaHosts #JuankadaCharm #LuckyCharms",19,2/8/2026 23:00,N/A,https://www.facebook.com/reel/1277905567560510/,0,0,Videos,,,,,Lifetime,176,150,11,10,1,0,1004.994,6.36,0,7,7,,,0,,,0,0
1.22118E+17,6.15851E+13,Juankada Charm,"Hindi dahil matigas ako, wala na akong pakiramdam!!! 🫣😜

#Juan365Studios #Juan365 #ALLINJUANSASAYA #JuankadaHosts #JuankadaCharm #LuckyCharms","Hindi dahil matigas ako, wala na akong pakiramdam!!! 🫣😜

#Juan365Studios #Juan365 #ALLINJUANSASAYA #JuankadaHosts #JuankadaCharm #LuckyCharms",16,2/8/2026 2:00,N/A,https://www.facebook.com/reel/5345482285677164/,0,0,Videos,,,,,Lifetime,136,101,5,4,1,0,665.708,6.28,0,5,5,,,0,,,0,0
1.22118E+17,6.15851E+13,Juankada Charm,"Cutesy dancey ang inyong Lucky Charmy!💃✨

#Juan365Studios #Juan365 #ALLINJUANSASAYA #JuankadaHosts #JuankadaCharm #LuckyCharms","Cutesy dancey ang inyong Lucky Charmy!💃✨

#Juan365Studios #Juan365 #ALLINJUANSASAYA #JuankadaHosts #JuankadaCharm #LuckyCharms",16,2/7/2026 23:00,N/A,https://www.facebook.com/reel/1424404192730919/,0,0,Videos,,,,,Lifetime,187,154,10,9,1,0,1053.734,6.754,0,2,2,,,0,,,0,0
1.22118E+17,6.15851E+13,Juankada Charm,"Yeehaw! Cowboy night means wild fun, big laughs, and lucky moments 🤠✨",,0,2/7/2026 8:38,N/A,https://www.facebook.com/permalink.php?story_fbid=pfbid02UxWkHCdrWB7QtKxo1rAPQshqvetugXNFAeERRz51zkTghZh4u7atuseyikBdJqnxl&id=61585109026232,0,1,Text,,,,,Lifetime,33,37,4,4,0,0,,,,3,3,,,0,,,,
1.22117E+17,6.15851E+13,Juankada Charm,"Ano na? Nasan na yon? 🤨

#Juan365Studios #Juan365 #ALLINJUANSASAYA #JuankadaHosts #JuankadaCharm #LuckyCharms","Ano na? Nasan na yon? 🤨

#Juan365Studios #Juan365 #ALLINJUANSASAYA #JuankadaHosts #JuankadaCharm #LuckyCharms",16,2/7/2026 2:00,N/A,https://www.facebook.com/reel/868597899271104/,0,0,Videos,,,,,Lifetime,140,112,9,8,1,0,679.003,5.803,0,3,3,,,0,,,0,0
1.22116E+17,6.15851E+13,Juankada Charm,"Ayaw na ngani! 🙅‍♀️

Mention niyo frenny niyong broken! ❤️‍🩹

#Juan365Studios #Juan365 #ALLINJUANSASAYA #JuankadaHosts #JuankadaCharm #LuckyCharms","Ayaw na ngani! 🙅‍♀️

Mention niyo frenny niyong broken! ❤️‍🩹

#Juan365Studios #Juan365 #ALLINJUANSASAYA #JuankadaHosts #JuankadaCharm #LuckyCharms",12,2/6/2026 2:00,N/A,https://www.facebook.com/reel/1211320200980897/,0,0,Videos,,,,,Lifetime,112,82,2,1,1,0,475.94,5.47,0,1,1,,,0,,,0,0
1.22116E+17,6.15851E+13,Juankada Charm,"Ayaw na ngani! 🙅‍♀️

Mention niyo frenny niyong broken! ❤️‍🩹

#Juan365Studios #Juan365 #ALLINJUANSASAYA #JuankadaHosts #JuankadaCharm #LuckyCharms",,0,2/6/2026 2:00,N/A,https://www.facebook.com/permalink.php?story_fbid=pfbid02obNATmcEjhTWnAeG4TppzxDisxQFJvmg9djGdRX15KcTe1YRD79xgdrST2Uqzmsml&id=61585109026232,0,0,Text,,,,,Lifetime,57,31,1,0,0,1,,,,0,,,,0,,,,
1.22115E+17,6.15851E+13,Juankada Charm,"JWU pero still slaying!!! 😘

Agree ba kayo, Lucky Charms? ✨

#Juan365Studios #Juan365 #ALLINJUANSASAYA #JuankadaHosts #JuankadaCharm #LuckyCharms","JWU pero still slaying!!! 😘

Agree ba kayo, Lucky Charms? ✨

#Juan365Studios #Juan365 #ALLINJUANSASAYA #JuankadaHosts #JuankadaCharm #LuckyCharms",8,2/5/2026 23:00,N/A,https://www.facebook.com/reel/1896977207849655/,0,0,Videos,,,,,Lifetime,306,234,10,9,1,0,949.8,3.99,0,4,4,,,0,,,0,0
1.22115E+17,6.15851E+13,Juankada Charm,"Lumabas nalang ako... 🚶‍♀️‍➡️

Wala, dami kasi eh 🙅‍♀️

#Juan365Studios #Juan365 #ALLINJUANSASAYA #JuankadaHosts #JuankadaCharm #LuckyCharms","Lumabas nalang ako... 🚶‍♀️‍➡️

Wala, dami kasi eh 🙅‍♀️

#Juan365Studios #Juan365 #ALLINJUANSASAYA #JuankadaHosts #JuankadaCharm #LuckyCharms",9,2/5/2026 2:00,mixed,https://www.facebook.com/reel/880305494970834/,0,0,Videos,,,,,Lifetime,101,74,4,2,2,0,265.659,3.362,0,4,4,,,0,,,0,0
1.22115E+17,6.15851E+13,Juankada Charm,"Hala! Na-fall? 🫣

Okay lang kasi sa akin ka lang pala babagsak 🤭

#Juan365Studios #Juan365 #ALLINJUANSASAYA #JuankadaHosts #JuankadaCharm #LuckyCharms","Hala! Na-fall? 🫣

Okay lang kasi sa akin ka lang pala babagsak 🤭

#Juan365Studios #Juan365 #ALLINJUANSASAYA #JuankadaHosts #JuankadaCharm #LuckyCharms",12,2/4/2026 23:00,N/A,https://www.facebook.com/reel/1548004479834084/,1,0,Videos,,,,,Lifetime,174,147,5,4,1,0,758.462,5.124,0,4,4,,,0,,,0,0
1.22115E+17,6.15851E+13,Juankada Charm,"Feeling myself from our live the last time around! 💃😘

#Juan365Studios #Juan365 #ALLINJUANSASAYA #JuankadaHosts #JuankadaCharm #LuckyCharms","Feeling myself from our live the last time around! 💃😘

#Juan365Studios #Juan365 #ALLINJUANSASAYA #JuankadaHosts #JuankadaCharm #LuckyCharms",7,2/4/2026 23:00,N/A,https://www.facebook.com/reel/26291564423774414/,0,0,Videos,,,,,Lifetime,215,127,7,6,1,0,899.692,6.519,0,3,3,,,0,,,0,0
1.22115E+17,6.15851E+13,Juankada Charm,"Sayaw sayaw lang tayo, Lucky Charms! ✨

Mahaba pa ang linggo!!! 😜

#Juan365Studios #Juan365 #ALLINJUANSASAYA #JuankadaHosts #JuankadaCharm #LuckyCharms","Sayaw sayaw lang tayo, Lucky Charms! ✨

Mahaba pa ang linggo!!! 😜

#Juan365Studios #Juan365 #ALLINJUANSASAYA #JuankadaHosts #JuankadaCharm #LuckyCharms",12,2/4/2026 2:00,N/A,https://www.facebook.com/reel/1434348115069366/,1,0,Videos,,,,,Lifetime,379,305,8,7,1,0,1834.245,5.804,0,1,1,,,0,,,0,0
1.22115E+17,6.15851E+13,Juankada Charm,"Meron ka na bang iba? 😠

#Juan365Studios #Juan365 #ALLINJUANSASAYA #JuankadaHosts #JuankadaCharm #LuckyCharms","Meron ka na bang iba? 😠

#Juan365Studios #Juan365 #ALLINJUANSASAYA #JuankadaHosts #JuankadaCharm #LuckyCharms",16,2/3/2026 23:00,N/A,https://www.facebook.com/reel/875254991801351/,1,0,Videos,,,,,Lifetime,78,69,3,2,1,0,238.852,3.317,0,1,1,,,0,,,0,0
1.22115E+17,6.15851E+13,Juankada Charm,"Kahit na malayo, ikaw ay pupuntahan ko!!! 🚙

#Juan365Studios #Juan365 #ALLINJUANSASAYA #JuankadaHosts #JuankadaCharm #LuckyCharms","Kahit na malayo, ikaw ay pupuntahan ko!!! 🚙

#Juan365Studios #Juan365 #ALLINJUANSASAYA #JuankadaHosts #JuankadaCharm #LuckyCharms",11,2/3/2026 2:00,N/A,https://www.facebook.com/reel/1621543282610086/,0,0,Videos,,,,,Lifetime,404,302,12,9,3,0,1894.725,6.034,0,3,3,,,0,,,0,0
1.22115E+17,6.15851E+13,Juankada Charm,"No no no! 🙅‍♀️

Pero pag ikaw... 🫣

#Juan365Studios #Juan365 #ALLINJUANSASAYA #JuankadaHosts #JuankadaCharm #LuckyCharms","No no no! 🙅‍♀️

Pero pag ikaw... 🫣

#Juan365Studios #Juan365 #ALLINJUANSASAYA #JuankadaHosts #JuankadaCharm #LuckyCharms",11,2/2/2026 23:00,N/A,https://www.facebook.com/reel/1591096975417373/,0,0,Videos,,,,,Lifetime,138,96,4,3,1,0,507.658,4.615,0,1,1,,,0,,,0,0
1.22115E+17,6.15851E+13,Juankada Charm,"Sexy color for a sexy girl! 🤭

Agree ba kayo. Lucky Charms? ✨

#Juan365Studios #Juan365 #ALLINJUANSASAYA #JuankadaHosts #JuankadaCharm #LuckyCharms","Sexy color for a sexy girl! 🤭

Agree ba kayo. Lucky Charms? ✨

#Juan365Studios #Juan365 #ALLINJUANSASAYA #JuankadaHosts #JuankadaCharm #LuckyCharms",16,2/2/2026 1:00,N/A,https://www.facebook.com/reel/881159014846167/,0,0,Videos,,,,,Lifetime,83,54,7,6,1,0,355.369,5.467,0,4,4,,,0,,,0,0
1.22115E+17,6.15851E+13,Juankada Charm,"Ano ba talaga? 🤨

Pakisagot nga! 😠

#Juan365Studios #Juan365 #ALLINJUANSASAYA #JuankadaHosts #JuankadaCharm #LuckyCharms","Ano ba talaga? 🤨

Pakisagot nga! 😠

#Juan365Studios #Juan365 #ALLINJUANSASAYA #JuankadaHosts #JuankadaCharm #LuckyCharms",12,2/1/2026 22:00,N/A,https://www.facebook.com/reel/1429447118850096/,0,0,Videos,,,,,Lifetime,158,131,5,4,1,0,634.424,4.699,0,3,3,,,0,,,0,0
1.22115E+17,6.15851E+13,Juankada Charm,"✨Hi Lucky Charms!✨

Naka-follow na ba ang lahat? 

Share niyo na sainyong friends and family para mas lumaki ang ating mabibigyan ng LUCKY CHARMS!🍀

#Juan365Studios #Juan365 #ALLINJUANSASAYA #JuankadaHosts #JuankadaCharm #LuckyCharms",,0,2/1/2026 20:00,N/A,https://www.facebook.com/permalink.php?story_fbid=pfbid0gdwmHaA2cLNqcAh8A5Nxt4FZhbJbo9EpKELSmFzWR3Ubsc4Quw9LCA9krNQaT9pvl&id=61585109026232,0,0,Photos,,,,,Lifetime,1024,455,55,40,10,5,,,,56,48,8,,0,,,,
1.22115E+17,6.15851E+13,Juankada Charm,Lucky CHARM activated✨ #juan365,,0,1/31/2026 23:38,N/A,https://www.facebook.com/photo.php?fbid=122114762187170300&set=a.122102997399170300&type=3,0,0,Photos,,,,,Lifetime,153,76,17,17,0,0,,,,3,3,,,0,,,,
1.22115E+17,6.15851E+13,Juankada Charm,Juankada Charm updated their cover photo.,,0,1/31/2026 23:35,N/A,https://www.facebook.com/photo.php?fbid=122114761671170300&set=a.122103022167170300&type=3,0,0,Photos,,,,,Lifetime,0,0,8,7,1,0,,,,0,,,,0,,,,
1.22117E+17,6.15851E+13,Juankada Charm,"Ano ba talaga dapat unahin para tumaas ang sahod? 🫣

Tag niyo na workmates niyong panay cellphone!!! 🤳📱

#Juan365Studios #Juan365 #ALLINJUANSASAYA #JuankadaHosts #JuankadaCharm #LuckyCharms","Ano ba talaga dapat unahin para tumaas ang sahod? 🫣

Tag niyo na workmates niyong panay cellphone!!! 🤳📱

#Juan365Studios #Juan365 #ALLINJUANSASAYA #JuankadaHosts #JuankadaCharm #LuckyCharms",14,2/6/2026 23:00,N/A,https://www.facebook.com/reel/1438027944686433/,0,0,Videos,,,,,Lifetime,129,96,7,7,0,0,652.389,6.04,0,2,2,,,0,,,0,0
1.22111E+17,6.15857E+13,Juankada Ellise,"𝐈𝐟 𝐜𝐨𝐧𝐟𝐢𝐝𝐞𝐧𝐜𝐞 𝐡𝐚𝐝 𝐚 𝐜𝐨𝐥𝐨𝐫, 𝐈’𝐦 𝐰𝐞𝐚𝐫𝐢𝐧𝐠 𝐢𝐭 𝐰𝐢𝐭𝐡 𝐚 𝐬𝐦𝐢𝐥𝐞 😌❤️

#JuankadaEllise #foryourpage #reels #trending #Followme","𝐈𝐟 𝐜𝐨𝐧𝐟𝐢𝐝𝐞𝐧𝐜𝐞 𝐡𝐚𝐝 𝐚 𝐜𝐨𝐥𝐨𝐫, 𝐈’𝐦 𝐰𝐞𝐚𝐫𝐢𝐧𝐠 𝐢𝐭 𝐰𝐢𝐭𝐡 𝐚 𝐬𝐦𝐢𝐥𝐞 😌❤️

#JuankadaEllise #foryourpage #reels #trending #Followme",19,1/31/2026 2:00,N/A,https://www.facebook.com/reel/892347280055577/,1,0,Videos,,,,,Lifetime,186,135,18,17,1,0,1124.687,7.497,0,7,7,,,0,,,0,0
1.22116E+17,6.15857E+13,Juankada Ellise,"Juankada Host + Direk! 
Team midshift 💙

#Juan365 #JuankadaEllise #Juankada #fypviralシ",,0,3/2/2026 3:19,N/A,https://www.facebook.com/permalink.php?story_fbid=pfbid02HyP6zqWgPjL9whYM4wK1hJ1jUymH262ArJYXsHv91kkj3NYbgoHDj9f2jZd945Dfl&id=61585679673115,0,0,Photos,,,,,Lifetime,143,62,3,2,1,0,,,,16,2,14,,0,,,,
1.22116E+17,6.15857E+13,Juankada Ellise,"Me listening to my parents' playlist: ""Wait... who hurt you, Ma?""

#Juan365 #JuankadaEllise #oldschool #relapse","Me listening to my parents' playlist: ""Wait... who hurt you, Ma?""

#Juan365 #JuankadaEllise #oldschool #relapse",16,3/2/2026 2:30,mixed,https://www.facebook.com/reel/776536315079786/,1,0,Videos,,,,,Lifetime,163,42,7,5,1,1,952.323,7.936,0,23,23,,,0,,,0,0
1.22116E+17,6.15857E+13,Juankada Ellise,Juankada Ellise updated their cover photo.,,0,3/1/2026 23:19,N/A,https://www.facebook.com/photo.php?fbid=122116259763189322&set=a.122097515811189322&type=3,0,0,Photos,,,,,Lifetime,0,0,7,5,2,0,,,,0,,,,0,,,,
1.22116E+17,6.15857E+13,Juankada Ellise,"Finding beauty in the details. 🌞🌻

#Juan365 #JuankadaEllise #Juankada #fypviralシ",,0,3/1/2026 23:18,N/A,https://www.facebook.com/photo.php?fbid=122116259655189322&set=a.122097504951189322&type=3,0,0,Photos,,,,,Lifetime,116,50,11,9,2,0,,,,8,8,,,0,,,,
1.22116E+17,6.15857E+13,Juankada Ellise,"The last person to comment on this post is walking away with 𝟑𝟔𝟓 𝐅𝐑𝐄𝐄 𝐂𝐑𝐄𝐃𝐈𝐓𝐒! 🎉

Comment na, Juankada! 😎

#Juan365 #Juan365Studios #AllInJuanSaSaya #Juankada #JuankadaEllise",,0,3/1/2026 10:13,N/A,https://www.facebook.com/permalink.php?story_fbid=pfbid02KaRoiGuZXXC3NEe2Ek29LkeErBYqoJgdtSj8JxpoBqJ643Q4d5Px1z3qHbwSpjLAl&id=61585679673115,0,1,Photos,,,,,Lifetime,146,65,15,8,6,1,,,,28,19,9,,0,,,,
1.22116E+17,6.15857E+13,Juankada Ellise,"Samahan nyo ang team midshift 2pm-10pm ❤️

#Juan365 #JuankadaEllise #Juankada #fypviralシ",,0,3/1/2026 3:49,N/A,https://www.facebook.com/permalink.php?story_fbid=pfbid02nH8vhYSeaCRXjeyuwq4WUk9d4AwAkNiJ2hQB7SAwW3f51QRR48eKGQ3F6jHprhwml&id=61585679673115,0,0,Photos,,,,,Lifetime,120,65,8,6,2,0,,,,3,2,1,,0,,,,
1.22116E+17,6.15857E+13,Juankada Ellise,"I don’t chase, I attract… that’s just diva logic 💖✨

#Juan365 #JuankadaEllise #Juankada #fyp","I don’t chase, I attract… that’s just diva logic 💖✨

#Juan365 #JuankadaEllise #Juankada #fyp",21,3/1/2026 2:30,mixed,https://www.facebook.com/reel/1321991556430553/,1,0,Videos,,,,,Lifetime,709,676,7,6,1,0,7156.261,10.523,0,8,4,,4,0,,,0,0
1.22116E+17,6.15857E+13,Juankada Ellise,"Confidence is the best outfit. Own it ❤️

#Juan365 #JuankadaEllise #Juankada #fypviralシ",,0,2/28/2026 5:47,N/A,https://www.facebook.com/permalink.php?story_fbid=pfbid0tXiTePRUMTWcSywEYnT5WWHgocZ2ykiPXXEF3qPrSdGg9AHEpLzWNRNChpqAtowil&id=61585679673115,0,0,Photos,,,,,Lifetime,126,61,10,8,2,0,,,,13,6,7,,0,,,,
1.22116E+17,6.15857E+13,Juankada Ellise,"Spreading extra luck to everyJUAN out there! 🍀✨

#Juan365 #JuankadaEllise #Juankada #reels","Spreading extra luck to everyJUAN out there! 🍀✨

#Juan365 #JuankadaEllise #Juankada #reels",24,2/28/2026 2:30,N/A,https://www.facebook.com/reel/753265884285362/,1,0,Videos,,,,,Lifetime,620,600,6,5,1,0,6618.513,11.236,0,19,2,,17,0,,,0,0
1.22116E+17,6.15857E+13,Juankada Ellise,"12X TRIPLE? Not bad ha beshy 😏
Pero mas bet ko kung ikaw na next! 👀✨

#Juan365 #JuankadaEllise #Juankada #fypviralシ",,0,2/27/2026 6:29,N/A,https://www.facebook.com/permalink.php?story_fbid=pfbid02vbBzxtCkZHyFoLRnkp8yZhnoaBycSMsGDUBpu3GSveXFRZKsHWDb9oNcMFzZmRXul&id=61585679673115,0,0,Photos,,,,,Lifetime,176,88,14,12,2,0,,,,8,4,4,,0,,,,
1.22116E+17,6.15857E+13,Juankada Ellise,"𝐖𝐀𝐋𝐀 𝐍𝐆 𝐈𝐍𝐓𝐑𝐎 𝐈𝐍𝐓𝐑𝐎!

#Juan365 #JuankadaEllise #Juankada #relate","𝐖𝐀𝐋𝐀 𝐍𝐆 𝐈𝐍𝐓𝐑𝐎 𝐈𝐍𝐓𝐑𝐎!

#Juan365 #JuankadaEllise #Juankada #relate",11,2/27/2026 2:30,mixed,https://www.facebook.com/reel/1429992955245316/,1,0,Videos,,,,,Lifetime,52,38,5,5,0,0,191.657,4.674,0,0,,,,0,,,0,0
1.22116E+17,6.15857E+13,Juankada Ellise,"𝐮𝐧𝐨... 𝐝𝐨𝐬... 𝐭𝐫𝐞𝐬...

#Jua365 #JuankadaEllise #Juankada #fyp","𝐮𝐧𝐨... 𝐝𝐨𝐬... 𝐭𝐫𝐞𝐬...

#Jua365 #JuankadaEllise #Juankada #fyp",20,2/26/2026 17:30,mixed,https://www.facebook.com/reel/2102818923850011/,1,0,Videos,,,,,Lifetime,69,45,7,6,1,0,369.916,7.253,0,6,6,,,0,,,0,0
1.22116E+17,6.15857E+13,Juankada Ellise,"Hello Rest day!! ❤️
Live tayo bukas 2pm-10pm sa colorgame live (juan365) 

#Juan365 #JuankadaEllise #Juankada #fypviralシ",,0,2/26/2026 4:47,N/A,https://www.facebook.com/permalink.php?story_fbid=pfbid02EogygiQf33oJ5jgmnwHMeoTXiWJKnK7NsWjRTPL1b37LGgJ1DknTLfnEpvZeokWPl&id=61585679673115,0,0,Photos,,,,,Lifetime,142,75,7,6,0,1,,,,7,5,2,,0,,,,
1.22116E+17,6.15857E+13,Juankada Ellise,"𝐁𝐀𝐒𝐓𝐀 𝐃𝐈 𝐀𝐊𝐎 𝐏𝐀𝐍𝐆𝐈𝐓!

#Juan365 #JuankadaElllise #Juankada #fyp","𝐁𝐀𝐒𝐓𝐀 𝐃𝐈 𝐀𝐊𝐎 𝐏𝐀𝐍𝐆𝐈𝐓!

#Juan365 #JuankadaElllise #Juankada #fyp",12,2/26/2026 2:30,mixed,https://www.facebook.com/reel/2919661298240224/,1,0,Videos,,,,,Lifetime,65,40,3,3,0,0,266.127,5.218,0,2,2,,,0,,,0,0
1.22116E+17,6.15857E+13,Juankada Ellise,"All in Juan sa SAYA at PANALO hatid ng Colorgame Live!! ❤️

#Juan365 #JuankadaEllise #Juankada #fypviralシ
#juankadahostikay #juankadacharm #juankadasabbie #JuankadaTanya #juankadadrae #juankadageoff",,0,2/25/2026 4:21,N/A,https://www.facebook.com/permalink.php?story_fbid=pfbid02GVKmM8nGqeymyyXyNkna31MLD26ZAFkiEMaDVZPY7ci82Zm7bQgz19GSGcLAmKANl&id=61585679673115,0,0,Photos,,,,,Lifetime,168,73,5,5,0,0,,,,13,2,11,,0,,,,
1.22116E+17,6.15857E+13,Juankada Ellise,"𝐘𝐨𝐮 𝐛𝐚𝐝 𝐚𝐬 𝐡𝐞𝐥𝐥, 𝐈 𝐭𝐫𝐞𝐚𝐭 𝐲𝐨𝐮 𝐰𝐞𝐥𝐥, 𝐈 𝐰𝐢𝐥𝐥🎶
- with Direk Jess ❤️

#Jua365 #JuankadaEllise #Juankada #fyp","𝐘𝐨𝐮 𝐛𝐚𝐝 𝐚𝐬 𝐡𝐞𝐥𝐥, 𝐈 𝐭𝐫𝐞𝐚𝐭 𝐲𝐨𝐮 𝐰𝐞𝐥𝐥, 𝐈 𝐰𝐢𝐥𝐥🎶
- with Direk Jess ❤️

#Jua365 #JuankadaEllise #Juankada #fyp",37,2/25/2026 1:30,N/A,https://www.facebook.com/reel/2488840644909925/,0,0,Videos,,,,,Lifetime,43,39,4,3,1,0,464.312,13.656,0,1,1,,,0,,,0,0
1.22115E+17,6.15857E+13,Juankada Ellise,"Slaying in shades of black 🖤

#Juan365 #JuankadaEllise #Juankada #fypviralシ",,0,2/24/2026 5:02,N/A,https://www.facebook.com/permalink.php?story_fbid=pfbid0SmipK8Hg6VNXQixpKNn163kcdozgcqjCGZhgP9a2UGKwFuMEDDQz6hDX6kbxVjiVl&id=61585679673115,0,0,Photos,,,,,Lifetime,117,53,6,6,0,0,,,,1,,1,,0,,,,
1.22115E+17,6.15857E+13,Juankada Ellise,"Anong galaw ba gusto niyo?😆

#Juan365 #JuankadaEllise #Juankada #fyp","Anong galaw ba gusto niyo?😆

#Juan365 #JuankadaEllise #Juankada #fyp",12,2/24/2026 2:30,N/A,https://www.facebook.com/reel/1894971044470098/,1,0,Videos,,,,,Lifetime,115,60,12,8,4,0,529.284,6.873,0,7,7,,,0,,,0,0
1.22115E+17,6.15857E+13,Juankada Ellise,"Capturing the lazy look perfectly.

#Juan365 #JuankadaEllise #Juankada #fypviralシ",,0,2/23/2026 3:51,N/A,https://www.facebook.com/permalink.php?story_fbid=pfbid085vKvcfB7sVcPfZSTjPk59iQceFGbUWEHsrUo7DCAHZ96HxCYhyifMrejFdYvLyHl&id=61585679673115,0,0,Photos,,,,,Lifetime,109,51,5,4,1,0,,,,1,1,,,0,,,,
1.22115E+17,6.15857E+13,Juankada Ellise,"Yung halik mo! pati likod mo...

#JuankaaEllise #fyp #reelsviralシ  #trending","Yung halik mo! pati likod mo...

#JuankaaEllise #fyp #reelsviralシ  #trending",16,2/23/2026 2:30,mixed,https://www.facebook.com/reel/1865351617451144/,1,0,Videos,,,,,Lifetime,2717,1947,32,30,2,0,21350.128,11.062,0,8,7,,1,0,,,0,0
1.22115E+17,6.15857E+13,Juankada Ellise,"Girl keep your head up - Tupac

#Juan365 #JuankadaEllise #Juankada #fypviralシ",,0,2/22/2026 5:08,N/A,https://www.facebook.com/permalink.php?story_fbid=pfbid02nSreLLyVMkoaQCfFKS3UaKpjdXyTz7snJ3ts6HAWysYnnYQppfJ9sQ7Ad1s7hFJRl&id=61585679673115,0,0,Photos,,,,,Lifetime,204,70,10,8,2,0,,,,10,4,6,,0,,,,
1.22115E+17,6.15857E+13,Juankada Ellise,"Ay talagang lahat kayo...

#JuankadaEllise #reels #fyp  #relate","Ay talagang lahat kayo...

#JuankadaEllise #reels #fyp  #relate",11,2/22/2026 2:30,mixed,https://www.facebook.com/reel/896517069908788/,1,0,Videos,,,,,Lifetime,64,37,4,4,0,0,225.238,4.692,0,2,2,,,0,,,0,0
1.22115E+17,6.15857E+13,Juankada Ellise,"POV: ianabutan ni ninong ng payb kyaw para sumayaw✨

#JuankadaEllise #fyp #reels","POV: ianabutan ni ninong ng payb kyaw para sumayaw✨

#JuankadaEllise #fyp #reels",20,2/21/2026 2:30,mixed,https://www.facebook.com/reel/1424378682668313/,1,0,Videos,,,,,Lifetime,97,57,11,9,2,0,559.302,7.558,0,7,7,,,0,,,0,0
1.22115E+17,6.15857E+13,Juankada Ellise,"Dressed like I’m about to break hearts 💅

#Juan365 #JuankadaEllise #Juankada #fypviralシ",,0,2/21/2026 1:01,N/A,https://www.facebook.com/permalink.php?story_fbid=pfbid0BdEd2sCaHuLPNztyh7FkEAyVeYoRQjiSVnfkyB6WyPNwaraWAbSW2PePmEHqmduXl&id=61585679673115,0,0,Photos,,,,,Lifetime,182,76,13,12,1,0,,,,13,3,10,,0,,,,
1.22115E+17,6.15857E+13,Juankada Ellise,"Angas nato! angasan kopa?

#JuankadaEllise #fyp #reels","Angas nato! angasan kopa?

#JuankadaEllise #fyp #reels",12,2/20/2026 2:30,N/A,https://www.facebook.com/reel/25467933656219477/,1,0,Videos,,,,,Lifetime,387,277,21,19,2,0,1966.785,6.758,0,6,6,,,0,,,0,0
1.22115E+17,6.15857E+13,Juankada Ellise,"Squad goals? No beshy — squad GIRLS 💅✨

#Juan365 #JuankadaEllise #Juankada #fypviralシ",,0,2/19/2026 22:45,N/A,https://www.facebook.com/permalink.php?story_fbid=pfbid0qNF3y97CXrXSANcDshDoD263EofH9G3i4Jd6KuR94DYYrMC9FN5jw2P7fDyrGxwyl&id=61585679673115,0,0,Photos,,,,,Lifetime,198,101,8,6,2,0,,,,16,4,12,,0,,,,
1.22114E+17,6.15857E+13,Juankada Ellise,"Bakit ba kasi ang tagal?!

#JuanakdaELlise #relate #fyp","Bakit ba kasi ang tagal?!

#JuanakdaELlise #relate #fyp",16,2/19/2026 2:30,mixed,https://www.facebook.com/reel/1433886478280221/,1,0,Videos,,,,,Lifetime,3566,2612,42,36,5,1,34512.119,12.984,0,8,8,,,0,,,0,0
1.22114E+17,6.15857E+13,Juankada Ellise,"Parang ang hirap naman ata non🙂‍↔️

#JuankadaEllise #reels #fyp #foryourpage","Parang ang hirap naman ata non🙂‍↔️

#JuankadaEllise #reels #fyp #foryourpage",8,2/18/2026 2:30,mixed,https://www.facebook.com/reel/1303108744976033/,1,0,Videos,,,,,Lifetime,5608,3706,22,17,4,1,27886.665,7.866,0,30,15,,15,0,,,0,0
1.22114E+17,6.15857E+13,Juankada Ellise,"Hindi ko suot sapin ng patungan ng telepono niyo ha! 

#JuankadaEllise #picture #fyp",,0,2/17/2026 20:30,N/A,https://www.facebook.com/permalink.php?story_fbid=pfbid0GC4zu6nwkK473K31V5BxbM5N5nTBByEcu8KqFjCewarXEXEhYKrSreTDD7T65o58l&id=61585679673115,0,0,Photos,,,,,Lifetime,192,100,11,9,1,1,,,,5,4,1,,0,,,,
1.22114E+17,6.15857E+13,Juankada Ellise,"Red days are the best days. ❤️

#JuankadaEllise #ootdfashion #fypシ゚viralシfypシ゚  #fyp","Red days are the best days. ❤️

#JuankadaEllise #ootdfashion #fypシ゚viralシfypシ゚  #fyp",16,2/17/2026 2:30,mixed,https://www.facebook.com/reel/933563999011116/,1,0,Videos,,,,,Lifetime,1322,1068,14,11,2,1,11691.326,9.916,0,14,9,,5,0,,,0,0
1.22114E+17,6.15857E+13,Juankada Ellise,"Serving looks and good vibes lang.✨💅

#JuankadaEllise #picure #ootd #fashionstyle",,0,2/16/2026 19:00,N/A,https://www.facebook.com/permalink.php?story_fbid=pfbid02ZaQUs7MuxB3eN5CARZvokpnczftQec7SyK3VeY6R1ue5nSE7EeQnztqe8xSzrY1gl&id=61585679673115,0,0,Photos,,,,,Lifetime,179,87,11,8,2,1,,,,3,2,1,,0,,,,
1.22114E+17,6.15857E+13,Juankada Ellise,"Jackpot! after Jackpot! ooh san kapa?🤩

#JuankadaEllise #Juan365 #trendingpostchallenge #fypシ゚viralシfypシ゚",,0,2/16/2026 2:30,N/A,https://www.facebook.com/permalink.php?story_fbid=pfbid02ebZRRRV4zDLqC4TaNTtdnNwruMLbRT6WXhPThCfrzFg1wCKA3Nmq6gQNU1LkWzLUl&id=61585679673115,0,0,Photos,,,,,Lifetime,186,86,14,12,1,1,,,,5,4,1,,0,,,,
1.22114E+17,6.15857E+13,Juankada Ellise,"May lakad ka ba mamaya?
Puwede ka ba makasama sa paggagala?🎶

#JuankadaEllise #nadarang #shantidope #fyp","May lakad ka ba mamaya?
Puwede ka ba makasama sa paggagala?🎶

#JuankadaEllise #nadarang #shantidope #fyp",16,2/15/2026 19:30,mixed,https://www.facebook.com/reel/3134250490080731/,1,0,Videos,,,,,Lifetime,117,77,12,11,1,0,574.101,6.308,0,2,2,,,0,,,0,0
1.22114E+17,6.15857E+13,Juankada Ellise,"Oh! edi umiyak ka!🥳

#JuankadaEllise #relate #topic #fyp","Oh! edi umiyak ka!🥳

#JuankadaEllise #relate #topic #fyp",12,2/15/2026 2:30,N/A,https://www.facebook.com/reel/1263924328969545/,1,0,Videos,,,,,Lifetime,4276,2734,30,28,2,0,31292.037,11.235,0,6,3,,3,0,,,0,0
1.22114E+17,6.15857E+13,Juankada Ellise,"Who needs a spotlight when you glow naturally? 💡🔥

#JuankadaEllise #elevate #self #glow",,0,2/14/2026 19:30,N/A,https://www.facebook.com/permalink.php?story_fbid=pfbid02zseJHBs8SSokJLZ39yLjUN4LftXjyoRUGeBidP8JUmYKwcSyydYayTWcJefnh1wLl&id=61585679673115,0,0,Photos,,,,,Lifetime,241,104,23,18,3,2,,,,5,3,2,,0,,,,
1.22114E+17,6.15857E+13,Juankada Ellise,"Sana walang SF pag dumating😖

#JuankadaEllise #valentinesday #funnyvideos #lmao","Sana walang SF pag dumating😖

#JuankadaEllise #valentinesday #funnyvideos #lmao",13,2/14/2026 6:17,N/A,https://www.facebook.com/reel/1234614771970208/,0,0,Videos,,,,,Lifetime,127,90,10,9,1,0,641.78,6.827,0,8,8,,,0,,,0,0
1.22113E+17,6.15857E+13,Juankada Ellise,"Swerte mo kung...  aba! swerte ka talaga ayaw mo pa?!😆✨

#JuankadaELlise #kakaibabe #babe #valentinesday","Swerte mo kung...  aba! swerte ka talaga ayaw mo pa?!😆✨

#JuankadaELlise #kakaibabe #babe #valentinesday",16,2/14/2026 2:30,N/A,https://www.facebook.com/reel/1710188437032045/,1,0,Videos,,,,,Lifetime,1230,1046,19,16,3,0,8462.844,8.067,0,8,6,,2,0,,,0,0
1.22113E+17,6.15857E+13,Juankada Ellise,"Boom! 💣 x50 hit! Sino next na swerte? Huwag maging tanga, subukan mo na! 🎰

#BigWinsOnly #Juan365 #JuankadaEllise",,0,2/13/2026 19:30,N/A,https://www.facebook.com/permalink.php?story_fbid=pfbid0aNGvYgtX98Evnw9zMxG4qHFScWy2gaamJRY7oUSvkuCcHKCQvxToTd37JJnAuk9bl&id=61585679673115,0,0,Photos,,,,,Lifetime,149,63,10,8,1,1,,,,2,2,,,0,,,,
1.22113E+17,6.15857E+13,Juankada Ellise,"Can you teach me how to dougie? 🗣💯 

#JuankadaEllise #TeachMeHowToDougie #DougieChallenge #ThrowbackVibes #JuankadaGeoff","Can you teach me how to dougie? 🗣💯 

#JuankadaEllise #TeachMeHowToDougie #DougieChallenge #ThrowbackVibes #JuankadaGeoff",15,2/13/2026 2:30,mixed,https://www.facebook.com/reel/1219392010344129/,1,0,Videos,,,,,Lifetime,1455,411,33,22,2,9,6840.991,5.729,0,10,10,,,0,,,0,0
1.22113E+17,6.15857E+13,Juankada Ellise,"𝐂𝐮𝐫𝐫𝐞𝐧𝐭 𝐬𝐭𝐚𝐭𝐮𝐬: 𝐂𝐨𝐳𝐲.✨

#JuankadaEllise #streetstyle #hoodie #sneakerhead",,0,2/12/2026 19:00,N/A,https://www.facebook.com/permalink.php?story_fbid=pfbid02aYkvPgoczYPfM81EeB8ULZxgeFoEgsm1FjToS6dFzfH9xp7D4SixeZFm22JgTHR2l&id=61585679673115,0,0,Photos,,,,,Lifetime,159,76,10,8,1,1,,,,6,5,1,,0,,,,
1.22113E+17,6.15857E+13,Juankada Ellise,"Kabahan ka pag iba na ang lumabas! 

#JuankadaEllise #relate #funnyreels #fyp","Kabahan ka pag iba na ang lumabas! 

#JuankadaEllise #relate #funnyreels #fyp",11,2/12/2026 2:30,N/A,https://www.facebook.com/reel/1469528781203790/,1,0,Videos,,,,,Lifetime,3631,2385,20,19,0,1,23301.378,9.094,0,6,3,,3,0,,,0,0
1.22113E+17,6.15857E+13,Juankada Ellise,,,0,2/11/2026 20:30,N/A,https://www.facebook.com/permalink.php?story_fbid=pfbid02Seqhj8qiBNpXu3V6mAGPpuKQpfm1kR3Hx4rKcxWnLrShYiF6ZdD7Dska7ytx9PgPl&id=61585679673115,0,0,Photos,,,,,Lifetime,129,62,12,10,1,1,,,,2,2,,,0,,,,
1.22113E+17,6.15857E+13,Juankada Ellise,"Onti nalang ayaw kona talaga! isa pa!🙄

#JuanakdaEllise #reels #relatable #fyp","Onti nalang ayaw kona talaga! isa pa!🙄

#JuanakdaEllise #reels #relatable #fyp",16,2/11/2026 15:45,N/A,https://www.facebook.com/reel/952282984151692/,1,0,Videos,,,,,Lifetime,4702,3211,60,51,9,0,44171.028,13.256,0,25,18,,7,0,,,0,0
1.22113E+17,6.15857E+13,Juankada Ellise,Ikaw hindi kaba masaya? Follow us para araw araw todo ang saya💙✨,,0,2/11/2026 3:10,N/A,https://www.facebook.com/permalink.php?story_fbid=pfbid0CkKoBf2FbmvqLvvhxM1xzfejsH3fCv24RjYbmP4QNUgdhUWFi2XACuEaQgUswCWAl&id=61585679673115,0,1,Photos,,,,,Lifetime,117,57,1,1,0,0,,,,5,5,,,0,,,,
1.22113E+17,6.15857E+13,Juankada Ellise,"Money makes me happy ✨ Sino pa diyan?!😬

#JuankadaEllise #Valentines #trending #fypviralシ","Money makes me happy ✨ Sino pa diyan?!😬

#JuankadaEllise #Valentines #trending #fypviralシ",9,2/11/2026 3:07,N/A,https://www.facebook.com/reel/934950832525564/,0,0,Videos,,,,,Lifetime,179,121,16,13,3,0,675.114,5.076,0,10,10,,,0,,,0,0
1.22113E+17,6.15857E+13,Juankada Ellise,"Ganon naman talaga diba?😖

#JuankadaEllise #relate #reels #trending","Ganon naman talaga diba?😖

#JuankadaEllise #relate #reels #trending",9,2/10/2026 3:00,N/A,https://www.facebook.com/reel/887291214055788/,1,0,Videos,,,,,Lifetime,5260,4068,20,16,4,0,26872.001,6.884,0,13,7,,6,0,,,0,0
1.22113E+17,6.15857E+13,Juankada Ellise,"Bebot bebot✨

#JuankadaEllise  #pretty #reels #trending #fyp","Bebot bebot✨

#JuankadaEllise  #pretty #reels #trending #fyp",16,2/9/2026 20:00,N/A,https://www.facebook.com/reel/1819994122036176/,1,0,Videos,,,,,Lifetime,1215,1016,15,13,2,0,10184.487,9.994,0,17,8,,9,0,,,0,0
1.22113E+17,6.15857E+13,Juankada Ellise,"Would you sit here with me? 😏

#JuankadaEllisee #picture #pretty #ootd #tuesday",,0,2/9/2026 15:00,N/A,https://www.facebook.com/permalink.php?story_fbid=pfbid02zxzg37r5vmoj7mVTjH7JmsUc49ix1DtaiduzSHxq6bsQH9r1S9ALVDk891UmsRB6l&id=61585679673115,0,0,Photos,,,,,Lifetime,231,115,12,10,1,1,,,,10,4,6,,0,,,,
1.22113E+17,6.15857E+13,Juankada Ellise,10PM-5AM nightshift ❤️,,0,2/9/2026 10:13,N/A,https://www.facebook.com/permalink.php?story_fbid=pfbid022Yx6PkbPCvcctzRKVKyfH84ctW1QjFPbMZxzkB9ZyZqNaaQhJby13iqWbahWFqpjl&id=61585679673115,0,1,Text,,,,,Lifetime,99,86,8,7,1,0,,,,16,16,,,0,,,,
1.22113E+17,6.15857E+13,Juankada Ellise,"Pina mukha pa talaga niya yan🙄

#JuankadaEllise #relate #trending #reels","Pina mukha pa talaga niya yan🙄

#JuankadaEllise #relate #trending #reels",11,2/9/2026 2:30,N/A,https://www.facebook.com/reel/787970850330928/,1,0,Videos,,,,,Lifetime,208,154,8,7,1,0,825.228,4.941,0,3,3,,,0,,,0,0
1.22113E+17,6.15857E+13,Juankada Ellise,"Finding calm in cozy corners✨

#JuankadaEllise #mondayfeels #vibes #picture #loveit",,0,2/8/2026 20:00,N/A,https://www.facebook.com/permalink.php?story_fbid=pfbid034N7rZhWBo4i7nRtZbcdH4Ax9qQjzcHPshCdPhCQ76nDU5sJMhyPQN1FuQRyoFjHMl&id=61585679673115,0,0,Photos,,,,,Lifetime,208,100,13,10,2,1,,,,5,4,1,,0,,,,
1.22113E+17,6.15857E+13,Juankada Ellise,"Juts yarn!✨🤐

#JuankadaEllise #relate #trending #reels","Juts yarn!✨🤐

#JuankadaEllise #relate #trending #reels",12,2/8/2026 16:00,mixed,https://www.facebook.com/reel/1781481689192856/,1,0,Videos,,,,,Lifetime,249,186,12,8,4,0,923.925,4.642,0,7,7,,,0,,,0,0
1.22113E+17,6.15857E+13,Juankada Ellise,"𝐒𝐮𝐧𝐝𝐚𝐲𝐬 𝐚𝐫𝐞 𝐟𝐨𝐫 𝐞𝐱𝐭𝐫𝐚 𝐬𝐩𝐚𝐫𝐤𝐥𝐞 ✨💅

#JuankadaEllise #YouthfulMood #SelfLoveVibes #picture #sunday","𝐒𝐮𝐧𝐝𝐚𝐲𝐬 𝐚𝐫𝐞 𝐟𝐨𝐫 𝐞𝐱𝐭𝐫𝐚 𝐬𝐩𝐚𝐫𝐤𝐥𝐞 ✨💅

#JuankadaEllise #YouthfulMood #SelfLoveVibes #picture #sunday",6,2/8/2026 2:30,N/A,https://www.facebook.com/reel/756403840462084/,1,0,Videos,,,,,Lifetime,6653,3802,23,19,2,2,25547.478,6.49,0,13,9,,4,0,,,0,0
1.22112E+17,6.15857E+13,Juankada Ellise,"𝐒𝐮𝐧𝐝𝐚𝐲𝐬 𝐚𝐫𝐞 𝐟𝐨𝐫 𝐞𝐱𝐭𝐫𝐚 𝐬𝐩𝐚𝐫𝐤𝐥𝐞 ✨💅

#JuankadaEllise #YouthfulMood #SelfLoveVibes #picture #sunday",,0,2/7/2026 19:30,N/A,https://www.facebook.com/permalink.php?story_fbid=pfbid02c3oHvSy6jtKDwfzTVhBL8hfkHiKUHrLwpw9BAVToTJGNbbYt6UtAbHNH12hgqoRHl&id=61585679673115,0,0,Photos,,,,,Lifetime,143,68,4,3,0,1,,,,1,1,,,0,,,,
1.22112E+17,6.15857E+13,Juankada Ellise,"shakira shakira!💃🏻✨

#JuankadaEllise #dance #sunday #fyp #reels #trending","shakira shakira!💃🏻✨

#JuankadaEllise #dance #sunday #fyp #reels #trending",16,2/7/2026 16:00,N/A,https://www.facebook.com/reel/1229156405328816/,1,0,Videos,,,,,Lifetime,309,234,14,14,0,0,1468.992,5.76,0,4,4,,,0,,,0,0
1.22112E+17,6.15857E+13,Juankada Ellise,"Heart eyes activated 😍 Don’t miss this cute highlight! 💌

#JuankadaEllise #Juan365ColorGame #fyp #trending #highlights","Heart eyes activated 😍 Don’t miss this cute highlight! 💌

#JuankadaEllise #Juan365ColorGame #fyp #trending #highlights",39,2/7/2026 2:30,auto,https://www.facebook.com/reel/2486543548472132/,1,0,Videos,,,,,Lifetime,154,119,14,12,2,0,1408.364,10.205,0,7,7,,,0,,,0,0
1.22112E+17,6.15857E+13,Juankada Ellise,"Strutting into the week like 💃✨

#JuankadaEllise #ootd #picture #fyp",,0,2/6/2026 20:00,N/A,https://www.facebook.com/permalink.php?story_fbid=pfbid0kYfWZ5M44mEH3vqudNyQtDJie67VnLZvR1yYLs5Pe61ABSrRiP6GKCJ7BuFQnk53l&id=61585679673115,0,0,Photos,,,,,Lifetime,160,83,10,8,1,1,,,,4,4,,,0,,,,
1.22112E+17,6.15857E+13,Juankada Ellise,"𝐨𝐡! 𝐚𝐧𝐠 𝐬𝐚𝐫𝐚𝐩 𝐤𝐚𝐬𝐢 𝐧𝐠 𝐭𝐚𝐦𝐚 𝐤𝐚𝐡𝐢𝐭 𝐧𝐚 𝐦𝐚𝐥𝐢✨💋 

#JuankadaEllise #fyp #trending #highlights #reels","𝐨𝐡! 𝐚𝐧𝐠 𝐬𝐚𝐫𝐚𝐩 𝐤𝐚𝐬𝐢 𝐧𝐠 𝐭𝐚𝐦𝐚 𝐤𝐚𝐡𝐢𝐭 𝐧𝐚 𝐦𝐚𝐥𝐢✨💋 

#JuankadaEllise #fyp #trending #highlights #reels",23,2/6/2026 16:00,N/A,https://www.facebook.com/reel/1470761824583207/,1,0,Videos,,,,,Lifetime,1789,1655,13,11,1,1,16539.528,9.921,0,14,1,,13,0,,,0,0
1.22112E+17,6.15857E+13,Juankada Ellise,"𝐀𝐧𝐠 𝐭𝐚𝐧𝐨𝐧𝐠: 𝐛𝐚𝐤𝐢𝐭 𝐤𝐚 𝐩𝐮𝐦𝐚𝐩𝐚𝐲𝐚𝐠😑

#JuankadaEllise #reels #friend #fyp #relate","𝐀𝐧𝐠 𝐭𝐚𝐧𝐨𝐧𝐠: 𝐛𝐚𝐤𝐢𝐭 𝐤𝐚 𝐩𝐮𝐦𝐚𝐩𝐚𝐲𝐚𝐠😑

#JuankadaEllise #reels #friend #fyp #relate",10,2/6/2026 2:00,N/A,https://www.facebook.com/reel/1198603999097623/,1,0,Videos,,,,,Lifetime,477,322,18,16,2,0,2176.038,6.495,0,21,21,,,0,,,0,0
1.22112E+17,6.15857E+13,Juankada Ellise,"𝐎𝐮𝐭 𝐡𝐞𝐫𝐞 𝐥𝐨𝐨𝐤𝐢𝐧𝐠 𝐜𝐚𝐩𝐭𝐢𝐯𝐚𝐭𝐢𝐧𝐠 💅✨

#JuankadaEllise #picture #pretty #fyp",,0,2/5/2026 20:00,N/A,https://www.facebook.com/permalink.php?story_fbid=pfbid0Mo5ZZUXLR5YnvQHpYUPWMuzhwSRVLAtiB1SAqWwUGnq2GmNGqUCVzXWZ4aHjkeGbl&id=61585679673115,0,0,Photos,,,,,Lifetime,253,119,12,9,2,1,,,,13,7,6,,0,,,,
1.22112E+17,6.15857E+13,Juankada Ellise,"Hide and Run✨😇

#JuankadaEllise #reels #friend #fyp ##JuankadaEllise #reels #friend #fyp #relateablerelate","Hide and Run✨😇

#JuankadaEllise #reels #friend #fyp ##JuankadaEllise #reels #friend #fyp #relateablerelate",10,2/5/2026 15:00,N/A,https://www.facebook.com/reel/1580628396525461/,1,0,Videos,,,,,Lifetime,569,216,11,10,0,1,2478.42,6.306,0,9,9,,,0,,,0,0
1.22112E+17,6.15857E+13,Juankada Ellise,"𝐆𝐚𝐧𝐝𝐚 𝐧𝐚𝐦𝐚𝐧 𝐧𝐠 𝐩𝐥𝐨𝐭 𝐭𝐰𝐢𝐬𝐭 𝐤𝐚𝐦𝐛𝐚𝐥 𝐭𝐚𝐲𝐨?!

 #JuankadaEllise #viralvideochallenge #reelsviralシ #fypシ゚viralシ #fypviralシ","𝐆𝐚𝐧𝐝𝐚 𝐧𝐚𝐦𝐚𝐧 𝐧𝐠 𝐩𝐥𝐨𝐭 𝐭𝐰𝐢𝐬𝐭 𝐤𝐚𝐦𝐛𝐚𝐥 𝐭𝐚𝐲𝐨?!

 #JuankadaEllise #viralvideochallenge #reelsviralシ #fypシ゚viralシ #fypviralシ",23,2/5/2026 2:30,N/A,https://www.facebook.com/reel/1547939556317822/,1,0,Videos,,,,,Lifetime,163,150,10,8,2,0,707.971,4.688,0,6,6,,,0,,,0,0
1.22112E+17,6.15857E+13,Juankada Ellise,"𝐆𝐫𝐚𝐜𝐞 𝐢𝐧 𝐞𝐯𝐞𝐫𝐲 𝐚𝐧𝐠𝐥𝐞.✨

#JuankadaEllise #citylife #lifestyle",,0,2/4/2026 23:00,N/A,https://www.facebook.com/permalink.php?story_fbid=pfbid02n2PnawuyQRjc73D86ePiXDgtY3wMnjqJFdH9nyPoPDUckjM9RVwHnHQ2XietBC6Xl&id=61585679673115,0,0,Photos,,,,,Lifetime,224,106,16,11,4,1,,,,5,3,2,,0,,,,
1.22112E+17,6.15857E+13,Juankada Ellise,"𝐇𝐢𝐧𝐝𝐢 𝐤𝐚 𝐛𝐚 𝐭𝐚𝐥𝐚𝐠𝐚 𝐭𝐢𝐭𝐢𝐠𝐢𝐥?! 😅

#JuankadaEllise #trendingreelsvideo #actor #fypviralシ","𝐇𝐢𝐧𝐝𝐢 𝐤𝐚 𝐛𝐚 𝐭𝐚𝐥𝐚𝐠𝐚 𝐭𝐢𝐭𝐢𝐠𝐢𝐥?! 😅

#JuankadaEllise #trendingreelsvideo #actor #fypviralシ",18,2/4/2026 16:00,N/A,https://www.facebook.com/reel/1840010176714913/,1,0,Videos,,,,,Lifetime,2473,2099,20,14,4,2,21260.682,9.495,0,33,19,,14,0,,,0,0
1.22112E+17,6.15857E+13,Juankada Ellise,"𝐍𝐚𝐤𝐨! 𝐝𝐢 𝐦𝐨 𝐠𝐮𝐠𝐮𝐬𝐭𝐮𝐡𝐢𝐧 𝐦𝐚𝐠𝐚𝐥𝐢𝐭 𝐚𝐤𝐨...😜✨

#JuankadaElliise #fypシ゚viralシ #viralvideochallenge #reelsviralシ","𝐍𝐚𝐤𝐨! 𝐝𝐢 𝐦𝐨 𝐠𝐮𝐠𝐮𝐬𝐭𝐮𝐡𝐢𝐧 𝐦𝐚𝐠𝐚𝐥𝐢𝐭 𝐚𝐤𝐨...😜✨

#JuankadaElliise #fypシ゚viralシ #viralvideochallenge #reelsviralシ",20,2/4/2026 2:00,N/A,https://www.facebook.com/reel/908338168329211/,1,0,Videos,,,,,Lifetime,1485,1378,28,22,6,0,15345.025,10.968,0,17,4,,13,0,,,0,0
1.22112E+17,6.15857E+13,Juankada Ellise,"𝐇𝐢 𝐛𝐞𝐬𝐡𝐲! 𝐓𝐡𝐢𝐬 𝐅𝐞𝐛𝐫𝐮𝐚𝐫𝐲, 𝐦𝐚𝐲 𝐥𝐮𝐜𝐤 𝐚𝐧𝐝 𝐚𝐛𝐮𝐧𝐝𝐚𝐧𝐜𝐞 𝐟𝐢𝐧𝐝 𝐲𝐨𝐮 💖🍀✨

#JuankadaLance #picture #February #Juan365Colorgame #ColorMania",,0,2/3/2026 23:00,N/A,https://www.facebook.com/permalink.php?story_fbid=pfbid02Z7ec5TT8W8rushVzbS22wcvkh4UWdo7FFcngfKj1NoNftgXYfQYtiabj8TMzNXtpl&id=61585679673115,0,0,Photos,,,,,Lifetime,256,127,23,11,9,3,,,,14,13,1,,0,,,,
1.22112E+17,6.15857E+13,Juankada Ellise,"am i doing it right?🥹⚡

#JuankadaEllise #dance #fypviralシ #trendingreelsvideo","am i doing it right?🥹⚡

#JuankadaEllise #dance #fypviralシ #trendingreelsvideo",20,2/3/2026 16:00,N/A,https://www.facebook.com/reel/1625632555445256/,1,0,Videos,,,,,Lifetime,186,141,16,12,4,0,1001.957,6.464,0,5,5,,,0,,,0,0
1.22112E+17,6.15857E+13,Juankada Ellise,"𝐀𝐲 𝐬𝐨𝐫𝐫𝐲… 𝐝𝐢 𝐤𝐨 𝐬𝐢𝐧𝐚𝐬𝐚𝐝𝐲𝐚 𝐦𝐚𝐠𝐢𝐧𝐠 𝐡𝐢𝐠𝐡𝐥𝐢𝐠𝐡𝐭 𝐧𝐠 𝐚𝐫𝐚𝐰 𝐧𝐢𝐲𝐨 ✨💅

#reelsfypシ #fypシ #trendingnow #JuankadaEllise","𝐀𝐲 𝐬𝐨𝐫𝐫𝐲… 𝐝𝐢 𝐤𝐨 𝐬𝐢𝐧𝐚𝐬𝐚𝐝𝐲𝐚 𝐦𝐚𝐠𝐢𝐧𝐠 𝐡𝐢𝐠𝐡𝐥𝐢𝐠𝐡𝐭 𝐧𝐠 𝐚𝐫𝐚𝐰 𝐧𝐢𝐲𝐨 ✨💅

#reelsfypシ #fypシ #trendingnow #JuankadaEllise",8,2/3/2026 3:00,N/A,https://www.facebook.com/reel/1817751308930610/,1,0,Videos,,,,,Lifetime,137,116,12,11,1,0,456.643,3.902,0,2,2,,,0,,,0,0
1.22112E+17,6.15857E+13,Juankada Ellise,"Nothing beats the thrill of x50 to x150 wins! Ready ka na ba sa next big hit? 🎯🔥

#Juan365 #Juan365Studios #ALLINJUANLIVE #Juan365ColorGame #JuankadaEllise #trendingpost #foryourpage",,0,2/2/2026 20:00,N/A,https://www.facebook.com/permalink.php?story_fbid=pfbid0N3bz3CGG3msES7Cm1spjSmA8BQgo6EAae9c9NUvTSXxiYxHziZUKgLjZ5QooL6bxl&id=61585679673115,0,0,Photos,,,,,Lifetime,149,76,13,11,1,1,,,,5,2,3,,0,,,,
1.22111E+17,6.15857E+13,Juankada Ellise,"𝐌𝐚𝐢𝐧 𝐜𝐡𝐚𝐫𝐚𝐜𝐭𝐞𝐫 𝐲𝐚𝐫𝐧?😳✨

#Juan365  #JuankadaEllise #foryourpage #picture #fyp #trending","𝐌𝐚𝐢𝐧 𝐜𝐡𝐚𝐫𝐚𝐜𝐭𝐞𝐫 𝐲𝐚𝐫𝐧?😳✨

#Juan365  #JuankadaEllise #foryourpage #picture #fyp #trending",15,2/2/2026 2:00,N/A,https://www.facebook.com/reel/900655242845252/,1,0,Videos,,,,,Lifetime,244,190,16,14,2,0,1233.541,5.93,0,2,2,,,0,,,0,0
1.22111E+17,6.15857E+13,Juankada Ellise,"𝐓𝐡𝐢𝐬 𝐠𝐥𝐨𝐰 𝐝𝐢𝐝𝐧'𝐭 𝐜𝐨𝐦𝐞 𝐞𝐚𝐬𝐲❤️✨

#Juan365  #JuankadaEllise #foryourpage #picture #fyp",,0,2/1/2026 20:00,N/A,https://www.facebook.com/permalink.php?story_fbid=pfbid0D9UeLd2UQwY5cdWwUTqt2DrbuSp3AmtKkodCrycRwWjqbaNikDdWcLnbj32Ch619l&id=61585679673115,0,0,Photos,,,,,Lifetime,152,69,10,8,1,1,,,,2,1,1,,0,,,,
1.22111E+17,6.15857E+13,Juankada Ellise,"𝐏𝐈𝐧𝐚𝐧𝐝𝐚𝐲 𝐧𝐚𝐭𝐨 𝐧𝐠 𝐩𝐚𝐧𝐚𝐡𝐨𝐧 😜

#Juan365  #JuankadaEllise #foryourpage #trending  #fyp #reels","𝐏𝐈𝐧𝐚𝐧𝐝𝐚𝐲 𝐧𝐚𝐭𝐨 𝐧𝐠 𝐩𝐚𝐧𝐚𝐡𝐨𝐧 😜

#Juan365  #JuankadaEllise #foryourpage #trending  #fyp #reels",9,2/1/2026 16:00,N/A,https://www.facebook.com/reel/2779172505751380/,1,0,Videos,,,,,Lifetime,3324,1959,22,18,3,1,15578.015,6.682,0,5,4,,1,0,,,0,0
1.22111E+17,6.15857E+13,Juankada Ellise,samahan niyo kami taga piga ng kalamansi😂,,0,2/1/2026 11:46,N/A,https://www.facebook.com/permalink.php?story_fbid=pfbid023bZZrEUJTFW5F9UtbjZMS7u9zbzBpFGW4WN2LWBu8Zg6L6n5y6YD2sf9kueRthjml&id=61585679673115,0,1,Photos,,,,,Lifetime,177,92,7,7,0,0,,,,2,,2,,0,,,,
1.22111E+17,6.15857E+13,Juankada Ellise,"𝐁𝐞𝐬𝐡𝐲𝐲! 𝐑𝐞𝐦𝐢𝐧𝐝𝐞𝐫 𝐥𝐚𝐧𝐠 𝐡𝐚 𝐝𝐨𝐧'𝐭 𝐭𝐚𝐤𝐞 𝐭𝐡𝐢𝐧𝐠𝐬 𝐩𝐞𝐫𝐬𝐨𝐧𝐚𝐥 𝐧𝐚𝐤𝐨😅

#JuankadaEllise #foryourpage #reels #fyp #trending","𝐁𝐞𝐬𝐡𝐲𝐲! 𝐑𝐞𝐦𝐢𝐧𝐝𝐞𝐫 𝐥𝐚𝐧𝐠 𝐡𝐚 𝐝𝐨𝐧'𝐭 𝐭𝐚𝐤𝐞 𝐭𝐡𝐢𝐧𝐠𝐬 𝐩𝐞𝐫𝐬𝐨𝐧𝐚𝐥 𝐧𝐚𝐤𝐨😅

#JuankadaEllise #foryourpage #reels #fyp #trending",11,2/1/2026 2:00,N/A,https://www.facebook.com/reel/1849713099003309/,1,0,Videos,,,,,Lifetime,196,153,15,14,1,0,817.659,5.078,0,4,4,,,0,,,0,0
1.22111E+17,6.15857E+13,Juankada Ellise,"February na! ❤️ New month, new vibes!

 👇𝐃𝐫𝐨𝐩 𝐲𝐨𝐮𝐫 𝐪𝐮𝐞𝐬𝐭𝐢𝐨𝐧𝐬 𝐛𝐞𝐥𝐨𝐰, 𝐬𝐚𝐬𝐚𝐠𝐮𝐭𝐢𝐧 𝐤𝐨!

#Juan365Studios #Juan365ColorGame #JuankadaEllise #foryourpage #reels #fyp #trending",,0,1/31/2026 21:00,N/A,https://www.facebook.com/permalink.php?story_fbid=pfbid0Vs3XSfvWe8SVp9Rg6YTj2upWb9rq4ceWxhp8knc6EYAz7RHQ6haYW6R48WLoJ2gEl&id=61585679673115,0,0,Photos,,,,,Lifetime,301,138,18,9,7,2,,,,17,16,1,,0,,,,
1.22111E+17,6.15857E+13,Juankada Ellise,"𝐂𝐡𝐚𝐭 𝐦𝐨𝐤𝐨 𝐩𝐚𝐠 𝐝𝐢𝐤𝐚𝐧𝐚 𝐛𝐮𝐬𝐲 𝐛𝐞𝐬𝐡𝐲😆😘

#JuankadaEllise #foryourpage #reels #fyp #trending","𝐂𝐡𝐚𝐭 𝐦𝐨𝐤𝐨 𝐩𝐚𝐠 𝐝𝐢𝐤𝐚𝐧𝐚 𝐛𝐮𝐬𝐲 𝐛𝐞𝐬𝐡𝐲😆😘

#JuankadaEllise #foryourpage #reels #fyp #trending",11,1/31/2026 17:00,N/A,https://www.facebook.com/reel/670237022778359/,1,0,Videos,,,,,Lifetime,4450,3122,22,19,3,0,28490.518,9.036,0,7,5,,2,0,,,0,0
1.22111E+17,6.15857E+13,Juankada Ellise,"𝐇𝐞𝐥𝐥𝐨 𝐁𝐞𝐬𝐡𝐢𝐞𝐬! 👋 𝐈𝐭’𝐬 𝐦𝐞, 𝐉𝐮𝐚𝐧𝐤𝐚𝐝𝐚 𝐄𝐥𝐥𝐢𝐬𝐞 😘",,0,1/31/2026 9:39,N/A,https://www.facebook.com/photo.php?fbid=122111187171189322&set=a.122097504951189322&type=3,0,0,Photos,,,,,Lifetime,199,85,25,22,2,1,,,,4,4,,,0,,,,
1.22114E+17,6.15844E+13,Juankada Evo,"BUDOTS muna tayo! 😆

#Juan365Studios #Juan365 #JuankadaEvo #EVOnation #fypシ #trendingreel","BUDOTS muna tayo! 😆

#Juan365Studios #Juan365 #JuankadaEvo #EVOnation #fypシ #trendingreel",13,1/31/2026 2:00,N/A,https://www.facebook.com/reel/2587751258277302/,1,0,Videos,,,,,Lifetime,214,134,13,12,1,0,1216.86,7.901,0,5,5,,,0,,,0,0
1.22118E+17,6.15844E+13,Juankada Evo,"New month, new winning chances! 🔥
COLOR GAME LIVE with Juankada EVO Manifest mo na ang swerte mo! 🎉

#Juan365Studios #Juan365 #ColorGameLive  #JuankadaEvo #evonation #fypシ #trendingreel #ootd",,0,3/2/2026 23:08,N/A,https://www.facebook.com/permalink.php?story_fbid=pfbid0294VQBcMNRNtc23FhUGw75Fe9nQWHNu9ZGSNadUdRs9RiYKMWkdauFptg4Ed1jaQsl&id=61584432221426,0,0,Photos,,,,,Lifetime,79,43,4,4,0,0,,,,1,1,,,0,,,,
1.22118E+17,6.15844E+13,Juankada Evo,Juankada Evo updated their profile picture.,,0,3/2/2026 18:13,N/A,https://www.facebook.com/photo.php?fbid=122118217263147740&set=a.122100252165147740&type=3,0,0,Photos,,,,,Lifetime,91,33,7,6,1,0,,,,6,6,,,0,,,,
1.22118E+17,6.15844E+13,Juankada Evo,Juankada Evo updated their cover photo.,,0,3/2/2026 18:13,N/A,https://www.facebook.com/photo.php?fbid=122118217143147740&set=a.122100254679147740&type=3,0,0,Photos,,,,,Lifetime,0,0,4,3,1,0,,,,0,,,,0,,,,
1.22118E+17,6.15844E+13,Juankada Evo,"Don’t just watch… be part of the fun! 
COLOR GAME LIVE is ON!, join and see if your color hits! 👀

#Juan365Studios #Juan365 #ColorGameLive  #JuankadaEvo #evonation #fypシ #trendingreel","Don’t just watch… be part of the fun! 
COLOR GAME LIVE is ON!, join and see if your color hits! 👀

#Juan365Studios #Juan365 #ColorGameLive  #JuankadaEvo #evonation #fypシ #trendingreel",5,2/28/2026 2:04,N/A,https://www.facebook.com/reel/2092204078226639/,0,0,Videos,,,,,Lifetime,54,34,3,3,0,0,190.197,5.763,0,2,2,,,0,,,0,0
1.22118E+17,6.15844E+13,Juankada Evo,"Sino ba kasi nag sabing BABAERO 👀

#Juan365Studios #Juan365  #JuankadaEvo #evonation #fypシ #trendingreel #babaero","Sino ba kasi nag sabing BABAERO 👀

#Juan365Studios #Juan365  #JuankadaEvo #evonation #fypシ #trendingreel #babaero",28,2/28/2026 1:59,mixed,https://www.facebook.com/reel/1432846295240713/,1,0,Videos,,,,,Lifetime,136,118,9,8,1,0,1212.257,10.273,0,11,11,,,0,,,0,0
1.22118E+17,6.15844E+13,Juankada Evo,"SISWERTEHIN KA pag nakita mo to!🥰
""❤️"" - MANIFEST
""SHARE"" - multiply the BLESSINGS!

#Juan365Studios #Juan365  #JuankadaEvo #evonation #fypシ #trendingreel","SISWERTEHIN KA pag nakita mo to!🥰
""❤️"" - MANIFEST
""SHARE"" - multiply the BLESSINGS!

#Juan365Studios #Juan365  #JuankadaEvo #evonation #fypシ #trendingreel",21,2/27/2026 1:05,mixed,https://www.facebook.com/reel/1557487328643257/,1,0,Videos,,,,,Lifetime,105,96,8,7,1,0,464.063,4.833,0,3,3,,,0,,,0,0
1.22118E+17,6.15844E+13,Juankada Evo,"Ready ka na ba ipanalo ang LUCKY COLOR MO? 
Tara na sa COLOR GAME LIVE at subukan ang swerte mo! 🎉

#Juan365Studios #Juan365 #ColorGameLive  #JuankadaEvo #evonation #fypシ #trendingreel #TGIF","Ready ka na ba ipanalo ang LUCKY COLOR MO? 
Tara na sa COLOR GAME LIVE at subukan ang swerte mo! 🎉

#Juan365Studios #Juan365 #ColorGameLive  #JuankadaEvo #evonation #fypシ #trendingreel #TGIF",17,2/26/2026 17:51,N/A,https://www.facebook.com/reel/1834441040547263/,0,0,Videos,,,,,Lifetime,64,47,3,2,1,0,340.704,6.814,0,8,8,,,0,,,0,0
1.22118E+17,6.15844E+13,Juankada Evo,"Here is my song cover of UHAW!
Hope you like it!🥰

#Juan365Studios #Juan365  #JuankadaEvo #evonation #fypシ #trendingreel #uhaw","Here is my song cover of UHAW!
Hope you like it!🥰

#Juan365Studios #Juan365  #JuankadaEvo #evonation #fypシ #trendingreel #uhaw",259,2/26/2026 2:05,mixed,https://www.facebook.com/reel/3044546482403934/,1,0,Videos,,,,,Lifetime,286,225,19,6,4,9,1932.674,8.366,0,20,20,,,0,,,0,0
1.22118E+17,6.15844E+13,Juankada Evo,"COLOR GAME LIVE na with Juankada Evo!
Manifest mo na LUCKY COLOR mo! 🤍💙💚💛💜❤

#Juan365Studios #Juan365 #ColorGameLive  #JuankadaEvo #evonation #fypシ #trendingreel #red",,0,2/25/2026 18:41,N/A,https://www.facebook.com/permalink.php?story_fbid=pfbid0vi57YseiUaxnG28f2BXb7A3i5KQdofAAxc4oRYGRQWQkG7hVJ8WyD7id8paFzzXyl&id=61584432221426,0,0,Photos,,,,,Lifetime,144,75,7,4,2,1,,,,2,1,1,,0,,,,
1.22118E+17,6.15844E+13,Juankada Evo,"Let's Go!!! 👊👌 Thank you so much for all the players who played on our shift today!! Solid 💯 ang mga PANALO!!! Two x50 and One x150 Paldong Paldo dito lang sa COLORGAME LIVE 🤍💜💙❤💛💚

Come and play with us again tomorrow morning! Thursday! 

➡️ 6am up to 2pm! ⬅️

#Juan365Studios #Juan365 #ColorGameLive  #JuankadaEvo #evonation #fypシ #trendingreel #winners #x50 #x150 #thankful #carpediem #onlinegame #onlinegaming","Let's Go!!! 👊👌 Thank you so much for all the players who played on our shift today!! Solid 💯 ang mga PANALO!!! Two x50 and One x150 Paldong Paldo dito lang sa COLORGAME LIVE 🤍💜💙❤💛💚

Come and play with us again tomorrow morning! Thursday! 

➡️ 6am up to 2pm! ⬅️

#Juan365Studios #Juan365 #ColorGameLive  #JuankadaEvo #evonation #fypシ #trendingreel #winners #x50 #x150 #thankful #carpediem #onlinegame #onlinegaming",27,2/25/2026 5:01,N/A,https://www.facebook.com/reel/763321729825201/,0,0,Videos,,,,,Lifetime,80,55,6,5,1,0,460.461,6.578,0,7,7,,,0,,,0,0
1.22117E+17,6.15844E+13,Juankada Evo,"LOOKING FOR KASAMA, kasama mag tinda 😁

#Juan365Studios #Juan365  #JuankadaEvo #evonation #fypシ #trendingreel",,0,2/25/2026 0:10,N/A,https://www.facebook.com/permalink.php?story_fbid=pfbid02T4KZ2i7Fn1b5awNyexwcRFEM8tEgBUPqQoMBaf8oWBid8DXFJxRJwTUfHz8bnp2Ql&id=61584432221426,0,0,Photos,,,,,Lifetime,158,81,6,5,1,0,,,,8,4,4,,0,,,,
1.22117E+17,6.15844E+13,Juankada Evo,"STUDENT MODE 😆

#Juan365Studios #Juan365  #JuankadaEvo #evonation #fypシ #trendingreel","STUDENT MODE 😆

#Juan365Studios #Juan365  #JuankadaEvo #evonation #fypシ #trendingreel",26,2/23/2026 23:10,mixed,https://www.facebook.com/reel/1460470155511661/,1,0,Videos,,,,,Lifetime,111,90,10,9,1,0,696.587,7.41,0,3,3,,,0,,,0,0
1.22117E+17,6.15844E+13,Juankada Evo,"Tuesday Student here at COLORGAME LIVE! ❤💛💚💙💜🤍 
Tara na at mag laro kasama ang team Morning Shift with Juankada Sabbie JUANKada Host Ikay Juankada Shann ngaun umaga! 6Am to 2Pm! 

#Juan365Studios #Juan365 #ColorGameLive  #JuankadaEvo #evonation #fypシ #trendingreel #school #student","Tuesday Student here at COLORGAME LIVE! ❤💛💚💙💜🤍 
Tara na at mag laro kasama ang team Morning Shift with @[61584361885503:2048:Juankada Sabbie] @[61561495390240:2048:JUANKada Host Ikay] @[61584482528597:2048:Juankada Shann] ngaun umaga! 6Am to 2Pm! 

#Juan365Studios #Juan365 #ColorGameLive  #JuankadaEvo #evonation #fypシ #trendingreel #school #student",47,2/23/2026 15:51,N/A,https://www.facebook.com/reel/945874667914289/,0,0,Videos,,,,,Lifetime,101,70,11,9,2,0,1179.011,15.311,0,8,8,,,0,,,0,0
1.22117E+17,6.15844E+13,Juankada Evo,"After workout anong gagawin?😁😆

#Juan365Studios #Juan365  #JuankadaEvo #evonation #fypシ #trendingreel","After workout anong gagawin?😁😆

#Juan365Studios #Juan365  #JuankadaEvo #evonation #fypシ #trendingreel",15,2/23/2026 2:10,mixed,https://www.facebook.com/reel/1555127409734669/,1,0,Videos,,,,,Lifetime,135,98,6,5,1,0,560.803,5.444,0,4,4,,,0,,,0,0
1.22117E+17,6.15844E+13,Juankada Evo,"Last MONDAY of the month na! let’s finish it STRONG and MOTIVATED! 💪🏻😎

#Juan365Studios #Juan365 #JuankadaEvo #evonation #fypシ #trendingreel","Last MONDAY of the month na! let’s finish it STRONG and MOTIVATED! 💪🏻😎

#Juan365Studios #Juan365 #JuankadaEvo #evonation #fypシ #trendingreel",34,2/22/2026 15:34,N/A,https://www.facebook.com/reel/1700975157539148/,0,0,Videos,,,,,Lifetime,72,45,6,6,0,0,415.577,7.555,0,3,3,,,0,,,0,0
1.22117E+17,6.15844E+13,Juankada Evo,"Thank you to all Juankada's na nakilaro at nakipag kulitan with the Team Morning shift! We hope na marami ang nanalo samin dito sa COLORGAME LIVE!! 👌💜💙💚💛❤ SOLID KAYO JUANKADA!!! 

#Juan365Studios #Juan365 #ColorGameLive  #JuankadaEvo #evonation #fypシ #trendingreel #gaming #onlinegaming #carpediem",,0,2/21/2026 0:04,N/A,https://www.facebook.com/permalink.php?story_fbid=pfbid0Da3qUDqmJHGzb3PQ4khV932XpKSk4VDq5kX8xEaYF56qLSxtZpN3DfyqBDsrAk1Wl&id=61584432221426,0,0,Photos,,,,,Lifetime,267,136,10,9,1,0,,,,5,4,1,,0,,,,
1.22117E+17,6.15844E+13,Juankada Evo,,,0,2/20/2026 8:55,N/A,https://www.facebook.com/permalink.php?story_fbid=pfbid0HAkU1X95QuS2WrkPRhFeL6WSSdvCu9xKfobzvN2zaX6MKnAtTfDKxqJsSXaAjXGyl&id=61584432221426,0,1,Photos,,,,,Lifetime,109,42,3,3,0,0,,,,3,2,1,,0,,,,
1.22117E+17,6.15844E+13,Juankada Evo,"It’s finally Friday! Happy Friday Juankada's 

Let's start the day right with positive Energy! 
Come and Play with us, Only here at COLORGAME LIVE!!! 

LET THE FUN BEGIN! 6AM-2PM! 

#Juan365Studios #Juan365 #ColorGameLive  #JuankadaEvo #evonation #fypシ #trendingreel #carpediem #fridayfeels",,0,2/19/2026 15:46,N/A,https://www.facebook.com/permalink.php?story_fbid=pfbid0ZVGqLonfkYq3nbPsVzHfUdSSz9ewEcfi2ek5LxQTsUBJJDHS8qSkoig7GcS3iVKtl&id=61584432221426,0,0,Photos,,,,,Lifetime,244,108,7,6,1,0,,,,7,5,2,,0,,,,
1.22117E+17,6.15844E+13,Juankada Evo,"LIVING THE MOMENTS! 😎

#Juan365Studios #Juan365 #ColorGameLive  #JuankadaEvo #evonation #fypシ #trendingreel","LIVING THE MOMENTS! 😎

#Juan365Studios #Juan365 #ColorGameLive  #JuankadaEvo #evonation #fypシ #trendingreel",19,2/19/2026 2:05,uploaded,https://www.facebook.com/reel/3197341590565414/,1,0,Videos,,,,,Lifetime,118,82,15,13,2,0,632.47,6.728,0,8,8,,,0,,,0,0
1.22117E+17,6.15844E+13,Juankada Evo,"A Beautiful morning! Good morning Juankada's! 
Come and play with us 6AM to 2PM here at COLORGAME LIVE!! 

💜💙💚💛🧡❤

Let's enjoy and have some fun!!! 

#Juan365Studios #Juan365 #ColorGameLive #JuankadaEvo #evonation #fypシ #trendingreel #carpediem","A Beautiful morning! Good morning Juankada's! 
Come and play with us 6AM to 2PM here at COLORGAME LIVE!! 

💜💙💚💛🧡❤

Let's enjoy and have some fun!!! 

#Juan365Studios #Juan365 #ColorGameLive #JuankadaEvo #evonation #fypシ #trendingreel #carpediem",60,2/17/2026 14:28,N/A,https://www.facebook.com/reel/4292544607686999/,0,0,Videos,,,,,Lifetime,76,56,7,5,2,0,1057.002,17.915,0,6,6,,,0,,,0,0
1.22116E+17,6.15844E+13,Juankada Evo,"WALK IT OUT! 

#Juan365Studios #Juan365 #workitout  #JuankadaEvo #evonation #fypシ #trendingreel","WALK IT OUT! 

#Juan365Studios #Juan365 #workitout  #JuankadaEvo #evonation #fypシ #trendingreel",30,2/16/2026 14:42,N/A,https://www.facebook.com/reel/1248276673921367/,0,0,Videos,,,,,Lifetime,159,97,10,9,1,0,1724.395,14.251,0,19,19,,,0,,,0,0
1.22116E+17,6.15844E+13,Juankada Evo,"CUTE VIBES Monday! 😍🫰🏻

#Juan365Studios #Juan365 #colorgamelive  #JuankadaEvo #evonation #fypシ #trendingreel","CUTE VIBES Monday! 😍🫰🏻

#Juan365Studios #Juan365 #colorgamelive  #JuankadaEvo #evonation #fypシ #trendingreel",13,2/15/2026 18:56,N/A,https://www.facebook.com/reel/1223501533298417/,0,0,Videos,,,,,Lifetime,195,148,11,9,1,1,916.998,5.695,0,9,9,,,0,,,0,0
1.22116E+17,6.15844E+13,Juankada Evo,"COUNT MY BANDS UP!

#Juan365Studios #Juan365 #ColorGameLive  #JuankadaEvo #evonation #fypシ #trendingreel","COUNT MY BANDS UP!

#Juan365Studios #Juan365 #ColorGameLive  #JuankadaEvo #evonation #fypシ #trendingreel",16,2/15/2026 5:10,uploaded,https://www.facebook.com/reel/1188366306410657/,1,0,Videos,,,,,Lifetime,182,119,10,9,1,0,1072.341,8.123,0,8,8,,,0,,,0,0
1.22116E+17,6.15844E+13,Juankada Evo,"CUTE Moves?

#Juan365Studios #Juan365 #colorgamelive  #JuankadaEvo #evonation #fypageシ #trendingreel","CUTE Moves?

#Juan365Studios #Juan365 #colorgamelive  #JuankadaEvo #evonation #fypageシ #trendingreel",13,2/14/2026 20:58,N/A,https://www.facebook.com/reel/1561876948369378/,0,0,Videos,,,,,Lifetime,130,99,7,6,1,0,650.684,6.317,0,5,5,,,0,,,0,0
1.22116E+17,6.15844E+13,Juankada Evo,"TARA NIGHT RIDE? ✊😎

#Juan365Studios #Juan365 #valentinesday #JuankadaEvo #evonation #fypシ #trendingreel","TARA NIGHT RIDE? ✊😎

#Juan365Studios #Juan365 #valentinesday #JuankadaEvo #evonation #fypシ #trendingreel",25,2/14/2026 2:10,N/A,https://www.facebook.com/reel/1234265861416946/,1,0,Videos,,,,,Lifetime,111,86,6,4,2,0,562.657,5.861,0,3,3,,,0,,,0,0
1.22116E+17,6.15844E+13,Juankada Evo,"Bulaklak ❌
Chocolate ❌
COLOR GAME LIVE ✔️😎😍

Nasa Live ang tunay na SWERTE at PAGIBIG basta kasama si Juankada Evo! 🥰

#Juan365Studios #Juan365 #ColorGameLive  #JuankadaEvo #evonation #fypシ #trendingreel #valentinesday #carpediem","Bulaklak ❌
Chocolate ❌
COLOR GAME LIVE ✔️😎😍

Nasa Live ang tunay na SWERTE at PAGIBIG basta kasama si Juankada Evo! 🥰

#Juan365Studios #Juan365 #ColorGameLive  #JuankadaEvo #evonation #fypシ #trendingreel #valentinesday #carpediem",54,2/13/2026 23:48,N/A,https://www.facebook.com/reel/893090336942346/,0,0,Videos,,,,,Lifetime,74,49,6,6,0,0,895.989,15.448,0,5,5,,,0,,,0,0
1.22116E+17,6.15844E+13,Juankada Evo,"Can you be my VALENTINE DATE?
Let's ROCK this DAY🥰

#Juan365Studios #Juan365 #valentinesday #JuankadaEvo #evonation #fypシ #trendingreel","Can you be my VALENTINE DATE?
Let's ROCK this DAY🥰

#Juan365Studios #Juan365 #valentinesday #JuankadaEvo #evonation #fypシ #trendingreel",16,2/13/2026 21:00,N/A,https://www.facebook.com/reel/1936824353537570/,0,0,Videos,,,,,Lifetime,74,43,5,4,1,0,405.666,7.654,0,3,3,,,0,,,0,0
1.22116E+17,6.15844E+13,Juankada Evo,"Rock on!!!! it's Friday! Swerte ka ngayon Juankada! Choose your LUCKY COLOR!

Tara na COLOR GAME LIVE with Juankada Evo!

Come and Play with us! 2PM - 10PM!!! 

#Juan365Studios #Juan365 #ColorGameLive  #JuankadaEvo #evonation #fypシ #trendingreel",,0,2/12/2026 22:39,N/A,https://www.facebook.com/permalink.php?story_fbid=pfbid074BXXkpTJF7TXfgf3HNpAVzohhaKrFC7hmHUVCycej8SWK6tN5HGJuvrcTjSU12Wl&id=61584432221426,0,0,Photos,,,,,Lifetime,1427,548,19,7,2,10,,,,26,21,5,,0,,,,
1.22116E+17,6.15844E+13,Juankada Evo,"ROCK that FRIDAY the 13th day! 🤘🏻

#Juan365Studios #Juan365 #colorgamelive  #JuankadaEvo #evonation #fypシ #trendingreel","ROCK that FRIDAY the 13th day! 🤘🏻

#Juan365Studios #Juan365 #colorgamelive  #JuankadaEvo #evonation #fypシ #trendingreel",10,2/12/2026 19:19,mixed,https://www.facebook.com/reel/791936643924852/,0,0,Videos,,,,,Lifetime,213,121,12,7,3,2,818.862,5.023,0,3,3,,,0,,,0,0
1.22116E+17,6.15844E+13,Juankada Evo,"THURSDAY feels? Same! 🤪
Good thing may COLOR GAME LIVE! 😍 

Watch And Play with us!!! 2PM - 10PM.

#Juan365Studios #Juan365 #ColorGameLive  #JuankadaEvo #evonation #fypシ #trendingreel #carpediem",,0,2/12/2026 1:17,N/A,https://www.facebook.com/permalink.php?story_fbid=pfbid021p97mYNq8FK12KvMnvmsfdHhv7sxwekEcCGQCHnMVGFCmj6yLQFLCemmaT8BJyunl&id=61584432221426,0,0,Photos,,,,,Lifetime,149,67,3,2,0,1,,,,2,,2,,0,,,,
1.22116E+17,6.15844E+13,Juankada Evo,"Ano sa tingin mo ang LUCKY COLOR TODAY?

#Juan365Studios #Juan365 #ColorGameLive  #JuankadaEvo #evonation #fypシ #trendingreel","Ano sa tingin mo ang LUCKY COLOR TODAY?

#Juan365Studios #Juan365 #ColorGameLive  #JuankadaEvo #evonation #fypシ #trendingreel",41,2/11/2026 22:00,uploaded,https://www.facebook.com/reel/886465897566857/,1,0,Videos,,,,,Lifetime,99,68,6,5,1,0,896.429,12.113,0,6,6,,,0,,,0,0
1.22116E+17,6.15844E+13,Juankada Evo,"Swabe sa galaw, solid sa dating!
Comment ""Swabe"" if approved 😁

#Juan365Studios #Juan365 #ColorGameLive  #JuankadaEvo #evonation #fypシ #trendingreel","Swabe sa galaw, solid sa dating!
Comment ""Swabe"" if approved 😁

#Juan365Studios #Juan365 #ColorGameLive  #JuankadaEvo #evonation #fypシ #trendingreel",21,2/10/2026 17:00,N/A,https://www.facebook.com/reel/2125856764825829/,1,0,Videos,,,,,Lifetime,253,204,19,16,3,0,1666.964,7.753,0,13,13,,,0,,,0,0
1.22116E+17,6.15844E+13,Juankada Evo,"MOVES that will hit the JACKPOT!🤩

#Juan365Studios #Juan365 #ColorGameLive  #JuankadaEvo #evonation #fypシ #trendingreel","MOVES that will hit the JACKPOT!🤩

#Juan365Studios #Juan365 #ColorGameLive  #JuankadaEvo #evonation #fypシ #trendingreel",18,2/10/2026 2:00,N/A,https://www.facebook.com/reel/1954502868819063/,1,0,Videos,,,,,Lifetime,271,214,11,9,2,0,1606.32,7.368,0,8,8,,,0,,,0,0
1.22116E+17,6.15844E+13,Juankada Evo,"Feeling LUCKY TODAY? 👀
Prove it sa Color Game LIVE! Bet your LUCKY COLOR NOW!

#Juan365Studios #Juan365 #ColorGameLive  #JuankadaEvo #evonation #fypシ #trendingreel #carpediem",,0,2/10/2026 1:26,N/A,https://www.facebook.com/permalink.php?story_fbid=pfbid0aXEKwJn3GVHhjhQB6eiKKjbvdb4QQZynoTLcvLtoMAusfbN3Unw3Wqn7ZNe86AEnl&id=61584432221426,0,0,Photos,,,,,Lifetime,171,72,4,3,1,0,,,,2,2,,,0,,,,
1.22116E+17,6.15844E+13,Juankada Evo,"🎵 𝐆𝐔𝐄𝐒𝐒 𝐓𝐇𝐄 𝐒𝐎𝐍𝐆 & 𝐖𝐈𝐍 𝐅𝐑𝐄𝐄 𝐂𝐑𝐄𝐃𝐈𝐓𝐒! 🎵

🏆 𝟏𝟎 𝐋𝐔𝐂𝐊𝐘 𝐖𝐈𝐍𝐍𝐄𝐑𝐒 gets 𝟐𝟎𝟎 𝐅𝐑𝐄𝐄 𝐂𝐑𝐄𝐃𝐈𝐓𝐒

📌 MECHANICS:
1️⃣ 𝐅𝐨𝐥𝐥𝐨𝐰 our page (https://www.facebook.com/Juan365Studios/)
2️⃣ 𝐒𝐡𝐚𝐫𝐞 this post and 𝐭𝐚𝐠 𝟑 𝐟𝐫𝐢𝐞𝐧𝐝𝐬
3️⃣ 𝐂𝐨𝐦𝐦𝐞𝐧𝐭 your song guess
4️⃣ Drop a screenshot + your Member ID in the comments

#Juan365 #Juan365Studios #AllInJuanSaSaya #Juankada #JuankadaEvo",,0,2/9/2026 10:13,N/A,https://www.facebook.com/permalink.php?story_fbid=pfbid03Jxq8eeimrq7TxDsjiQ7hAsAKgdHz1owUXW9t8s3dMJexPLcR8j94XefnAvWtUTLl&id=61584432221426,0,1,Videos,,,,,Lifetime,102,58,8,5,3,0,,,,24,24,,,0,,,,
1.22115E+17,6.15844E+13,Juankada Evo,"No rush… just us and the music

#Juan365Studios #Juan365 #colorgamelive  #JuankadaEvo #evonation #fypシ #trendingreel Juan365 Juan365 Studios","No rush… just us and the music

#Juan365Studios #Juan365 #colorgamelive  #JuankadaEvo #evonation #fypシ #trendingreel @[61572881214141:2048:Juan365] @[61578179424678:2048:Juan365 Studios]",16,2/7/2026 20:21,N/A,https://www.facebook.com/reel/1230868939184796/,0,0,Videos,,,,,Lifetime,302,200,12,10,1,1,1846.031,8.315,0,13,13,,,0,,,0,0
1.22115E+17,6.15844E+13,Juankada Evo,"WEEKEND Vibe! TARA NA SA LIVE!
Juankada Evo na bahala sa LUCKY COLOR mo! 🔴🟡🟠🔵🟢⚪️","WEEKEND Vibe! TARA NA SA LIVE!
Juankada Evo na bahala sa LUCKY COLOR mo! 🔴🟡🟠🔵🟢⚪️",39,2/7/2026 0:22,N/A,https://www.facebook.com/reel/1210462224078520/,0,0,Videos,,,,,Lifetime,113,70,8,6,2,0,1087.999,12.363,0,8,8,,,0,,,0,0
1.22115E+17,6.15844E+13,Juankada Evo,"Did she get YOUR ATTENTION? 👀

#Juan365Studios #Juan365 #colorgamelive  #JuankadaEvo #evonation #fypシ #trendingreelsvideo Juan365 Juan365 Studios","Did she get YOUR ATTENTION? 👀

#Juan365Studios #Juan365 #colorgamelive  #JuankadaEvo #evonation #fypシ #trendingreelsvideo @[61572881214141:2048:Juan365] @[61578179424678:2048:Juan365 Studios]",11,2/6/2026 17:58,N/A,https://www.facebook.com/reel/4249846658564063/,0,0,Videos,,,,,Lifetime,253,168,9,8,1,0,1204.48,6.339,0,6,6,,,0,,,0,0
1.22115E+17,6.15844E+13,Juankada Evo,"Girl i ain't PLAYBOY!! Gameboy lang nilalaro ko😉

#Juan365Studios #Juan365 #ColorGameLive  #JuankadaEvo #evonation #fypシ #trendingreel #juanababesena  Juan365 Juan365 Studios","Girl i ain't PLAYBOY!! Gameboy lang nilalaro ko😉

#Juan365Studios #Juan365 #ColorGameLive  #JuankadaEvo #evonation #fypシ #trendingreel #juanababesena  @[61572881214141:2048:Juan365] @[61578179424678:2048:Juan365 Studios]",16,2/6/2026 2:00,N/A,https://www.facebook.com/reel/1207093508259837/,1,0,Videos,,,,,Lifetime,180,119,6,5,1,0,1126.647,8.535,0,12,12,,,0,,,0,0
1.22115E+17,6.15844E+13,Juankada Evo,"TGIF!! LUCK starts with COLOR GAME LIVE!🔥 Maki PARTY kasama si Juankada Evo! 

Come and Play with us 2PM up to 10PM!! 

#Juan365Studios #Juan365 #ColorGameLive  #JuankadaEvo #evonation #fypシ #trendingreelsvideo #fypviralシ","TGIF!! LUCK starts with COLOR GAME LIVE!🔥 Maki PARTY kasama si Juankada Evo! 

Come and Play with us 2PM up to 10PM!! 

#Juan365Studios #Juan365 #ColorGameLive  #JuankadaEvo #evonation #fypシ #trendingreelsvideo #fypviralシ",35,2/5/2026 22:30,N/A,https://www.facebook.com/reel/2347165815782333/,0,0,Videos,,,,,Lifetime,109,64,7,6,1,0,1022.828,11.893,0,2,2,,,0,,,0,0
1.22115E+17,6.15844E+13,Juankada Evo,"Swabehan sa moves kasama si Baby girl Juanababe Sena 😎

#Juan365Studios #Juan365 #ColorGameLive  #JuankadaEvo #evonation #fypシ #trendingreel Juan365 Juan365 Studios","Swabehan sa moves kasama si Baby girl @[61580361006776:2048:Juanababe Sena] 😎

#Juan365Studios #Juan365 #ColorGameLive  #JuankadaEvo #evonation #fypシ #trendingreel @[61572881214141:2048:Juan365] @[61578179424678:2048:Juan365 Studios]",16,2/5/2026 20:30,N/A,https://www.facebook.com/reel/782369124256128/,1,0,Videos,,,,,Lifetime,208,122,9,7,1,1,1418.755,9.717,0,9,9,,,0,,,0,0
1.22115E+17,6.15844E+13,Juankada Evo,"Midweek na… don’t miss out 🤩
Color Game LIVE with Juankada EVO

#Juan365Studios #Juan365 #ColorGameLive  #JuankadaEvo #evonation #fypシ #trendingreel",,0,2/4/2026 0:02,N/A,https://www.facebook.com/permalink.php?story_fbid=pfbid0T7ve8cuyr3nvfVSa451QUAQpUzZ6MeHjrFKTeo1hUzMoHYhiW21qLJXxZD3B4W9Kl&id=61584432221426,0,0,Photos,,,,,Lifetime,165,63,6,5,1,0,,,,3,3,,,0,,,,
1.22115E+17,6.15844E+13,Juankada Evo,"LOVE MONTH na! LUCK is in COLOR GAME LIVE!!

Watch & play live with Juankada EVO

#Juan365Studios #Juan365 #ColorGameLive  #JuankadaEvo #evonation #fypシ #trendingreel",,0,2/3/2026 0:03,N/A,https://www.facebook.com/permalink.php?story_fbid=pfbid02u5peikR3ru2nT5M9jWD6r8c2Zu7BSsasueSGpTvoz68x5vtH4VtFDSH4m7HeMv7Dl&id=61584432221426,0,0,Photos,,,,,Lifetime,211,80,8,7,1,0,,,,7,7,,,0,,,,
1.22115E+17,6.15844E+13,Juankada Evo,"Pare peace na! 

#juan365studio #Juan365 #JuankadaEvo #evonation #fypviralシ #trendingreelsvideo","Pare peace na! 

#juan365studio #Juan365 #JuankadaEvo #evonation #fypviralシ #trendingreelsvideo",12,2/2/2026 15:08,N/A,https://www.facebook.com/reel/2869474966594887/,0,0,Videos,,,,,Lifetime,258,133,11,9,2,0,1293.409,7.519,0,13,13,,,0,,,0,0
1.22115E+17,6.15844E+13,Juankada Evo,"Ganito TUMAWAG ng ULAN!! 😆✌🏻

#Juan365Studios #Juan365 #ColorGameLive  #JuankadaEvo #evonation #fypシ #trendingreel","Ganito TUMAWAG ng ULAN!! 😆✌🏻

#Juan365Studios #Juan365 #ColorGameLive  #JuankadaEvo #evonation #fypシ #trendingreel",39,2/2/2026 2:00,N/A,https://www.facebook.com/reel/2676354686056306/,1,0,Videos,,,,,Lifetime,110,57,5,4,1,0,768.43,9.486,0,6,6,,,0,,,0,0
1.22115E+17,6.15844E+13,Juankada Evo,"First MONDAY of FEBRUARY!! Muntikan na masuspend ang pasok sa lakas ng dating ni Juankada Evo 😎😂 Let's Welcome the Month of LOVE with happiness and joy. Goodvibes Always JUANKADA!

#Juan365Studios #Juan365 #JuankadaEvo #evonation  #fypシ #trendingreel",,0,2/1/2026 22:00,N/A,https://www.facebook.com/permalink.php?story_fbid=pfbid02WdAUdKwJGe3gu9fbnEJRbU8DgYcr3CrKaiKKWEzbGUgMaaKUQMYhdjDfjYSVGeHEl&id=61584432221426,0,0,Photos,,,,,Lifetime,181,75,13,10,3,0,,,,13,12,1,,0,1,,,
1.22115E+17,6.15844E+13,Juankada Evo,"ANG HIRAP PALA!😆

Paturo Master!✌🏻

#Juan365Studios #Juan365 #ColorGameLive  #JuankadaEvo #evonation #fypシ #trendingreel Juan365 Juan365 Studios",,0,2/1/2026 16:30,N/A,https://www.facebook.com/permalink.php?story_fbid=pfbid0HF7otPgxi3xTHYR7NrXGW4JeGxetKUG8kywX5rwx3BpUbo2irqS7QLZFhoHbe9Uhl&id=61584432221426,0,0,Photos,,,,,Lifetime,304,122,15,9,6,0,,,,18,18,,,0,,,,
1.22114E+17,6.15844E+13,Juankada Evo,Juankada Evo updated their cover photo.,,0,1/31/2026 12:23,N/A,https://www.facebook.com/photo.php?fbid=122114361303147740&set=a.122100254679147740&type=3,0,0,Photos,,,,,Lifetime,0,0,3,3,0,0,,,,0,,,,0,,,,
1.22114E+17,6.15844E+13,Juankada Evo,"💘 Love is in the game! 💘
Come and play with us this Month of Hearts and let the fun begin!
Spread love, share joy, and manifest your favorite color here at 🎨 ColorGame Live!
Let’s make every win full of heart! ❤️🎉",,0,1/31/2026 12:22,N/A,https://www.facebook.com/photo.php?fbid=122114361201147740&set=a.122100252165147740&type=3,0,0,Photos,,,,,Lifetime,208,78,13,12,0,1,,,,7,7,,,0,,,,
1.22193E+17,6.15659E+13,Juankada Geoff,JuanKada Geoff,"Behind every spin is opportunity.
Behind every winner is belief.

🔥 𝐈’𝐦 𝐡𝐞𝐫𝐞 𝐭𝐨 𝐛𝐫𝐢𝐧𝐠 𝐠𝐨𝐨𝐝 𝐯𝐢𝐛𝐞𝐬, 𝐟𝐚𝐢𝐫 𝐩𝐥𝐚𝐲, 𝐚𝐧𝐝 𝐛𝐢𝐠 𝐰𝐢𝐧𝐬. 🎡 𝒘𝒆 𝒄𝒆𝒍𝒆𝒃𝒓𝒂𝒕𝒆 𝒘𝒊𝒏𝒏𝒆𝒓𝒔. 𝑨𝒏𝒅 𝒎𝒂𝒚𝒃𝒆 𝒕𝒉𝒆 𝒏𝒆𝒙𝒕 𝒋𝒂𝒄𝒌𝒑𝒐𝒕 𝒊𝒔 𝒚𝒐𝒖𝒓𝒔

 #JuanKada  #Juan365PH  #Juan365Studios  #AllInJuanSaSaya  #colorgame  #juankadageoff  #Juan365",28,2/11/2026 21:52,N/A,https://www.facebook.com/reel/1357719589457548/,0,0,Videos,,,,,Lifetime,226,127,33,25,7,1,1364.368,7.752,0,5,5,,,0,,,0,0
1.22193E+17,6.15659E+13,Juankada Geoff,"🫡Lights on. ❤️‍🔥 Camera ready. 🎥 Let’s make it intense. 🤘🏽 JuA365 mode activated. 🔥 samahan nyo kami from 10pm to 5am 🕔 LET’S ROCK!

#Juan365 #JuanKada #JuanKadaGeoff #Juan365PH #Juan365Studios #AllInJuanSaSaya #colorgame",,0,2/12/2026 7:47,N/A,https://www.facebook.com/Juankadageoff/posts/pfbid024NmwmNa6dpqEDtfwFVozqQMUV7uerM42K3aHTbPcBteywjFxv1b2pJz5cZGhtnnzl,0,0,Photos,,,,,Lifetime,494,228,18,14,4,0,,,,9,1,8,,0,,,,
1.22193E+17,6.15659E+13,Juankada Geoff,JuanKada Geoff,"❤️‍🩹 Wala kang ka date sa FEB. 14? Panoorin mo to… 💔

#february14 #JuanKadaGeoff #valentinesday #JuanKada #valentines #Juan365PH #singlelife  #fypシ゚viralシ  #fypviralシ  #trendingnow  #reelsvideoシ  #reelsviralシ  #reelsfacebook  #facebookreels  #comedy",14,2/12/2026 20:05,N/A,https://www.facebook.com/reel/940271125019436/,0,0,Videos,,,,,Lifetime,295,108,32,23,6,3,1267.732,6.779,0,8,8,,,0,,,0,0
1.22193E+17,6.15659E+13,Juankada Geoff,"🖤 𝐁𝐋𝐀𝐂𝐊𝐎𝐔𝐓 𝐕𝐈𝐁𝐄𝐒. 𝐅𝐑𝐈𝐃𝐀𝐘 𝐓𝐇𝐄 𝟏𝟑𝐓𝐇. 🖤
𝑾𝒂𝒍𝒂𝒏𝒈 𝒎𝒂𝒍𝒂𝒔 𝒅𝒊𝒕𝒐… 𝒑𝒖𝒓𝒐 𝑺𝑾𝑬𝑹𝑻𝑬 𝒍𝒂𝒏𝒈! 🔥
𝑻𝒐𝒏𝒊𝒈𝒉𝒕 𝒘𝒆 𝒕𝒖𝒓𝒏 𝒕𝒉𝒆 𝒅𝒂𝒓𝒌𝒏𝒆𝒔𝒔 𝒊𝒏𝒕𝒐 𝑱𝑨𝑪𝑲𝑷𝑶𝑻 𝒗𝒊𝒃𝒆𝒔

#JuanKada #Juan365PH #colorgame #Juan365 #Juan365Studios #Juan365ColorGame",,0,2/13/2026 7:31,N/A,https://www.facebook.com/Juankadageoff/posts/pfbid0UFfo9PdCtBxBfrB3cJyUZDLvvHgHrVsxnv5bq2FoyeFWzcqQvafjuqvvTjDx9gzQl,0,0,Photos,,,,,Lifetime,567,236,23,18,4,1,,,,15,9,6,,0,,,,
1.22193E+17,6.15659E+13,Juankada Geoff,"From Friday the 13th to Saturday — Hearts Day ❤️
FEB.13 / FEB.14",,0,2/13/2026 13:35,N/A,https://www.facebook.com/Juankadageoff/posts/pfbid02WnEEqPDhATg8os7ioBukzyiJND8biW9waB2w5ZKd1FotuBVPMxw2SbnMPqMjFUzZl,0,1,Text,,,,,Lifetime,126,61,15,13,2,0,,,,8,8,,,0,,,,
1.22193E+17,6.15659E+13,Juankada Geoff,"𝑻𝒂𝒑𝒐𝒔 𝒏𝒂 𝒂𝒏𝒈 𝑭𝑹𝑰𝑫𝑨𝒀 𝒕𝒉𝒆 13𝒕𝒉… 😈 𝑺𝑨𝑻𝑼𝑹𝑫𝑨𝒀 𝑯𝑬𝑨𝑹𝑻𝑺 𝒏𝒂𝒎𝒂𝒏 ❤️ 𝑭𝒓𝒐𝒎 𝒎𝒂𝒍𝒂𝒔 𝒕𝒐 𝒑𝒂𝒈-𝒊𝒃𝒊𝒈 𝒓𝒆𝒂𝒍 𝒒𝒖𝒊𝒄𝒌! Hindi ka tinamaan ng malas sa 13 pero sa VALENTINES baka dito ka tamaan 🫶🏼🫰🏼

#February14 #Valentinesday #JuanKadaGeoff #Juan365 #Juan365Studios",,0,2/13/2026 18:30,N/A,https://www.facebook.com/Juankadageoff/posts/pfbid02PbvKapApDdSK41nPKo2W5L22TET7FWQfaMCoufDVGLc6DaDtuoP1Lwkbv44QNuL1l,0,0,Photos,,,,,Lifetime,330,141,33,27,5,1,,,,8,5,3,,0,,,,
1.22193E+17,6.15659E+13,Juankada Geoff,JuanKada Geoff,"𝐖𝐡𝐞𝐧 𝐭𝐡𝐞 𝐩𝐫𝐞𝐬𝐬𝐮𝐫𝐞’𝐬 𝐨𝐧, 𝐲𝐨𝐮 𝐤𝐧𝐨𝐰 𝐭𝐡𝐞 𝐦𝐨𝐯𝐞: 𝐣𝐮𝐬𝐭 𝐛𝐞𝐚𝐭 𝐢𝐭. 🔥🎶

#michaeljackson #justbeatit #JuanKadaGeoff #Rockers",32,2/14/2026 2:50,N/A,https://www.facebook.com/reel/1215279650735292/,0,0,Videos,,,,,Lifetime,120,83,10,10,0,0,475.256,5.055,0,1,1,,,0,,,0,0
1.22193E+17,6.15659E+13,Juankada Geoff,"Happy Hearts Day from your Juankada Hosts! ❤️

#valentine #juankadageoff #valentines #rockers #Juan365Studios #Juan365 #valentinesday",,0,2/14/2026 7:18,N/A,https://www.facebook.com/Juankadageoff/posts/pfbid0r471FswqYiaRNenNj1krhffAEYLt3b2VDPESGd7WM2PcHYFZ5NM2HjiS6RwXkPTxl,0,0,Photos,,,,,Lifetime,1765,702,60,49,8,3,,,,34,14,20,,0,,,,
1.22193E+17,6.15659E+13,Juankada Geoff,,,0,2/14/2026 15:26,N/A,https://www.facebook.com/Juankadageoff/posts/pfbid02pig2pCaZjz6cF8xX69e4yskUApMuYGRTu6hparzsfKEkCbvJyxNm8MmkuqSLMgx8l,0,1,Photos,,,,,Lifetime,437,191,44,28,16,0,,,,21,19,2,,0,,,,
1.22193E+17,6.15659E+13,Juankada Geoff,"🫡Your turn — what’s yours? 👇🏽

#zodiacsigns #JuanKadaGeoff #Gemini #JuanKada #zodiac #Juan365 #AllInJuanSaya #Juan365PH",,0,2/14/2026 19:25,N/A,https://www.facebook.com/Juankadageoff/posts/pfbid0ofdFrtwcNbCzf9SEKg3WXWgJQkUAADuAMzQs3MLg1ivEzc75PA2UTpV4Heakurxul,0,0,Photos,,,,,Lifetime,468,204,48,19,28,1,,,,28,21,7,,0,,,,
1.22193E+17,6.15659E+13,Juankada Geoff,"🫡 𝕽𝖊𝖘𝖙 𝖉𝖆𝖞 𝖙𝖆𝖞𝖔 𝖓𝖌𝖆𝖞𝖔𝖓, 𝕽𝖔𝖈𝖐𝖊𝖗𝖘! 🤟🏽 𝕶𝖎𝖙𝖆𝖐𝖎𝖙𝖘 𝖚𝖑𝖎𝖙 𝖓𝖊𝖝𝖙 𝖜𝖊𝖊𝖐 — 𝕱𝖊𝖇. 17 (𝕿𝖚𝖊𝖘𝖉𝖆𝖞), 𝖒𝖎𝖉 𝖘𝖍𝖎𝖋𝖙 𝖓𝖆𝖒𝖆𝖓 𝖙𝖆𝖞𝖔.",,0,2/14/2026 23:00,N/A,https://www.facebook.com/Juankadageoff/posts/pfbid02Rq7e1LP6e9N6DkEqbhUfAaV57pZuBzdgE3qQYu4yubUhj4JmmU5oncCr3EdPee5Yl,0,0,Text,,,,,Lifetime,164,74,8,7,0,1,,,,1,1,,,0,,,,
1.22193E+17,6.15659E+13,Juankada Geoff,JuanKada Geoff,"🚘 Aray ko.. 😭 Sorry na ✌🏽 nangyari ba sa inyo to? 😔 

#nagmamanehosacubao  #driver #JuankadaGeoff  #heartbreak  #Juan365",15,2/15/2026 3:00,mixed,https://www.facebook.com/reel/790432070761818/,0,0,Videos,,,,,Lifetime,288,150,30,19,8,3,1243.994,5.98,0,10,10,,,0,,,0,0
1.22193E+17,6.15659E+13,Juankada Geoff,congrats sa mga winners!,,0,2/15/2026 15:28,N/A,https://www.facebook.com/Juankadageoff/posts/pfbid02rYArbyerYdryaQYwg2jBeoKPq8qath1xQH3jTeRYrH5V1dZqz15ocXukjEjubYDdl,0,1,Photos,,,,,Lifetime,647,211,54,26,28,0,,,,82,78,4,,0,,,,
1.22193E+17,6.15659E+13,Juankada Geoff,"Pick a color and let’s see who hits it! 🔴🔵🟢🟡
Baka IKAW na ang next na mag-jaJACKPOT! 💸🔥

𝐓𝐨𝐦𝐨𝐫𝐫𝐨𝐰 𝐧𝐚 ‘𝐭𝐨 𝐑𝐎𝐂𝐊𝐄𝐑𝐒 — 𝐭𝐚𝐫𝐚 𝐧𝐚 𝐚𝐧𝐝 𝐛𝐫𝐢𝐧𝐠 𝐲𝐨𝐮𝐫 𝐥𝐮𝐜𝐤𝐲 𝐯𝐢𝐛𝐞𝐬! 🎯 𝐊𝐢𝐭𝐚-𝐤𝐢𝐭𝐬 𝐭𝐚𝐲𝐨, 𝐝𝐨𝐧’𝐭 𝐦𝐢𝐬𝐬 𝐢𝐭! 👊🏽

#Juan365 #JuanStudios #ColorGame #JuankadaGeoff #Rockers",,0,2/15/2026 19:20,N/A,https://www.facebook.com/Juankadageoff/posts/pfbid0a437cqrA6uEhXPhtZ7HDk2SgvGkvvzZvcHcdE3p1AYt9qdrQHU7uNWVC3HAtBmRJl,0,0,Photos,,,,,Lifetime,394,172,16,16,0,0,,,,6,3,3,,0,,,,
1.22193E+17,6.15659E+13,Juankada Geoff,JuanKada Geoff,"𝐂𝐨𝐥𝐨𝐫 𝐆𝐚𝐦𝐞 𝐫𝐮𝐧𝐧𝐢𝐧𝐠 𝐛𝐞𝐡𝐢𝐧𝐝 𝐦𝐞  🔴🔵🟢  𝗗𝗿𝗼𝗽 𝘆𝗼𝘂𝗿 𝗽𝗶𝗰𝗸𝘀 𝗥𝗢𝗖𝗞𝗘𝗥𝗦!

#Juan365 #JuanStudios #ColorGame #JuankadaGeoff #Rockers",15,2/16/2026 2:55,N/A,https://www.facebook.com/reel/738856089304484/,0,0,Videos,,,,,Lifetime,261,140,31,24,7,0,1335.199,7.336,0,9,9,,,0,,,0,0
1.22193E+17,6.15659E+13,Juankada Geoff,"☝🏼 Above the city. 🌆 Above the noise. Good morning. ☀️ See you this afternoon rockers 🤟🏽

#JuanKadaGeoff #goodmorning #Juan365PH #sunrise #Juan365 #JuanKada #Juan365Studios",,0,2/16/2026 14:50,N/A,https://www.facebook.com/Juankadageoff/posts/pfbid02EVhbxajamKuaxZbgM3Z6SJZUh7Nv2C5MgwZcXFMPZCQgPR5Q4vGAMHmz8wicg8Jl,0,0,Photos,,,,,Lifetime,522,220,13,12,0,1,,,,4,2,2,,0,,,,
1.22193E+17,6.15659E+13,Juankada Geoff,"🫡ALL IN JUAN SA SAYA 🎊 2PM–9PM dito sa Juan365! 🤟🏽Together with 
Juankada host Drae Juankada Ellise Juankada Tanya

#AllInJuanSaSaya #Juan365PH #JuanKadaGeoff #Juan365Studios #Juan365 #Juan365",,0,2/16/2026 23:19,N/A,https://www.facebook.com/Juankadageoff/posts/pfbid02Hwk4pZYxdVEi86pXF8Ajr3foqG2ACNsSBAJsnPfzHVZFUrr63wbkn8CuwDC8KeKSl,0,0,Photos,,,,,Lifetime,314,126,18,13,4,1,,,,13,3,10,,0,,,,
1.22193E+17,6.15659E+13,Juankada Geoff,JuanKadaGeoff,"𝑨𝒌𝒐 𝒍𝒂𝒏𝒈 𝒚𝒂𝒕𝒂 𝒂𝒏𝒈 𝒏𝒂𝒈𝒌𝒂 “𝒕𝒆𝒂𝒓” 𝒔𝒂 𝒋𝒐𝒌𝒆 𝒌𝒐 🤭

#Juan365 #JuanStudios  #JuankadaGeoff #Rockers",33,2/17/2026 3:03,N/A,https://www.facebook.com/reel/1577600473476221/,0,0,Videos,,,,,Lifetime,169,92,20,16,3,1,1305.495,11.553,0,12,12,,,0,,,0,0
1.22193E+17,6.15659E+13,Juankada Geoff,"BLACK 🖤 + DENIM 👖 = GAME FACE ON.
2PM to 10PM tayo mga ROCKERS! 🎤🔥

Ready na ba kayo maglaro?
Baka IKAW na ang next na mag-JACKPOT mamaya! 💸 See you LIVE at Juan365! 🎲✨

#JuanKadaGeoff #Juan365 #JuanKada #colorgame #AllInJuanSaSaya #rockers #Juan365Studios",,0,2/17/2026 22:39,N/A,https://www.facebook.com/Juankadageoff/posts/pfbid02efGnSK9QYqoxS5BVXhZ3cMdNT24Lyo5nmYHaHHbvFQxn2nQpWNreWPoVH9GUYHV2l,0,0,Photos,,,,,Lifetime,630,276,21,18,2,1,,,,28,10,18,,0,,,,
1.22193E+17,6.15659E+13,Juankada Geoff,JuanKada Geoff,"𝐑𝐨𝐜𝐤𝐬𝐭𝐚𝐫 🤘

𝐋𝐢𝐯𝐢𝐧𝐠 𝐭𝐡𝐞 𝐫𝐨𝐜𝐤𝐬𝐭𝐚𝐫 𝐥𝐢𝐟𝐞 𝐰𝐡𝐢𝐥𝐞 𝐛𝐫𝐢𝐧𝐠𝐢𝐧𝐠 𝐭𝐡𝐞 𝐡𝐞𝐚𝐭 𝐭𝐨 𝐭𝐡𝐞 𝐂𝐨𝐥𝐨𝐫 𝐆𝐚𝐦𝐞 𝐚𝐭 𝐉𝐮𝐚𝐧𝟑𝟔𝟓!

#Juan365 #JuanStudios  #JuankadaGeoff #Rockers",24,2/18/2026 3:50,N/A,https://www.facebook.com/reel/1202112398742552/,0,0,Videos,,,,,Lifetime,186,130,17,13,4,0,1148.117,7.81,0,10,10,,,0,,,0,0
1.22193E+17,6.15659E+13,Juankada Geoff,"🤟🏽morning selfie 🤳 

#JuanKadaGeoff #goodmorning #JuanKada #rockers #Juan365",,0,2/18/2026 15:00,N/A,https://www.facebook.com/Juankadageoff/posts/pfbid02pjz3Qddrt4TbvtQuAkZQKeaKm5sHoLfXbctZR5NyXQYV9PxwV7kecWAoppmxBuxNl,0,0,Photos,,,,,Lifetime,418,185,32,26,4,2,,,,16,12,4,,0,,,,
1.22193E+17,6.15659E+13,Juankada Geoff,"🎲 OOTD inspired by the DICE!
🔴 Red ⚪ White 🟢 Green 🔵 Blue

Kung anong kulay suot namin… baka ‘yon na ang tatama sa’yo today! 😏
Color Game mode: READY. 🔥

#Juan365 #ColorGame #Rockers",,0,2/18/2026 22:39,N/A,https://www.facebook.com/Juankadageoff/posts/pfbid0rq6gyNtz2vLv1Sqfr8VG3Jdn9VYgAcDuRtKxvoHrKePBTvArEeLYoZr1HDAFNH88l,0,0,Photos,,,,,Lifetime,744,313,41,31,6,4,,,,26,9,17,,0,,,,
1.22193E+17,6.15659E+13,Juankada Geoff,JuanKada Geoff,"𝐓𝐚𝐦𝐚 𝐛𝐚 𝐭𝐨? 🤔
𝑴𝒂𝒚 𝒂𝒍𝒂𝒎 𝒌𝒂 𝒃𝒂 𝒏𝒂 𝒎𝒂𝒔 𝒕𝒂𝒎𝒂𝒏𝒈 𝒘𝒂𝒚 𝒔𝒂 𝒑𝒂𝒈𝒌𝒂𝒎𝒐𝒕 𝒏𝒈 𝒏𝒂𝒏𝒈𝒂𝒏𝒈𝒂𝒕𝒊? 

#Juan365 #JuanStudios  #JuankadaGeoff #Rockers",42,2/19/2026 4:09,N/A,https://www.facebook.com/reel/1238564264459438/,0,0,Videos,,,,,Lifetime,325,155,47,25,11,11,2661.434,10.731,0,38,38,,,0,,,0,0
1.22193E+17,6.15659E+13,Juankada Geoff,"May mga rounds na natatapos pero sa 𝐂𝐨𝐥𝐨𝐫 𝐆𝐚𝐦𝐞 𝐋𝐢𝐯𝐞, hindi natatapos ang saya! 😎

Kahit anong oras ka dumaan,
bukas kami para sa’yo, 𝟐𝟒/𝟕! ✨

#Juan365 #Juan365Studios #AllInJuanSaSaya #Juankada",,0,2/19/2026 18:20,N/A,https://www.facebook.com/Juankadageoff/posts/pfbid02R83z58bqaCksrkQHC5LYPVcC6QFwNCmgLk8NHazzZNYdF8QwN2HiEQgkcVj9BG7xl,0,1,Photos,,,,,Lifetime,130,68,10,7,1,2,,,,1,,1,,0,,,,
1.22193E+17,6.15659E+13,Juankada Geoff,"𝑺𝒕𝒓𝒂𝒊𝒈𝒉𝒕 𝒐𝒖𝒕𝒕𝒂 𝒕𝒉𝒆 ‘90𝒔 (𝒐𝒓 𝒊𝒔 𝒊𝒕 𝒕𝒉𝒆 ‘80𝒔?) 📼✨
2pm to 10pm vibes

#Juan365 #JuanStudios #JuankadaGeoff #retro",,0,2/19/2026 22:52,N/A,https://www.facebook.com/Juankadageoff/posts/pfbid02NcUYEDBMtth3MrTKCJWBFGYju75deeWYfkKJGYVx9akHNSvoyJjSLFNybtmuymmgl,0,0,Photos,,,,,Lifetime,463,221,22,19,2,1,,,,12,5,7,,0,,,,
1.22193E+17,6.15659E+13,Juankada Geoff,,,0,2/19/2026 23:40,N/A,https://www.facebook.com/Juankadageoff/posts/pfbid02Lb5GH7CY4RBMfU5vJ8KSCmUxWEGwHhYFfTKscpu8Gav21KrosepiVjNr9eqGWwotl,0,1,Photos,,,,,Lifetime,119,52,9,7,2,0,,,,3,3,,,0,,,,
1.22193E+17,6.15659E+13,Juankada Geoff,,,0,2/19/2026 23:40,N/A,https://www.facebook.com/Juankadageoff/posts/pfbid0azeBawaNStLRHUpJ8LwFQQCf3j7qo2XLgyxX2jR88QLxeSqaXEfDhfbSEADTuyFol,0,1,Photos,,,,,Lifetime,94,43,7,5,2,0,,,,1,1,,,0,,,,
1.22193E+17,6.15659E+13,Juankada Geoff,,,0,2/19/2026 23:40,N/A,https://www.facebook.com/Juankadageoff/posts/pfbid02nAbBVpGyNMbjAnHBEVLvhZ8KqRtTfRuzmRto5UjPXW1Ljj93zUvLFLN9rUrr7g8l,0,1,Text,,,,,Lifetime,57,46,14,10,4,0,,,,6,6,,,0,,,,
1.22193E+17,6.15659E+13,Juankada Geoff,,,0,2/19/2026 23:40,N/A,https://www.facebook.com/Juankadageoff/posts/pfbid02YRndMUyPeaFssGcPuVaBei2RerrpGM98uzp4cD3nhQVE9fbYZdJXBRPhG1hv8x68l,0,1,Photos,,,,,Lifetime,164,66,12,11,1,0,,,,3,,3,,0,,,,
1.22193E+17,6.15659E+13,Juankada Geoff,,,0,2/19/2026 23:40,N/A,https://www.facebook.com/Juankadageoff/posts/pfbid0213N6pSwEVh8VtpnGWyUu6iKtutQX4rZL7f9ng5bXgVKjQKsGMaqXAbSTEJWxtachl,0,1,Photos,,,,,Lifetime,139,49,10,9,1,0,,,,6,5,1,,0,,,,
1.22193E+17,6.15659E+13,Juankada Geoff,JuanKada Geoff,"𝐆𝐨𝐨𝐝 𝐯𝐢𝐛𝐞𝐬 𝐥𝐚𝐧𝐠 𝐬𝐚 𝐰𝐨𝐫𝐤 𝐑𝐎𝐂𝐊𝐄𝐑𝐒  𝐩𝐚𝐫𝐚 𝐦𝐚 𝐚𝐭𝐭𝐫𝐚𝐜𝐭 𝐧𝐚𝐭𝐢𝐧 𝐚𝐧𝐠 𝐩𝐨𝐬𝐢𝐭𝐢𝐯𝐞 𝐞𝐧𝐞𝐫𝐠𝐲 𝐬𝐚 𝐰𝐨𝐫𝐤!🤣

#Juan365 #JuanStudios  #JuankadaGeoff",11,2/20/2026 2:46,N/A,https://www.facebook.com/reel/1283966983593437/,0,0,Videos,,,,,Lifetime,366,206,30,22,7,1,2075.149,8.868,0,18,18,,,0,,,0,0
1.22194E+17,6.15659E+13,Juankada Geoff,"𝐂𝐡𝐚𝐧𝐧𝐞𝐥𝐢𝐧𝐠 𝐦𝐲 𝐢𝐧𝐧𝐞𝐫 𝟗𝟎𝐬 𝐢𝐜𝐨𝐧. 🤘

#JuankadaGeoff #Rockers #Juan365 #JuanStudios",,0,2/21/2026 0:12,N/A,https://www.facebook.com/Juankadageoff/posts/pfbid02dgGLcXB3weAKmWKs77ywzC8iSNaLrz8We2vdSTDWNwuXVyR6v4Ef8yxNcEQ5XAs2l,0,0,Photos,,,,,Lifetime,655,268,22,16,4,2,,,,32,13,19,,0,,,,
1.22194E+17,6.15659E+13,Juankada Geoff,JuanKada Geoff,"Dance muna with @[61585679673115:2048:Juankada Ellise] 💃 

 #AllInJuanSaSaya #JuanKadaGeoff  #JuanKada #Juan365",16,2/21/2026 6:12,N/A,https://www.facebook.com/reel/886462644303676/,0,0,Videos,,,,,Lifetime,286,149,22,19,3,0,2084.251,12.188,0,16,16,,,0,,,0,0
1.22194E+17,6.15659E+13,Juankada Geoff,JuanKada Geoff,"MID SHIFT 2PM–10PM 🎤🔥
HipHop OOTD. Street vibes. Game mode ON. 🎲

#AllInJuanSaSaya #HipHopOOTD #JuanKadaGeoff #Juan365",33,2/21/2026 23:10,N/A,https://www.facebook.com/reel/2119062885596128/,0,0,Videos,,,,,Lifetime,217,176,19,17,2,0,1845.408,10.309,0,6,6,,,0,,,0,0
1.22194E+17,6.15659E+13,Juankada Geoff,"😎HIPHOP naman tayo… 🎤 

#hiphop #JuanKada #Juan365 #AllInJuanSaya",,0,2/22/2026 3:06,N/A,https://www.facebook.com/Juankadageoff/posts/pfbid02DLwedSjYd1Qgwsy7YAfBkR6fVhiDsN6kajv29QGLrPgMQrv3AYbA8kPsBPYV3Focl,0,0,Photos,,,,,Lifetime,731,294,20,15,4,1,,,,24,12,12,,0,,,,
1.22194E+17,6.15659E+13,Juankada Geoff,"👉🏽 7x 3PPLE + x150 multiplier on Day 1. 👊🏽
👉🏽 7x 3PPLE + x150 + 1 JACKPOT on Day 2. 🤟🏽

2 days straight ➡️ it’s raining 3PPLE! 👑🔥

#AllInJuanSaSaya #colorgame #Juan365 #JuanKada #JuanKadaGeoff #jackpot #rockers",,0,2/22/2026 21:09,N/A,https://www.facebook.com/Juankadageoff/posts/pfbid028qPGp49KB8PRMxZVMwaJMbNm7Gn5fPiF5CH2gJC6mE5yTu6P59DNSXEnoQWvusYNl,0,0,Photos,,,,,Lifetime,611,238,13,9,2,2,,,,15,6,9,,0,,,,
1.22194E+17,6.15659E+13,Juankada Geoff,JuanKada Geoff,"SALAMAT BRUCE LEE!! 🔥🔥

Buti nalang meron tayong Bruce Lee na malalapitan pag dating sa mga ganitong panahon.

#JuankadaGeoff #Rockers #Juan365 #JuanStudios",14,2/23/2026 2:55,N/A,https://www.facebook.com/reel/1466030718198359/,0,0,Videos,,,,,Lifetime,312,175,34,16,7,11,1658.46,7.37,0,14,14,,,0,,,0,0
1.22194E+17,6.15659E+13,Juankada Geoff,,,0,2/23/2026 17:14,N/A,https://www.facebook.com/Juankadageoff/posts/pfbid02AnXVQ23py4sxHs1Hnkq6T2oqV17EjizQn162nyUnm5S973r875khJHuKqq3dssFhl,0,1,Photos,,,,,Lifetime,123,45,9,7,2,0,,,,1,1,,,0,,,,
1.22194E+17,6.15659E+13,Juankada Geoff,"Black mesh fits. Solid team. Silent but deadly. 🖤
LIVE 2PM–10PM 🎲🔥 Baka ikaw na ang next na mag-jaJACKPOT!

#AllInJuanSaSaya #JuanKadaGeoff #Juan365 #Rockers",,0,2/24/2026 0:48,N/A,https://www.facebook.com/Juankadageoff/posts/pfbid0CP2dY8rCZuXkF9qU1nQdsMTx8KjbdJP5Uumr2Av5sRXv2kMrssnei2os2nLxvuwNl,0,0,Photos,,,,,Lifetime,283,130,25,20,5,0,,,,25,8,17,,0,,,,
1.22194E+17,6.15659E+13,Juankada Geoff,JuanKada Geoff,"LIFE is just like this! 🤘

#JuankadaGeoff #Rockers #Juan365 #JuanStudios",24,2/24/2026 6:55,N/A,https://www.facebook.com/reel/1427962424921932/,0,0,Videos,,,,,Lifetime,126,97,17,14,2,1,616.136,5.812,0,3,3,,,0,,,0,0
1.22194E+17,6.15659E+13,Juankada Geoff,,,0,2/24/2026 19:06,N/A,https://www.facebook.com/Juankadageoff/posts/pfbid032fin6L8MB6hP9Fz72ZWthjYBH56jV1ognMaqaN2wtuCkRP59faYP2wPLkGuwQKLql,0,1,Photos,,,,,Lifetime,172,65,8,8,0,0,,,,22,19,3,,0,,,,
1.22194E+17,6.15659E+13,Juankada Geoff,"𝟐𝐏𝐌 𝐭𝐨 𝟏𝟎𝐏𝐌 — 𝐥𝐢𝐯𝐞 𝐭𝐚𝐲𝐨, 𝐑𝐨𝐜𝐤𝐞𝐫𝐬! 🎲🔥
𝐆𝐨𝐨𝐝 𝐯𝐢𝐛𝐞𝐬, 𝐠𝐨𝐨𝐝 𝐟𝐢𝐭𝐬, 𝐚𝐭 𝐛𝐚𝐤𝐚 𝐈𝐊𝐀𝐖 𝐧𝐚 𝐚𝐧𝐠 𝐧𝐞𝐱𝐭 𝐣𝐚𝐜𝐤𝐩𝐨𝐭 𝐰𝐢𝐧𝐧𝐞𝐫!

#JuanKadaGeoff #JuanKadaPapaJoe #JuanKadaTanya #JuanKadaDrae",,0,2/24/2026 22:35,N/A,https://www.facebook.com/Juankadageoff/posts/pfbid0217QSYiDo1K5hFJEzdZ845bzKfNhb2LvtNs7dq4wGAtJGJ4HfN8BrpYKHqEWp22JEl,0,0,Photos,,,,,Lifetime,691,308,24,20,4,0,,,,27,8,19,,0,,,,
1.22194E+17,6.15659E+13,Juankada Geoff,"Simplehan lang natin! 🤟 Sayaw muna tayo

#JuankadaGeoff #Rockers #Juan365 #JuanStudios","Simplehan lang natin! 🤟 Sayaw muna tayo

#JuankadaGeoff #Rockers #Juan365 #JuanStudios",18,2/25/2026 7:01,N/A,https://www.facebook.com/reel/1301435861825185/,0,0,Videos,,,,,Lifetime,139,92,26,22,4,0,1202.092,10.732,0,4,4,,,0,,,0,0
1.22194E+17,6.15659E+13,Juankada Geoff,"𝐓𝐡𝐢𝐬 𝐨𝐮𝐭𝐟𝐢𝐭 𝐝𝐞𝐬𝐞𝐫𝐯𝐞𝐝 𝐢𝐭𝐬 𝐨𝐰𝐧 𝐩𝐨𝐬𝐭. 🤘🏽

#Juan365 #Rockers #Juan365 #JuankadaGeoff",,0,2/26/2026 0:14,N/A,https://www.facebook.com/Juankadageoff/posts/pfbid08zERivpKeY6SwVGswkWBgKRgc8sZLpmCurXDZ8ungVJPYogzKQQFgYBqDmRpHHnXl,0,0,Photos,,,,,Lifetime,558,243,15,12,0,3,,,,13,6,7,,0,,,,
1.22194E+17,6.15659E+13,Juankada Geoff,JuanKada Geoff,"Setting the vibe, one color at a time! 🟨🟩🟦🟪🟥⬜️

#JuankadaGeoff #Rockers #Juan365 #JuanStudios",26,2/26/2026 3:10,N/A,https://www.facebook.com/reel/892410097032703/,0,0,Videos,,,,,Lifetime,118,75,18,13,5,0,544.707,6.642,0,5,5,,,0,,,0,0
1.22194E+17,6.15659E+13,Juankada Geoff,"🫡rest day muna pero balik tayo tomorrow night🤘🏽

#restday #juankadageoff #dayoff #rockers #chill",,0,2/26/2026 19:35,N/A,https://www.facebook.com/Juankadageoff/posts/pfbid02gnu5mjWHTtQARtactSyBT2dc2GU2z6S88XbrobVn6psb3yk6W7NpmyiLBmyYhVBfl,0,0,Photos,,,,,Lifetime,169,65,15,12,2,1,,,,6,3,3,,0,,,,
1.22194E+17,6.15659E+13,Juankada Geoff,JuanKada Geoff,"Pangako ikaw lang talaga ang aking iibigin magpakailanman 😘😘

#JuankadaGeoff #Rockers #Juan365 #JuanStudios",28,2/27/2026 3:10,N/A,https://www.facebook.com/reel/941793075378575/,0,0,Videos,,,,,Lifetime,165,118,25,23,2,0,1257.678,9.6,0,10,10,,,0,,,0,0
1.22194E+17,6.15659E+13,Juankada Geoff,"🫡 see you tonight rockers..!!! 🤘🏽

#juankadageoff #rockers #Juan365 #JuanKada",,0,2/27/2026 19:40,N/A,https://www.facebook.com/Juankadageoff/posts/pfbid0tRi5bEusJ2x1aM9AiRs1Zeyddk2T7wxauV8j16G4xXGv5a7FT8Cm1Ma8QuwZhkxpl,0,0,Photos,,,,,Lifetime,180,80,19,15,3,1,,,,7,3,4,,0,,,,
1.22194E+17,6.15659E+13,Juankada Geoff,JuanKada Geoff,"This is how dedicated I am to my craft! 💯🎤

#Juan365 #Rockers #Juan365 #JuankadaGeoff",19,2/28/2026 3:00,N/A,https://www.facebook.com/reel/4405420533032854/,0,0,Videos,,,,,Lifetime,138,93,14,13,1,0,646.371,6.399,0,2,2,,,0,,,0,0
1.22194E+17,6.15659E+13,Juankada Geoff,"Quick morning ride muna tayo

#rider #JuanKadaGeoff #ridesafe #restday #Rockers",,0,2/28/2026 16:30,N/A,https://www.facebook.com/Juankadageoff/posts/pfbid02sXBJRmdDA3NiZNpBngRZdk1bi3mCNfLgz9QiCMnNgN3gVupaaqodBE8yv7tWRLH9l,0,0,Photos,,,,,Lifetime,254,116,18,16,2,0,,,,20,5,15,,0,,,,
1.22194E+17,6.15659E+13,Juankada Geoff,,,0,2/28/2026 22:57,N/A,https://www.facebook.com/Juankadageoff/posts/pfbid025GsMN3abUEKHsE3ytrAcTtBeLcAE4VsMD1AZ3JMNxRrbiwH38FNgxsXSzKnK7zqyl,0,1,Text,,,,,Lifetime,47,20,10,8,2,0,,,,4,4,,,0,,,,
1.22194E+17,6.15659E+13,Juankada Geoff,JuanKada Geoff,"Shot through the heart… but I’m still standing. 🎸🔥

“You Give Love a Bad Name” kinda mood today 😎💔

#Juan365 #Rockers #Juan365 #JuankadaGeoff",24,3/1/2026 2:55,N/A,https://www.facebook.com/reel/1652307129535948/,0,0,Videos,,,,,Lifetime,92,69,11,9,2,0,320.326,4.511,0,3,3,,,0,,,0,0
1.22194E+17,6.15659E+13,Juankada Geoff,,,0,3/1/2026 14:26,N/A,https://www.facebook.com/Juankadageoff/posts/pfbid0o2by6C61f54PkKbsntNP4AVTDysKaF9ke9PMK3W8HPbJyguhkTm7BVMA7iUPvJfPl,0,1,Photos,,,,,Lifetime,111,56,5,4,1,0,,,,6,6,,,0,,,,
1.22194E+17,6.15659E+13,Juankada Geoff,"🖤 & 🤍

#blackandwhite #JuanKada #Juan365 #JuanKadaGeoff",,0,3/1/2026 19:48,N/A,https://www.facebook.com/Juankadageoff/posts/pfbid0TGZ3NdYBBgWrtL2Qm5TST5vDsSdsdZeVwzCEgUhmKWrPmUertPPpnr7athoYJQ5Kl,0,0,Photos,,,,,Lifetime,116,49,5,5,0,0,,,,8,2,6,,0,,,,
1.22194E+17,6.15659E+13,Juankada Geoff,"🫡2pm to 10pm Lez go..!!! 🤘🏽 Color Game Live! 🚀 

#AllInJuanSaSaya #Juan365 #JuanKada #juankadageoff",,0,3/1/2026 22:42,N/A,https://www.facebook.com/Juankadageoff/posts/pfbid02nDRZgenK1RKiiZBRzD6woej51yGCdSUP4hLtreE7n1PUo3iPZQ536tmLVikHU8hDl,0,0,Photos,,,,,Lifetime,181,78,6,5,1,0,,,,12,6,6,,0,,,,
1.22194E+17,6.15659E+13,Juankada Geoff,JuanKada Geoff,"Salsa uli ako.. 💪🏽 

 #salsa #JuanKadaGeoff #Juan365",19,3/2/2026 3:00,N/A,https://www.facebook.com/reel/1596197421636852/,0,0,Videos,,,,,Lifetime,110,78,19,16,3,0,707.28,8.841,0,6,6,,,0,,,0,0
1.22194E+17,6.15659E+13,Juankada Geoff,"🌴 SUMMER MODE: ON ☀️
Mas mainit pa sa araw ang Color Game Live natin! 🔴🔵🟢🟡",,0,3/2/2026 22:21,N/A,https://www.facebook.com/photo.php?fbid=122194496918528854&set=a.122095526054528854&type=3,0,0,Photos,,,,,Lifetime,85,44,11,11,0,0,,,,2,2,,,0,,,,
1.22191E+17,6.15659E+13,Juankada Geoff,"𝐇𝐞𝐲 𝐊𝐚-𝐑𝐎𝐂𝐊𝐄𝐑𝐒 👋
𝐋𝐚𝐬𝐭 𝐝𝐚𝐲 𝐨𝐟 𝐉𝐚𝐧𝐮𝐚𝐫𝐲 𝐧𝐚, 𝐩𝐞𝐫𝐟𝐞𝐜𝐭 𝐭𝐢𝐦𝐢𝐧𝐠 𝐩𝐚𝐫𝐚 𝐦𝐚𝐠-𝐂𝐨𝐥𝐨𝐫 𝐆𝐚𝐦𝐞 🎨 𝐇𝐢𝐧𝐭𝐚𝐲𝐢𝐧 𝐤𝐢𝐭𝐚 𝐬𝐚 𝐋𝐈𝐕𝐄!😉

#Juan365PH #Juan365ColorGame #Juan365Studios #juankadageoff #JuanKada #AllInJuanSaSaya #colorgame",,0,1/31/2026 9:04,N/A,https://www.facebook.com/Juankadageoff/posts/pfbid0QFGfyMBu9oUi7jLUPifKvVkN5zx3WH2n5rs3ASpMWuALipdobYVXtKrMSonPeVzpl,0,0,Photos,,,,,Lifetime,756,315,21,18,3,0,,,,27,9,18,,0,,,,
1.22191E+17,6.15659E+13,Juankada Geoff,"Ka-Rockers, let’s continue to rock this month of love! 🤘💖

#Juan365PH #JuanKada #juankadageoff #Juan365 #Juan365Studios #Juan365ColorGame #colorgame #AllInJuanSaSaya",,0,1/31/2026 18:03,N/A,https://www.facebook.com/photo.php?fbid=122191276460528854&set=a.122095526054528854&type=3,0,0,Photos,,,,,Lifetime,323,115,30,25,2,3,,,,7,7,,,0,,,,
1.22191E+17,6.15659E+13,Juankada Geoff,#Juan365PH #JuanKada #juankadageoff #Juan365 #Juan365Studios #Juan365ColorGame #colorgame #AllInJuanSaSaya,,0,1/31/2026 18:04,N/A,https://www.facebook.com/photo.php?fbid=122191276562528854&set=a.122095532852528854&type=3,0,0,Photos,,,,,Lifetime,1,1,19,18,0,1,,,,0,,,,0,,,,
1.22191E+17,6.15659E+13,Juankada Geoff,"🫡𝑶𝑭𝑭 𝑫𝑨𝒀 𝒑𝒆𝒓𝒐 𝑨𝑺𝑻𝑰𝑮 𝒑𝒂 𝒓𝒊𝒏 𝒕𝒊𝒏𝒈𝒏𝒂𝒏 🔥
𝑹𝑬𝑺𝑻 𝑫𝑨𝒀 𝒍𝒂𝒏𝒈 𝒑𝒆𝒓𝒐 𝒂𝒏𝒈 𝑫𝑨𝑻𝑰𝑵𝑮 𝒘𝒂𝒍𝒂𝒏𝒈 𝑫𝑨𝒀 𝑶𝑭𝑭! 😎 𝑻𝑨𝑯𝑰𝑴𝑰𝑲 𝒏𝒈𝒂𝒚𝒐𝒏 𝒑𝒆𝒓𝒐 𝒃𝒖𝒌𝒂𝒔 𝑹𝑶𝑪𝑲𝒓𝒂𝒌𝒂𝒏 𝒏𝒂 𝒖𝒍𝒊𝒕 🤘🏽𝑺𝑻𝑨𝒀 𝑪𝑶𝑶𝑳..!!!

#JuankadaGeoff #Rockers #Juan365 #Dayoff",,0,2/1/2026 19:00,N/A,https://www.facebook.com/Juankadageoff/posts/pfbid02p7qRhYpTbGVspgjWpxtBJGER7hVABgcXYSGZDn8eHxim5twrvmZL9bWpeE4bFKJsl,0,0,Photos,,,,,Lifetime,825,372,27,19,4,4,,,,21,12,9,,0,,,,
1.22191E+17,6.15659E+13,Juankada Geoff,NAGSASALSA Juankada Geoff,"🫣 𝐍𝐚𝐫𝐢𝐧𝐢𝐠 mo akong 𝐍𝐀𝐆𝐒𝐀𝐒𝐀𝐋𝐒𝐀! 🤦🏻‍♂️ 𝐧𝐚𝐤𝐢𝐭𝐚 mo akong 𝐁𝐀𝐒𝐀 💦 bigla kang 𝐍𝐀𝐓𝐀𝐇𝐈𝐌𝐈𝐊 at 𝐍𝐀𝐏𝐀𝐍𝐆𝐈𝐓𝐈….. 😊

𝑨𝒏𝒖 𝒔𝒂 𝒕𝒊𝒏𝒈𝒊𝒏𝒈 𝒏𝒚𝒐 𝒂𝒏𝒈 𝒏𝒆𝒙𝒕 𝒏𝒂 𝒎𝒂𝒏𝒈𝒚𝒂𝒚𝒂𝒓𝒆 𝑹𝑶𝑪𝑲𝑬𝑹𝑺?

 #JuanKadaGeoff #Rockers #Juan365  #salsachallenge #salsa",15,2/2/2026 3:30,mixed,https://www.facebook.com/reel/1117841017023395/,0,0,Videos,,,,,Lifetime,1851,717,72,39,29,4,11080.601,8.815,0,67,67,,,0,,,0,0
1.22191E+17,6.15659E+13,Juankada Geoff,"🫡𝐉𝐀𝐂𝐊𝐏𝐎𝐓 𝐑𝐎𝐂𝐊𝐄𝐑𝐒! 😱

𝐑𝐎𝐂𝐊 𝐎𝐍! 𝐩𝐚𝐫𝐚 𝐬𝐚 𝐦𝐠𝐚 𝐧𝐚𝐧𝐚𝐥𝐨! 🤟🏽

#JuankadaGeoff #Rockers #Juan365 #Colorgame #Juan365studios #Jackpot",,0,2/2/2026 19:50,N/A,https://www.facebook.com/Juankadageoff/posts/pfbid025NYhqMBmuZKjbccDZjvSgkCdEMRnsCRqBeAebdiiDuUQN2h5rh77652x195bFayyl,0,0,Photos,,,,,Lifetime,490,211,22,14,4,4,,,,7,7,,,0,,,,
1.22191E+17,6.15659E+13,Juankada Geoff,"🫡𝐂𝐨𝐧𝐠𝐫𝐚𝐭𝐮𝐥𝐚𝐭𝐢𝐨𝐧𝐬 𝐭𝐨 𝐮𝐬 𝐑𝐎𝐂𝐊𝐄𝐑𝐒! 🤟🏽

🙏🏽𝑻𝒉𝒂𝒏𝒌 𝒚𝒐𝒖 𝒇𝒐𝒓 𝒚𝒐𝒖𝒓 𝒍𝒐𝒗𝒆 𝒂𝒏𝒅 𝒔𝒖𝒑𝒑𝒐𝒓𝒕.🤍

#JuankadaGeoff #Rockers #Juan365 #roadto5k #1KFollowers",,0,2/2/2026 20:03,N/A,https://www.facebook.com/Juankadageoff/posts/pfbid029PpXWFJNuPnSizd14u23qwCd1HSfb4yYQ5nR3xSpWiop5JZWWqM3JykVPjD8G6FWl,0,0,Photos,,,,,Lifetime,844,336,65,44,18,3,,,,28,26,2,,0,,,,
1.22192E+17,6.15659E+13,Juankada Geoff,"🫡𝐎𝐮𝐭𝐟𝐢𝐭 𝐬𝐩𝐞𝐚𝐤𝐬, ❤️‍🔥 𝐯𝐢𝐛𝐞 𝐬𝐜𝐫𝐞𝐚𝐦𝐬 𝐑𝐎𝐂𝐊𝐒𝐓𝐀𝐑. 🤟🏽𝐒𝐮𝐨𝐭 𝐩𝐚 𝐥𝐚𝐧𝐠, 𝐩𝐚𝐧𝐚𝐥𝐨 𝐧𝐚 👉🏽 𝐑𝐎𝐂𝐊𝐒𝐓𝐀𝐑 𝐦𝐨𝐝𝐞 𝐀𝐂𝐓𝐈𝐕𝐀𝐓𝐄𝐃.. 👊🏽

𝐒𝐄𝐄 𝐘𝐎𝐔 𝐓𝐎𝐍𝐈𝐆𝐇𝐓 𝟏𝟎𝐏𝐌

#Juan365PH #juankadageoff #Juan365 #JuanKada #AllInJuanSaSaya #rockers #colorgame #Juan365Studios",,0,2/3/2026 7:12,N/A,https://www.facebook.com/Juankadageoff/posts/pfbid02UZaYTQW5hps4W3QKB3GdWYWmz1Vdq4E2GVmC59cDzCJjQQpMagKPtRYWpi7zFYrgl,0,0,Photos,,,,,Lifetime,723,286,28,20,6,2,,,,28,12,16,,0,,,,
1.22192E+17,6.15659E+13,Juankada Geoff,"🫡𝐅𝐮𝐧𝐤’𝐬 𝐧𝐨𝐭 𝐝𝐞𝐚𝐝 𝐑𝐎𝐂𝐊𝐄𝐑𝐒! 🤟🏽

𝗦𝗵𝗮𝗿𝗲 𝗸𝗼 𝗹𝗮𝗻𝗴 𝗢𝗨𝗧𝗙𝗜𝗧 𝗻𝗮𝘁𝗶𝗻 𝗹𝗮𝘀𝘁 𝗻𝗶𝗴𝗵𝘁 𝗮𝗻𝘂 𝘀𝗮𝘆 𝗻𝘆𝗼? 🤔

#JuankadaGeoff #Rockers #Juan365 #Juan365Studios #ootd",,0,2/3/2026 19:55,N/A,https://www.facebook.com/Juankadageoff/posts/pfbid0EHL8jbVUP4kjbK2JgDgnzju5qoFm9ntdpeyZkkHAXzx4R11LJwJtCqMjut5Ee4Ygl,0,0,Photos,,,,,Lifetime,430,179,24,21,2,1,,,,10,1,9,,0,,,,
1.22192E+17,6.15659E+13,Juankada Geoff,Juankada Geoff,"𝑩𝒆𝒉𝒊𝒏𝒅 𝒕𝒉𝒆 𝑹𝑶𝑪𝑲𝑺𝑻𝑨𝑹 𝒊𝒎𝒂𝒈𝒆 𝒊𝒔 𝒂 𝒔𝒕𝒐𝒓𝒚 𝒏𝒐 𝒐𝒏𝒆 𝒔𝒆𝒆𝒔. 😢 

#JuankadaGeoff #Rockers #Juan365 #Colorgame #HeavenKnows",30,2/4/2026 2:50,N/A,https://www.facebook.com/reel/1977681846506519/,0,0,Videos,,,,,Lifetime,637,239,40,31,7,2,3110.834,6.675,0,15,15,,,0,,,0,0
1.22192E+17,6.15659E+13,Juankada Geoff,"🫡𝗥𝗢𝗖𝗞𝗘𝗥𝗦! 𝗦𝗮𝗺𝗮𝗵𝗮𝗻 𝗻𝘆𝗼 𝗸𝗮𝗺𝗶 𝘀𝗮 𝗟𝗜𝗩𝗘 𝗻𝗮𝘁𝗶𝗻 𝘁𝗼𝗻𝗶𝗴𝗵𝘁! 🔥

𝗞𝗮𝗻𝗶𝗻𝗼 𝗸𝗮𝘆𝗮 𝗮𝗻𝗴 𝘀𝘄𝗲𝗿𝘁𝗲? 🤔

#JuankadaGeoff #JuankadaEvo #Colorgame #JuankadaDrei #JuankadaTanya",,0,2/4/2026 6:30,N/A,https://www.facebook.com/Juankadageoff/posts/pfbid02cbuYU2rqgTkyr1QmxZAcKaUyPTgUvwZ7iZYEjiCCVXxCY2EenecTEyqVYwsvc3FMl,0,0,Photos,,,,,Lifetime,738,327,26,20,4,2,,,,11,6,5,,0,,,,
1.22192E+17,6.15659E+13,Juankada Geoff,"o GULAT kayo no!? Wag kayo MAGKAGULO..!!! ako lang to o!! Minsan ✈️ 𝑷𝑰𝑳𝑶𝑻𝑶 minsan🔥 𝑩𝑼𝑴𝑩𝑬𝑹𝑶 o 🪖 𝑺𝑼𝑵𝑫𝑨𝑳𝑶 at… 💭 Kayo na bahala mag 𝑰𝑴𝑨𝑮𝑰𝑵𝑬 basta 𝑷𝑶𝑮𝑰 sa 𝑷𝑨𝑵𝑰𝑵𝑮𝑰𝑵 nyo… 🤘🏽

#multiverse #JuankadaGeoff #PogiProblems #juankadageoff #Juan365PH #Juan365Studios #AllInJuanSaSaya",,0,2/4/2026 19:35,N/A,https://www.facebook.com/Juankadageoff/posts/pfbid02qDwbQWrAYbTUto21t7hJtcVB8SdrhhcBjLCyzNLYRqwuZETvJWU7Q3mvQkX9zUnQl,0,0,Photos,,,,,Lifetime,355,136,31,24,6,1,,,,15,9,6,,0,,,,
1.22192E+17,6.15659E+13,Juankada Geoff,"𝑪𝑨𝑻 𝑳𝑶𝑽𝑬𝑹𝑺! 🙀
𝒀𝒖𝒏𝒈 𝒏𝒂𝒑𝒂𝒔𝒂𝒃𝒂𝒚 𝒌𝒂 𝒉𝒂𝒃𝒂𝒏𝒈 𝒑𝒊𝒏𝒂𝒑𝒂𝒏𝒐𝒐𝒅 𝒎𝒐 𝒅𝒖𝒎𝒊𝒍𝒂 𝒚𝒖𝒏𝒈 𝒑𝒖𝒔𝒂 😹

𝒄𝒐𝒎𝒎𝒆𝒏𝒕 𝒅𝒐𝒘𝒏 𝒌𝒖𝒏𝒈 𝒂𝒏𝒖𝒏𝒈 𝒑𝒖𝒔𝒔𝒚 𝒄𝒂𝒕 𝒂𝒏𝒈 𝒎𝒆𝒓𝒐𝒏 𝒌𝒂𝒚𝒐 𝑹𝑶𝑪𝑲𝑬𝑹𝑺!

#JuankadaGeoff #Juan365Studios #Pussycat  #Rockers #HappyThursday","𝑪𝑨𝑻 𝑳𝑶𝑽𝑬𝑹𝑺! 🙀
𝒀𝒖𝒏𝒈 𝒏𝒂𝒑𝒂𝒔𝒂𝒃𝒂𝒚 𝒌𝒂 𝒉𝒂𝒃𝒂𝒏𝒈 𝒑𝒊𝒏𝒂𝒑𝒂𝒏𝒐𝒐𝒅 𝒎𝒐 𝒅𝒖𝒎𝒊𝒍𝒂 𝒚𝒖𝒏𝒈 𝒑𝒖𝒔𝒂 😹

𝒄𝒐𝒎𝒎𝒆𝒏𝒕 𝒅𝒐𝒘𝒏 𝒌𝒖𝒏𝒈 𝒂𝒏𝒖𝒏𝒈 𝒑𝒖𝒔𝒔𝒚 𝒄𝒂𝒕 𝒂𝒏𝒈 𝒎𝒆𝒓𝒐𝒏 𝒌𝒂𝒚𝒐 𝑹𝑶𝑪𝑲𝑬𝑹𝑺!

#JuankadaGeoff #Juan365Studios #Pussycat  #Rockers #HappyThursday",16,2/5/2026 2:45,N/A,https://www.facebook.com/reel/1425287359385024/,0,0,Videos,,,,,Lifetime,80,133,30,20,10,0,2514.82,10.934,0,23,23,,,0,,,0,0
1.22192E+17,6.15659E+13,Juankada Geoff,"🫡Samahan nyo kami Juankada till 5am 🤘🏽 

#JuankadaGeoff #Juan365PH #JuanKada #Juan365 #colorgame #AllInJuanSaSaya #Juan365Studios",,0,2/5/2026 9:41,N/A,https://www.facebook.com/Juankadageoff/posts/pfbid035hL8Cz6r9koFtmjECUgUPfU9KcGpYC6q5hxmtaQ7zGtjxi38YKFjDCsBodhrDFxZl,0,0,Photos,,,,,Lifetime,510,226,25,21,2,2,,,,19,3,16,,0,,,,
1.22192E+17,6.15659E+13,Juankada Geoff,🤘🏽🟩👊🏽🟨💪🏽⬜️👌🏽🟥👍🏽🟦🫰🏼🟪,,0,2/5/2026 13:58,N/A,https://www.facebook.com/Juankadageoff/posts/pfbid0546HcKY2SesXAuoEgTgKTrZKLh9g3zihJyR1vvHy4GDV72Ypkz5KTYenbE91ow4Yl,0,1,Photos,,,,,Lifetime,165,51,8,8,0,0,,,,6,3,3,,0,,,,
1.22192E+17,6.15659E+13,Juankada Geoff,JuanKada Geoff,"𝙉𝙤𝙣 𝙨𝙩𝙤𝙥 𝙖𝙘𝙩𝙞𝙤𝙣. 𝙋𝙪𝙧𝙚 𝙘𝙤𝙡𝙤𝙧 𝙜𝙖𝙢𝙚 𝙘𝙝𝙖𝙤𝙨! 🔥 

#JuanKadaGeoff #ColorGame #Juan365 #Rockers",26,2/5/2026 20:00,N/A,https://www.facebook.com/reel/855070984154011/,0,0,Videos,,,,,Lifetime,213,119,25,17,6,2,976.888,5.814,0,9,9,,,0,,,0,0
1.22192E+17,6.15659E+13,Juankada Geoff,😮 👍🏽 🤩 👌🏽 🤯,,0,2/6/2026 2:40,N/A,https://www.facebook.com/Juankadageoff/posts/pfbid09nY82rpmGqbf9YAncbSfv2Lj4pnVZ9FTPVzYiaKr6KzMJuSJE84vbToSdPH5Ei6Cl,0,1,Photos,,,,,Lifetime,190,65,10,8,2,0,,,,8,7,1,,0,,,,
1.22192E+17,6.15659E+13,Juankada Geoff,"🔥 𝐏𝐎𝐖𝐄𝐑 𝐓𝐑𝐈𝐎 𝐕𝐈𝐁𝐄𝐒. Different STYLES, ome ENERGY. 𝐓𝐀𝐓𝐋𝐎 lang kami pero RAMDAM ang DATING. 🤘🏽 𝐒𝐭𝐚𝐲 𝐭𝐮𝐧𝐞𝐝. 😎

#Juan365PH #juankadageoff #Juan365 #colorgame #AllInJuanSaSaya #Juan365ColorGame",,0,2/6/2026 6:44,N/A,https://www.facebook.com/Juankadageoff/posts/pfbid0GfbDNAz9hVNbUrSQXhkpP5NELxE9GkhF68sDrrqdtHm9RvTVpBScExA65vhiahcEl,0,0,Photos,,,,,Lifetime,624,303,20,17,2,1,,,,7,5,2,,0,,,,
1.22192E+17,6.15659E+13,Juankada Geoff,"🫡𝗥𝗼𝗰𝗸𝘀𝘁𝗮𝗿 𝗲𝗻𝗲𝗿𝗴𝘆, 𝗱𝗮𝗶𝗹𝘆 𝗳𝗶𝘁. 🤟🏽

#JuankadaGeoff #Juan365 #JuanStudio #JuankadaHost #Rockstar",,0,2/6/2026 21:28,N/A,https://www.facebook.com/Juankadageoff/posts/pfbid02efbnavQjLRqpky9PcTTDzkD4pedopEPBTt9JNnsd8Lhv7ToQ8iV1fndzS7AZkDwul,0,0,Photos,,,,,Lifetime,496,195,21,18,2,1,,,,16,10,6,,0,,,,
1.22192E+17,6.15659E+13,Juankada Geoff,JuanKada Geoff,"Gusto mo ba SUMAYA ang JOWA MO? 🤔
Start counting to 10‼

Alright 😄 here we go…

1
2
3
4
5
6
7
8
9
10 🎉🎉🥳🥳🤟

#JuankadaGeoff #Juan365 #JuanStudio #JuankadaHost #Rockers",19,2/7/2026 6:18,N/A,https://www.facebook.com/reel/891617596801192/,0,0,Videos,,,,,Lifetime,545,234,57,37,8,12,3368.794,8.772,0,33,33,,,0,,,0,0
1.22192E+17,6.15659E+13,Juankada Geoff,"Soft Opening of 𝐂𝐇𝐑𝐎𝐌𝐄 𝐇𝐄𝐀𝐑𝐓𝐒 Clothing 📍 #64 Scout Rallos, Quezon City
Thank you CHROME HEARTS for inviting us, together with Juankada Lance, Joseph Bitangcol, Matt Evans & Inday Garutay ✨

#juankadageoff #juankadahost #restday #Juan365PH #Juan365 #Juan365Studios #dayoff #colorgame",,0,2/7/2026 20:57,N/A,https://www.facebook.com/Juankadageoff/posts/pfbid0TtGJ7fhNvSiGvd8mzLVJrbmvv3YEPtuCi8d88QneMSawefNGTVwu3dgQRwQ6a5ZWl,0,0,Photos,,,,,Lifetime,693,321,27,22,3,2,,,,35,12,23,,0,,,,
1.22192E+17,6.15659E+13,Juankada Geoff,JuanKada Geoff,"I’m a popstar, not a doctor. 🤟

#JuankadaGeoff #Juan365 #JuanStudio #JuankadaHost #Popstar #Drake",30,2/8/2026 2:44,N/A,https://www.facebook.com/reel/1412920656998009/,0,0,Videos,,,,,Lifetime,215,90,24,16,6,2,1105.609,7.226,0,2,2,,,0,,,0,0
1.22192E+17,6.15659E+13,Juankada Geoff,"🏙️ City view, 🌆 good crew, 🤟🏽 cool mood. ❤️‍🔥 Suited in silence. 🤍 Dangerous in style. 😎🍸

#juankadahost #juankadageoff #Juan365 #Juan365PH #Juan365Studios #colorgame",,0,2/8/2026 21:22,N/A,https://www.facebook.com/Juankadageoff/posts/pfbid0ECR6WUXcc8bkSuzXQzGqcHTx56JWCRjBERJBgskD4PA6WJq2JCx3PSndntaHzRvFl,0,0,Photos,,,,,Lifetime,529,207,19,14,4,1,,,,22,11,11,,0,,,,
1.22192E+17,6.15659E+13,Juankada Geoff,JuanKada Geoff,"𝐆𝐀𝐍𝐔𝐍 𝐏𝐀𝐋𝐀 𝐘𝐔𝐍? 🤔

𝑲𝒂𝒚𝒂 𝒑𝒂𝒍𝒂 𝒑𝒂𝒈𝒉𝒊𝒈𝒐𝒑 𝒌𝒐 𝒏𝒈 𝒌𝒂𝒑𝒆 𝒏𝒂𝒔𝒂𝒓𝒂𝒑𝒂𝒏 𝒂𝒌𝒐.😍

#JuankadaGeoff #Juan365 #JuanStudio #JuankadaHost #IncreaseThePleasure",26,2/9/2026 3:15,N/A,https://www.facebook.com/reel/1397244935195666/,0,0,Videos,,,,,Lifetime,187,94,30,16,6,8,1278.967,10.398,0,10,10,,,0,,,0,0
1.22192E+17,6.15659E+13,Juankada Geoff,JuanKada Geoff,"Beggin’… for the right color 😮‍💨🎨

#JuankadaGeoff #ColorGame #Juan365 #Rockers",26,2/9/2026 19:45,N/A,https://www.facebook.com/reel/1441108637378130/,0,0,Videos,,,,,Lifetime,148,93,11,10,1,0,536.238,4.544,0,4,4,,,0,,,0,0
1.22192E+17,6.15659E+13,Juankada Geoff,"🫡1𝒔𝒕 𝒅𝒂𝒚 𝒐𝒏 𝒕𝒉𝒆 𝒏𝒊𝒈𝒉𝒕 𝒔𝒉𝒊𝒇𝒕 🌙
👉🏽 𝟏𝟎𝐏𝐌–𝟓𝐀𝐌. ❤️‍🔥 𝙇𝙚𝙩’𝙨 𝙜𝙚𝙩 𝙞𝙩. 🤘🏽 OOTD LOCKED IN.

#JuanKadaGeoff #Juan365 #colorgame #Juan365PH #AllInJuanSaSaya #Juan365Studios #colorgamelive",,0,2/10/2026 7:34,N/A,https://www.facebook.com/Juankadageoff/posts/pfbid02X5A1jZZfDrQmHKqFzvJrbfzidSEotLQicYDc9PR9htdnzbdNTaHSuoKq9yiMvygKl,0,0,Photos,,,,,Lifetime,442,202,14,14,0,0,,,,4,,4,,0,,,,
1.22192E+17,6.15659E+13,Juankada Geoff,👌🏽 💵 👍🏽 💰,,0,2/10/2026 16:55,N/A,https://www.facebook.com/Juankadageoff/posts/pfbid0QCKedsoz63LE2U16fUQ65iemTe29DUqEfw1YG6iMQgcmoRzLPWcjj3vv7WT2tHVcl,0,1,Videos,,,,,Lifetime,59,25,7,7,0,0,,,,0,,,,0,,,,
1.22192E+17,6.15659E+13,Juankada Geoff,JuanKada Geoff,"👋🏽🫡𝑯𝒆𝒍𝒍𝒐 𝑹𝑶𝑪𝑲𝑬𝑹𝑺‼️🤟🏽

#JuankadaGeoff #JuanStudio #JuankadaHost #Rockers",12,2/10/2026 20:30,N/A,https://www.facebook.com/reel/1285745250040845/,0,0,Videos,,,,,Lifetime,193,111,23,17,6,0,936.513,7.316,0,5,5,,,0,,,0,0
1.22192E+17,6.15659E+13,Juankada Geoff,"🫡Samahan nyo kami ROCKERS 🤟🏽 -10pm to 5am ❤️‍🔥

#Juan365PH #JuanKada #Juan365Studios #Juan365PH #colorgame #AllInJuanSaSaya",,0,2/11/2026 6:18,N/A,https://www.facebook.com/Juankadageoff/posts/pfbid02Zo5GhrYsUyV8fWNxonzwQ82JJE3Baw4wJm4CWNjcp9vEQcx4c293EPt66JAspK8Xl,0,0,Photos,,,,,Lifetime,397,197,28,23,4,1,,,,15,9,6,,0,,,,
1.22192E+17,6.15659E+13,Juankada Geoff,LAST NIGHT,,0,2/11/2026 13:09,N/A,https://www.facebook.com/Juankadageoff/posts/pfbid0hg7uDF1r9DCUECSyZBkgCfYQKFagsBzmK5kEmZfRj13WgAqcLhzAQVLxDpdZn7nCl,0,1,Text,,,,,Lifetime,82,55,11,11,0,0,,,,3,3,,,0,,,,
1.22124E+17,6.1584E+13,Juankada Jedi,"gusto mo ba makilala? 😈

#JuankadaJedi #JediBabes #trendingreelsvideo","gusto mo ba makilala? 😈

#JuankadaJedi #JediBabes #trendingreelsvideo",10,3/2/2026 22:30,uploaded,https://www.facebook.com/reel/1716916102803472/,1,0,Videos,,,,,Lifetime,188,125,4,3,1,0,892.591,6.515,0,1,1,,,0,,,0,0
1.22124E+17,6.1584E+13,Juankada Jedi,"𝗦𝗨𝗠𝗠𝗘𝗥 𝗜𝗦 𝗛𝗘𝗥𝗘, Jedi Babes 🌊 #JuankadaJedi #jedibabes",,0,3/2/2026 17:27,N/A,https://www.facebook.com/photo.php?fbid=122124316623133214&set=a.122103321699133214&type=3,0,0,Photos,,,,,Lifetime,136,60,10,8,2,0,,,,4,4,,,0,,,,
1.22124E+17,6.1584E+13,Juankada Jedi,#JuankadaJedi #jedibabes,,0,3/2/2026 17:18,N/A,https://www.facebook.com/photo.php?fbid=122124316023133214&set=a.122110480779133214&type=3,0,0,Photos,,,,,Lifetime,0,0,5,4,1,0,,,,0,,,,0,,,,
1.22124E+17,6.1584E+13,Juankada Jedi,"Fast? 🚗🛵💨

#JuankadaJedi #ootd #jedibabes #fyp",,0,3/2/2026 3:07,N/A,https://www.facebook.com/JuankadaJedi/posts/pfbid02jHpaBugKFXSVhKKR8r2wzvPQ1jS7d6x8LGbWGCFjbn7atYVxSEfmHCp3AHWTLYa9l,0,0,Photos,,,,,Lifetime,1914,1249,9,6,1,2,,,,22,10,12,,0,,,,
1.22124E+17,6.1584E+13,Juankada Jedi,"tibay mo naman! eme

#JuankadaJedi #JediBabes #trendingreelsvideoviraltodayシ゚viralシfbreels","tibay mo naman! eme

#JuankadaJedi #JediBabes #trendingreelsvideoviraltodayシ゚viralシfbreels",9,3/2/2026 2:01,mixed,https://www.facebook.com/reel/2135439237209294/,1,0,Videos,,,,,Lifetime,494,354,10,8,1,1,2011.569,5.252,0,6,6,,,0,,,0,0
1.22124E+17,6.1584E+13,Juankada Jedi,"update mo nalang ako pag nahawakan mo na ha

#JuankadaJedi #JediBabes #trendingreels","update mo nalang ako pag nahawakan mo na ha

#JuankadaJedi #JediBabes #trendingreels",14,3/1/2026 22:30,mixed,https://www.facebook.com/reel/1841446503221750/,1,0,Videos,,,,,Lifetime,8129,64,2737,2736,1,0,1770.346,1.055,0,3,3,,,0,,,0,0
1.22124E+17,6.1584E+13,Juankada Jedi,"Your Barbie girl, dancing to Katseye’s “Internet Girl.” 🩷

#JuankadaJedi #JediBabes #trendingreels","Your Barbie girl, dancing to Katseye’s “Internet Girl.” 🩷

#JuankadaJedi #JediBabes #trendingreels",16,3/1/2026 3:01,mixed,https://www.facebook.com/reel/4415459595395108/,1,0,Videos,,,,,Lifetime,8139,89,1435,1434,1,0,1980.242,1.166,0,3,3,,,0,,,0,0
1.22124E+17,6.1584E+13,Juankada Jedi,"nakita mo ba ung nasa salamin? 😱

#JuankadaJedi #JediBabes #trendingreelsvideo","nakita mo ba ung nasa salamin? 😱

#JuankadaJedi #JediBabes #trendingreelsvideo",19,2/28/2026 22:30,N/A,https://www.facebook.com/reel/895933856694492/,1,0,Videos,,,,,Lifetime,8413,413,1432,1431,1,0,3750.592,1.927,0,8,8,,,0,,,0,0
1.22124E+17,6.1584E+13,Juankada Jedi,"Pretty little baby niyo ❤️ Baka nasa kamay ko na ang swerte niyo tonight, Jedi Babes… 😘 

Catch me live sa Juan365 Color Game, 10PM–5AM. Don’t be late, ha? 💋

#JuankadaJedi #JediBabes #fyp #trendingreels","Pretty little baby niyo ❤️ Baka nasa kamay ko na ang swerte niyo tonight, Jedi Babes… 😘 

Catch me live sa Juan365 Color Game, 10PM–5AM. Don’t be late, ha? 💋

#JuankadaJedi #JediBabes #fyp #trendingreels",26,2/28/2026 2:00,mixed,https://www.facebook.com/reel/932803959690821/,1,0,Videos,,,,,Lifetime,8084,55,1428,1426,2,0,1762.147,1.052,0,4,4,,,0,,,0,0
1.22124E+17,6.1584E+13,Juankada Jedi,"parcel okaya pera nalang hehe

#JuankadaJedi #JediBabes","parcel okaya pera nalang hehe

#JuankadaJedi #JediBabes",6,2/27/2026 22:30,mixed,https://www.facebook.com/reel/943625008202921/,1,0,Videos,,,,,Lifetime,1752,105,139,139,0,0,934.59,2.119,0,2,2,,,0,,,0,0
1.22124E+17,6.1584E+13,Juankada Jedi,"ganto ba 'yun?

#JuankadaJedi #JediBabes #trendingreels","ganto ba 'yun?

#JuankadaJedi #JediBabes #trendingreels",24,2/27/2026 2:00,N/A,https://www.facebook.com/reel/1487068669708496/,1,0,Videos,,,,,Lifetime,8134,74,1432,1431,1,0,2255.094,1.327,0,5,5,,,0,,,0,0
1.22124E+17,6.1584E+13,Juankada Jedi,"ang sakit mo lods!

#JuankadaJedi #JediBabes #fyp #trendingreels","ang sakit mo lods!

#JuankadaJedi #JediBabes #fyp #trendingreels",16,2/26/2026 22:30,N/A,https://www.facebook.com/reel/926507653216565/,1,0,Videos,,,,,Lifetime,8236,171,1440,1439,1,0,2667.247,1.486,0,7,7,,,0,,,0,0
1.22124E+17,6.1584E+13,Juankada Jedi,"Less perfection, more authenticity. 🖤

#JuankadaJedi #jedibabes #ootd #fypシ゚viralシfypシ゚",,0,2/26/2026 17:00,N/A,https://www.facebook.com/JuankadaJedi/posts/pfbid02BBnhNRSvYrS1s78i1xBEBnsrkzhczxVAeQpKPt9UsbiA5ty3RTTrfH3rcvqZGQ9Wl,0,0,Photos,,,,,Lifetime,277,142,11,9,2,0,,,,8,7,1,,0,,,,
1.22124E+17,6.1584E+13,Juankada Jedi,"pwede na ba mag audition sa inside out? 🤣

#JuankadaJedi #JediBabes #insideout","pwede na ba mag audition sa inside out? 🤣

#JuankadaJedi #JediBabes #insideout",23,2/26/2026 2:00,mixed,https://www.facebook.com/reel/4306230849625024/,1,0,Videos,,,,,Lifetime,9025,460,1623,1619,2,2,2695.825,1.275,0,5,5,,,0,,,0,0
1.22123E+17,6.1584E+13,Juankada Jedi,"di nyo rin naintindihan noh

#JuankadaJedi #JediBabes #lipsync","di nyo rin naintindihan noh

#JuankadaJedi #JediBabes #lipsync",16,2/25/2026 23:00,uploaded,https://www.facebook.com/reel/890220817132859/,1,0,Videos,,,,,Lifetime,1279,94,135,134,1,0,924.982,2.627,0,2,2,,,0,,,0,0
1.22123E+17,6.1584E+13,Juankada Jedi,"Classy isnt loud, it is felt 🤍

#jedibabes #JuankadaJedi #OOTD #fyp",,0,2/25/2026 21:32,N/A,https://www.facebook.com/JuankadaJedi/posts/pfbid02KJvMMVjZhNh8HV8fbRbHXJbZtyHkdm7AJ1Gftp158E6ieheutiotMAcrnktDtx2Hl,0,0,Photos,,,,,Lifetime,265,121,5,4,1,0,,,,6,4,2,,0,,,,
1.22123E+17,6.1584E+13,Juankada Jedi,"i think bagay tayo. agree ka ba? 🙈

#JuankadaJedi #JediBabes #fyp #trendingreels #bagaytayo #allmost","i think bagay tayo. agree ka ba? 🙈

#JuankadaJedi #JediBabes #fyp #trendingreels #bagaytayo #allmost",16,2/25/2026 2:00,uploaded,https://www.facebook.com/reel/1595692084885668/,1,0,Videos,,,,,Lifetime,3483,237,315,310,2,3,1907.654,1.862,0,5,5,,,0,,,0,0
1.22123E+17,6.1584E+13,Juankada Jedi,"iwasan ko raw maging maldita? wag na uy! kayo nalang umiwas! emeee

#JuankadaJedi #JediBabes","iwasan ko raw maging maldita? wag na uy! kayo nalang umiwas! emeee

#JuankadaJedi #JediBabes",12,2/24/2026 23:01,uploaded,https://www.facebook.com/reel/1846932202677935/,1,0,Videos,,,,,Lifetime,1321,220,4,3,1,0,1810.673,3.979,0,4,4,,,0,,,0,0
1.22123E+17,6.1584E+13,Juankada Jedi,"""My outfit of the day (OOOTD) consists of these PJs.""

#jedibabe #juankajedi #OOTD #fyp",,0,2/24/2026 22:45,N/A,https://www.facebook.com/JuankadaJedi/posts/pfbid0B4N1NdPK1eh8ViCXag62Fhuioxcx3QH7NvYSrY5Me7Bub3Ui71PupH2YYNUgGmUPl,0,0,Photos,,,,,Lifetime,239,98,6,5,1,0,,,,6,2,4,,0,,,,
1.22123E+17,6.1584E+13,Juankada Jedi,,,0,2/24/2026 22:36,N/A,https://www.facebook.com/JuankadaJedi/posts/pfbid028MY4CNgnSh9KttzMjNdoxAfrk3mLGUWHRrrDaWJTS3UWKXK9bBMURtNgTd1KBMcol,0,1,Photos,,,,,Lifetime,136,37,2,2,0,0,,,,3,2,1,,0,,,,
1.22123E+17,6.1584E+13,Juankada Jedi,haha di niyo kami mapipigilan 💪🤣✨,,0,2/24/2026 22:35,N/A,https://www.facebook.com/JuankadaJedi/posts/pfbid06bD1Qw3DqHESPkLwcm4b1QeYopGcGmAKAXBFLyyePEw2zNM8nvwueiGEU3cuoApVl,0,1,Text,,,,,Lifetime,58,28,0,0,0,0,,,,4,4,,,0,,,,
1.22123E+17,6.1584E+13,Juankada Jedi,"chismis talaga nagbibigay lakas samin eh

#JuankadaJedi #JediBabes #JuankadaCharm #JuankadaLigaya #JuankadaStar #fyp #trendingreels","chismis talaga nagbibigay lakas samin eh

#JuankadaJedi #JediBabes #JuankadaCharm #JuankadaLigaya #JuankadaStar #fyp #trendingreels",10,2/24/2026 2:00,mixed,https://www.facebook.com/reel/744737075383989/,1,0,Videos,,,,,Lifetime,8772,439,1435,1432,3,0,4417.02,2.1,0,7,7,,,0,,,0,0
1.22123E+17,6.1584E+13,Juankada Jedi,"yes tama po opo i love you agad wag na magpatumpik tumpik pa!

#JuankadaJedi #JediBabes #fyp #trendingreels #dub #lipsync #crush","yes tama po opo i love you agad wag na magpatumpik tumpik pa!

#JuankadaJedi #JediBabes #fyp #trendingreels #dub #lipsync #crush",6,2/23/2026 23:01,mixed,https://www.facebook.com/reel/1600855881225057/,1,0,Videos,,,,,Lifetime,1355,119,136,134,2,0,1021.922,2.792,0,2,2,,,0,,,0,0
1.22123E+17,6.1584E+13,Juankada Jedi,"Serving poise with a soft smile 💕

#JuankadaJedi #ootd #jedibabes #fypシ",,0,2/23/2026 17:00,N/A,https://www.facebook.com/JuankadaJedi/posts/pfbid02DAtuQoJHDHh5SoNfM3QhYmexFRCejJMiNJh2gyqK8a4GqQAgrE87tGnf7bSLwVLnl,0,0,Photos,,,,,Lifetime,220,96,3,2,1,0,,,,4,3,1,,0,,,,
1.22123E+17,6.1584E+13,Juankada Jedi,J365 Sakalam 💪🤣✨,,0,2/23/2026 13:22,N/A,https://www.facebook.com/JuankadaJedi/posts/pfbid0btQb31KYVf5MnWmBzAaL2tFdxNw7anSDjmt7T8vQCnxd1YMkahKWyZjcyY4KVSBtl,0,1,Text,,,,,Lifetime,64,41,3,2,1,0,,,,10,10,,,0,,,,
1.22123E+17,6.1584E+13,Juankada Jedi,"nakasilip palang 'yan kasi monday palang eh!

#JuankadaJedi #JediBabes #fyp #trendingreels #dub #lipsync","nakasilip palang 'yan kasi monday palang eh!

#JuankadaJedi #JediBabes #fyp #trendingreels #dub #lipsync",11,2/23/2026 2:00,N/A,https://www.facebook.com/reel/26506524518944790/,1,0,Videos,,,,,Lifetime,2359,1271,14,13,1,0,5384.986,4.061,0,2,2,,,0,,,0,0
1.22123E+17,6.1584E+13,Juankada Jedi,"halika turuan kita magbasketball 😝

#JuankadaJedi #JediBabes #fyp #trendingreels","halika turuan kita magbasketball 😝

#JuankadaJedi #JediBabes #fyp #trendingreels",11,2/22/2026 23:00,mixed,https://www.facebook.com/reel/729016050145746/,1,0,Videos,,,,,Lifetime,1980,689,11,10,1,0,4565.16,4.79,0,3,3,,,0,,,0,0
1.22123E+17,6.1584E+13,Juankada Jedi,"Refined, Radient and a little bit Playful ⛳️✨

#jedibabes #ootd #fyp #JuankadaJedi",,0,2/22/2026 20:17,N/A,https://www.facebook.com/JuankadaJedi/posts/pfbid0PzdsExQzumQi2M8n2zV5yfF37cZRypwLZCnc4nJXQS6N5hmFHnTfuPDPFQVMwhwgl,0,0,Photos,,,,,Lifetime,216,96,7,4,3,0,,,,6,2,4,,0,,,,
1.22123E+17,6.1584E+13,Juankada Jedi,"lamig! payakap naman oh? 🙈

#JuankadaJedi #JediBabes #fyp #trendingreels","lamig! payakap naman oh? 🙈

#JuankadaJedi #JediBabes #fyp #trendingreels",16,2/22/2026 3:01,uploaded,https://www.facebook.com/reel/1213326227576504/,1,0,Videos,,,,,Lifetime,3566,134,359,358,1,0,1942.455,1.748,0,10,10,,,0,,,0,0
1.22123E+17,6.1584E+13,Juankada Jedi,"wag nalang wag nalang wag nalang!

#JuankadaJedi #JediBabes #fyp #trendingreels","wag nalang wag nalang wag nalang!

#JuankadaJedi #JediBabes #fyp #trendingreels",7,2/21/2026 23:00,mixed,https://www.facebook.com/reel/886538310912799/,1,0,Videos,,,,,Lifetime,1341,150,5,4,1,0,1020.758,2.597,0,3,3,,,0,,,0,0
1.22123E+17,6.1584E+13,Juankada Jedi,"anong pake ko diyan sa boyfriend mo? ako ang gusto mo 🤷‍♀️

#JuankadaJedi #JediBabes #fyp #trendingreels","anong pake ko diyan sa boyfriend mo? ako ang gusto mo 🤷‍♀️

#JuankadaJedi #JediBabes #fyp #trendingreels",16,2/21/2026 2:00,mixed,https://www.facebook.com/reel/2809545529390939/,1,0,Videos,,,,,Lifetime,3478,96,306,305,1,0,1847.027,1.794,0,6,6,,,0,,,0,0
1.22123E+17,6.1584E+13,Juankada Jedi,"san ako kukuha ng 500? 😭😭😭

#JuankadaJedi #JediBabes #lipsync #dub #fyp","san ako kukuha ng 500? 😭😭😭

#JuankadaJedi #JediBabes #lipsync #dub #fyp",38,2/20/2026 23:00,uploaded,https://www.facebook.com/reel/1388379976369093/,1,0,Videos,,,,,Lifetime,1386,299,9,8,1,0,3236.23,6.187,0,3,3,,,0,,,0,0
1.22122E+17,6.1584E+13,Juankada Jedi,"Likeeeyyy as a cutieee

#JuankadaJedi #JediBabes #fyp #trendingreels","Likeeeyyy as a cutieee

#JuankadaJedi #JediBabes #fyp #trendingreels",15,2/20/2026 2:00,N/A,https://www.facebook.com/reel/909010925364732/,1,0,Videos,,,,,Lifetime,1271,158,6,5,1,0,1581.577,3.983,0,4,4,,,0,,,0,0
1.22122E+17,6.1584E+13,Juankada Jedi,"pambahay ko lang to ano ka ba! 😆

#JuankadaJedi #JediBabes #DavaoConyo #dub #SinglesInferno","pambahay ko lang to ano ka ba! 😆

#JuankadaJedi #JediBabes #DavaoConyo #dub #SinglesInferno",33,2/19/2026 23:00,N/A,https://www.facebook.com/reel/4269072189973156/,1,0,Videos,,,,,Lifetime,8454,341,1428,1427,1,0,5231.535,2.671,0,5,5,,,0,,,0,0
1.22122E+17,6.1584E+13,Juankada Jedi,"soft girl energy, polished edition 🎀

#JuankadaJedi #ootd #trendingpost #jedibabes",,0,2/19/2026 15:51,N/A,https://www.facebook.com/JuankadaJedi/posts/pfbid0WqcdjesmY7aRqcmfDckwTKCYJBMr34oDmb1UqQZoxLWKDfJmEfGu7epDN5WLSsp8l,0,0,Photos,,,,,Lifetime,429,185,14,12,2,0,,,,16,12,4,,0,,,,
1.22122E+17,6.1584E+13,Juankada Jedi,"watchu looking at? 👀

#JuankadaJedi #JediBabes #fyp #trendingreels","watchu looking at? 👀

#JuankadaJedi #JediBabes #fyp #trendingreels",12,2/19/2026 2:00,mixed,https://www.facebook.com/reel/1627522471480134/,1,0,Videos,,,,,Lifetime,3494,102,363,361,2,0,1767.586,1.736,0,1,1,,,0,,,0,0
1.22122E+17,6.1584E+13,Juankada Jedi,"huy ano ba! ako lang to! ☺️
#JuankadaJedi #JediBabes #fyp #trendingreels #ootd","huy ano ba! ako lang to! ☺️
#JuankadaJedi #JediBabes #fyp #trendingreels #ootd",15,2/18/2026 23:01,mixed,https://www.facebook.com/reel/772535855443271/,1,0,Videos,,,,,Lifetime,1623,547,10,9,1,0,2661.316,3.601,0,3,3,,,0,,,0,0
1.22122E+17,6.1584E+13,Juankada Jedi,"Simplicity is the ultimate flex ✨🖤🦋

#JuankadaJedi #JediBabes #ootd",,0,2/18/2026 22:02,N/A,https://www.facebook.com/JuankadaJedi/posts/pfbid02iVBrJ8mSzoz2sCCzuoSR4L8nzrVpAsqWYCMowf5wAiHWY5oh93xREKnJapSzAdwvl,0,0,Photos,,,,,Lifetime,358,176,10,8,2,0,,,,9,6,3,,0,,,,
1.22122E+17,6.1584E+13,Juankada Jedi,"dati ka bang ga....rapata?! eme

#JuankadaJedi #JediBabes #lipsync #meme #contentonly","dati ka bang ga....rapata?! eme

#JuankadaJedi #JediBabes #lipsync #meme #contentonly",10,2/18/2026 3:00,mixed,https://www.facebook.com/reel/1568283877739101/,1,0,Videos,,,,,Lifetime,1540,494,8,7,1,0,1905.008,3.107,0,4,4,,,0,,,0,0
1.22122E+17,6.1584E+13,Juankada Jedi,"medyo di lang kami sabay pero cute naman kami! request kayo, jedibabes kung anong next collab namin ni Juanababe Sena  <3

#JuankadaJedi #JediBabes #fyp #trendingreels #JuanababeSena #Juanabies","medyo di lang kami sabay pero cute naman kami! request kayo, jedibabes kung anong next collab namin ni @[61580361006776:2048:Juanababe Sena]  <3

#JuankadaJedi #JediBabes #fyp #trendingreels #JuanababeSena #Juanabies",14,2/17/2026 23:00,N/A,https://www.facebook.com/reel/1468039181349623/,1,0,Videos,,,,,Lifetime,3306,252,343,340,1,2,2639.98,2.716,0,4,4,,,0,,,0,0
1.22122E+17,6.1584E+13,Juankada Jedi,"Prosperity looks good on me ✨🧧

#JuankadaJedi #JediBabes #fyp #cny #ootd",,0,2/17/2026 20:27,N/A,https://www.facebook.com/JuankadaJedi/posts/pfbid02udPFnZB1zucDiQ8Z2HiMt7Zv7JKgVogmd9hL1wHQqxTYa6H2KKbgWSksWi5Tp4uLl,0,0,Photos,,,,,Lifetime,871,512,16,14,1,1,,,,23,11,12,,0,,,,
1.22122E+17,6.1584E+13,Juankada Jedi,"padaan lang ang bad girl sa feed niyo 😉🖤

#JuankadaJedi #JediBabes #fyp #trendingreels","padaan lang ang bad girl sa feed niyo 😉🖤

#JuankadaJedi #JediBabes #fyp #trendingreels",16,2/17/2026 2:00,uploaded,https://www.facebook.com/reel/1781255795904321/,1,0,Videos,,,,,Lifetime,2188,116,5,4,1,0,1161.749,2.131,0,2,2,,,0,,,0,0
1.22122E+17,6.1584E+13,Juankada Jedi,"ganda ko noh? eme pero mas maganda kung papanoorin mo ko sa color game live mamayang gabi, jedi babes! 💋 night shift na tayo! :>

#JuankadaJedi #JediBabes #fyp #trendingreels","ganda ko noh? eme pero mas maganda kung papanoorin mo ko sa color game live mamayang gabi, jedi babes! 💋 night shift na tayo! :>

#JuankadaJedi #JediBabes #fyp #trendingreels",12,2/16/2026 22:01,mixed,https://www.facebook.com/reel/1439507117592367/,1,0,Videos,,,,,Lifetime,2276,181,6,5,1,0,1583.915,2.613,0,1,1,,,0,,,0,0
1.22122E+17,6.1584E+13,Juankada Jedi,"Pwede na ba ‘to pang main character energy? ✨

#JuankadaJedi #JediBabes #ootd",,0,2/16/2026 17:00,N/A,https://www.facebook.com/JuankadaJedi/posts/pfbid0D1cZLo3bjXxaqk6o8LE8vebBpEi9Szb8WanJK6VLVMJYCNdEUb7zwZSC9RHnaHxsl,0,0,Photos,,,,,Lifetime,2149,782,21,14,6,1,,,,71,63,8,,0,,,,
1.22122E+17,6.1584E+13,Juankada Jedi,"sad girl muna kasi 10pm na 😝

#JuankadaJedi #JediBabes #fyp #trendingreels","sad girl muna kasi 10pm na 😝

#JuankadaJedi #JediBabes #fyp #trendingreels",16,2/16/2026 6:00,N/A,https://www.facebook.com/reel/766336119429013/,1,0,Videos,,,,,Lifetime,2358,194,6,5,1,0,1652.153,2.614,0,2,2,,,0,,,0,0
1.22122E+17,6.1584E+13,Juankada Jedi,"sexy and cute at the same time 🙈

#JuankadaJedi #JediBabes #fyp #trendingreels","sexy and cute at the same time 🙈

#JuankadaJedi #JediBabes #fyp #trendingreels",16,2/16/2026 2:00,N/A,https://www.facebook.com/reel/2837495433248882/,1,0,Videos,,,,,Lifetime,2205,117,5,4,1,0,1078.994,1.965,0,1,1,,,0,,,0,0
1.22122E+17,6.1584E+13,Juankada Jedi,"Soft girl lang tayo today ✨

#JuankadaJedi #JediBabes #ootd",,0,2/15/2026 22:00,N/A,https://www.facebook.com/JuankadaJedi/posts/pfbid0mVNxmr7F29JzDxd6r1NZVVvYX9KbKSgQRpVaysfFQBMKB1HZQZSmtdVvJuBjCcotl,0,0,Photos,,,,,Lifetime,334,138,8,7,1,0,,,,5,1,4,,0,,,,
1.22122E+17,6.1584E+13,Juankada Jedi,"mas maganda pa ko sa umaga eh! emeee goodmorning every one every two every three!!! 🤪

#JuankadaJedi #JediBabes #fyp #trendingreels","mas maganda pa ko sa umaga eh! emeee goodmorning every one every two every three!!! 🤪

#JuankadaJedi #JediBabes #fyp #trendingreels",16,2/15/2026 16:57,N/A,https://www.facebook.com/reel/907047761907629/,0,0,Videos,,,,,Lifetime,2467,320,25,24,1,0,2065.038,2.713,0,6,6,,,0,,,0,0
1.22122E+17,6.1584E+13,Juankada Jedi,"panis ka boiii 👀 

#JuankadaJedi #JediBabes #fyp #trendingreels","panis ka boiii 👀 

#JuankadaJedi #JediBabes #fyp #trendingreels",15,2/14/2026 20:00,mixed,https://www.facebook.com/reel/900323076188732/,1,0,Videos,,,,,Lifetime,2646,511,18,17,1,0,2685.615,2.922,0,7,7,,,0,,,0,0
1.22122E+17,6.1584E+13,Juankada Jedi,"cute ng dance sabay ang cute din namin... hays kami na to oh

#JuankadaJedi #JediBabes #JuankadaStar #fyp #trendingreel #highlights #abuchikik","cute ng dance sabay ang cute din namin... hays kami na to oh

#JuankadaJedi #JediBabes #JuankadaStar #fyp #trendingreel #highlights #abuchikik",16,2/14/2026 2:00,uploaded,https://www.facebook.com/reel/1410930773910796/,1,0,Videos,,,,,Lifetime,1292,115,18,14,3,1,1694.704,4.093,0,3,3,,,0,,,0,0
1.22121E+17,6.1584E+13,Juankada Jedi,"bulaklak para sa'yo this valentines day 🌹😉

#JuankadaJedi #JediBabes #BuksanMo #trendingreel #highlights #lipsync #feb14 #valentines","bulaklak para sa'yo this valentines day 🌹😉

#JuankadaJedi #JediBabes #BuksanMo #trendingreel #highlights #lipsync #feb14 #valentines",16,2/13/2026 20:01,N/A,https://www.facebook.com/reel/937755212418538/,1,0,Videos,,,,,Lifetime,4467,120,310,308,2,0,2147.24,1.798,0,7,7,,,0,,,0,0
1.22121E+17,6.1584E+13,Juankada Jedi,"hanggat walang go signal...walang liligaya! 😾

#JuankadaJedi #JediBabes #awra #fyp #trendingreel #highlights #lipsync #feb14 #valentines","hanggat walang go signal...walang liligaya! 😾

#JuankadaJedi #JediBabes #awra #fyp #trendingreel #highlights #lipsync #feb14 #valentines",13,2/13/2026 2:00,N/A,https://www.facebook.com/reel/2182153185655842/,1,0,Videos,,,,,Lifetime,1711,409,54,43,1,10,2863.123,3.742,0,5,5,,,0,,,0,0
1.22121E+17,6.1584E+13,Juankada Jedi,"eh ikaw, maganda ka ba? po?!

#JuankadaJedi #JediBabes #awra #fyp #trendingreel #highlights #lipsync","eh ikaw, maganda ka ba? po?!

#JuankadaJedi #JediBabes #awra #fyp #trendingreel #highlights #lipsync",16,2/12/2026 18:00,N/A,https://www.facebook.com/reel/1441489527368037/,1,0,Videos,,,,,Lifetime,4021,615,320,317,2,1,3236.168,2.182,0,5,5,,,0,,,0,0
1.22121E+17,6.1584E+13,Juankada Jedi,"me para may maka-date sa feb 14 😆 eme! hahaha

#JuankadaJedi #JediBabes #feb14 #valentines #trendingpost #highlights","me para may maka-date sa feb 14 😆 eme! hahaha

#JuankadaJedi #JediBabes #feb14 #valentines #trendingpost #highlights",16,2/12/2026 2:01,N/A,https://www.facebook.com/reel/1219404259791674/,1,0,Videos,,,,,Lifetime,1289,194,7,6,1,0,1855.76,4.397,0,2,2,,,0,,,0,0
1.22121E+17,6.1584E+13,Juankada Jedi,"watch nyo ako, jedi baaabes! color game live sa juan365 🤗

#JuankadaJedi #JediBabes #ColorMania #trendingpost #highlightseveryonefollowers",,0,2/11/2026 20:00,N/A,https://www.facebook.com/JuankadaJedi/posts/pfbid0To2FjwUCN2wgnmQvm2BLnxocqYLHG4Gmhdc4wvNxFp4QHGesdCFdDcSYpMXiZcuRl,0,0,Photos,,,,,Lifetime,246,114,11,8,2,1,,,,1,1,,,0,,,,
1.22121E+17,6.1584E+13,Juankada Jedi,"felt cute might delete later ang atake 🤪

#JuankadaJedi #JediBabes #trendingpost #highlights",,0,2/11/2026 14:19,N/A,https://www.facebook.com/JuankadaJedi/posts/pfbid02iWcCGmaX4sx5R1bi1oE923rjqVieViQwjBGYqqGTtCtHzWXdMfPBr2skn49XSVNql,0,0,Photos,,,,,Lifetime,251,103,10,8,2,0,,,,8,6,2,,0,,,,
1.22121E+17,6.1584E+13,Juankada Jedi,"kamusta araw niyo, jedi babes? forda dance ulit muna yan shea! 💃

#JuankadaJedi #JediBabes #TikiTaka #TopsCardell #newtrend #dancechallenge #foryou #trendingpost #highlights","kamusta araw niyo, jedi babes? forda dance ulit muna yan shea! 💃

#JuankadaJedi #JediBabes #TikiTaka #TopsCardell #newtrend #dancechallenge #foryou #trendingpost #highlights",16,2/11/2026 2:00,N/A,https://www.facebook.com/reel/1235383748552817/,1,0,Videos,,,,,Lifetime,1197,112,10,9,1,0,1266.097,3.669,0,3,3,,,0,,,0,0
1.22121E+17,6.1584E+13,Juankada Jedi,"simple fit, fresh vibes 💚

#JuankadaJedi #JediBabes #trendingpost #highlightseveryonefollowers",,0,2/10/2026 20:00,N/A,https://www.facebook.com/JuankadaJedi/posts/pfbid02nseWEMJL6hetj2dct85FGhVu76opVkXWYic6cPoAnNHfoHfe1epzDh7DZ8uhVGUNl,0,0,Photos,,,,,Lifetime,705,328,12,12,0,0,,,,6,2,4,,0,,,,
1.22121E+17,6.1584E+13,Juankada Jedi,"bigyan niyo rin kasi ako para ggss din ako!

#JuankadaJedi #JediBabes #feb14 #valentines #trendingpost #highlights","bigyan niyo rin kasi ako para ggss din ako!

#JuankadaJedi #JediBabes #feb14 #valentines #trendingpost #highlights",23,2/10/2026 2:00,N/A,https://www.facebook.com/reel/1467286844971039/,1,0,Videos,,,,,Lifetime,1558,253,8,6,2,0,1193.28,2.367,0,3,3,,,0,,,0,0
1.22121E+17,6.1584E+13,Juankada Jedi,"haru haru dance challenge naman tayo <3

#JuankadaJedi #JediBabes #HaruHaru #BigBang #trendingpost #highlights #kpop","haru haru dance challenge naman tayo <3

#JuankadaJedi #JediBabes #HaruHaru #BigBang #trendingpost #highlights #kpop",34,2/9/2026 22:37,N/A,https://www.facebook.com/reel/1667554391077620/,0,0,Videos,,,,,Lifetime,3640,239,340,333,1,6,2110.043,1.822,0,4,4,,,0,,,0,0
1.22121E+17,6.1584E+13,Juankada Jedi,"mirror selfies naman for today's videyow!

#JuankadaJedi #JediBabes #trendingpost #highlights #mirrorselfie #ootd",,0,2/9/2026 2:00,N/A,https://www.facebook.com/JuankadaJedi/posts/pfbid0TggsYBhGWwujtBEbgiNrVG8bQfYzQHCx5wUdeSr5xU32qYfL114JewAwxxZeTvArl,0,0,Photos,,,,,Lifetime,1504,788,24,20,3,1,,,,15,12,3,,0,,,,
1.22121E+17,6.1584E+13,Juankada Jedi,"main character sa kdrama yarnch? 

#JuankadaJedi #JediBabes #trendingpost #highlights #SayYes #LOCO #ScarletHeartRyeo","main character sa kdrama yarnch? 

#JuankadaJedi #JediBabes #trendingpost #highlights #SayYes #LOCO #ScarletHeartRyeo",13,2/8/2026 21:34,N/A,https://www.facebook.com/reel/888492963888939/,0,0,Videos,,,,,Lifetime,1658,310,24,11,3,10,1415.419,2.645,0,7,7,,,0,,,0,0
1.22121E+17,6.1584E+13,Juankada Jedi,"sakto oh! san date natin, jedi babes? ☺️ #JuankadaJedi #JediBabes #feb14 #valentines #trendingpost #highlights","sakto oh! san date natin, jedi babes? ☺️ #JuankadaJedi #JediBabes #feb14 #valentines #trendingpost #highlights",23,2/8/2026 2:34,N/A,https://www.facebook.com/reel/1220494096856067/,0,0,Videos,,,,,Lifetime,3577,440,350,348,1,1,2336.678,2.264,0,3,3,,,0,,,0,0
1.2212E+17,6.1584E+13,Juankada Jedi,"3 selfies para i love you… eme 😆

#JuankadaJedi #JediBabes #selfie #ootd #fyp",,0,2/7/2026 20:40,N/A,https://www.facebook.com/JuankadaJedi/posts/pfbid02xeZGNQ8RGP5Kj1gg9UgmDMRZDcrmjSMYr175dd1m2zK2e2bhf8vBXJCzqnqTqfHBl,0,0,Photos,,,,,Lifetime,1379,631,18,13,3,2,,,,42,20,22,,0,,,,
1.2212E+17,6.1584E+13,Juankada Jedi,"sobrang energetic dahil sabado naaa! 

#JuankadaJedi #JediBabes #BAILE #fypシ゚ #trendingnow #trendingreel #followerseveryone #highlights #gloc9 #RochellePangilinan","sobrang energetic dahil sabado naaa! 

#JuankadaJedi #JediBabes #BAILE #fypシ゚ #trendingnow #trendingreel #followerseveryone #highlights #gloc9 #RochellePangilinan",21,2/7/2026 2:00,N/A,https://www.facebook.com/reel/1566485667919795/,1,0,Videos,,,,,Lifetime,1325,269,11,10,1,0,1735.08,3.584,0,9,9,,,0,,,0,0
1.2212E+17,6.1584E+13,Juankada Jedi,"di na kaya ng paracetamol yan mhie!

#JuankadaJedi #JediBabes #coting #lipsync #fypシ゚ #trendingnow #trendingreel #followerseveryone #highlights #Juan365 #Juan365Studios","di na kaya ng paracetamol yan mhie!

#JuankadaJedi #JediBabes #coting #lipsync #fypシ゚ #trendingnow #trendingreel #followerseveryone #highlights #Juan365 #Juan365Studios",11,2/6/2026 2:00,N/A,https://www.facebook.com/reel/912484301250461/,1,0,Videos,,,,,Lifetime,1315,205,25,21,4,0,1883.281,4.329,0,8,8,,,0,,,0,0
1.2212E+17,6.1584E+13,Juankada Jedi,"ganto ba 'yon, papi chulo? 👀

#JuankadaJedi #JediBabes #papichulo #followerseveryone #highlightssfypシ゚viral","ganto ba 'yon, papi chulo? 👀

#JuankadaJedi #JediBabes #papichulo #followerseveryone #highlightssfypシ゚viral",16,2/5/2026 20:00,mixed,https://www.facebook.com/reel/743524771886138/,1,0,Videos,,,,,Lifetime,1221,136,11,9,2,0,1607.376,4.218,0,10,10,,,0,,,0,0
1.2212E+17,6.1584E+13,Juankada Jedi,"quick selfie muna, jedi babes! 🩷 

#JuankadaJedi #JediBabes #Pink #ootd #NasanSiFyang",,0,2/5/2026 2:00,N/A,https://www.facebook.com/JuankadaJedi/posts/pfbid02wrubnvHj3mdj9eiqodAk5Ps22kvZJPG9y5fVzAHf8DF236RM8JsXfQGL9ECut2xel,0,0,Photos,,,,,Lifetime,749,326,11,11,0,0,,,,10,7,3,,0,,,,
1.2212E+17,6.1584E+13,Juankada Jedi,"masetala with juankada star! ung cuteness nalang namin i-mix mix namin 🙈

#JuankadaJedi #JediBabes #JuankadaStar #masetala #trendingreels #fyp #highlightseveryone #fypviralシ","masetala with juankada star! ung cuteness nalang namin i-mix mix namin 🙈

#JuankadaJedi #JediBabes #JuankadaStar #masetala #trendingreels #fyp #highlightseveryone #fypviralシ",14,2/4/2026 20:01,N/A,https://www.facebook.com/reel/1246655860706855/,1,0,Videos,,,,,Lifetime,1457,229,22,17,3,2,2914.654,5.829,0,16,16,,,0,,,0,0
1.2212E+17,6.1584E+13,Juankada Jedi,"pwede na ba sumali sa next concert ng Sexbomb? 

#JuankadaJedi #JediBabes #BAILE #fypシ゚ #trendingnow #trendingreel #followerseveryone #highlights #gloc9 #RochellePangilinan #JMFYANG","pwede na ba sumali sa next concert ng Sexbomb? 

#JuankadaJedi #JediBabes #BAILE #fypシ゚ #trendingnow #trendingreel #followerseveryone #highlights #gloc9 #RochellePangilinan #JMFYANG",47,2/4/2026 3:00,N/A,https://www.facebook.com/reel/755177487637808/,1,0,Videos,,,,,Lifetime,2311,193,17,7,0,10,3513.488,5.197,0,9,9,,,0,,,0,0
1.2212E+17,6.1584E+13,Juankada Jedi,"just keeping it sexy with a cute twist 😉

#JuankadaJedi #JediBabes #ootd #ootdfashion #styleph #fashionph #fitcheck #ootd",,0,2/3/2026 23:00,N/A,https://www.facebook.com/JuankadaJedi/posts/pfbid0RqfPpohEZ6uKdw2Mij5d4tFRJEQP9B2Av3MKg7eS67vESQ7CtvszqjuErW23VfG7l,0,0,Photos,,,,,Lifetime,388,177,10,6,2,2,,,,11,6,5,,0,,,,
1.2212E+17,6.1584E+13,Juankada Jedi,"shut uf with an f ka nalang! 😆

#JuankadaJedi #JediBabes #fbreels #reelsviral #fyp #trending #reelsph","shut uf with an f ka nalang! 😆

#JuankadaJedi #JediBabes #fbreels #reelsviral #fyp #trending #reelsph",16,2/3/2026 19:05,N/A,https://www.facebook.com/reel/886968197406650/,1,0,Videos,,,,,Lifetime,1180,107,6,5,1,0,1191.454,3.758,0,6,6,,,0,,,0,0
1.2212E+17,6.1584E+13,Juankada Jedi,"no big guy, no problem 💪🏻🩷

#JuankadaJedi #JediBabes #fyp #dancetrend #bigguy #trending","no big guy, no problem 💪🏻🩷

#JuankadaJedi #JediBabes #fyp #dancetrend #bigguy #trending",16,2/3/2026 6:00,N/A,https://www.facebook.com/reel/3966483833649726/,1,0,Videos,,,,,Lifetime,2150,95,10,9,1,0,1459.502,2.806,0,5,5,,,0,,,0,0
1.2212E+17,6.1584E+13,Juankada Jedi,"𝐬𝐨𝐧𝐠𝐞𝐫𝐢𝐬𝐭 muna yan shea after 𝐥𝐢𝐯𝐞! may 𝐫𝐞𝐪𝐮𝐞𝐬𝐭 ba kayo diyan, 𝐣𝐞𝐝𝐢 𝐛𝐚𝐛𝐞𝐬? 🙈

#Juan365Studios #JuankadaJedi #JediBabes #hurtssogood #astrids #karaoke","𝐬𝐨𝐧𝐠𝐞𝐫𝐢𝐬𝐭 muna yan shea after 𝐥𝐢𝐯𝐞! may 𝐫𝐞𝐪𝐮𝐞𝐬𝐭 ba kayo diyan, 𝐣𝐞𝐝𝐢 𝐛𝐚𝐛𝐞𝐬? 🙈

#Juan365Studios #JuankadaJedi #JediBabes #hurtssogood #astrids #karaoke",25,2/3/2026 3:00,N/A,https://www.facebook.com/reel/2774520276225797/,1,0,Videos,,,,,Lifetime,2178,115,13,10,3,0,1671.139,3.213,0,10,10,,,0,,,0,0
1.2212E+17,6.1584E+13,Juankada Jedi,"Feeling meow-del today 🐱🖤 𝐎𝐎𝐓𝐃 slay muna tayo!

#JuankadaJedi #JediBabes #OOTD #model #cat",,0,2/2/2026 19:27,N/A,https://www.facebook.com/JuankadaJedi/posts/pfbid02xEK5PQaTAmjrkYXAp35DSTKAvGyb6jUvykAQcowcdhetXJx46cjt5gYSRvx8fUpel,0,0,Photos,,,,,Lifetime,1238,593,27,14,2,11,,,,11,4,7,,0,1,,,
1.2212E+17,6.1584E+13,Juankada Jedi,😎🖤🤘✨,,0,2/2/2026 16:10,N/A,https://www.facebook.com/JuankadaJedi/posts/pfbid022JyLq3dLDQK4JM9deyhGTi8a5cCebHtMF68QRfet7hVJtZqBTURHR9hiHAJfdsHBl,0,1,Text,,,,,Lifetime,77,49,3,2,1,0,,,,3,3,,,0,,,,
1.2212E+17,6.1584E+13,Juankada Jedi,❤️‍🔥,,0,2/2/2026 14:49,N/A,https://www.facebook.com/JuankadaJedi/posts/pfbid09jNRvywJMK3sjnd6jqQpwCr6AqovoHZ8Mbk7gHLYy5LzJDu3tGB4ryWiqTYjRbtel,0,1,Photos,,,,,Lifetime,233,101,5,4,1,0,,,,5,1,4,,0,,,,
1.2212E+17,6.1584E+13,Juankada Jedi,"𝗞𝗮𝘆𝗼 ba, 𝗽𝗮𝗻𝗴𝗮𝗿𝗮𝗽 niyo rin bang masampal ng 𝗽𝗲𝗿𝗮? 🤣

#Juan365Studios #JuankadaJedi #JediBabes #trendingpost #relatablememe #kimchiu #kimpau #stella","𝗞𝗮𝘆𝗼 ba, 𝗽𝗮𝗻𝗴𝗮𝗿𝗮𝗽 niyo rin bang masampal ng 𝗽𝗲𝗿𝗮? 🤣

#Juan365Studios #JuankadaJedi #JediBabes #trendingpost #relatablememe #kimchiu #kimpau #stella",12,2/2/2026 6:00,N/A,https://www.facebook.com/reel/749886221109553/,1,0,Videos,,,,,Lifetime,2237,118,11,8,2,1,1592.298,2.869,0,3,3,,,0,,,0,0
1.2212E+17,6.1584E+13,Juankada Jedi,"Hindi ko maipaliwanag kung ba't marahil 𝗸𝗮𝘆𝗼 ang 𝗹𝗮𝗴𝗶𝗻𝗴 𝗵𝗶𝗻𝗮𝗵𝗮𝗻𝗮𝗽 𝗸𝗼, 𝗝𝗲𝗱𝗶 𝗕𝗮𝗯𝗲𝘀! 🥹

#Juan365Studios #JuankadaJedi #JediBabes #gayuma #trendingpost","Hindi ko maipaliwanag kung ba't marahil 𝗸𝗮𝘆𝗼 ang 𝗹𝗮𝗴𝗶𝗻𝗴 𝗵𝗶𝗻𝗮𝗵𝗮𝗻𝗮𝗽 𝗸𝗼, 𝗝𝗲𝗱𝗶 𝗕𝗮𝗯𝗲𝘀! 🥹

#Juan365Studios #JuankadaJedi #JediBabes #gayuma #trendingpost",16,2/2/2026 3:00,N/A,https://www.facebook.com/reel/27029486416638252/,1,0,Videos,,,,,Lifetime,2178,101,21,8,2,11,1139.888,2.13,0,5,5,,,0,,,0,0
1.22119E+17,6.1584E+13,Juankada Jedi,"𝑷𝑰𝑵𝑲 𝑪𝑶𝑸𝑼𝑬𝑻𝑻𝑬 𝑶𝑶𝑻𝑫 🎀 watch na kayo ng 𝑪𝑶𝑳𝑶𝑹 𝑮𝑨𝑴𝑬 𝑳𝑰𝑽𝑬, Jedi Babes! See youuu!

#Juan365Studios #JuankadaJedi #ootd #colormania",,0,2/1/2026 17:02,N/A,https://www.facebook.com/JuankadaJedi/posts/pfbid02SYBKNmoTYieF9HDPnjhqPb6DCp5WHdBE4otk87ZcU5vKUHgeDTNHAgsEsRMLyBqNl,0,0,Photos,,,,,Lifetime,487,201,12,10,2,0,,,,10,4,6,,0,,,,
1.22119E+17,6.1584E+13,Juankada Jedi,"𝐀𝐘𝐆 𝐏𝐀𝐓𝐀𝐊𝐀! May entry na rin ba kayo nitong sayaw, Jedi Babes? 💃🏻

 #Juan365Studios #JuankadaJedi #highlights #fypシ゚ #trendingpost #fypviralシ #aygpataka #dancetrend","𝐀𝐘𝐆 𝐏𝐀𝐓𝐀𝐊𝐀! May entry na rin ba kayo nitong sayaw, Jedi Babes? 💃🏻

 #Juan365Studios #JuankadaJedi #highlights #fypシ゚ #trendingpost #fypviralシ #aygpataka #dancetrend",16,2/1/2026 3:01,N/A,https://www.facebook.com/reel/1254749643218148/,1,0,Videos,,,,,Lifetime,1198,114,13,10,3,0,1496.814,4.508,0,13,13,,,0,,,0,0
1.22119E+17,6.1584E+13,Juankada Jedi,"New month, new opportunities… hello, February! 🌹

#Juan365Studios #JuankadaJedi #highlights #fypシ゚ #trendingpost #fypviralシ",,0,1/31/2026 20:52,N/A,https://www.facebook.com/JuankadaJedi/posts/pfbid0gHQwKUGQ5MCVXnCsW54NtNAiiM5DC422wuNxFq7rmmcAazHy4kSkB2dJEnzNTcNml,0,0,Photos,,,,,Lifetime,1048,499,12,10,2,0,,,,12,7,5,,0,,,,
1.22119E+17,6.1584E+13,Juankada Jedi,"Stealing hearts, one smile at a time
#Juan365Studios #JuankadaJedi #Juan365 #followerseveryonehighlights #highlights",,0,1/31/2026 16:23,N/A,https://www.facebook.com/photo.php?fbid=122119316355133214&set=a.122103321699133214&type=3,0,0,Photos,,,,,Lifetime,579,239,11,8,2,1,,,,4,3,1,,0,,,,
1.22119E+17,6.1584E+13,Juankada Jedi,"Spreading love, laughter, and a little bit of magic this Valentine’s 🌹✨
 #JuankadaJedi #Juan365Studios #followerseveryonehighlights #highlightsシ゚ #fypシ゚",,0,1/31/2026 16:21,N/A,https://www.facebook.com/photo.php?fbid=122119316151133214&set=a.122110480779133214&type=3,0,0,Photos,,,,,Lifetime,1,1,3,3,0,0,,,,0,,,,0,,,,
1.22119E+17,6.1584E+13,Juankada Jedi,"Stealing hearts, one smile at a time 💕

#Juan365Studios #JuankadaJedi #Juan365 #followerseveryonehighlights #fypシ゚ #highlightsシ゚",,0,1/31/2026 16:20,N/A,https://www.facebook.com/JuankadaJedi/posts/pfbid02Ne7YyFVypfUWkA7eudqeXSULGxHqxidvmijJPEcGj1SCVkmH3aouepKQ2aZ8AbrPl,0,0,Photos,,,,,Lifetime,982,552,25,22,2,1,,,,29,24,5,,0,,,,
1.22119E+17,6.1584E+13,Juankada Jedi,,,0,1/31/2026 15:11,N/A,https://www.facebook.com/JuankadaJedi/posts/pfbid0gkH846Hrcnm4E94DkoFJvVA7YgUeaNRKUPbCCSG47pAuAjnrNEUWsqYsnSLAzfudl,0,1,Text,,,,,Lifetime,53,48,1,1,0,0,,,,0,,,,0,,,,
1.22119E+17,6.1584E+13,Juankada Jedi,"𝐈𝐜𝐞 𝐢𝐧 𝐭𝐡𝐞 𝐚𝐢𝐫, 𝐟𝐢𝐫𝐞 𝐢𝐧 𝐦𝐞.❤️‍🔥❄️

#fypシ゚ #trendingnow #trendingreel #followerseveryone #highlights #Juan365 #Juan365Studios #JuankadaJed #lipsync #cosplay #cosplayers #CosplayersOfFacebook","𝐈𝐜𝐞 𝐢𝐧 𝐭𝐡𝐞 𝐚𝐢𝐫, 𝐟𝐢𝐫𝐞 𝐢𝐧 𝐦𝐞.❤️‍🔥❄️

#fypシ゚ #trendingnow #trendingreel #followerseveryone #highlights #Juan365 #Juan365Studios #JuankadaJed #lipsync #cosplay #cosplayers #CosplayersOfFacebook",16,1/31/2026 2:05,N/A,https://www.facebook.com/reel/780637071199943/,0,0,Videos,,,,,Lifetime,3423,2538,4,2,1,1,4781.612,1.975,0,6,6,,,0,,,0,0
1.22124E+17,6.15842E+13,Juankada Lance,"Hi everyone! It’s me, 𝐆𝐰𝐚𝐩𝐢𝐭𝐨 𝐧𝐚 𝐭𝐢𝐭𝐨 𝐉𝐮𝐚𝐧𝐤𝐚𝐝𝐚 𝐋𝐚𝐧𝐜𝐞 😎✨",,0,1/31/2026 9:41,N/A,https://www.facebook.com/photo.php?fbid=122124302811141442&set=a.122098327023141442&type=3,0,0,Photos,,,,,Lifetime,186,85,22,18,3,1,,,,11,10,1,,0,,,,
1.22124E+17,6.15842E+13,Juankada Lance,"𝐎𝐨𝐧𝐚 𝐬𝐢𝐠𝐞 𝐧𝐚 𝐀𝐈 𝐧𝐚😤

#Juan365Studios #Juan365ColorGame #JuankadaLance #foryourpage #reels #fyp #trending","𝐎𝐨𝐧𝐚 𝐬𝐢𝐠𝐞 𝐧𝐚 𝐀𝐈 𝐧𝐚😤

#Juan365Studios #Juan365ColorGame #JuankadaLance #foryourpage #reels #fyp #trending",26,1/31/2026 15:00,N/A,https://www.facebook.com/reel/2988755581321977/,1,0,Videos,,,,,Lifetime,1234,1052,9,9,0,0,10943.424,10.502,0,1,1,,,0,,,0,0
1.22124E+17,6.15842E+13,Juankada Lance,,,0,1/31/2026 15:07,N/A,https://www.facebook.com/permalink.php?story_fbid=pfbid02YudsQQ52DswyVMBMhmegeRT1d49dDpnNR7qrLvyDgDSeHc9TwokbTxwb3HMHiNuRl&id=61584243275518,0,1,Text,,,,,Lifetime,33,40,9,8,1,0,,,,3,3,,,0,,,,
1.22124E+17,6.15842E+13,Juankada Lance,"Bugoy na koykoy kabahan kana😁

#JuankadaLance #JuankadaEllise #JuankadaIkay #JuankadaCharm #foryourpage #fyp",,0,1/31/2026 20:00,N/A,https://www.facebook.com/permalink.php?story_fbid=pfbid02tPJfhZQfSKZXWzpfyHFTX9NoxXr4d6k3n4AFx7ej6gbVNL7VAZkEJ5PcxsNZ7qful&id=61584243275518,0,0,Photos,,,,,Lifetime,498,218,31,25,4,2,,,,24,20,4,,0,,,,
1.22124E+17,6.15842E+13,Juankada Lance,"𝐁𝐚'𝐭 𝐦𝐨𝐤𝐨 𝐩𝐢𝐧𝐢𝐠𝐢𝐥𝐚𝐧 𝐩𝐚𝐥𝐚𝐛𝐚𝐬 𝐧𝐚🤨

#JuankadaLance #Juan365Studios #foryoupagereels #reelsviralシ #fypviralシ","𝐁𝐚'𝐭 𝐦𝐨𝐤𝐨 𝐩𝐢𝐧𝐢𝐠𝐢𝐥𝐚𝐧 𝐩𝐚𝐥𝐚𝐛𝐚𝐬 𝐧𝐚🤨

#JuankadaLance #Juan365Studios #foryoupagereels #reelsviralシ #fypviralシ",13,2/1/2026 2:00,N/A,https://www.facebook.com/reel/1997156640829080/,1,0,Videos,,,,,Lifetime,102,58,18,14,4,0,646.105,9.23,0,11,11,,,0,,,0,0
1.22124E+17,6.15842E+13,Juankada Lance,"𝐒𝐢𝐧𝐨 𝐤𝐚𝐲𝐚 𝐚𝐧𝐠 𝐬𝐮𝐬𝐮𝐧𝐨𝐝 𝐧𝐚 𝐦𝐚𝐬𝐚𝐬𝐚𝐥𝐬𝐚👌

#JuankadaLance #Juan365Studios #foryoupagereels #reelsviralシ #fypviralシ",,0,2/1/2026 15:00,N/A,https://www.facebook.com/permalink.php?story_fbid=pfbid02SUnxWVQSmYn7rKURc7YFKwgqKG7PrVxiaEvK2xAFtyKHMvmdTuF7Pt4AFvq4ThnUl&id=61584243275518,0,0,Photos,,,,,Lifetime,159,85,15,12,2,1,,,,6,6,,,0,,,,
1.22125E+17,6.15842E+13,Juankada Lance,"𝐂𝐢𝐧𝐞𝐦𝐚𝐭𝐢𝐜 𝐦𝐨𝐝𝐞: 𝐎𝐍📸⚡

#JuankadaLance #Juan365Studios #trending #fypシ #foryourpage #reelsviralシ","𝐂𝐢𝐧𝐞𝐦𝐚𝐭𝐢𝐜 𝐦𝐨𝐝𝐞: 𝐎𝐍📸⚡

#JuankadaLance #Juan365Studios #trending #fypシ #foryourpage #reelsviralシ",30,2/2/2026 2:00,N/A,https://www.facebook.com/reel/1685818479492495/,1,0,Videos,,,,,Lifetime,69,55,10,8,2,0,430.537,7.297,0,9,9,,,0,,,0,0
1.22125E+17,6.15842E+13,Juankada Lance,Mga taga piga ng kalamansi🤣,,0,2/2/2026 13:28,N/A,https://www.facebook.com/permalink.php?story_fbid=pfbid02b2pommmhaoHY2DpcfHHFouv5fZTrjbBv3ftMsFJLL6UeakERyEvcKcRUpt9Z2mu7l&id=61584243275518,0,1,Photos,,,,,Lifetime,147,70,9,8,1,0,,,,11,5,6,,0,,,,
1.22125E+17,6.15842E+13,Juankada Lance,"𝐊𝐮𝐥𝐢𝐭𝐚𝐧, 𝐬𝐚𝐲𝐚, 𝐚𝐭 𝐠𝐨𝐨𝐝 𝐯𝐢𝐛𝐞𝐬 lang with these amazing peeps. 
Ready na ba kayo sa next level ng fun? Let’s go, 𝐉𝐮𝐚𝐧𝐤𝐚𝐝𝐚! 🎉✨

#Juan365 #Juan365Studios #ALLINJUANLIVE #Juan365ColorGame #JuankadaLance #JuankadaStar #JuankadaJedi #JuankadaZia",,0,2/2/2026 19:30,N/A,https://www.facebook.com/permalink.php?story_fbid=pfbid02qBYEz4F87vJ7FNu4SH7PMjc8rBccpQvvpVrrYBkq4t4PfVGHt6mkZwnapaUxSNasl&id=61584243275518,0,0,Photos,,,,,Lifetime,177,83,13,11,1,1,,,,4,4,,,0,,,,
1.22125E+17,6.15842E+13,Juankada Lance,"𝐉𝐮𝐚𝐧𝐤𝐚𝐝𝐚 𝐋𝐚𝐧𝐜𝐞 𝐌𝐞𝐧𝐭𝐚𝐥𝐢𝐭𝐲😎

#JuankadaLance #trending #fyp #reels #mentality","𝐉𝐮𝐚𝐧𝐤𝐚𝐝𝐚 𝐋𝐚𝐧𝐜𝐞 𝐌𝐞𝐧𝐭𝐚𝐥𝐢𝐭𝐲😎

#JuankadaLance #trending #fyp #reels #mentality",16,2/3/2026 2:00,N/A,https://www.facebook.com/reel/1415966463394212/,1,0,Videos,,,,,Lifetime,65,39,9,8,1,0,363.045,8.442,0,3,3,,,0,,,0,0
1.22125E+17,6.15842E+13,Juankada Lance,"𝐖𝐚𝐭𝐜𝐡 𝐭𝐢𝐥𝐥 𝐭𝐡𝐞 𝐞𝐧𝐝!🤣

 #JuankadaLance #fyp #reels #mentality #trending","𝐖𝐚𝐭𝐜𝐡 𝐭𝐢𝐥𝐥 𝐭𝐡𝐞 𝐞𝐧𝐝!🤣

 #JuankadaLance #fyp #reels #mentality #trending",16,2/3/2026 16:00,N/A,https://www.facebook.com/reel/1663409648357397/,1,0,Videos,,,,,Lifetime,63,41,6,5,1,0,254.867,5.309,0,2,2,,,0,,,0,0
1.22125E+17,6.15842E+13,Juankada Lance,"𝐀𝐧𝐚𝐤 𝐮𝐩𝐨 𝐤𝐚𝐣𝐚𝐧 𝐩𝐢𝐜𝐭𝐮𝐫𝐚𝐧 𝐤𝐢𝐭𝐚!📸

#JuankadaLance #picturechallenge #fyp #mentality #trending",,0,2/3/2026 20:00,N/A,https://www.facebook.com/permalink.php?story_fbid=pfbid02DmdB9FJcS9JfVfLaV1bQYNvQ5Jko33ZcUW3Bb8VgJ8DAn85UBvYdyCQRSzGEz1Sql&id=61584243275518,0,0,Photos,,,,,Lifetime,150,70,8,6,1,1,,,,2,2,,,0,,,,
1.22125E+17,6.15842E+13,Juankada Lance,"𝐓𝐢𝐦𝐢𝐝 𝐝𝐚𝐰? 𝐒𝐚𝐛𝐢 𝐧𝐠 𝐡𝐢𝐧𝐝𝐢 𝐩𝐚 𝐧𝐚𝐤𝐚𝐤𝐚𝐤𝐢𝐥𝐚𝐥𝐚.🤨

#JuankadaLance #fyp #trending #mentality #reels","𝐓𝐢𝐦𝐢𝐝 𝐝𝐚𝐰? 𝐒𝐚𝐛𝐢 𝐧𝐠 𝐡𝐢𝐧𝐝𝐢 𝐩𝐚 𝐧𝐚𝐤𝐚𝐤𝐚𝐤𝐢𝐥𝐚𝐥𝐚.🤨

#JuankadaLance #fyp #trending #mentality #reels",15,2/4/2026 2:00,N/A,https://www.facebook.com/reel/1565619361139917/,1,0,Videos,,,,,Lifetime,42,38,5,5,0,0,191.652,5.636,0,4,4,,,0,,,0,0
1.22125E+17,6.15842E+13,Juankada Lance,"𝐁𝐚𝐤𝐚 𝐧𝐚𝐠 𝐤𝐚𝐤𝐚𝐦𝐚𝐥𝐢 𝐤𝐚 𝐥𝐚𝐧𝐠 𝐧𝐠 𝐧𝐚𝐤𝐢𝐭𝐚.😃

 #JuankadaLance #mentality #fyp #reels #trending","𝐁𝐚𝐤𝐚 𝐧𝐚𝐠 𝐤𝐚𝐤𝐚𝐦𝐚𝐥𝐢 𝐤𝐚 𝐥𝐚𝐧𝐠 𝐧𝐠 𝐧𝐚𝐤𝐢𝐭𝐚.😃

 #JuankadaLance #mentality #fyp #reels #trending",16,2/4/2026 18:00,N/A,https://www.facebook.com/reel/1578893929990109/,1,0,Videos,,,,,Lifetime,72,42,9,6,3,0,473.782,9.289,0,7,7,,,0,,,0,0
1.22125E+17,6.15842E+13,Juankada Lance,"𝐌𝐨𝐫𝐞 𝐞𝐬𝐩𝐫𝐞𝐬𝐬𝐨, 𝐥𝐞𝐬𝐬 𝐝𝐞𝐩𝐫𝐞𝐬𝐬𝐨📸☕

#JuankadaLance #Juan365Studios  #coffeetime #fyp",,0,2/4/2026 23:00,N/A,https://www.facebook.com/permalink.php?story_fbid=pfbid02HYhZ3oJWk44apyTgYZyi9WWy12WJ78nFTsxV6CF3byHAmGHuNxEJiaZ7cf781PNdl&id=61584243275518,0,0,Photos,,,,,Lifetime,106,51,6,5,0,1,,,,0,,,,0,,,,
1.22125E+17,6.15842E+13,Juankada Lance,"𝐊𝐮𝐧𝐠 𝐭𝐢𝐧𝐢𝐠𝐢𝐝𝐢𝐠 𝐭𝐢𝐠𝐢𝐝𝐢𝐠 𝐧𝐚𝐥𝐚𝐧𝐠 𝐩𝐚𝐥𝐚 𝐤𝐢𝐭𝐚🤣

#JuankadaLance  #fyp #coffeetime #reels #trending #mentality #throwback","𝐊𝐮𝐧𝐠 𝐭𝐢𝐧𝐢𝐠𝐢𝐝𝐢𝐠 𝐭𝐢𝐠𝐢𝐝𝐢𝐠 𝐧𝐚𝐥𝐚𝐧𝐠 𝐩𝐚𝐥𝐚 𝐤𝐢𝐭𝐚🤣

#JuankadaLance  #fyp #coffeetime #reels #trending #mentality #throwback",21,2/5/2026 2:00,N/A,https://www.facebook.com/reel/1305082931423051/,1,0,Videos,,,,,Lifetime,77,51,8,6,2,0,502.936,8.981,0,6,6,,,0,,,0,0
1.22125E+17,6.15842E+13,Juankada Lance,"𝐒𝐪𝐮𝐚𝐝 𝐢𝐧, 𝐬𝐭𝐫𝐞𝐬𝐬 𝐨𝐮𝐭. 🔥

#JuankadaLance #JuankadaLigaya #JuankadaJedi #JuankadaAlexchoozy #picture #squad #fyp",,0,2/5/2026 20:00,N/A,https://www.facebook.com/permalink.php?story_fbid=pfbid02F3tStJATZjXmKpkLkiMrp74t1kTXriSWofDkUAYUx8UgeAQdysukRx6DXn5naqE6l&id=61584243275518,0,0,Photos,,,,,Lifetime,207,98,10,7,2,1,,,,5,5,,,0,,,,
1.22125E+17,6.15842E+13,Juankada Lance,"𝐁𝐞𝐡𝐢𝐧𝐝 𝐞𝐯𝐞𝐫𝐲 𝐫𝐞𝐬𝐮𝐥𝐭 𝐢𝐬 𝐚 𝐩𝐫𝐨𝐜𝐞𝐬𝐬 𝐧𝐨𝐛𝐨𝐝𝐲 𝐜𝐥𝐚𝐩𝐬 𝐟𝐨𝐫.

#JuankadaLance #trending #fyp #reels","𝐁𝐞𝐡𝐢𝐧𝐝 𝐞𝐯𝐞𝐫𝐲 𝐫𝐞𝐬𝐮𝐥𝐭 𝐢𝐬 𝐚 𝐩𝐫𝐨𝐜𝐞𝐬𝐬 𝐧𝐨𝐛𝐨𝐝𝐲 𝐜𝐥𝐚𝐩𝐬 𝐟𝐨𝐫.

#JuankadaLance #trending #fyp #reels",16,2/6/2026 2:00,N/A,https://www.facebook.com/reel/747411145113482/,1,0,Videos,,,,,Lifetime,177,156,10,8,2,0,717.67,4.571,0,10,10,,,0,,,0,0
1.22125E+17,6.15842E+13,Juankada Lance,"Unli sa panalo, Unli sa saya? dito lang yan sa 𝐉𝐮𝐚𝐧𝟑𝟔𝟓 𝐂𝐨𝐥𝐨𝐫 𝐆𝐚𝐦𝐞 𝐋𝐢𝐯𝐞🦾

#Juan365 #JuankadaLance #Juan365ColorGame #reels","Unli sa panalo, Unli sa saya? dito lang yan sa 𝐉𝐮𝐚𝐧𝟑𝟔𝟓 𝐂𝐨𝐥𝐨𝐫 𝐆𝐚𝐦𝐞 𝐋𝐢𝐯𝐞🦾

#Juan365 #JuankadaLance #Juan365ColorGame #reels",11,2/6/2026 16:00,mixed,https://www.facebook.com/reel/1400785118192532/,1,0,Videos,,,,,Lifetime,59,42,8,8,0,0,228.684,5.318,0,0,,,,0,,,0,0
1.22125E+17,6.15842E+13,Juankada Lance,"𝐀𝐋𝐋 𝐈𝐍 𝐉𝐔𝐀𝐍 𝐒𝐀 𝐒𝐀𝐘𝐀! dito lang sa  𝐉𝐮𝐚𝐧𝟑𝟔𝟓 𝐂𝐎𝐋𝐎𝐑 𝐆𝐀𝐌𝐄 𝐋𝐈𝐕𝐄!

#Juan365 #JuankadaLance #Juan365ColorGame",,0,2/6/2026 20:00,N/A,https://www.facebook.com/permalink.php?story_fbid=pfbid029DZ8xRzfUUU5Pkz7Ki8RQbFxwd3vxndxi5cBMxNyk8gzB8M6ynqbkorQfwZ5w8aRl&id=61584243275518,0,0,Photos,,,,,Lifetime,175,83,12,9,2,1,,,,4,3,1,,0,,,,
1.22125E+17,6.15842E+13,Juankada Lance,"𝐎𝐮𝐭𝐟𝐢𝐭 𝐜𝐡𝐞𝐜𝐤! 𝐜𝐡𝐞𝐜𝐤 𝐦𝐲 𝐭𝐢𝐭𝐨 𝐯𝐢𝐛𝐞𝐬 𝐨𝐮𝐭𝐟𝐢𝐭😎

#JuankadaLance #outfitcheck #ootd #saturday  #fyp","𝐎𝐮𝐭𝐟𝐢𝐭 𝐜𝐡𝐞𝐜𝐤! 𝐜𝐡𝐞𝐜𝐤 𝐦𝐲 𝐭𝐢𝐭𝐨 𝐯𝐢𝐛𝐞𝐬 𝐨𝐮𝐭𝐟𝐢𝐭😎

#JuankadaLance #outfitcheck #ootd #saturday  #fyp",22,2/7/2026 3:00,N/A,https://www.facebook.com/reel/1894852811417462/,1,0,Videos,,,,,Lifetime,104,99,13,9,4,0,577.134,6.139,0,6,6,,,0,,,0,0
1.22125E+17,6.15842E+13,Juankada Lance,"𝐖𝐢𝐧𝐧𝐢𝐧𝐠 𝐣𝐚𝐜𝐤𝐩𝐨𝐭 𝐚𝐟𝐭𝐞𝐫 𝐣𝐚𝐜𝐤𝐩𝐨𝐭! 🔥💯

#JuankadaLance #goodvibes  #sunday #trending #fyp","𝐖𝐢𝐧𝐧𝐢𝐧𝐠 𝐣𝐚𝐜𝐤𝐩𝐨𝐭 𝐚𝐟𝐭𝐞𝐫 𝐣𝐚𝐜𝐤𝐩𝐨𝐭! 🔥💯

#JuankadaLance #goodvibes  #sunday #trending #fyp",20,2/7/2026 15:30,N/A,https://www.facebook.com/reel/896197229995621/,1,0,Videos,,,,,Lifetime,68,49,6,5,1,0,317.849,5.886,0,5,5,,,0,,,0,0
1.22125E+17,6.15842E+13,Juankada Lance,"𝐱𝟏𝟓 𝐧𝐚 𝐩𝐚𝐧𝐚𝐥𝐨, 𝐧𝐨𝐭 𝐛𝐚𝐝! 😎
Kaya ikaw, wag palampasin ang chance mo sa Juan365! 🔥 

#JuankadaLance #Juan365ColorGame #sunday #trending #fyp #picture",,0,2/7/2026 20:00,N/A,https://www.facebook.com/permalink.php?story_fbid=pfbid0ibXKQM5e7XWmJpUpj4UQccQ8iFBpkkJPp16YZi9426YiccebWttEEDbKQCazNopcl&id=61584243275518,0,0,Photos,,,,,Lifetime,178,81,13,9,3,1,,,,10,9,1,,0,,,,
1.22125E+17,6.15842E+13,Juankada Lance,"𝐇𝐢, 𝐢𝐭’𝐬 𝐦𝐞  𝐆𝐰𝐚𝐩𝐢𝐭𝐨𝐧𝐠 𝐓𝐢𝐭𝐨, 𝐉𝐮𝐚𝐧𝐤𝐚𝐝𝐚 𝐋𝐚𝐧𝐜𝐞! 😎
Umuulan ng panalo ngayon sa Juan365! 🎰✨

#JuankadaLance #Juan365ColorGame #sunday #trending #fyp #reels","𝐇𝐢, 𝐢𝐭’𝐬 𝐦𝐞  𝐆𝐰𝐚𝐩𝐢𝐭𝐨𝐧𝐠 𝐓𝐢𝐭𝐨, 𝐉𝐮𝐚𝐧𝐤𝐚𝐝𝐚 𝐋𝐚𝐧𝐜𝐞! 😎
Umuulan ng panalo ngayon sa Juan365! 🎰✨

#JuankadaLance #Juan365ColorGame #sunday #trending #fyp #reels",12,2/8/2026 2:00,N/A,https://www.facebook.com/reel/884002881049300/,1,0,Videos,,,,,Lifetime,64,56,7,6,1,0,221.572,4.18,0,4,4,,,0,,,0,0
1.22125E+17,6.15842E+13,Juankada Lance,"Monday feels like: 🤯

#JuankadaLance #reels #fyp #trending #monday #relate","Monday feels like: 🤯

#JuankadaLance #reels #fyp #trending #monday #relate",14,2/8/2026 16:00,N/A,https://www.facebook.com/reel/884374041069928/,1,0,Videos,,,,,Lifetime,176,136,14,10,4,0,1011.488,7.437,0,3,3,,,0,,,0,0
1.22125E+17,6.15842E+13,Juankada Lance,"Yellow fits, happy hits 💛🌼

#JuankadaLance #JuankadaIkay #JuankadaCharm #JuankadaEllise #happy #squadgoal",,0,2/8/2026 20:00,N/A,https://www.facebook.com/permalink.php?story_fbid=pfbid0fqRNmzzwHXZ93LgxX87i3AefRjhvD4SQfXjBZfrXbsHhvbXdHNCN9i8owRvuHcwpl&id=61584243275518,0,0,Photos,,,,,Lifetime,212,109,13,10,2,1,,,,10,9,1,,0,,,,
1.22125E+17,6.15842E+13,Juankada Lance,"Kulitan with Shann🤪

#JuankadaLance #JuankadaShann #reels #fyp #trending #monday","Kulitan with Shann🤪

#JuankadaLance #JuankadaShann #reels #fyp #trending #monday",13,2/9/2026 2:30,N/A,https://www.facebook.com/reel/1570750624179458/,1,0,Videos,,,,,Lifetime,112,90,13,11,2,0,523.409,6.086,0,8,8,,,0,,,0,0
1.22126E+17,6.15842E+13,Juankada Lance,"Clean fit💪

#JuankadaLance #ootd #fitcheck  #fyp","Clean fit💪

#JuankadaLance #ootd #fitcheck  #fyp",21,2/9/2026 16:00,N/A,https://www.facebook.com/reel/2366774453836960/,1,0,Videos,,,,,Lifetime,124,95,18,15,3,0,688.444,6.816,0,5,5,,,0,,,0,0
1.22126E+17,6.15842E+13,Juankada Lance,"As for me, all i know is that i know nothing -Socrates

#JuankadaLance #fyp #fitcheck #happy #life",,0,2/9/2026 20:00,N/A,https://www.facebook.com/permalink.php?story_fbid=pfbid0FvLsmv7Q4YyFaaespmLp9VSkMZvTuvQP3Hiv5pVfJwqzgyW4r2CHVrPLjGqHvykil&id=61584243275518,0,0,Photos,,,,,Lifetime,146,77,11,9,1,1,,,,2,,2,,0,,,,
1.22126E+17,6.15842E+13,Juankada Lance,"Happiness isn’t luck, it’s a habit.😇

 #JuankadaLance #fyp #fitcheck #ootd #trending","Happiness isn’t luck, it’s a habit.😇

 #JuankadaLance #fyp #fitcheck #ootd #trending",9,2/10/2026 2:30,N/A,https://www.facebook.com/reel/2193941158011586/,1,0,Videos,,,,,Lifetime,81,62,13,12,1,0,291.025,4.547,0,4,4,,,0,,,0,0
1.22126E+17,6.15842E+13,Juankada Lance,"Apateu apateu, apateu apateu✨🎶

#JuankadaLance #apateu #fyp","Apateu apateu, apateu apateu✨🎶

#JuankadaLance #apateu #fyp",16,2/11/2026 2:26,N/A,https://www.facebook.com/reel/1280863984088972/,0,0,Videos,,,,,Lifetime,79,55,13,11,2,0,353.519,5.795,0,4,4,,,0,,,0,0
1.22126E+17,6.15842E+13,Juankada Lance,"Hi! It’s your gwapitong tito, Juankada Lance! 💪🔥

Alam mo ba kung ano ang mga pwedeng mapanalunan sa Color Game dito sa Juan365? Tara, alamin natin at baka ikaw na ang next winner! 🎉

#Juan365 #JuankadaLance #reelsviral #trending","Hi! It’s your gwapitong tito, Juankada Lance! 💪🔥

Alam mo ba kung ano ang mga pwedeng mapanalunan sa Color Game dito sa Juan365? Tara, alamin natin at baka ikaw na ang next winner! 🎉

#Juan365 #JuankadaLance #reelsviral #trending",45,2/11/2026 6:10,N/A,https://www.facebook.com/reel/950859817368885/,0,0,Videos,,,,,Lifetime,55,49,7,6,1,0,203.51,4.153,0,3,3,,,0,,,0,0
1.22126E+17,6.15842E+13,Juankada Lance,"Hi! It’s your gwapitong tito, Juankada Lance! 💪🔥

Alam mo ba kung ano ang mga pwedeng mapanalunan sa Color Game dito sa Juan365? Tara, alamin natin at baka ikaw na ang next winner! 🎉

#Juan365 #JuankadaLance #reelsviral #trending","Hi! It’s your gwapitong tito, Juankada Lance! 💪🔥

Alam mo ba kung ano ang mga pwedeng mapanalunan sa Color Game dito sa Juan365? Tara, alamin natin at baka ikaw na ang next winner! 🎉

#Juan365 #JuankadaLance #reelsviral #trending",45,2/11/2026 8:03,N/A,https://www.facebook.com/reel/942634911955938/,0,0,Videos,,,,,Lifetime,67,55,8,8,0,0,292.445,4.794,0,0,,,,0,,,0,0
1.22126E+17,6.15842E+13,Juankada Lance,"Good morning sa lahat ng may ambag sa mundo 🤣☀️

#JuankadaLance #morningvibes #trending","Good morning sa lahat ng may ambag sa mundo 🤣☀️

#JuankadaLance #morningvibes #trending",16,2/11/2026 14:49,N/A,https://www.facebook.com/reel/1248746383868482/,0,0,Videos,,,,,Lifetime,112,89,21,16,5,0,686.252,7.798,0,10,10,,,0,,,0,0
1.22126E+17,6.15842E+13,Juankada Lance,"🎉 𝐇𝐀𝐏𝐏𝐘 𝟏.𝟓𝐊 𝐅𝐎𝐋𝐋𝐎𝐖𝐄𝐑𝐒, 𝐉𝐔𝐀𝐍𝐊𝐀𝐃𝐀! 🎉

Maraming salamat sa walang sawang suporta! 💙 Dahil sa inyo, mas lumalakas at mas sumasaya ang Juan365 Studios community!

#Juan365 #Juan365Studios #Juan365ColorGame #Allinjuansasaya #JuankadaLance",,0,2/12/2026 18:00,N/A,https://www.facebook.com/permalink.php?story_fbid=pfbid02nLJbNBh1f3AsgRX9gGRHxDca6caZDNmoUSZmxh466yMGH2iGWKm9rchhyD68zjGNl&id=61584243275518,0,0,Photos,,,,,Lifetime,2090,703,62,48,10,4,,,,77,65,12,,0,,,,
1.22126E+17,6.15842E+13,Juankada Lance,"Hindi to tama! mali to! 😳

#JuankadaLance #funny #comedy #reels","Hindi to tama! mali to! 😳

#JuankadaLance #funny #comedy #reels",16,2/13/2026 2:00,N/A,https://www.facebook.com/reel/664837946686701/,1,0,Videos,,,,,Lifetime,86,68,11,8,3,0,475.751,6.996,0,11,11,,,0,,,0,0
1.22126E+17,6.15842E+13,Juankada Lance,"Masaya sila diko alam bakit 🥱👻

#JuankadaLance #JuankadaLigaya #JuankadaStar #JuankadaAlexchoozy #valentinesday #squad",,0,2/14/2026 2:27,N/A,https://www.facebook.com/permalink.php?story_fbid=pfbid0zCmN32SRXiRch7XwCqL25ex2venCkAXXBCTQYvysABLaQPZpAvF4dU7qn6FnjAykl&id=61584243275518,0,0,Photos,,,,,Lifetime,248,119,13,8,4,1,,,,15,12,3,,0,,,,
1.22126E+17,6.15842E+13,Juankada Lance,"Tara! KwentuJUAN!😎

Humihina nanga ba ang GILAS? ikaw sa tingin mo?

#JuankadaLance #GilasPilipinas #basketball #ballislife","Tara! KwentuJUAN!😎

Humihina nanga ba ang GILAS? ikaw sa tingin mo?

#JuankadaLance #GilasPilipinas #basketball #ballislife",42,2/14/2026 5:12,N/A,https://www.facebook.com/reel/4305228719739312/,0,0,Videos,,,,,Lifetime,201,169,5,5,0,0,1335.438,7.631,0,1,1,,,0,,,0,0
1.22126E+17,6.15842E+13,Juankada Lance,"Tara! KwentuJUAN!😎

Totoo ba suplado si aljur?

#JuankadaLance #AljurAbrenica #interview #fypageシ","Tara! KwentuJUAN!😎

Totoo ba suplado si aljur?

#JuankadaLance #AljurAbrenica #interview #fypageシ",92,2/15/2026 2:30,N/A,https://www.facebook.com/reel/890537813868944/,1,0,Videos,,,,,Lifetime,59,52,5,4,1,0,695.142,13.63,0,8,8,,,0,,,0,0
1.22126E+17,6.15842E+13,Juankada Lance,"Juankada host Drae tayo ka jaan nak picturan kita!😎

#JuankadaLance #JuankadaDrae #Juan365 #fypageシ",,0,2/15/2026 5:04,N/A,https://www.facebook.com/permalink.php?story_fbid=pfbid02Jy9tW3mTVy9W2EaJTGRfBm89hgNd4dg3n5MzS71EBGKEqbGHgfq1EVe9aisB3rTBl&id=61584243275518,0,0,Photos,,,,,Lifetime,335,140,27,13,13,1,,,,31,25,6,,0,,,,
1.22126E+17,6.15842E+13,Juankada Lance,Gusto niyo paba?!🤣,,0,2/15/2026 11:08,N/A,https://www.facebook.com/permalink.php?story_fbid=pfbid028cpsDyzLFg8DY6XC7Sfv4LqC4g6JNJ29gCQkbmPNKqUvVsMNUu6uti9j6m6bt5FGl&id=61584243275518,0,1,Videos,,,,,Lifetime,41,40,9,6,3,0,,,,8,8,,,0,,,,
1.22126E+17,6.15842E+13,Juankada Lance,"Tara! KwentuJUAN! 😎

Basta pag sinabeng tondo?

#JuankadaLance #tondo #interview #basketball","Tara! KwentuJUAN! 😎

Basta pag sinabeng tondo?

#JuankadaLance #tondo #interview #basketball",104,2/16/2026 2:30,N/A,https://www.facebook.com/reel/874026945448751/,1,0,Videos,,,,,Lifetime,55,40,6,5,1,0,646.575,14.055,0,5,5,,,0,,,0,0
1.22126E+17,6.15842E+13,Juankada Lance,"Moments before the disaster… 👀  check comment para sa video! abangan part 2 🍿

#JuankadaLance #prank #funny #Juankada",,0,2/16/2026 20:00,N/A,https://www.facebook.com/permalink.php?story_fbid=pfbid032CrZvUTno478PEWcGncdFTgWCXQCyWgcuTdn23ppfkycQQ1oJEGRe9WqLS9D1d7Bl&id=61584243275518,0,0,Photos,,,,,Lifetime,204,87,14,9,4,1,,,,22,14,8,,0,,,,
1.22126E+17,6.15842E+13,Juankada Lance,"Tara! KwentuJUAN! 😎

New gen GILAS ngaba or old gen?

#JuankadaLance #gilaspilipinas #interview #basketball","Tara! KwentuJUAN! 😎

New gen GILAS ngaba or old gen?

#JuankadaLance #gilaspilipinas #interview #basketball",55,2/17/2026 2:30,N/A,https://www.facebook.com/reel/961659172864190/,1,0,Videos,,,,,Lifetime,52,40,10,9,1,0,376.011,8.545,0,5,5,,,0,,,0,0
1.22127E+17,6.15842E+13,Juankada Lance,"Tara! KwentuJUAN!😎

Health advice for everyJUAN! Keep in mind that…

👉 Ang katawan mo ang puhunan mo.
Alagaan mo ngayon, para panalo bukas. 💪✨

#JuankadaLance #lifestyle #lifeadvice #healthy #fyp","Tara! KwentuJUAN!😎

Health advice for everyJUAN! Keep in mind that…

👉 Ang katawan mo ang puhunan mo.
Alagaan mo ngayon, para panalo bukas. 💪✨

#JuankadaLance #lifestyle #lifeadvice #healthy #fyp",118,2/18/2026 2:30,N/A,https://www.facebook.com/reel/2358072177952349/,1,0,Videos,,,,,Lifetime,45,37,8,6,2,0,377.116,9.427,0,6,6,,,0,,,0,0
1.22127E+17,6.15842E+13,Juankada Lance,"Eto nayung sign na mag color game ka👌

#JuankadaLance #JuankadaLigaya #JuankadaJedi #JuankadaAlexchoozy #Juan365",,0,2/18/2026 7:52,N/A,https://www.facebook.com/permalink.php?story_fbid=pfbid0VtMY36yonLBmbgKnHh7T89ZVWjXrubEvzUD65FrAgtgYhZevvNLCt6dkQ1EH2gCUl&id=61584243275518,0,0,Photos,,,,,Lifetime,191,94,12,10,1,1,,,,9,7,2,,0,,,,
1.22127E+17,6.15842E+13,Juankada Lance,"Tara! KwentuJUAN!✨
Throw back bago mag Juan365😎

#JuankadaLance #lifeadvice #healthadvice #trending","Tara! KwentuJUAN!✨
Throw back bago mag Juan365😎

#JuankadaLance #lifeadvice #healthadvice #trending",113,2/18/2026 15:30,uploaded,https://www.facebook.com/reel/2358771757902740/,1,0,Videos,,,,,Lifetime,122,108,6,6,0,0,684.856,6.06,0,6,6,,,0,,,0,0
1.22127E+17,6.15842E+13,Juankada Lance,"Alam mo na ba kung gaano kalaki ang jackpot sa Juan365? 👀

Kung hindi pa… panoorin mo ‘to at ma-amaze ka sa laki ng prize pool! 🥳

#Juan365 #JuankadaLance #JackpotAlert #ExcitedNa #OnlineFun","Alam mo na ba kung gaano kalaki ang jackpot sa Juan365? 👀

Kung hindi pa… panoorin mo ‘to at ma-amaze ka sa laki ng prize pool! 🥳

#Juan365 #JuankadaLance #JackpotAlert #ExcitedNa #OnlineFun",75,2/19/2026 20:30,uploaded,https://www.facebook.com/reel/1607046130420458/,1,0,Videos,,,,,Lifetime,91,69,6,5,1,0,837.186,10.464,0,5,5,,,0,,,0,0
1.22127E+17,6.15842E+13,Juankada Lance,"Parang si Alexchoozy yung naka blond😜

#JuankadaLance #Juankada #trending #fyp",,0,2/20/2026 6:59,N/A,https://www.facebook.com/permalink.php?story_fbid=pfbid0354CXVK8aM9tU5d9HmJam1N94CnPKokdqGyT1WE7ogqMgyAQA1muLNdqGPsNXtqXBl&id=61584243275518,0,0,Photos,,,,,Lifetime,469,231,23,18,3,2,,,,23,20,3,,0,,,,
1.22127E+17,6.15842E+13,Juankada Lance,"Tara! KwentuJUAN!😎

Your health matters too  a little sunlight, fresh air, and a clear mind do wonders for both body and soul. 🌿💛

#JuankadaLance #lifeadvice #healthiswealth #health","Tara! KwentuJUAN!😎

Your health matters too  a little sunlight, fresh air, and a clear mind do wonders for both body and soul. 🌿💛

#JuankadaLance #lifeadvice #healthiswealth #health",113,2/20/2026 16:00,mixed,https://www.facebook.com/reel/903795752357368/,1,0,Videos,,,,,Lifetime,135,110,11,7,4,0,849.972,7.203,0,10,10,,,0,,,0,0
1.22127E+17,6.15842E+13,Juankada Lance,"Naki picture sa next shift kasi why not...

#JuankadaLance #Juan365 #sundayvibes #sundaymorning",,0,2/21/2026 14:44,N/A,https://www.facebook.com/permalink.php?story_fbid=pfbid0TDbzbvXAHMsK3CFGovkzx2DstNLbPPfEWqbEZ2BzQUFZNm3GkRHgqTx9PcPUZYnjl&id=61584243275518,0,0,Photos,,,,,Lifetime,170,67,13,9,3,1,,,,6,4,2,,0,,,,
1.22127E+17,6.15842E+13,Juankada Lance,"Golf nga eh, kayo naman si pa-cute!

#Juan365 #JuankadaLance #Juankada #fyp",,0,2/22/2026 18:00,N/A,https://www.facebook.com/permalink.php?story_fbid=pfbid02ZuWxraSURB6KMZGEdA43Hpo7Mp3nCVXJZ2jwNKwLQetdxAkGBWyN1dcrWjFL2s4Hl&id=61584243275518,0,0,Photos,,,,,Lifetime,170,75,18,8,9,1,,,,17,10,7,,0,,,,
1.22127E+17,6.15842E+13,Juankada Lance,"Manifesting that Jackpot energy today. ⚡️💎

#Juan365 #JuankadaLance #Juankada #fortune","Manifesting that Jackpot energy today. ⚡️💎

#Juan365 #JuankadaLance #Juankada #fortune",30,2/22/2026 21:30,N/A,https://www.facebook.com/reel/26489812553970334/,1,0,Videos,,,,,Lifetime,87,81,8,7,0,1,302.35,3.876,0,1,1,,,0,,,0,0
1.22127E+17,6.15842E+13,Juankada Lance,"Sorry na Juankada Ellise, taas mo paala tumalon😅😂

#Juan365 #JuankadaLance #Juankada #prank","Sorry na Juankada Ellise, taas mo paala tumalon😅😂

#Juan365 #JuankadaLance #Juankada #prank",43,2/23/2026 21:30,mixed,https://www.facebook.com/reel/1244484433773970/,1,0,Videos,,,,,Lifetime,249,208,9,7,2,0,1803.456,8.197,0,8,8,,,0,,,0,0
1.22127E+17,6.15842E+13,Juankada Lance,"𝐓𝐚𝐠𝐚𝐥 𝐧𝐚𝐦𝐚𝐧 𝐧𝐠 𝐝𝐚𝐭𝐞 𝐤𝐨😕

#Juan365 #JuankadaLance #coffee #date",,0,2/24/2026 16:00,N/A,https://www.facebook.com/permalink.php?story_fbid=pfbid0UoENmxk5BZMNWQpx2yMGdPfeQWy12GrbnqVhwSuS9cjqb7TWR6sRsufJd963wyDtl&id=61584243275518,0,0,Photos,,,,,Lifetime,99,59,10,9,0,1,,,,1,1,,,0,,,,
1.22128E+17,6.15842E+13,Juankada Lance,"Ilan kaya buhok ko sa legs pag inisa isa?

#JuankadaLance #questionoftheday #coffee",,0,2/24/2026 19:00,N/A,https://www.facebook.com/permalink.php?story_fbid=pfbid0UgTf3Px3d5CdiHLperwdq9GqcP5qQWhpZD87SYWrquUinnWCCBEtz6RCPBNPcp21l&id=61584243275518,0,0,Photos,,,,,Lifetime,201,89,22,16,5,1,,,,19,16,3,,0,,,,
1.22128E+17,6.15842E+13,Juankada Lance,"Kati ng ulo ko magkakapera ata ako!🤩

#JuankadaLance #MoneyFest #coffee  #sanaol",,0,2/24/2026 23:30,N/A,https://www.facebook.com/permalink.php?story_fbid=pfbid0314EgycSAebBjvrp5edPT8L3Kwdo4XFKezM7Z9hh97zdc5xUNFZvCt3ixj8wGropBl&id=61584243275518,0,0,Photos,,,,,Lifetime,106,58,8,5,2,1,,,,1,,1,,0,,,,
1.22128E+17,6.15842E+13,Juankada Lance,"Day off vibes😎

#JuankadaLance #dayoff #chillvibes","Day off vibes😎

#JuankadaLance #dayoff #chillvibes",12,2/25/2026 3:00,N/A,https://www.facebook.com/reel/2476159582839301/,1,0,Videos,,,,,Lifetime,63,45,12,9,3,0,302.644,6.878,0,8,8,,,0,,,0,0
1.22128E+17,6.15842E+13,Juankada Lance,"pasensya na bro nadale ka 😂 

#Juan365 #JuankadaLance #JuankadaGeoff #kulitan #tawanan #funnyvideos","pasensya na bro nadale ka 😂 

#Juan365 #JuankadaLance #JuankadaGeoff #kulitan #tawanan #funnyvideos",33,2/25/2026 14:30,N/A,https://www.facebook.com/reel/1215672867443278/,1,0,Videos,,,,,Lifetime,237,188,13,9,4,0,1917.517,9.308,0,8,8,,,0,,,0,0
1.22128E+17,6.15842E+13,Juankada Lance,"Masyadong malamig painitin kita?

#Juan365 #JuankadaLance #japan #cold",,0,2/25/2026 19:00,N/A,https://www.facebook.com/permalink.php?story_fbid=pfbid08LmoRQwdDZBHsdMUkgyvTKqj5oKErf22S7f56RwP1UXFLUap4B5G38bjPnQEpa2Yl&id=61584243275518,0,0,Photos,,,,,Lifetime,130,57,11,8,2,1,,,,8,8,,,0,,,,
1.22128E+17,6.15842E+13,Juankada Lance,"Nasaan kanaba?!

#Juan365 #JuankadaLance #snow #japan",,0,2/26/2026 20:00,N/A,https://www.facebook.com/permalink.php?story_fbid=pfbid0Ns7MZMaDteeovZNvz9Wp3VHBCpRtz1qMkUxbyPuCDNoFJxDum2mZaEmXyiAjQNeql&id=61584243275518,0,0,Photos,,,,,Lifetime,103,49,7,4,2,1,,,,4,3,1,,0,,,,
1.22128E+17,6.15842E+13,Juankada Lance,"Feel na feel mag kape pag nasa opis😂

#Juan365 #JuankadaLance #reels #coffee","Feel na feel mag kape pag nasa opis😂

#Juan365 #JuankadaLance #reels #coffee",25,2/27/2026 2:30,N/A,https://www.facebook.com/reel/1304721775039392/,1,0,Videos,,,,,Lifetime,71,52,8,7,1,0,476.157,8.502,0,11,11,,,0,,,0,0
1.22128E+17,6.15842E+13,Juankada Lance,"ANG SEKRETO SA LIKOD NG SUCCESS KO SA JAPAN! 🇯🇵✨

Maraming nagtatanong sa akin, ""Paano ka nakakarating sa Sapporo? Paano ka nakakaporma nang ganyan na parang CEO sa mirror selfie mo?"" 👔 Nakita niyo naman yung background—mga neon lights, yung wheel of fortune, yung aura na pang-global brand ambassador. 🎰🕶

Akala ng marami, pinag-isipan ko ‘to nang mabuti. Akala nila, may deep meaning bawat caption at bawat anggulo ng kuha ko. Pero dahil bawal ang gatekeeping dito, sasabihin ko na ang katotohanan. Ready na ba kayo sa pasabog? 💣

Ang totoo niyan...

Ganto, clickbait lang 'to kasi copy paste ko lang talaga 'to. 😂📈

#JuankadaLance #thankyouforyoursupport #japan",,0,2/27/2026 18:30,N/A,https://www.facebook.com/permalink.php?story_fbid=pfbid02GUzjmHsrDGuYvDR36AqHkBLcV8SmtRJiuwX5QefkEUVfkE34VVVM8jVA7A3xUCjkl&id=61584243275518,0,0,Photos,,,,,Lifetime,147,77,4,2,1,1,,,,5,3,2,,0,,,,
1.22128E+17,6.15842E+13,Juankada Lance,"May kakain ng ipis, may tumili at may napa otso otso🤣🤣🤣

#Juan365 #JuankadaLance #Juankada","May kakain ng ipis, may tumili at may napa otso otso🤣🤣🤣

#Juan365 #JuankadaLance #Juankada",81,2/27/2026 21:30,mixed,https://www.facebook.com/reel/1609284857052891/,1,0,Videos,,,,,Lifetime,66,46,6,4,2,0,900.794,16.085,0,6,6,,,0,,,0,0
1.22128E+17,6.15842E+13,Juankada Lance,"𝐏𝐚𝐩𝐚𝐰𝐢𝐬 𝐭𝐚𝐲𝐨 𝐉𝐮𝐚𝐧𝐤𝐚𝐝𝐚!👌

#Juan365 #JuankadaLance #basketball #reels","𝐏𝐚𝐩𝐚𝐰𝐢𝐬 𝐭𝐚𝐲𝐨 𝐉𝐮𝐚𝐧𝐤𝐚𝐝𝐚!👌

#Juan365 #JuankadaLance #basketball #reels",7,3/1/2026 3:00,N/A,https://www.facebook.com/reel/1244121100534729/,1,0,Videos,,,,,Lifetime,191,115,11,10,1,0,618.164,5.025,0,1,1,,,0,,,0,0
1.22128E+17,6.15842E+13,Juankada Lance,Juankada Lance updated their profile picture.,,0,3/1/2026 13:48,N/A,https://www.facebook.com/photo.php?fbid=122128089831141442&set=a.122098327023141442&type=3,0,0,Photos,,,,,Lifetime,100,49,15,14,1,0,,,,5,5,,,0,,,,
1.22128E+17,6.15842E+13,Juankada Lance,Juankada Lance updated their cover photo.,,0,3/1/2026 13:51,N/A,https://www.facebook.com/photo.php?fbid=122128089969141442&set=a.122098330299141442&type=3,0,0,Photos,,,,,Lifetime,0,0,5,5,0,0,,,,0,,,,0,,,,
1.22124E+17,6.15842E+13,Juankada Lance,"Intense game against telemarketing🔥

#JuankadaLance #foryourpage #reels #fyp #basketball #highlights","Intense game against telemarketing🔥

#JuankadaLance #foryourpage #reels #fyp #basketball #highlights",71,1/31/2026 2:00,N/A,https://www.facebook.com/reel/2047982545985614/,1,0,Videos,,,,,Lifetime,63,50,7,7,0,0,431.445,8.14,0,5,5,,,0,,,0,0
1.22165E+17,6.15841E+13,Juankada Ligaya,Juankada Ligaya updated her cover photo.,,0,3/2/2026 2:28,N/A,https://www.facebook.com/photo.php?fbid=122164622913135583&set=a.122100489423135583&type=3,0,0,Photos,,,,,Lifetime,0,0,19,15,4,0,,,,0,,,,0,,,,
1.22165E+17,6.15841E+13,Juankada Ligaya,Juan365 Summer sa Saya with . . . 🥰🌞🌊,,0,3/2/2026 2:24,N/A,https://www.facebook.com/photo.php?fbid=122164622457135583&set=a.122100486537135583&type=3,0,0,Photos,,,,,Lifetime,2029,1073,118,99,18,1,,,,77,67,10,,0.01,1,,,
1.22164E+17,6.15841E+13,Juankada Ligaya,lovekoto,"alam mo namang ikaw since day one diba?😏

#fyp #trendingreel #followers #highlights",16,3/1/2026 3:58,N/A,https://www.facebook.com/reel/1667153231289369/,0,0,Videos,,,,,Lifetime,32657,26038,2685,2558,102,25,161214.269,6.112,0,595,595,,,0.08,,,,
1.22164E+17,6.15841E+13,Juankada Ligaya,Summer,"baka sabihin nyo AI nanaman 😑

#fyp #highlights #love #dance",16,2/28/2026 2:40,N/A,https://www.facebook.com/reel/4207415736241537/,0,0,Videos,,,,,Lifetime,24423,19705,1775,1657,106,12,111335.522,5.486,0,436,436,,,0.07,,,,
1.22163E+17,6.15841E+13,Juankada Ligaya,sexy love,"Nasan na ba kasi yung sexy love ko na yan? 😉

#fyp #highlights #followers #trendingreel #Ligaya",11,2/27/2026 3:00,N/A,https://www.facebook.com/reel/1627098501815137/,1,0,Videos,,,,,Lifetime,30306,23934,2018,1860,139,19,120009.919,4.999,0,390,390,,,0.08,,,,
1.22163E+17,6.15841E+13,Juankada Ligaya,nasan ka na?,"Nasan ka na? nilalamig nako dito oh!🥺

#fyp #fypシ #followers #highlights #Ligaya",9,2/26/2026 3:00,N/A,https://www.facebook.com/reel/931617889335882/,1,0,Videos,,,,,Lifetime,21136,16445,1285,1163,112,10,74527.211,4.533,0,461,461,,,0.03,,,,
1.22163E+17,6.15841E+13,Juankada Ligaya,"How do I look?😜 

#fyp #followers #Ligaya",,0,2/25/2026 2:51,N/A,https://www.facebook.com/JuankadaLigayaOfficialPage/posts/pfbid0aPUbkvC3MGCDZM83AU2K5MEV4z9NnC17XkvDPVPA7942r96TUqrpXyt1BdxaevTfl,0,0,Photos,,,,,Lifetime,10850,5252,749,640,94,15,,,,673,289,384,,0.02,3,,,
1.22162E+17,6.15841E+13,Juankada Ligaya,Hataw,"POV: napa indak ka sa soundtrip ng tyuhin mo 😂

#fyp #followers #fypシ #trendingreel #Ligaya",16,2/24/2026 2:56,N/A,https://www.facebook.com/reel/1297964602202088/,0,0,Videos,,,,,Lifetime,752808,505192,31639,29994,1214,431,6439640.566,12.688,0,6598,6598,,,2.94,,,,
1.22161E+17,6.15841E+13,Juankada Ligaya,"POV:  Stressed ka galing work 🤭

#fyp #fypシ #highlights #followers #Ligaya","POV:  Stressed ka galing work 🤭

#fyp #fypシ #highlights #followers #Ligaya",8,2/23/2026 3:00,N/A,https://www.facebook.com/reel/1267358525270263/,1,0,Videos,,,,,Lifetime,320474,231548,9618,9034,429,155,1349596.282,6.943,0,7779,7779,,,0.53,,,,
1.2216E+17,6.15841E+13,Juankada Ligaya,"Pov: inasinan bago matulog 🤣

#fyp #trendingreel #dancechallenge #followers #highlights","Pov: inasinan bago matulog 🤣

#fyp #trendingreel #dancechallenge #followers #highlights",15,2/22/2026 3:00,N/A,https://www.facebook.com/reel/1685251972888442/,1,0,Videos,,,,,Lifetime,32088,23303,1879,1699,135,45,213973.735,8.782,0,656,656,,,0.15,,,,
1.2216E+17,6.15841E+13,Juankada Ligaya,"Thank you all so much for unending support!❤ I Love you all! 😘

#happy50k #followers #followformore #followerseveryone",,0,2/21/2026 19:00,N/A,https://www.facebook.com/JuankadaLigayaOfficialPage/posts/pfbid02VZngvfR4N6S9MvrSSLUUg3S2c5Erpz6JpJrGhpCkxGvxJJZjFc9EcXtSWFFuRYxMl,0,0,Photos,,,,,Lifetime,5065,2946,146,110,34,2,,,,101,91,10,,0.07,,,,
1.2216E+17,6.15841E+13,Juankada Ligaya,"Lovin' the view 👀

#love #followers #fyp #Nightlight #latenight",,0,2/21/2026 6:32,N/A,https://www.facebook.com/JuankadaLigayaOfficialPage/posts/pfbid06aDzy7FFUgBkqcJV2mg8n3EawfhzPVSigRe7qymr7tnJ5ZyZFteWTZAbBhWkMh5Gl,0,0,Photos,,,,,Lifetime,103465,65518,4867,4651,180,36,,,,6760,2996,2168,1596,1.54,6,3,,
1.2216E+17,6.15841E+13,Juankada Ligaya,Latigo,"Sino gusto ma-latigo jan? 😆

#fyp #dance #highlights #followers",16,2/21/2026 2:48,N/A,https://www.facebook.com/reel/922917020125754/,0,0,Videos,,,,,Lifetime,60120,52615,2997,2848,99,50,309070.91,6.428,0,1907,1907,,,0.17,,,,
1.22159E+17,6.15841E+13,Juankada Ligaya,Papi,"Gusto mo yung ganito?😝

#fyp #followers #highlights #dance",11,2/20/2026 3:23,mixed,https://www.facebook.com/reel/1443224054164198/,0,0,Videos,,,,,Lifetime,25503,19170,1563,1445,92,26,105992.447,5.302,0,482,482,,,0.07,,,,
1.22159E+17,6.15841E+13,Juankada Ligaya,AI daw?,"mukha bang AI? 😆😭

#fyp #trendingreel #followers #highlights #Ligaya",15,2/19/2026 3:40,N/A,https://www.facebook.com/reel/776947925451055/,0,0,Videos,,,,,Lifetime,28530,22502,1435,1257,161,17,141951.884,6.09,0,576,576,,,0.1,,,,
1.22158E+17,6.15841E+13,Juankada Ligaya,BIG GUY V2.0,"LF Big guy v2.0: Balcony Edition 💪

#fyp #trendingreel #highlights #followers #Ligaya",13,2/18/2026 3:00,N/A,https://www.facebook.com/reel/1667140854667504/,1,0,Videos,,,,,Lifetime,216807,174570,6662,6306,215,141,1125249.654,7.367,0,5652,5652,,,0.96,,,,
1.22157E+17,6.15841E+13,Juankada Ligaya,Balcony,"Season 2: wala na tayo sa hallway 🤣

#fyp #trendingreel #highlights #followers",16,2/17/2026 3:00,N/A,https://www.facebook.com/reel/1552521345838427/,1,0,Videos,,,,,Lifetime,122802,107979,3942,3700,183,59,627860.842,6.765,0,2492,2492,,,1.15,,,,
1.22156E+17,6.15841E+13,Juankada Ligaya,,,0,2/16/2026 20:36,N/A,https://www.facebook.com/JuankadaLigayaOfficialPage/posts/pfbid0odYub3btjcpdu6PJSZM6YXoDYNqV7XFKEEywwafBiZT6utrcG8WcqX6Hw1YctbDNl,0,1,Videos,,,,,Lifetime,1558,1732,34,22,12,0,,,,14,14,,,0,,,,
1.22156E+17,6.15841E+13,Juankada Ligaya,come over,"Are you coming over? 😉

#followers #fyp #highlights #trendingreel #Ligaya",15,2/16/2026 3:00,mixed,https://www.facebook.com/reel/1458094845674039/,1,0,Videos,,,,,Lifetime,159946,139481,6674,6272,298,104,793332.4,6.561,0,4225,4225,,,2.02,,,,
1.22155E+17,6.15841E+13,Juankada Ligaya,Swimming,"Tara swimming? 😝

#fyp #followers #highlights #dance",14,2/15/2026 2:23,N/A,https://www.facebook.com/reel/26936593082625509/,0,0,Videos,,,,,Lifetime,25360,19519,1266,1132,102,32,129991.764,6.249,0,250,250,,,0.22,,,,
1.22155E+17,6.15841E+13,Juankada Ligaya,Valentines,"Promise di kita tatakbuhan sa date natin 🤭

#fyp #love #highlights #heartsday",15,2/13/2026 23:00,mixed,https://www.facebook.com/reel/25914749818142185/,1,0,Videos,,,,,Lifetime,25257,21596,1280,1162,112,6,94172.03,4.462,0,312,312,,,0.14,,,,
1.22155E+17,6.15841E+13,Juankada Ligaya,Kupido,"Need pa ba nang help ni kupido?

#fyp #love #highlights #followers",15,2/13/2026 3:00,N/A,https://www.facebook.com/reel/1988811981663570/,0,0,Videos,,,,,Lifetime,21386,17811,1087,948,124,15,69980.356,3.788,0,273,273,,,0.15,,,,
1.22155E+17,6.15841E+13,Juankada Ligaya,KIKIAM,"Kita nyo yung kikiam? bawal mag pause!! 🤣

#fyp #trendingreel #followers #Ligaya",10,2/12/2026 3:00,N/A,https://www.facebook.com/reel/26334964129473858/,1,0,Videos,,,,,Lifetime,20179,15787,953,877,66,10,69176.193,4.235,0,284,284,,,0.08,,,,
1.22154E+17,6.15841E+13,Juankada Ligaya,BENG BENG,"Gusto mo tamaan saken? 😏

#fyp #trendingreel #followers #dancechallenge #Ligaya",15,2/11/2026 3:00,mixed,https://www.facebook.com/reel/4343052505946056/,1,0,Videos,,,,,Lifetime,119949,118640,5242,5016,159,67,536202.051,5.725,0,5469,5469,,,1.16,,,,
1.22154E+17,6.15841E+13,Juankada Ligaya,"Ikaw na sa torotot, ako na sa sayaw? 🥰

#fyp #trendingreel #followers #dancechallenge","Ikaw na sa torotot, ako na sa sayaw? 🥰

#fyp #trendingreel #followers #dancechallenge",15,2/10/2026 3:01,N/A,https://www.facebook.com/reel/936240608919030/,0,0,Videos,,,,,Lifetime,148011,157263,2848,2658,141,49,728660.418,6.449,0,8101,8101,,,1.48,,,,
1.22154E+17,6.15841E+13,Juankada Ligaya,,,0,2/9/2026 20:26,N/A,https://www.facebook.com/JuankadaLigayaOfficialPage/posts/pfbid0oGFjwXRqhsNwDh8PVPhXPHyzrQFRyh5UhbXWAtQzW72Vdj1g4hZSPD5kFp9bCtgPl,0,1,Videos,,,,,Lifetime,1122,1305,18,14,4,0,,,,21,21,,,0,,,,
1.22154E+17,6.15841E+13,Juankada Ligaya,ZUMBA,"If ako yung zumba instructor, sasali ka ba? 😉

#fyp #trendingreel #followers #dancechallenge",15,2/9/2026 3:01,N/A,https://www.facebook.com/reel/1678382549806485/,1,0,Videos,,,,,Lifetime,53016,40984,4386,4152,174,60,288622.464,7.015,0,1079,1079,,,0.49,,,,
1.22154E+17,6.15841E+13,Juankada Ligaya,"bubuksan mo o papasukin kita? 🤭

#fyp #followers #trendingreel #Ligaya","bubuksan mo o papasukin kita? 🤭

#fyp #followers #trendingreel #Ligaya",15,2/8/2026 2:00,mixed,https://www.facebook.com/reel/890577736928051/,1,0,Videos,,,,,Lifetime,52948,50286,2552,2366,143,43,257483.705,6.211,0,3061,3061,,,0.42,,,,
1.22153E+17,6.15841E+13,Juankada Ligaya,witwiw,"ilang seconds yung video? 😛

#fyp #trendingreel #dancechallenge #Ligaya",12,2/7/2026 2:00,N/A,https://www.facebook.com/reel/783276000849417/,1,0,Videos,,,,,Lifetime,19421,14452,908,813,82,13,64802.859,4.004,0,271,271,,,0.15,,,,
1.22153E+17,6.15841E+13,Juankada Ligaya,Awra,"Awra muna tayo for today ☺️

 #fyp #trendingreel #highlights #Ligaya",9,2/6/2026 3:00,N/A,https://www.facebook.com/reel/1425922139190316/,1,0,Videos,,,,,Lifetime,129023,125375,3703,3450,195,58,454930.79,4.783,0,2952,2952,,,0.64,,,,
1.22152E+17,6.15841E+13,Juankada Ligaya,oho,"inuubo na ba ang lahat?😭

#fyp #trendingreel #dancechallenge #Ligaya",15,2/5/2026 3:01,N/A,https://www.facebook.com/reel/1605474620458926/,0,0,Videos,,,,,Lifetime,280149,229985,11082,10638,226,218,1446824.097,6.928,0,8505,8504,,1,2,,,,
1.22151E+17,6.15841E+13,Juankada Ligaya,Happy 30k mga luvs ko!! Thank you so much! Mahal ko kayo!! 🥰😘❤️,,0,2/4/2026 18:21,N/A,https://www.facebook.com/JuankadaLigayaOfficialPage/posts/pfbid089Jgnu4Btxvab7WNDQuJyrJfDBF8n3HQzEaowRS6c4z8BjhueVw51vuxWFNwnrPXl,0,0,Photos,,,,,Lifetime,6199,3764,205,155,40,10,,,,185,166,19,,0.03,1,,,
1.2215E+17,6.15841E+13,Juankada Ligaya,Bigguy,"Sino pwede maging big guy ko jan?😜

#fyp #trendingreel #Ligaya #highlights",15,2/4/2026 3:00,N/A,https://www.facebook.com/reel/1866293864055257/,0,0,Videos,,,,,Lifetime,263141,254424,15976,15455,325,196,1346702.925,6.596,0,15524,15524,,,1.04,,,,
1.22149E+17,6.15841E+13,Juankada Ligaya,SUNGIT MO NAMAN,"Bakit ba kasi ayaw mo kong pansinin? 🥺

#highlights #fypシ #followers #trendingreel",11,2/3/2026 2:00,N/A,https://www.facebook.com/reel/1557381941978952/,1,0,Videos,,,,,Lifetime,37547,29237,2316,2165,121,30,129854.093,4.2,0,389,389,,,0.15,,,,
1.22148E+17,6.15841E+13,Juankada Ligaya,meet the parents,"Pasado na ba ako kila mama mo? 🥰

#trendingreel #followers #highlights #fypシ",15,2/2/2026 2:00,N/A,https://www.facebook.com/reel/1377800227003055/,0,0,Videos,,,,,Lifetime,113691,107571,2510,2326,154,30,588920.889,6.511,0,3204,3204,,,0.84,,,,
1.22148E+17,6.15841E+13,Juankada Ligaya,Juankada Ligaya updated her cover photo.,,0,2/1/2026 4:27,N/A,https://www.facebook.com/photo.php?fbid=122147968119135583&set=a.122100489423135583&type=3,0,0,Photos,,,,,Lifetime,0,0,54,51,3,0,,,,0,,,,0,1,,,
1.22148E+17,6.15841E+13,Juankada Ligaya,Gusto mo ba ng LIGAYA this valentines day? 🙈🥰,,0,2/1/2026 4:24,N/A,https://www.facebook.com/photo.php?fbid=122147967417135583&set=a.122100486537135583&type=3,0,0,Photos,,,,,Lifetime,2493,1466,132,100,30,2,,,,55,52,3,,0,1,,,
1.22148E+17,6.15841E+13,Juankada Ligaya,Sweetgurl,"Gusto mo ba yung ganito ka sweet? 😛

#fyp #trendingreel #dancechallenge #Ligaya",20,1/31/2026 3:48,N/A,https://www.facebook.com/reel/2177213443052786/,0,0,Videos,,,,,Lifetime,57282,45710,4558,4362,155,41,322664.849,6.92,0,797,797,,,0.1,,,,
1.22119E+17,6.15842E+13,Juankada Papa Joe,"Para sainyo yan Juankadaaaa 💙🧡 🎲 

See you again on Wednesday 6am - 2pm 😊🥳 

#Juan365 #Juan365Studios #JuankadaPapaJoe",,0,3/2/2026 6:58,N/A,https://www.facebook.com/permalink.php?story_fbid=pfbid0nD6ba2n3pDxiwDiVaQEonEZ8PusgfN5HDPrv3PTdQTKx8MMFKgGpnbUCBeGpesiCl&id=61584233476725,0,0,Photos,,,,,Lifetime,151,74,81,80,0,1,,,,5,1,4,,0,,,,
1.22119E+17,6.15842E+13,Juankada Papa Joe,"Miss ko na kayo Juankadaaa!  🎲 💙🧡 Gala gala muna si Papa Joe! Busina lang yung makaka salubong ko sa daan 😊 

#Juan365 #ALLINJUANLIVE  #JuankadaPapaJoe","Miss ko na kayo Juankadaaa!  🎲 💙🧡 Gala gala muna si Papa Joe! Busina lang yung makaka salubong ko sa daan 😊 

#Juan365 #ALLINJUANLIVE  #JuankadaPapaJoe",13,3/2/2026 6:29,N/A,https://www.facebook.com/reel/1485020876327919/,0,0,Videos,,,,,Lifetime,4084,34,33,32,0,1,921.377,1.063,0,0,,,,0,,,0,0
1.22119E+17,6.15842E+13,Juankada Papa Joe,Juankada Papa Joe updated their cover photo.,,0,3/2/2026 6:07,N/A,https://www.facebook.com/photo.php?fbid=122118966135141115&set=a.122102925279141115&type=3,0,0,Photos,,,,,Lifetime,0,0,5,4,1,0,,,,0,,,,0,,,,
1.22119E+17,6.15842E+13,Juankada Papa Joe,"Ready na ba ang Juankada? 🌊☀️
Welcome to JUAN365 Studios with Papa Joe — where every day feels like summer! 🎉🔥

#Juan365 #Juankadahost #JuankadaPapajoe",,0,3/2/2026 6:06,N/A,https://www.facebook.com/photo.php?fbid=122118965931141115&set=a.122102888301141115&type=3,0,0,Photos,,,,,Lifetime,90,31,6,5,1,0,,,,4,2,2,,0,,,,
1.22119E+17,6.15842E+13,Juankada Papa Joe,"Apektado na ang lahat ,mag tataas na simula buhakk
😔 pero dito sa Color Game live hindi tataas ang minimum bet natin LIMANG PISO padinnn 🤯🤩 

Nakapag pa gas naba kayo?  Pagas na at mag buy ng bet dito everyone! 

#juankadahosts #JuankadaPapaJoe #Juan365","Apektado na ang lahat ,mag tataas na simula buhakk
😔 pero dito sa Color Game live hindi tataas ang minimum bet natin LIMANG PISO padinnn 🤯🤩 

Nakapag pa gas naba kayo?  Pagas na at mag buy ng bet dito everyone! 

#juankadahosts #JuankadaPapaJoe #Juan365",21,3/2/2026 5:59,N/A,https://www.facebook.com/reel/1460250548805371/,0,0,Videos,,,,,Lifetime,1942,136,38,34,4,0,1481.286,3.004,0,14,14,,,0,,,0,0
1.22119E+17,6.15842E+13,Juankada Papa Joe,"Kantahan kaya kita? 🎤 o mag kantahan tayo? 😊😁 

See you on Wednesday Joekadaaaaas!  💙🧡 🎲 

#Juan365 #juankadahosts #JuankadaPapaJoe","Kantahan kaya kita? 🎤 o mag kantahan tayo? 😊😁 

See you on Wednesday Joekadaaaaas!  💙🧡 🎲 

#Juan365 #juankadahosts #JuankadaPapaJoe",38,3/1/2026 7:42,N/A,https://www.facebook.com/reel/960656836291429/,0,0,Videos,,,,,Lifetime,5002,99,67,64,3,0,1465.296,1.364,0,5,5,,,0,,,0,0
1.22119E+17,6.15842E+13,Juankada Papa Joe,"Tito gaming si Papa Joe 😊 bagay ba white/gray hair? O gusto mo ibagay kita sakin? 🤣 lakas papa joe! 

See you guys live pa tayo till 2pm 💙🧡 

#Juan365 #juankadahosts #JuankadaPapaJoe",,0,2/28/2026 18:08,N/A,https://www.facebook.com/permalink.php?story_fbid=pfbid0N7eMChBvQ5tH33gTvtPLjoAScaqdN8nfJSggwvGhpr5oa9LeroYop1AgWyM7QpRNl&id=61584233476725,0,0,Photos,,,,,Lifetime,379,208,80,79,0,1,,,,16,6,10,,0,,,,
1.22119E+17,6.15842E+13,Juankada Papa Joe,"Yesss!! Sungkit nanaman natin ang MINOR + x50 multiplier 🎲 araw-araw panalo dito araw araw may pa JACKPOT sa ColorGame Live ni Juan365 🥳🤯❤️

Tara saman niyo kami ni Juankada Shann Juankada Evo live tayo till 2pm guysz!!

#ALLINJUANLIVE #juankadahosts #juankadapapajoe",,0,2/27/2026 17:50,N/A,https://www.facebook.com/permalink.php?story_fbid=pfbid025PRQLCs5B1RJ7Hw1fGGQEm2fjTVRWSZdBKPvXHNGwCrtxTSYctVANY8j5z96QWDtl&id=61584233476725,0,0,Photos,,,,,Lifetime,133,48,71,70,0,1,,,,1,,1,,0,,,,
1.22119E+17,6.15842E+13,Juankada Papa Joe,"I loveee black like🦇 Man!! 

See you tomorrow Juankada 6am - 2pm 💙🧡 🎲 

#Juan365PH #juankadahosts #Juan365Studios #JuankadaPapaJoe","I loveee black like🦇 Man!! 

See you tomorrow Juankada 6am - 2pm 💙🧡 🎲 

#Juan365PH #juankadahosts #Juan365Studios #JuankadaPapaJoe",39,2/27/2026 4:09,N/A,https://www.facebook.com/reel/1409330697013608/,0,0,Videos,,,,,Lifetime,3976,62,3,3,0,0,758.61,0.898,0,0,,,,0,,,0,0
1.22119E+17,6.15842E+13,Juankada Papa Joe,"Araw araw talaga ang saya dahil sa araw araw na pa TRIPLE at JACKPOT ng mga Juankada Host 🤩🤩🤩🥳🥳🥳🥰🥰🥰😍😍😍

See you tomorrow Juankada 6am - 2pm 💙🧡 🎲 

#Juan365PH #juankadahosts #Juan365Studios #JuankadaPapaJoe",,0,2/27/2026 1:42,N/A,https://www.facebook.com/permalink.php?story_fbid=pfbid02p2A2Mmw5UcJ5KhRg5myctJuLEVsEp3SfgREJJh4qVPpRh1nfKV8RombT3FgNpCykl&id=61584233476725,0,0,Photos,,,,,Lifetime,1021,546,35,30,4,1,,,,72,19,53,,0,,,,
1.22119E+17,6.15842E+13,Juankada Papa Joe,"Fel na Fel na naman ni Koya Wel oh 🎙️ 🤦🏻‍♂️🤣  

See you later Juankada 10am - 6pm ako mamaya 💙🧡 🎲 

#Juan365PH #juankadahosts #Juan365Studios #JuankadaPapaJoe","Fel na Fel na naman ni Koya Wel oh 🎙️ 🤦🏻‍♂️🤣  

See you later Juankada 10am - 6pm ako mamaya 💙🧡 🎲 

#Juan365PH #juankadahosts #Juan365Studios #JuankadaPapaJoe",65,2/26/2026 8:38,N/A,https://www.facebook.com/reel/1621822022304469/,0,0,Videos,,,,,Lifetime,4692,150,180,175,4,1,2827.832,2.606,0,23,23,,,0,,,0,0
1.22118E+17,6.15842E+13,Juankada Papa Joe,"Baka di kapa naka bisita at naka pili ng kulay sa dice ngayong araw, tara na Joekadaaa🫰🏻

Tara Juankada till 10pm pa tayo 💙🧡 🎲 

#Juan365PH #juankadahosts #Juan365Studios #JuankadaPapaJoe",,0,2/26/2026 2:52,N/A,https://www.facebook.com/permalink.php?story_fbid=pfbid02MGHEhs9dLzG7HqCR7gZUALZk1UCMsrn9LW597vrvejttVXTW8F3EV2tuLA32G72jl&id=61584233476725,0,0,Photos,,,,,Lifetime,311,165,50,48,1,1,,,,10,2,8,,0,,,,
1.22118E+17,6.15842E+13,Juankada Papa Joe,"Pagod si Papa Joe antok na haha!  Bukas na ulit mga Juankadaaa 🥳😊🫰🏻

See again tomorrow 2pm - 10pm Joekadaaa 💙🧡 🎲 

#Juan365PH #juankadahosts #Juan365Studios #JuankadaPapaJoe",,0,2/25/2026 7:35,N/A,https://www.facebook.com/permalink.php?story_fbid=pfbid02dAzoTSYYyiLJbjS9wUFN68u7HdTVEJhG3A87RXabwH9X9XVmkQrf9HXDgCCDqsqvl&id=61584233476725,0,0,Photos,,,,,Lifetime,226,112,35,34,0,1,,,,4,,4,,0,,,,
1.22118E+17,6.15842E+13,Juankada Papa Joe,"Grabeee solid sa pa premyo ang midshift today! 🤩🤩🤩🥳🥳🥳❤️

See again tomorrow 2pm - 10pm Joekadaaa 💙🧡 🎲 

#Juan365PH #juankadahosts #Juan365Studios #JuankadaPapaJoe","Grabeee solid sa pa premyo ang midshift today! 🤩🤩🤩🥳🥳🥳❤️

See again tomorrow 2pm - 10pm Joekadaaa 💙🧡 🎲 

#Juan365PH #juankadahosts #Juan365Studios #JuankadaPapaJoe",34,2/25/2026 6:27,N/A,https://www.facebook.com/reel/4533145946999265/,0,0,Videos,,,,,Lifetime,7880,65,39,39,0,0,1551.405,0.955,0,1,1,,,0,,,0,0
1.22118E+17,6.15842E+13,Juankada Papa Joe,"Malamang yung movie ng kanta nayan inabutan mo 🫣😊 syempre dahil 21 y.o and above ang pwede lang makapag laro sa Juan365. Org eh malamang inabutan mo ngayang metero garden 😁

See you later 2pm - 10pm Joekadaaa 💙🧡 🎲 

#Juan365PH #juankadahosts #Juan365Studios #JuankadaPapaJoe","Malamang yung movie ng kanta nayan inabutan mo 🫣😊 syempre dahil 21 y.o and above ang pwede lang makapag laro sa Juan365. Org eh malamang inabutan mo ngayang metero garden 😁

See you later 2pm - 10pm Joekadaaa 💙🧡 🎲 

#Juan365PH #juankadahosts #Juan365Studios #JuankadaPapaJoe",15,2/24/2026 18:10,N/A,https://www.facebook.com/reel/802052368909811/,0,0,Videos,,,,,Lifetime,3916,63,53,50,2,1,1229.264,1.451,0,12,12,,,0,,,0,0
1.22118E+17,6.15842E+13,Juankada Papa Joe,"Igala mo naman sarili mo minsan, wag puro trabaho 😊😎

See you tomorrow Joekadaaa 💙🧡 🎲 

#Juan365PH #juankadahosts #Juan365Studios #JuankadaPapaJoe",,0,2/24/2026 6:08,N/A,https://www.facebook.com/permalink.php?story_fbid=pfbid02hasoNHtW9a27SDQhjF5su2V5Q8rVAix1qWywj7kUBXhMhPZyqhbNjx9UXwQA7QgGl&id=61584233476725,0,0,Photos,,,,,Lifetime,191,70,45,44,1,0,,,,5,2,3,,0,,,,
1.22118E+17,6.15842E+13,Juankada Papa Joe,"Kung ako ang dice anong kulay ako at san mo ko gusto pagulungin? 🤣😅

#Juan365PH #juankadahosts #Juan365Studios #JuankadaPapaJoe",,0,2/23/2026 6:28,N/A,https://www.facebook.com/permalink.php?story_fbid=pfbid02h3kZGXnjZZXonbRe2d4t7L3dTiUP5kboQA75jkdveKqHn9f5QyZM9B5h6C6Qi9J9l&id=61584233476725,0,0,Photos,,,,,Lifetime,216,96,11,10,1,0,,,,4,2,2,,0,,,,
1.22118E+17,6.15842E+13,Juankada Papa Joe,"Bawat outfit ba ni Papa Joe nakita mo sa live. Pa rate naman dyan 😁🥰 

See you on Wednesday Joekadaaaa 🎲 💙🧡

#juankadahosts #Juan365PH #JuankadaPapaJoe","Bawat outfit ba ni Papa Joe nakita mo sa live. Pa rate naman dyan 😁🥰 

See you on Wednesday Joekadaaaa 🎲 💙🧡

#juankadahosts #Juan365PH #JuankadaPapaJoe",23,2/23/2026 5:39,N/A,https://www.facebook.com/reel/1474713724096658/,0,0,Videos,,,,,Lifetime,3607,84,56,55,1,0,1140.135,1.452,0,4,4,,,0,,,0,0
1.22118E+17,6.15842E+13,Juankada Papa Joe,"Happy moments 😎🥰🫰🏻 Labyu Juankadasss! 🎲 

 #juankadahosts #fypageシ #JuankadaPapaJoe","Happy moments 😎🥰🫰🏻 Labyu Juankadasss! 🎲 

 #juankadahosts #fypageシ #JuankadaPapaJoe",35,2/22/2026 7:54,N/A,https://www.facebook.com/reel/1914232916150095/,0,0,Videos,,,,,Lifetime,4564,623,189,188,1,0,2116.67,1.511,0,5,5,,,0,,,0,0
1.22118E+17,6.15842E+13,Juankada Papa Joe,"See you all guys sa pag balik ko Wednesday Midshift na muna tayo 2pm - 10pm 🎲 🥰🫰🏻

#juankadahosts #fypageシ #JuankadaPapaJoe",,0,2/22/2026 7:44,N/A,https://www.facebook.com/permalink.php?story_fbid=pfbid0EBDSjUsCEXwcnzwmLJVFAA3ahWm3wPLuCWNUTXChTYziixP6TQg6k7LFKU7x2r2ml&id=61584233476725,0,0,Photos,,,,,Lifetime,188,80,11,8,2,1,,,,8,5,3,,0,,,,
1.22118E+17,6.15842E+13,Juankada Papa Joe,"isang pihit nalang triple na! Nakaka excite ang mga sitwasyong ganto 🤩🤯😎

Kaya tara maki saya habang nag lalaro at manalo 🫶🏻 

#juankadahosts #JuankadaPapaJoe #fypageシ","isang pihit nalang triple na! Nakaka excite ang mga sitwasyong ganto 🤩🤯😎

Kaya tara maki saya habang nag lalaro at manalo 🫶🏻 

#juankadahosts #JuankadaPapaJoe #fypageシ",16,2/22/2026 3:39,N/A,https://www.facebook.com/reel/1136508438491047/,0,0,Videos,,,,,Lifetime,4014,70,39,39,0,0,1301.702,1.518,0,1,1,,,0,,,0,0
1.22118E+17,6.15842E+13,Juankada Papa Joe,"Just a guy and his vibe. 😌

#JuankadaPapaJoe #fypageシ #fbreelsfypシ゚","Just a guy and his vibe. 😌

#JuankadaPapaJoe #fypageシ #fbreelsfypシ゚",14,2/21/2026 2:35,N/A,https://www.facebook.com/reel/1491500062469436/,1,0,Videos,,,,,Lifetime,4972,101,38,38,0,0,1147.78,1.062,0,0,,,,0,,,0,0
1.22118E+17,6.15842E+13,Juankada Papa Joe,"Simple. Neat. Effortless. 🤍✨

#JuankadaPapaJoe #fypageシ #whiteisbeautiful",,0,2/21/2026 1:35,N/A,https://www.facebook.com/permalink.php?story_fbid=pfbid04eB8DAtUy6tDWw6sP5iCGYa8kf66PmhwV95CRcsRiz6KEWhsWnv7qWKEEzSNpmATl&id=61584233476725,0,0,Photos,,,,,Lifetime,353,156,82,77,4,1,,,,25,18,7,,0,,,,
1.22118E+17,6.15842E+13,Juankada Papa Joe,"May PAG-ASA paba? 🥺🤣 
 
Tara samahan niyo kami ngayon 6am - 2pm sa Color Game Live 🎲 search our website on your browser 👉🏻👉🏻👉🏻 Juan365. Org or Download our Mobile Application on the App Store (Juan365) 😊

#Juan365Studios #ALLINJUANLIVE #JuankadaPapaJoe #JuankadaHosts #Juan365 #fbreelsfypシ","May PAG-ASA paba? 🥺🤣 
 
Tara samahan niyo kami ngayon 6am - 2pm sa Color Game Live 🎲 search our website on your browser 👉🏻👉🏻👉🏻 Juan365. Org or Download our Mobile Application on the App Store (Juan365) 😊

#Juan365Studios #ALLINJUANLIVE #JuankadaPapaJoe #JuankadaHosts #Juan365 #fbreelsfypシ",16,2/20/2026 20:57,N/A,https://www.facebook.com/reel/789758520235589/,0,0,Videos,,,,,Lifetime,5822,102,81,78,2,1,1847.537,1.401,0,4,4,,,0,,,0,0
1.22118E+17,6.15842E+13,Juankada Papa Joe,"Let’s enjoy life and make every day worth it! 🥰
 
Tara samahan niyo kami ngaoyon 6am - 2pm sa Color Game Live 🎲 search our website on your browser 👉🏻👉🏻👉🏻 Juan365. Org or Download our Mobile Application on the App Store (Juan365) 😊

#Juan365Studios #ALLINJUANLIVE #JuankadaPapaJoe #JuankadaHosts #Juan365 #fbreelsfypシ","Let’s enjoy life and make every day worth it! 🥰
 
Tara samahan niyo kami ngaoyon 6am - 2pm sa Color Game Live 🎲 search our website on your browser 👉🏻👉🏻👉🏻 Juan365. Org or Download our Mobile Application on the App Store (Juan365) 😊

#Juan365Studios #ALLINJUANLIVE #JuankadaPapaJoe #JuankadaHosts #Juan365 #fbreelsfypシ",10,2/19/2026 18:16,N/A,https://www.facebook.com/reel/2061399067768673/,0,0,Videos,,,,,Lifetime,5928,118,51,49,2,0,1534.874,1.19,0,2,2,,,0,,,0,0
1.22118E+17,6.15842E+13,Juankada Papa Joe,"Your high-school musical is here Juankadas 😎 grabe naka ilang pa triple na tayo today! 🎲 

Tara na’t samahan niyo kami ngaoyon 6am - 2pm sa Color Game Live 🎲 search our website on your browser 👉🏻👉🏻👉🏻 Juan365. Org or Download our Mobile Application on the App Store (Juan365) 😊

#Juan365Studios #ALLINJUANLIVE #JuankadaPapaJoe #JuankadaHosts #Juan365 #fbreelsfypシ",,0,2/19/2026 18:13,N/A,https://www.facebook.com/permalink.php?story_fbid=pfbid02d1pjJR9UzonuPnvZuxLYnn14T4J9Rot7Hkh7h72VDpDSRCoYcoVta1ejzE2nz1CDl&id=61584233476725,0,0,Photos,,,,,Lifetime,383,189,47,44,2,1,,,,20,7,13,,0,,,,
1.22118E+17,6.15842E+13,Juankada Papa Joe,"Aba laruin ang swerte laruin ang Color Game 🎲 G kana dito! 👇🏻 

Tara samahan niyo kami ngaoyon 6am - 2pm sa Color Game Live 🎲 search our website on your browser 👉🏻👉🏻👉🏻 Juan365. Org or Download our Mobile Application on the App Store (Juan365) 😊

#Juan365Studios #ALLINJUANLIVE #JuankadaPapaJoe #JuankadaHosts #Juan365 #fbreelsfypシ",,0,2/19/2026 16:54,N/A,https://www.facebook.com/permalink.php?story_fbid=pfbid027Y2ggDNpbpW5dfHXwPFKgy9cYdVYZkguB5H3dpscssUV9z8RYMtE2Ce3gJzif7nQl&id=61584233476725,0,0,Photos,,,,,Lifetime,520,228,68,62,4,2,,,,16,3,13,,0,,,,
1.22118E+17,6.15842E+13,Juankada Papa Joe,"Sabayan ng sayaw ang magandang bungad ng araw 🤩🥰

Kitakits ulit bukas ng umaga mula 6am - 2pm sa Color Game Live 🎲 search our website on your browser 👉🏻👉🏻👉🏻 Juan365. Org or Download our Mobile Application on the App Store (Juan365) 😊

#Juan365Studios #ALLINJUANLIVE #JuankadaPapaJoe #JuankadaHosts #Juan365 #fbreelsfypシ","Sabayan ng sayaw ang magandang bungad ng araw 🤩🥰

Kitakits ulit bukas ng umaga mula 6am - 2pm sa Color Game Live 🎲 search our website on your browser 👉🏻👉🏻👉🏻 Juan365. Org or Download our Mobile Application on the App Store (Juan365) 😊

#Juan365Studios #ALLINJUANLIVE #JuankadaPapaJoe #JuankadaHosts #Juan365 #fbreelsfypシ",18,2/18/2026 22:46,N/A,https://www.facebook.com/reel/1565138764603829/,0,0,Videos,,,,,Lifetime,7302,218,123,123,0,0,2489.435,1.517,0,3,3,,,0,,,0,0
1.22118E+17,6.15842E+13,Juankada Papa Joe,"Summer na! May plano naba kayo san pumunta ng mga kaybigan mo? Habang nag pplano at may dagdag budget pang getaway , mag Color Game Muna kayo dito 👇🏻🏖️

Tara samahan niyo kami ngaoyon 6am - 2pm sa Color Game Live 🎲 search our website on your browser 👉🏻👉🏻👉🏻 Juan365. Org or Download our Mobile Application on the App Store (Juan365) 😊

#Juan365Studios #ALLINJUANLIVE #JuankadaPapaJoe #JuankadaHosts #Juan365 #fbreelsfypシ",,0,2/18/2026 16:00,N/A,https://www.facebook.com/permalink.php?story_fbid=pfbid02wMK33zkoTeMdZa1c33PE7dWWAnWHyv1MZGYfLcYpTUe348JKCQkxk6gDLFz3rJzAl&id=61584233476725,0,0,Photos,,,,,Lifetime,606,226,87,83,3,1,,,,36,16,20,,0,,,,
1.22118E+17,6.15842E+13,Juankada Papa Joe,"Sun’s out, smiles out. Definitely feels like summertime
😎🏖️

Tara samahan niyo kami ngaoyon 6am - 2pm sa Color Game Live 🎲 search our website on your browser 👉🏻👉🏻👉🏻 Juan365. Org or Download our Mobile Application on the App Store (Juan365) 😊

#Juan365Studios #ALLINJUANLIVE #JuankadaPapaJoe #JuankadaHosts #Juan365 #fbreelsfypシ",,0,2/18/2026 14:34,N/A,https://www.facebook.com/permalink.php?story_fbid=pfbid0E7cR6nxdbej8xAQny7dsokvi5sqEzB9ThKTfuTPmKzNYSfYR3BF9XeUcXZwrtaAtl&id=61584233476725,0,0,Photos,,,,,Lifetime,614,242,49,41,7,1,,,,34,21,13,,0,,,,
1.22117E+17,6.15842E+13,Juankada Papa Joe,"Napasayaw kana din ba nito? O gusto mo sayawan kita? Est3 sayawin natin to 🥰

Kitakits ulit bukas ng umaga mula 6am - 2pm sa Color Game Live 🎲 search our website on your browser 👉🏻👉🏻👉🏻 Juan365. Org or Download our Mobile Application on the App Store (Juan365) 😊

#Juan365Studios #ALLINJUANLIVE #JuankadaPapaJoe #JuankadaHosts #Juan365 #fbreelsfypシ","Napasayaw kana din ba nito? O gusto mo sayawan kita? Est3 sayawin natin to 🥰

Kitakits ulit bukas ng umaga mula 6am - 2pm sa Color Game Live 🎲 search our website on your browser 👉🏻👉🏻👉🏻 Juan365. Org or Download our Mobile Application on the App Store (Juan365) 😊

#Juan365Studios #ALLINJUANLIVE #JuankadaPapaJoe #JuankadaHosts #Juan365 #fbreelsfypシ",15,2/18/2026 2:19,N/A,https://www.facebook.com/reel/1337342778151468/,0,0,Videos,,,,,Lifetime,7349,350,98,81,16,1,3305.826,1.867,0,7,7,,,0,,,0,0
1.22117E+17,6.15842E+13,Juankada Papa Joe,"Thank you so much Juankada Fam 🫶🏻😊

#Juan365Studios #ALLINJUANLIVE #JuankadaPapaJoe #JuankadaHosts #Juan365 #fbreelsfypシ","Thank you so much Juankada Fam 🫶🏻😊

#Juan365Studios #ALLINJUANLIVE #JuankadaPapaJoe #JuankadaHosts #Juan365 #fbreelsfypシ",12,2/17/2026 19:41,N/A,https://www.facebook.com/reel/925454993266424/,0,0,Videos,,,,,Lifetime,5143,104,146,138,8,0,1254.623,1.115,0,12,12,,,0,,,0,0
1.22117E+17,6.15842E+13,Juankada Papa Joe,"Nakaka excite every round dahil baka mag triple! Kaya di tayo papa awat mag pasaya’tag bigay ng pa premyo 😊🫶🏻  tara Joekada till 2pm pa kami 😎

See you tomorrow morning 6am - 2pm in Color Game Live 🎲 search our website on your browser 👉🏻👉🏻👉🏻 Juan365. Org or Download our Mobile Application on the App Store (Juan365) 😊

#Juan365Studios #ALLINJUANLIVE #JuankadaPapaJoe #JuankadaHosts #Juan365 #fbreelsfypシ",,0,2/17/2026 19:38,N/A,https://www.facebook.com/permalink.php?story_fbid=pfbid0kvHhnSRXio8RVNBNJmXEB8qZ9kv2hocKKJquovFaPsu1wVVArxBK2PdRcKfuS31pl&id=61584233476725,0,0,Photos,,,,,Lifetime,932,333,353,345,5,3,,,,30,15,15,,0,,,,
1.22117E+17,6.15842E+13,Juankada Papa Joe,"Papawis muna si Papa Joe niyo 💦 

See you tomorrow morning 6am - 2pm in Color Game Live 🎲 search our website on your browser 👉🏻👉🏻👉🏻 Juan365. Org or Download our Mobile Application on the App Store (Juan365) 😊

#Juan365Studios #ALLINJUANLIVE #JuankadaPapaJoe #JuankadaHosts #Juan365 #fbreelsfypシ","Papawis muna si Papa Joe niyo 💦 

See you tomorrow morning 6am - 2pm in Color Game Live 🎲 search our website on your browser 👉🏻👉🏻👉🏻 Juan365. Org or Download our Mobile Application on the App Store (Juan365) 😊

#Juan365Studios #ALLINJUANLIVE #JuankadaPapaJoe #JuankadaHosts #Juan365 #fbreelsfypシ",29,2/17/2026 6:21,N/A,https://www.facebook.com/reel/1453788096419071/,0,0,Videos,,,,,Lifetime,4658,101,106,99,6,1,1390.086,1.35,0,4,4,,,0,,,0,0
1.22117E+17,6.15842E+13,Juankada Papa Joe,"Grabe picture lang to pero napasayaw ni AI 😱🫣😁 

See you on Wednesday 6am - 2pm in Color Game Live 🎲 search our website on your browser 👉🏻👉🏻👉🏻 Juan365. Org or Download our Mobile Application on the App Store (Juan365) 😊

#Juan365Studios #ALLINJUANLIVE #JuankadaPapaJoe #JuankadaHosts #Juan365 #fbreelsfypシ","Grabe picture lang to pero napasayaw ni AI 😱🫣😁 

See you on Wednesday 6am - 2pm in Color Game Live 🎲 search our website on your browser 👉🏻👉🏻👉🏻 Juan365. Org or Download our Mobile Application on the App Store (Juan365) 😊

#Juan365Studios #ALLINJUANLIVE #JuankadaPapaJoe #JuankadaHosts #Juan365 #fbreelsfypシ",33,2/16/2026 5:42,N/A,https://www.facebook.com/reel/2575194096215897/,0,0,Videos,,,,,Lifetime,7018,160,122,116,5,1,3715.366,2.227,0,19,19,,,0,,,0,0
1.22117E+17,6.15842E+13,Juankada Papa Joe,"Pahinga muna ako sa real world , takas muna si Papa Joe niyo Juankada and Joekadas broom broom skiiirrrttskirrrt muna 😁😊🫰🏻 

See you on Wednesday 6am - 2pm in Color Game Live 🎲 search our website on your browser 👉🏻👉🏻👉🏻 Juan365. Org or Download our Mobile Application on the App Store (Juan365) 😊

#Juan365Studios #ALLINJUANLIVE #JuankadaPapaJoe #JuankadaHosts #Juan365 #fbreelsfypシ",,0,2/16/2026 2:54,N/A,https://www.facebook.com/permalink.php?story_fbid=pfbid025XPmqmKX6v9UMEo5vPjpBmZwEtwyG49PptyL7JsbborWrD1Nxyb7dZLf1BsxKqEBl&id=61584233476725,0,0,Photos,,,,,Lifetime,498,186,75,71,3,1,,,,32,14,18,,0,,,,
1.22117E+17,6.15842E+13,Juankada Papa Joe,"Ja-Jackpot kadin !! Joekada natin dyan tara samahan niyo ako sa aking lastnight sa GY tonight 🎲 sungkit tayo ng malaking panalo! 😊🫶🏻

catch us live tonight 10pm - 5am  search our website on your browser 👉🏻👉🏻👉🏻 Juan365. Org or Download our Mobile Application on the App Store (Juan365) 😊

#Juan365Studios #ALLINJUANLIVE #JuankadaPapaJoe #JuankadaHosts #Juan365 #fbreelsfypシ","Ja-Jackpot kadin !! Joekada natin dyan tara samahan niyo ako sa aking lastnight sa GY tonight 🎲 sungkit tayo ng malaking panalo! 😊🫶🏻

catch us live tonight 10pm - 5am  search our website on your browser 👉🏻👉🏻👉🏻 Juan365. Org or Download our Mobile Application on the App Store (Juan365) 😊

#Juan365Studios #ALLINJUANLIVE #JuankadaPapaJoe #JuankadaHosts #Juan365 #fbreelsfypシ",65,2/15/2026 0:13,N/A,https://www.facebook.com/reel/912148011368419/,0,0,Videos,,,,,Lifetime,8009,108,48,45,1,2,2354.182,1.363,0,3,3,,,0,,,0,0
1.22117E+17,6.15842E+13,Juankada Papa Joe,"Pula para araw ng mga Puso 🥰🫶🏻❤️ 

catch us live tonight 10pm - 5am  search our website on your browser 👉🏻👉🏻👉🏻 Juan365. Org or Download our Mobile Application on the App Store (Juan365) 😊

#Juan365Studios #ALLINJUANLIVE #JuankadaPapaJoe #JuankadaHosts #Juan365 #fbreelsfypシ","Pula para araw ng mga Puso 🥰🫶🏻❤️ 

catch us live tonight 10pm - 5am  search our website on your browser 👉🏻👉🏻👉🏻 Juan365. Org or Download our Mobile Application on the App Store (Juan365) 😊

#Juan365Studios #ALLINJUANLIVE #JuankadaPapaJoe #JuankadaHosts #Juan365 #fbreelsfypシ",9,2/14/2026 6:31,N/A,https://www.facebook.com/reel/4343096055905006/,0,0,Videos,,,,,Lifetime,5995,88,90,82,7,1,1561.762,1.154,0,4,4,,,0,,,0,0
1.22117E+17,6.15842E+13,Juankada Papa Joe,"Not showing off, just showing up 🫶🏻 Happy Hearts Day ya’ll!  

catch us live tonight 10pm - 5am  search our website on your browser 👉🏻👉🏻👉🏻 Juan365. Org or Download our Mobile Application on the App Store (Juan365) 😊

#Juan365Studios #ALLINJUANLIVE #JuankadaPapaJoe #JuankadaHosts #Juan365 #fbreelsfypシ",,0,2/14/2026 6:20,N/A,https://www.facebook.com/permalink.php?story_fbid=pfbid032CREPfSh5ebKMtrsH8nAxhvwtu31XHxXzLyZUtaGViUJdCfNR1EmnvLvccQUCnfZl&id=61584233476725,0,0,Photos,,,,,Lifetime,823,357,71,60,8,3,,,,27,19,8,,0,,,,
1.22117E+17,6.15842E+13,Juankada Papa Joe,"Happy Valentines Day! Mamaya samahan niyo ulit akong mag bigay ng triple sa Color Game Live 🥰

catch us live tonight 10pm - 5am  search our website on your browser 👉🏻👉🏻👉🏻 Juan365. Org or Download our Mobile Application on the App Store (Juan365) 😊

#Juan365Studios #ALLINJUANLIVE #JuankadaPapaJoe #JuankadaHosts #Juan365 #fbreelsfypシ","Happy Valentines Day! Mamaya samahan niyo ulit akong mag bigay ng triple sa Color Game Live 🥰

catch us live tonight 10pm - 5am  search our website on your browser 👉🏻👉🏻👉🏻 Juan365. Org or Download our Mobile Application on the App Store (Juan365) 😊

#Juan365Studios #ALLINJUANLIVE #JuankadaPapaJoe #JuankadaHosts #Juan365 #fbreelsfypシ",24,2/13/2026 23:22,N/A,https://www.facebook.com/reel/1723699925282328/,0,0,Videos,,,,,Lifetime,1652,95,40,36,4,0,1031.698,2.462,0,4,4,,,0,,,0,0
1.22117E+17,6.15842E+13,Juankada Papa Joe,"Thunder rumblingggg 🎤 kantahan ko muna kayo baka namiss niyo na boses ni papa joe 😁🥰

Catch us live tonight 10pm - 5am  search our website on your browser 👉🏻👉🏻👉🏻 Juan365. Org or Download our Mobile Application on the App Store (Juan365) 😊

#Juan365Studios #ALLINJUANLIVE #JuankadaPapaJoe #JuankadaHosts #Juan365 #fbreelsfypシ","Thunder rumblingggg 🎤 kantahan ko muna kayo baka namiss niyo na boses ni papa joe 😁🥰

Catch us live tonight 10pm - 5am  search our website on your browser 👉🏻👉🏻👉🏻 Juan365. Org or Download our Mobile Application on the App Store (Juan365) 😊

#Juan365Studios #ALLINJUANLIVE #JuankadaPapaJoe #JuankadaHosts #Juan365 #fbreelsfypシ",27,2/13/2026 0:48,N/A,https://www.facebook.com/reel/867351282805106/,0,0,Videos,,,,,Lifetime,3400,343,39,34,4,1,2654.463,2.8,0,7,7,,,0,,,0,0
1.22117E+17,6.15842E+13,Juankada Papa Joe,,,0,2/12/2026 8:47,N/A,https://www.facebook.com/permalink.php?story_fbid=pfbid0BrLhXx8RrkUriQFiABFP1mBhikem5vdeHjAjaz5ATKbdbFZahZkzzJYQFR2ievv3l&id=61584233476725,0,1,Photos,,,,,Lifetime,161,48,0,0,0,0,,,,5,1,1,3,0,,,,
1.22117E+17,6.15842E+13,Juankada Papa Joe,"Your nightshift team 💛💚 Tara naaa kaka pa x150 ko palang oh sabay kana 🥰

Catch us live tonight 10pm - 5am  search our website on your browser 👉🏻👉🏻👉🏻 Juan365. Org or Download our Mobile Application on the App Store (Juan365) 😊

#Juan365Studios #ALLINJUANLIVE #JuankadaPapaJoe #JuankadaHosts #Juan365 #fbreelsfypシ",,0,2/12/2026 8:39,N/A,https://www.facebook.com/permalink.php?story_fbid=pfbid0RP1rRMYE2txYMZ9kv9PCCm4riNHBpbKitgpScuQD7ovk2pib7GYRQMSSxmTozez5l&id=61584233476725,0,0,Photos,,,,,Lifetime,160,73,4,3,0,1,,,,4,1,3,,0,,,,
1.22117E+17,6.15842E+13,Juankada Papa Joe,,,0,2/12/2026 8:35,N/A,https://www.facebook.com/permalink.php?story_fbid=pfbid02tZa5gcMUhjJKWcpLEBkcSRewGQKizG2bbsnsiTuSHgxJzJ7NjiwKSxjUzX1r8CnLl&id=61584233476725,0,1,Photos,,,,,Lifetime,95,41,1,1,0,0,,,,1,,1,,0,,,,
1.22117E+17,6.15842E+13,Juankada Papa Joe,"Stepping in with quiet confidence  simple look, strong vibe. ✨

Catch us live tonight 10pm - 5am  search our website on your browser 👉🏻👉🏻👉🏻 Juan365. Org or Download our Mobile Application on the App Store (Juan365) 😊

#Juan365Studios #ALLINJUANLIVE #JuankadaPapaJoe #JuankadaHosts #Juan365 #fbreelsfypシ",,0,2/12/2026 6:40,N/A,https://www.facebook.com/permalink.php?story_fbid=pfbid02wMRNSCWaPQHSvfNmNPg6hCmhfF1BGAkxTpUCSBWqgKYwrmbZWwjVSvsrp6gbyNNvl&id=61584233476725,0,0,Photos,,,,,Lifetime,987,431,124,115,7,2,,,,41,20,21,,0,,,,
1.22117E+17,6.15842E+13,Juankada Papa Joe,"Paulan tayo ng triple mamaya! Sinooo gusto sumalo ng biyaya? Taraaaa 👇🏻👇🏻👇🏻

Catch us live tonight 10pm - 5am  search our website on your browser 👉🏻👉🏻👉🏻 Juan365. Org or Download our Mobile Application on the App Store (Juan365) 😊

#Juan365Studios #ALLINJUANLIVE #JuankadaPapaJoe #JuankadaHosts #Juan365 #fbreelsfypシ","Paulan tayo ng triple mamaya! Sinooo gusto sumalo ng biyaya? Taraaaa 👇🏻👇🏻👇🏻

Catch us live tonight 10pm - 5am  search our website on your browser 👉🏻👉🏻👉🏻 Juan365. Org or Download our Mobile Application on the App Store (Juan365) 😊

#Juan365Studios #ALLINJUANLIVE #JuankadaPapaJoe #JuankadaHosts #Juan365 #fbreelsfypシ",16,2/12/2026 3:39,N/A,https://www.facebook.com/reel/2696811027384671/,0,0,Videos,,,,,Lifetime,2328,177,113,112,0,1,1906.916,2.876,0,3,3,,,0,,,0,0
1.22117E+17,6.15842E+13,Juankada Papa Joe,"Ikaw tiga-saan ka?  Budotsss na tayo mamaya 😁 🕺🏻 

Catch us live tonight 10pm - 5am  search our website on your browser 👉🏻👉🏻👉🏻 Juan365. Org or Download our Mobile Application on the App Store (Juan365) 😊

#Juan365Studios #ALLINJUANLIVE #JuankadaPapaJoe #JuankadaHosts #Juan365 #fbreelsfypシ","Ikaw tiga-saan ka?  Budotsss na tayo mamaya 😁 🕺🏻 

Catch us live tonight 10pm - 5am  search our website on your browser 👉🏻👉🏻👉🏻 Juan365. Org or Download our Mobile Application on the App Store (Juan365) 😊

#Juan365Studios #ALLINJUANLIVE #JuankadaPapaJoe #JuankadaHosts #Juan365 #fbreelsfypシ",14,2/11/2026 3:12,N/A,https://www.facebook.com/reel/1809415736412452/,0,0,Videos,,,,,Lifetime,1289,191,44,44,0,0,1711.587,4.205,0,4,4,,,0,,,0,0
1.22116E+17,6.15842E+13,Juankada Papa Joe,"Kulitan nanaman mamayang alas dyes ng gabi hanggang umaga alas singko ng umaga 😊💙🧡 UNLI TRIPOL hanap mo? Aba dayo kana ditooo 👇🏻👇🏻👇🏻

Catch us live 👉🏻👉🏻👉🏻 Juan365. Org or Download our Mobile Application on the App Store (Juan365) 😊

#Juan365Studios #ALLINJUANLIVE #JuankadaPapaJoe #JuankadaHosts #Juan365 #fbreelsfypシ","Kulitan nanaman mamayang alas dyes ng gabi hanggang umaga alas singko ng umaga 😊💙🧡 UNLI TRIPOL hanap mo? Aba dayo kana ditooo 👇🏻👇🏻👇🏻

Catch us live 👉🏻👉🏻👉🏻 Juan365. Org or Download our Mobile Application on the App Store (Juan365) 😊

#Juan365Studios #ALLINJUANLIVE #JuankadaPapaJoe #JuankadaHosts #Juan365 #fbreelsfypシ",10,2/8/2026 2:05,N/A,https://www.facebook.com/reel/1418683616602660/,0,0,Videos,,,,,Lifetime,1554,434,45,43,2,0,1604.075,2.397,0,2,2,,,0,,,0,0
1.22116E+17,6.15842E+13,Juankada Papa Joe,Cowboy mode muna tayo tonight.🤩,,0,2/7/2026 8:41,N/A,https://www.facebook.com/permalink.php?story_fbid=pfbid055Wf2BzCMGEk4Qp8bwptoohWnnKSg8HxZtJPEj9fntaqJd9STpD6qPzbJ6aFFhh9l&id=61584233476725,0,1,Text,,,,,Lifetime,48,44,2,2,0,0,,,,4,4,,,0,,,,
1.22116E+17,6.15842E+13,Juankada Papa Joe,"Live na live na tayoooo Juankadasssss kaya tara samahan niyo kami hanggang umaga 😊💙🧡

Catch us live 👉🏻👉🏻👉🏻 Juan365. Org or Download our Mobile Application on the App Store (Juan365) 😊

#Juan365Studios #ALLINJUANLIVE #JuankadaPapaJoe #JuankadaHosts #Juan365 #fbreelsfypシ",,0,2/6/2026 6:24,N/A,https://www.facebook.com/permalink.php?story_fbid=pfbid0BeyyA7Gy9KbQEM5VQeJnxXHcyzLqKDu3JZqD2zWWFTQTrcG8fxTQxqATLUvjpuqpl&id=61584233476725,0,0,Photos,,,,,Lifetime,226,97,7,5,1,1,,,,7,5,2,,0,,,,
1.22116E+17,6.15842E+13,Juankada Papa Joe,"Tara sa mga hindi maka tulog dyan agad , samahan niyo ulit kami mamayang 10pm - 5am ! Pa Ayudssss tayo 🥰💙🧡 

Catch us live 👉🏻👉🏻👉🏻 Juan365. Org or Download our Mobile Application on the App Store (Juan365) 😊

#Juan365Studios #ALLINJUANLIVE #JuankadaPapaJoe #JuankadaHosts #Juan365 #fbreelsfypシ","Tara sa mga hindi maka tulog dyan agad , samahan niyo ulit kami mamayang 10pm - 5am ! Pa Ayudssss tayo 🥰💙🧡 

Catch us live 👉🏻👉🏻👉🏻 Juan365. Org or Download our Mobile Application on the App Store (Juan365) 😊

#Juan365Studios #ALLINJUANLIVE #JuankadaPapaJoe #JuankadaHosts #Juan365 #fbreelsfypシ",13,2/6/2026 3:40,N/A,https://www.facebook.com/reel/808808245566472/,0,0,Videos,,,,,Lifetime,2138,202,25,25,0,0,3533.324,2.92,0,2,2,,,0,,,0,0
1.22116E+17,6.15842E+13,Juankada Papa Joe,"Thank you sakulitan kagabi at kanina Joekada 😊 see you again later 🫡💙🧡 

Catch us live 👉🏻👉🏻👉🏻 Juan365. Org or Download our Mobile Application on the App Store (Juan365) 😊

#Juan365Studios #ALLINJUANLIVE #JuankadaPapaJoe #JuankadaHosts #Juan365 #fbreelsfypシ","Thank you sakulitan kagabi at kanina Joekada 😊 see you again later 🫡💙🧡 

Catch us live 👉🏻👉🏻👉🏻 Juan365. Org or Download our Mobile Application on the App Store (Juan365) 😊

#Juan365Studios #ALLINJUANLIVE #JuankadaPapaJoe #JuankadaHosts #Juan365 #fbreelsfypシ",35,2/5/2026 16:02,N/A,https://www.facebook.com/reel/1219430023509073/,0,0,Videos,,,,,Lifetime,1414,260,6,5,1,0,4682.483,3.425,0,2,2,,,0,,,0,0
1.22116E+17,6.15842E+13,Juankada Papa Joe,,,0,2/5/2026 12:38,N/A,https://www.facebook.com/permalink.php?story_fbid=pfbid0f6ijXzYA8if5QYNxeXktTmY1Q7f5i9bQzvM2UwXRq7XXPaJJwGadc8duCGPfaSQLl&id=61584233476725,0,1,Photos,,,,,Lifetime,93,39,2,1,1,0,,,,5,1,2,2,0,,,,
1.22116E+17,6.15842E+13,Juankada Papa Joe,"Mirror check , before the spotlight hits ✨  from backstage to live hosting 📸 🎤 

We’re ready ! Are you? 😊

Catch us live 👉🏻👉🏻👉🏻 Juan365. Org or Download our Mobile Application on the App Store (Juan365) 😊

#Juan365Studios #ALLINJUANLIVE #JuankadaPapaJoe #JuankadaHosts #Juan365 #fbreelsfypシ",,0,2/5/2026 6:41,N/A,https://www.facebook.com/permalink.php?story_fbid=pfbid0EzW9VEfcDUytwJhRJxbrP9iErzqzGzQ2SLVcc7TCLbiaL4b87Qfan85nPJGKwxyAl&id=61584233476725,0,0,Photos,,,,,Lifetime,220,87,4,3,0,1,,,,9,3,6,,0,,,,
1.22116E+17,6.15842E+13,Juankada Papa Joe,"Paaraw tayo after ng duty ng GY 😊 🌞  malamig ang panahon kailangan naiinitan tayo at na nanalo sa COLORGAME 😁🥰 kaya tara mamaya ulit 10pm - 5am Juankadasssss 💙🧡

#Juan365Studios #ALLINJUANLIVE #JuankadaPapaJoe #JuankadaHosts #Juan365 #fbreelsfypシ","Paaraw tayo after ng duty ng GY 😊 🌞  malamig ang panahon kailangan naiinitan tayo at na nanalo sa COLORGAME 😁🥰 kaya tara mamaya ulit 10pm - 5am Juankadasssss 💙🧡

#Juan365Studios #ALLINJUANLIVE #JuankadaPapaJoe #JuankadaHosts #Juan365 #fbreelsfypシ",13,2/5/2026 1:07,N/A,https://www.facebook.com/reel/2720471241618965/,0,0,Videos,,,,,Lifetime,3795,451,12,12,0,0,12382.175,3.369,0,4,4,,,0,,,0,0
1.22116E+17,6.15842E+13,Juankada Papa Joe,"COLORGAME LIVE tayooo Juankadasss live na live kaya tara samahan niyo kami nina Juankada Geoff, Tanya and Drae 😊💙🧡 🎲 

Tara na Joekadassss 😊🫶🏻

#Juan365Studios #ALLINJUANLIVE #JuankadaPapaJoe #JuankadaHosts #Juan365 #fbreelsfypシ",,0,2/4/2026 9:17,N/A,https://www.facebook.com/permalink.php?story_fbid=pfbid023wL5a9icKzuxfsQMTaeeepoe3VtFw7onGr95gsEcHFWgGUESuNXdszbGSghKnuqhl&id=61584233476725,0,0,Photos,,,,,Lifetime,897,425,26,22,1,3,,,,25,15,10,,0,,,,
1.22116E+17,6.15842E+13,Juankada Papa Joe,,,0,2/4/2026 9:12,N/A,https://www.facebook.com/permalink.php?story_fbid=pfbid0BJfnXBFndWrsuZSYsVmw6d2CTWJujrtsdGuwydcJp64bKcGRHPkE6v5LWEWFAARml&id=61584233476725,0,1,Photos,,,,,Lifetime,112,47,3,2,1,0,,,,0,,,,0,,,,
1.22116E+17,6.15842E+13,Juankada Papa Joe,"Gumala muna tayo bago mag bigay ng JACKPOT mamaya 😁 anong kulay kaya ang makaka jackpot mamaya? Aba tara na sa COLORGAME LIVE😊💙🧡 🎲 

See you later Joekadassss 10pm - 6am 🫶🏻 

#Juan365Studios #ALLINJUANLIVE #JuankadaPapaJoe #JuankadaHosts #Juan365 #fbreelsfypシ",,0,2/4/2026 4:57,N/A,https://www.facebook.com/permalink.php?story_fbid=pfbid0ZZKCWJiL6mJGgV63esyfiu3Ev1SsyxBVjzyy93CuWj6gvx3oySymuxSiyfWFTRjzl&id=61584233476725,0,0,Photos,,,,,Lifetime,266,102,6,5,0,1,,,,8,3,5,,0,,,,
1.22115E+17,6.15842E+13,Juankada Papa Joe,"Nakikita niyo ba kong sayaw ng sayaw sa LIVE? aba maki sabay kana, mahirap pag di tayo gumalaw galaw 😁😊💙🧡 🎲 

See you on Wednesday Night Joekadassss 10pm - 6am 🫶🏻 

See you Joekadaaaaas 😎🫡

#Juan365Studios #ALLINJUANLIVE #JuankadaPapaJoe #JuankadaHosts #Juan365 #fbreelsfypシ","Nakikita niyo ba kong sayaw ng sayaw sa LIVE? aba maki sabay kana, mahirap pag di tayo gumalaw galaw 😁😊💙🧡 🎲 

See you on Wednesday Night Joekadassss 10pm - 6am 🫶🏻 

See you Joekadaaaaas 😎🫡

#Juan365Studios #ALLINJUANLIVE #JuankadaPapaJoe #JuankadaHosts #Juan365 #fbreelsfypシ",22,2/2/2026 0:34,N/A,https://www.facebook.com/reel/1823431491785832/,0,0,Videos,,,,,Lifetime,10559,235,146,143,1,2,34814.821,3.344,0,9,9,,,0,,,0,0
1.22115E+17,6.15842E+13,Juankada Papa Joe,Yo! It’s Papa Joe! 🔥 If you heard the name… you already know the game.,,0,2/1/2026 6:41,N/A,https://www.facebook.com/photo.php?fbid=122115303471141115&set=a.122102888301141115&type=3,0,0,Photos,,,,,Lifetime,1086,460,53,40,10,3,,,,18,17,1,,0,,,,
1.22115E+17,6.15842E+13,Juankada Papa Joe,Juankada Papa Joe updated their cover photo.,,0,2/1/2026 6:37,N/A,https://www.facebook.com/photo.php?fbid=122115302949141115&set=a.122102925279141115&type=3,0,0,Photos,,,,,Lifetime,0,1,7,6,1,0,,,,0,,,,0,,,,
1.22115E+17,6.15842E+13,Juankada Papa Joe,"Kami ang kasama niyo ngayong hapon na ito ! 🥰 tutok na sa Juan365 2-10pm niyo kaming makakasama 😊💙🧡 🎲 

See you Joekadaaaaas 😎🫡

#Juan365Studios #ALLINJUANLIVE #JuankadaPapaJoe #JuankadaHosts #Juan365 #fbreelsfypシ",,0,1/31/2026 22:12,N/A,https://www.facebook.com/permalink.php?story_fbid=pfbid0ALyNj3yq15U8Tykp9J54ia29xZ7WmH4EnPmFfNJd9eXSzeUuLsRMU71ctBUd9KNJl&id=61584233476725,0,0,Photos,,,,,Lifetime,716,263,13,9,1,3,,,,20,8,12,,0,,,,
1.22115E+17,6.15842E+13,Juankada Papa Joe,"SayaJuan as always tayo mga Joekada 😊 💃 🕺🏻 makisaya at makisayaw everyday , kaya tutok na sa Juan365 😊💙🧡 🎲 

#Juan365Studios #ALLINJUANLIVE #JuankadaPapaJoe #JuankadaHosts #Juan365 #fbreelsfypシ","SayaJuan as always tayo mga Joekada 😊 💃 🕺🏻 makisaya at makisayaw everyday , kaya tutok na sa Juan365 😊💙🧡 🎲 

#Juan365Studios #ALLINJUANLIVE #JuankadaPapaJoe #JuankadaHosts #Juan365 #fbreelsfypシ",43,1/31/2026 4:44,N/A,https://www.facebook.com/reel/1589109185875957/,0,0,Videos,,,,,Lifetime,1189,240,21,16,4,1,5021.182,4.389,0,10,10,,,0,,,0,0
1.22115E+17,6.15842E+13,Juankada Papa Joe,,,0,1/31/2026 4:42,N/A,https://www.facebook.com/permalink.php?story_fbid=pfbid02HE8jyLzpvHHmQqQoDCbFr5f4gdv6GBwfBXvKYjYmHHEex7chqtEhsx7FDAopQbgkl&id=61584233476725,0,1,Photos,,,,,Lifetime,254,83,4,4,0,0,,,,12,4,8,,0,,,,
1.22121E+17,6.15844E+13,Juankada Sabbie,"So babyyy come over😉

#JuankadaSabbie #Sabbies #LuckySabbie","So babyyy come over😉

#JuankadaSabbie #Sabbies #LuckySabbie",16,3/2/2026 21:07,N/A,https://www.facebook.com/reel/1850620635646435/,0,0,Videos,,,,,Lifetime,177,80,18,15,3,0,1257.848,10.395,0,18,18,,,0,,,0,0
1.22121E+17,6.15844E+13,Juankada Sabbie,"First set palang nag paulan agad tayo ng triple 💪🏻

Habol na Sabbies until 10pm tayo today 😉

#JuankadaSabbie #LuckySabbie #Sabbies","First set palang nag paulan agad tayo ng triple 💪🏻

Habol na Sabbies until 10pm tayo today 😉

#JuankadaSabbie #LuckySabbie #Sabbies",15,3/2/2026 0:30,N/A,https://www.facebook.com/reel/897637703063718/,0,0,Videos,,,,,Lifetime,147,81,10,8,2,0,802.575,7.717,0,9,9,,,0,,,0,0
1.22121E+17,6.15844E+13,Juankada Sabbie,Juankada Sabbie updated their cover photo.,,0,3/1/2026 21:59,N/A,https://www.facebook.com/photo.php?fbid=122121281745145396&set=a.122094606033145396&type=3,0,0,Photos,,,,,Lifetime,3,1,9,8,1,0,,,,0,,,,0,,,,
1.22121E+17,6.15844E+13,Juankada Sabbie,Serving looks hotter than the sun ☀️,,0,3/1/2026 21:55,N/A,https://www.facebook.com/photo.php?fbid=122121281421145396&set=a.122094562035145396&type=3,0,0,Photos,,,,,Lifetime,810,362,46,40,5,1,,,,39,30,9,,0,,,,
1.22121E+17,6.15844E+13,Juankada Sabbie,"February summary:
Main character energy all month long 💅

#JuankadaSabbie #Sabbies #LuckySabbie","February summary:
Main character energy all month long 💅

#JuankadaSabbie #Sabbies #LuckySabbie",33,2/27/2026 22:01,N/A,https://www.facebook.com/reel/1233703811664080/,0,0,Videos,,,,,Lifetime,397,149,24,21,2,1,2639.377,8.71,0,19,19,,,0,,,0,0
1.22121E+17,6.15844E+13,Juankada Sabbie,"I wanna…. Kaya na bahala mag tuloy 🤪🤪

#JuankadaSabbie #Sabbies #LuckySabbie","I wanna…. Kaya na bahala mag tuloy 🤪🤪

#JuankadaSabbie #Sabbies #LuckySabbie",19,2/27/2026 21:24,N/A,https://www.facebook.com/reel/762946970212836/,0,0,Videos,,,,,Lifetime,335,199,25,23,2,0,2491.571,10.381,0,23,23,,,0,,,0,0
1.22121E+17,6.15844E+13,Juankada Sabbie,"24/7 im thinking about youuu! 😉 Praktis lang ulit 🤪

#JuankadaSabbie #Sabbies #LuckySabbie","24/7 im thinking about youuu! 😉 Praktis lang ulit 🤪

#JuankadaSabbie #Sabbies #LuckySabbie",9,2/27/2026 2:21,N/A,https://www.facebook.com/reel/1204481695183655/,0,0,Videos,,,,,Lifetime,177,96,11,10,1,0,678.963,5.611,0,9,9,,,0,,,0,0
1.22121E+17,6.15844E+13,Juankada Sabbie,"Goodmorning Sabbies ♥️😘

#JuankadaSabbie #Sabbies #LuckySabbie",,0,2/26/2026 19:03,N/A,https://www.facebook.com/JuankadaSabbie/posts/pfbid029SfDTWvX3QH74jkSducBi1j3WG96Uv5XiRvsaKdRD8uiTszCuoY9zGgLm3ie1mfCl,0,0,Photos,,,,,Lifetime,254,117,16,13,3,0,,,,18,11,7,,0,,,,
1.22121E+17,6.15844E+13,Juankada Sabbie,"Boy don’t you know you can’t escape me😉

#JuankadaSabbie #Sabbies #LuckySabbie","Boy don’t you know you can’t escape me😉

#JuankadaSabbie #Sabbies #LuckySabbie",16,2/25/2026 21:30,N/A,https://www.facebook.com/reel/955549267040055/,0,0,Videos,,,,,Lifetime,294,195,14,12,2,0,1285.504,5.401,0,6,6,,,0,,,0,0
1.22121E+17,6.15844E+13,Juankada Sabbie,"4Pics 1Word... Ano sa tingin mo? 😉

#JuankadaSabbie #Sabbies #LuckySabbie",,0,2/25/2026 18:05,N/A,https://www.facebook.com/JuankadaSabbie/posts/pfbid02SzArV1RpVqDdWiDb4x3Xc5st3Vx7CFCGLqA1YdiHuVvxdyiYGVBNeKSwJ6SiG8YYl,0,0,Photos,,,,,Lifetime,526,193,23,17,6,0,,,,44,20,24,,0,,,,
1.22121E+17,6.15844E+13,Juankada Sabbie,"Oh buo na naman araw nyo, nakita nyo na naman si ganda! See you again tomorrow Sabbies 😘 

 #JuankadaSabbie #Sabbies #LuckySabbie","Oh buo na naman araw nyo, nakita nyo na naman si ganda! See you again tomorrow Sabbies 😘 

 #JuankadaSabbie #Sabbies #LuckySabbie",15,2/25/2026 2:01,N/A,https://www.facebook.com/reel/2653392241707665/,1,0,Videos,,,,,Lifetime,260,157,20,17,3,0,1275.784,6.443,0,7,7,,,0,,,0,0
1.22121E+17,6.15844E+13,Juankada Sabbie,"Jingle bell muna tayo 🔔

#JuankadaSabbie #Sabbies #LuckySabbie","Jingle bell muna tayo 🔔

#JuankadaSabbie #Sabbies #LuckySabbie",16,2/24/2026 20:16,N/A,https://www.facebook.com/reel/1242403303997163/,0,0,Videos,,,,,Lifetime,324,200,20,19,1,0,1910.902,7.896,0,12,12,,,0,,,0,0
1.22121E+17,6.15844E+13,Juankada Sabbie,"On wednesday we wear pink 😉

#JuankadaSabbie #Sabbies #LuckySabbie",,0,2/24/2026 18:54,N/A,https://www.facebook.com/JuankadaSabbie/posts/pfbid02Ewt4q9erWDePhWnaU41eEviEYvpHLxUpcvAeqGo9TvzDjDFgj1bQ6F9j9fhP3tAVl,0,0,Photos,,,,,Lifetime,687,261,51,43,8,0,,,,74,31,43,,0,,,,
1.22121E+17,6.15844E+13,Juankada Sabbie,"Kung ako ang classmate mo, aabsent ka pa ba? 🤔

#JuankadaSabbie #Sabbies #LuckySabbie #jennie #school","Kung ako ang classmate mo, aabsent ka pa ba? 🤔

#JuankadaSabbie #Sabbies #LuckySabbie #jennie #school",16,2/24/2026 2:00,N/A,https://www.facebook.com/reel/2120818378683658/,1,0,Videos,,,,,Lifetime,233,116,23,18,5,0,1463.791,9.035,0,18,18,,,0,,,0,0
1.22121E+17,6.15844E+13,Juankada Sabbie,"Kaya ko rin tumahol at mag meow! 😂

#JuankadaSabbie #Sabbies #LuckySabbie","Kaya ko rin tumahol at mag meow! 😂

#JuankadaSabbie #Sabbies #LuckySabbie",13,2/23/2026 20:59,mixed,https://www.facebook.com/reel/1461508009011200/,0,0,Videos,,,,,Lifetime,309,186,18,15,3,0,1377.917,5.717,0,9,9,,,0,,,0,1
1.22121E+17,6.15844E+13,Juankada Sabbie,"Tatlo na yan baka maghanap ka pa ng iba 🤪

#JuankadaSabbie #Sabbies #LuckySabbie",,0,2/23/2026 18:39,N/A,https://www.facebook.com/JuankadaSabbie/posts/pfbid026moN5NMCT9CBUX7kgU31A5oZjLKav8L8QftEVs8iAPrTWuSBkipiHuPwDFA8CTxcl,0,0,Photos,,,,,Lifetime,699,247,37,29,8,0,,,,90,41,49,,0,,,,
1.2212E+17,6.15844E+13,Juankada Sabbie,"Sa totoong buhay lang. Charoot mabait si ganda!

#JuankadaSabbie #Sabbies #LuckySabbie","Sa totoong buhay lang. Charoot mabait si ganda!

#JuankadaSabbie #Sabbies #LuckySabbie",6,2/23/2026 2:35,N/A,https://www.facebook.com/reel/1203530158597435/,0,0,Videos,,,,,Lifetime,453,211,15,14,1,0,1609.265,6.335,0,13,13,,,0,,,0,0
1.2212E+17,6.15844E+13,Juankada Sabbie,"Praktis muna ng kilig 🤪

#JuankadaSabbie #Sabbies #LuckySabbie","Praktis muna ng kilig 🤪

#JuankadaSabbie #Sabbies #LuckySabbie",16,2/22/2026 22:11,N/A,https://www.facebook.com/reel/902040975538531/,0,0,Videos,,,,,Lifetime,411,246,27,24,3,0,2390.457,8.048,0,19,19,,,0,,,0,0
1.2212E+17,6.15844E+13,Juankada Sabbie,"Happy Sunday Sabbies! Nakapagrecharge na si ganda! See you tom! 🥰😘

#JuankadaSabbie #Sabbies #LuckySabbie","Happy Sunday Sabbies! Nakapagrecharge na si ganda! See you tom! 🥰😘

#JuankadaSabbie #Sabbies #LuckySabbie",15,2/21/2026 19:49,N/A,https://www.facebook.com/reel/34817678397822996/,0,0,Videos,,,,,Lifetime,281,184,14,12,2,0,1193.614,5.425,0,12,12,,,0,,,0,0
1.2212E+17,6.15844E+13,Juankada Sabbie,"Happy weekend Sabbies♥️
Comment nga kung kelangan ko pa dagdagan yung tatlo? 🤪

#JuankadaSabbie #LuckySabbie #Sabbies","Happy weekend Sabbies♥️
Comment nga kung kelangan ko pa dagdagan yung tatlo? 🤪

#JuankadaSabbie #LuckySabbie #Sabbies",13,2/21/2026 1:56,N/A,https://www.facebook.com/reel/912608974597433/,0,0,Videos,,,,,Lifetime,409,251,20,17,3,0,2344.412,8.494,0,23,23,,,0,,,0,0
1.2212E+17,6.15844E+13,Juankada Sabbie,"Grab me by the waist, baby, pull me closer... Gusto mo yun? 🤭

#JuankadaSabbie #LuckySabbie #Sabbies","Grab me by the waist, baby, pull me closer... Gusto mo yun? 🤭

#JuankadaSabbie #LuckySabbie #Sabbies",16,2/20/2026 20:00,N/A,https://www.facebook.com/reel/2950513501811955/,0,0,Videos,,,,,Lifetime,291,199,17,15,2,0,1396.05,5.768,0,8,8,,,0,,,0,0
1.2212E+17,6.15844E+13,Juankada Sabbie,"Thank you, Sabbies! 
Rest day muna si ganda, recharge lang baka ma-lowbat! 😌

See you sa Color Game Live this Monday! 

Comment naman “MISS KA NA AGAD” kung aabangan n’yo ko! 😘

#JuankadaSabbie #LuckySabbie #Sabbies #COLORMANIA #colorgame",,0,2/20/2026 2:00,N/A,https://www.facebook.com/JuankadaSabbie/posts/pfbid0qwDyaM38u3ZL9F71FxuqmfqBqRx6YzbTWu4cCH9FYe5nD5JN4dYK7pTdbvT8C8r9l,0,0,Photos,,,,,Lifetime,375,162,7,4,2,1,,,,27,9,18,,0,,,,
1.2212E+17,6.15844E+13,Juankada Sabbie,"Baby girl for today, btw kumain ka na ba?

#JuankadaSabbie #LuckySabbie #Sabbies","Baby girl for today, btw kumain ka na ba?

#JuankadaSabbie #LuckySabbie #Sabbies",42,2/19/2026 21:21,N/A,https://www.facebook.com/reel/911094531410003/,0,0,Videos,,,,,Lifetime,319,237,22,16,6,0,2546.114,9.36,0,22,22,,,0,,,0,0
1.2212E+17,6.15844E+13,Juankada Sabbie,"TGIF! 💚
Ready na ba kayo mag-GO sa panalo?

#JuankadaSabbie #LuckySabbie #Sabbies",,0,2/19/2026 17:27,N/A,https://www.facebook.com/JuankadaSabbie/posts/pfbid02VU7HatXgFSXDwYGZxHRyt46Dk7Lmt4TKWFKXvVyqShbkHdSjcMvLkrmomp5sr8Rfl,0,0,Photos,,,,,Lifetime,490,216,20,17,3,0,,,,41,15,26,,0,,,,
1.2212E+17,6.15844E+13,Juankada Sabbie,"Me nuh poppy show 🥵

#JuankadaSabbie #Sabbies #LuckySabbie","Me nuh poppy show 🥵

#JuankadaSabbie #Sabbies #LuckySabbie",18,2/19/2026 4:10,N/A,https://www.facebook.com/reel/954845126877687/,0,0,Videos,,,,,Lifetime,309,181,19,18,1,0,2196.014,10.309,0,8,8,,,0,,,0,0
1.2212E+17,6.15844E+13,Juankada Sabbie,"Midweek check. Kamusta kayo Sabbies? Are you having fun? Interlude. 🤪

#JuankadaSabbie #Sabbies #LuckySabbie","Midweek check. Kamusta kayo Sabbies? Are you having fun? Interlude. 🤪

#JuankadaSabbie #Sabbies #LuckySabbie",16,2/18/2026 20:29,N/A,https://www.facebook.com/reel/1352167490262638/,0,0,Videos,,,,,Lifetime,550,365,28,22,6,0,3247.906,7.77,0,24,24,,,0,,,0,0
1.2212E+17,6.15844E+13,Juankada Sabbie,"Serving summer looks, kahit araw napa-wow ☀️

#JuankadaSabbie #Sabbies #LuckySabbie #summervibes #summer2026",,0,2/18/2026 17:18,N/A,https://www.facebook.com/JuankadaSabbie/posts/pfbid02UdQErVvCCUkEzEf7iuM5JZ9nmCNBQ466qqPJmShXdC5LVU3TXjnc3FgoRetBMUw2l,0,0,Photos,,,,,Lifetime,518,192,16,13,3,0,,,,53,13,40,,0,,,,
1.2212E+17,6.15844E+13,Juankada Sabbie,"Kaninong baby ako? Gusto mo sayo? ihhh 🥹👉👈

#JuankadaSabbie #Sabbies #LuckySabbie","Kaninong baby ako? Gusto mo sayo? ihhh 🥹👉👈

#JuankadaSabbie #Sabbies #LuckySabbie",16,2/18/2026 3:36,N/A,https://www.facebook.com/reel/1637648504455746/,0,0,Videos,,,,,Lifetime,1386,246,48,33,14,1,9734.993,11.603,0,35,35,,,0,,,0,0
1.2212E+17,6.15844E+13,Juankada Sabbie,"Nasaan na ba yung sando ko? Nakita mo ba? 🫣

#JuankadaSabbie #Sabbies #LuckySabbie #Prettygirl #prettygirlsrock","Nasaan na ba yung sando ko? Nakita mo ba? 🫣

#JuankadaSabbie #Sabbies #LuckySabbie #Prettygirl #prettygirlsrock",16,2/17/2026 20:12,N/A,https://www.facebook.com/reel/4300191463630299/,0,0,Videos,,,,,Lifetime,1006,435,52,41,7,4,5595.733,7.592,0,63,63,,,0,,,0,0
1.2212E+17,6.15844E+13,Juankada Sabbie,"Swerte na, maganda pa! 💅
Pag ako ang nasa Color Game, iba ang glow… baka lucky Sabbie talaga?

#JuankadaSabbie #Sabbies #LuckySabbie #Colorgame","Swerte na, maganda pa! 💅
Pag ako ang nasa Color Game, iba ang glow… baka lucky Sabbie talaga?

#JuankadaSabbie #Sabbies #LuckySabbie #Colorgame",14,2/17/2026 2:00,N/A,https://www.facebook.com/reel/1992827571308029/,0,0,Videos,,,,,Lifetime,315,165,17,14,3,0,1628.765,7.437,0,5,5,,,0,,,0,0
1.2212E+17,6.15844E+13,Juankada Sabbie,"Waiting ako sayo, tapos mag batian tayo ng Happy Chinese New Year! 

#JuankadaSabbie #Sabbies #LuckySabbie #HCNY #CNY2026","Waiting ako sayo, tapos mag batian tayo ng Happy Chinese New Year! 

#JuankadaSabbie #Sabbies #LuckySabbie #HCNY #CNY2026",11,2/16/2026 20:06,N/A,https://www.facebook.com/reel/775583988430594/,0,0,Videos,,,,,Lifetime,367,182,19,16,3,0,2160.588,9.078,0,10,10,,,0,,,0,0
1.2212E+17,6.15844E+13,Juankada Sabbie,"When in doubt, go pink 💗 Pink from head to dice! 

#JuankadaSabbie #Sabbies #LuckySabbie #Prettyinpink #Pinkalltheway",,0,2/16/2026 1:37,N/A,https://www.facebook.com/JuankadaSabbie/posts/pfbid036iQvJdQvQKK31GSXiE9ioa2SJUZYy1Zqhn4P3tW7yUi4syYXtaraQLeB4sgGxUr3l,0,0,Photos,,,,,Lifetime,380,155,16,14,2,0,,,,31,9,22,,0,,,,
1.2212E+17,6.15844E+13,Juankada Sabbie,"Sky understood the assignment 💖

#JuankadaSabbie #Sabbies #LuckySabbie #PinkSky #Prettyinpink","Sky understood the assignment 💖

#JuankadaSabbie #Sabbies #LuckySabbie #PinkSky #Prettyinpink",15,2/15/2026 19:54,N/A,https://www.facebook.com/reel/2117472675668608/,0,0,Videos,,,,,Lifetime,1025,294,77,68,8,1,6984.328,9.177,0,79,79,,,0,,,0,0
1.22119E+17,6.15844E+13,Juankada Sabbie,"Lets go! Shake it bam bam! Bagay ba samin? 😉

#JuankadaSabbie #Sabbies #LuckySabbie #reelschallengereelschallenge  #foryoupagereels","Lets go! Shake it bam bam! Bagay ba samin? 😉

#JuankadaSabbie #Sabbies #LuckySabbie #reelschallengereelschallenge  #foryoupagereels",31,2/14/2026 20:07,mixed,https://www.facebook.com/reel/1423185199545432/,1,0,Videos,,,,,Lifetime,456,230,36,30,4,2,4818.562,14.048,0,14,14,,,0,,,0,1
1.22119E+17,6.15844E+13,Juankada Sabbie,"Sponty dance break with Juankada host Drae

#JuankadaSabbie #Sabbies #LuckySabbie #foryoupagereels #reelschallengereelschallenge","Sponty dance break with @[100064672885113:2048:Juankada host Drae]

#JuankadaSabbie #Sabbies #LuckySabbie #foryoupagereels #reelschallengereelschallenge",14,2/14/2026 17:02,N/A,https://www.facebook.com/reel/1527721214962925/,0,0,Videos,,,,,Lifetime,737,434,26,23,2,1,4712.924,9.028,0,16,16,,,0,,,0,0
1.22119E+17,6.15844E+13,Juankada Sabbie,"Roses are red, violets are blue, wala pa akong Valentine… pwede ba ikaw na ‘yun? 🫶🏻❤️

#JuankadaSabbie #Sabbies #LuckySabbie #reelschallengereelschallenge #foryoupagereels","Roses are red, violets are blue, wala pa akong Valentine… pwede ba ikaw na ‘yun? 🫶🏻❤️

#JuankadaSabbie #Sabbies #LuckySabbie #reelschallengereelschallenge #foryoupagereels",16,2/13/2026 20:18,N/A,https://www.facebook.com/reel/925320453779262/,0,0,Videos,,,,,Lifetime,903,268,60,46,13,1,5089.628,7.484,0,58,58,,,0,,,0,0
1.22119E+17,6.15844E+13,Juankada Sabbie,"Friday the 13TH pero pag nilike mo ako, sswertehin ka 😜

#JuankadaSabbie #Sabbies #LuckySabbie #reelschallengereelschallenge  #foryoupagereels","Friday the 13TH pero pag nilike mo ako, sswertehin ka 😜

#JuankadaSabbie #Sabbies #LuckySabbie #reelschallengereelschallenge  #foryoupagereels",16,2/13/2026 2:00,N/A,https://www.facebook.com/reel/1313384460626745/,1,0,Videos,,,,,Lifetime,697,401,28,15,2,11,2704.978,4.478,0,8,8,,,0,,,0,0
1.22119E+17,6.15844E+13,Juankada Sabbie,"Baby, all I want is you 🤭

#JuankadaSabbie #Sabbies #LuckySabbie #reelschallengereelschallenge  #foryoupagereelsyouシfbreelsfypシ゚viralfbreelsfypシ゚viral","Baby, all I want is you 🤭

#JuankadaSabbie #Sabbies #LuckySabbie #reelschallengereelschallenge  #foryoupagereelsyouシfbreelsfypシ゚viralfbreelsfypシ゚viral",16,2/12/2026 19:21,N/A,https://www.facebook.com/reel/1209189904663051/,0,0,Videos,,,,,Lifetime,834,678,24,22,2,0,4401.856,6.113,0,10,10,,,0,,,0,0
1.22119E+17,6.15844E+13,Juankada Sabbie,"Can we work this out? Kasi kapag hindi, wala tayong work! 🤣

#JuankadaSabbie #Sabbies #LuckySabbie #reelschallengereelschallenge  #foryoupagereels","Can we work this out? Kasi kapag hindi, wala tayong work! 🤣

#JuankadaSabbie #Sabbies #LuckySabbie #reelschallengereelschallenge  #foryoupagereels",12,2/11/2026 23:01,N/A,https://www.facebook.com/reel/1878250079727703/,1,0,Videos,,,,,Lifetime,422,307,15,12,3,0,1702.289,4.977,0,12,12,,,0,,,0,0
1.22119E+17,6.15844E+13,Juankada Sabbie,"Miss na kita, baby hindi ko na kaya! 😞

#JuankadaSabbie #Sabbies #LuckySabbie #followersreelsfypシ゚viralシfypシ゚viralシalシ","Miss na kita, baby hindi ko na kaya! 😞

#JuankadaSabbie #Sabbies #LuckySabbie #followersreelsfypシ゚viralシfypシ゚viralシalシ",16,2/11/2026 18:16,N/A,https://www.facebook.com/reel/924924953459583/,0,0,Videos,,,,,Lifetime,561,442,23,21,2,0,4542.458,9.939,0,21,21,,,0,,,0,0
1.22119E+17,6.15844E+13,Juankada Sabbie,"Oopppsss... nakita mo ba yun? 👀

#JuankadaSabbie #Sabbies #LuckySabbie #followforfollowback  #foryoupagereels","Oopppsss... nakita mo ba yun? 👀

#JuankadaSabbie #Sabbies #LuckySabbie #followforfollowback  #foryoupagereels",16,2/10/2026 18:00,N/A,https://www.facebook.com/reel/2473422066405869/,1,0,Videos,,,,,Lifetime,412,261,28,27,1,0,2847.305,9.366,0,19,19,,,0,,,0,0
1.22119E+17,6.15844E+13,Juankada Sabbie,"Anong favorite color mo? At bakit ako? 🫣🤭

#JuankadaSabbie #Sabbies #LuckySabbies #followforfollowback  #colorgame","Anong favorite color mo? At bakit ako? 🫣🤭

#JuankadaSabbie #Sabbies #LuckySabbies #followforfollowback  #colorgame",23,2/10/2026 2:00,N/A,https://www.facebook.com/reel/1241772654571787/,1,0,Videos,,,,,Lifetime,358,280,14,12,1,1,2219.488,7.398,0,6,6,,,0,,,0,0
1.22119E+17,6.15844E+13,Juankada Sabbie,"Pacute lang muna yan sya 😉

#JuankadaSabbie #Sabbies #LuckySabbie #followforfollowback #foryoupagereels #overdrive","Pacute lang muna yan sya 😉

#JuankadaSabbie #Sabbies #LuckySabbie #followforfollowback #foryoupagereels #overdrive",13,2/9/2026 20:00,N/A,https://www.facebook.com/reel/792671456504085/,1,0,Videos,,,,,Lifetime,487,359,19,17,2,0,2415.279,6.322,0,15,15,,,0,,,0,0
1.22119E+17,6.15844E+13,Juankada Sabbie,"Bagay ba sakin yung naka braid? O mas bagay tayo? 🤔😜

#JuankadaSabbie #Sabbies #LuckySabbie #foryoupagereels #followforfollowback","Bagay ba sakin yung naka braid? O mas bagay tayo? 🤔😜

#JuankadaSabbie #Sabbies #LuckySabbie #foryoupagereels #followforfollowback",24,2/9/2026 2:01,N/A,https://www.facebook.com/reel/2006282389999989/,1,0,Videos,,,,,Lifetime,461,346,27,24,3,0,3438.475,9.001,0,17,17,,,0,,,0,0
1.22119E+17,6.15844E+13,Juankada Sabbie,"Watch us Live! Shout out ko kayo promise! 😇

#JuankadaSabbie #Sabbies #LuckySabbies #followforfollowback",,0,2/8/2026 23:07,N/A,https://www.facebook.com/JuankadaSabbie/posts/pfbid0385osby75KwafzfNjre8Zd8oNKuGYppCCEduUp81Ft4F2kf7hLWhUsKogGkP6Mr8cl,0,0,Photos,,,,,Lifetime,422,182,19,16,2,1,,,,28,6,22,,0,,,,
1.22119E+17,6.15844E+13,Juankada Sabbie,"Your daily dose of Sabbie! Happy monday sabbies 😘

#JuankadaSabbie #Sabbies #LuckySabbie  #followforfollowback #foryoupagereels",,0,2/8/2026 18:01,N/A,https://www.facebook.com/JuankadaSabbie/posts/pfbid0Bg5Jz8piRqnnHRcgLKii9vieSJLDAqsBu99cxCs2LUArh9xks1r9uRVLBNJ7fzMfl,0,0,Photos,,,,,Lifetime,336,132,16,12,3,1,,,,18,7,11,,0,,,,
1.22118E+17,6.15844E+13,Juankada Sabbie,"Baby lika. Paisa… 😌

Isang sayaw 🤣

 #JuankadaSabbie  #Sabbies  #LuckySabbie  #reelschallenge #followforfollowback","Baby lika. Paisa… 😌

Isang sayaw 🤣

 #JuankadaSabbie  #Sabbies  #LuckySabbie  #reelschallenge #followforfollowback",16,2/8/2026 2:00,N/A,https://www.facebook.com/reel/925165869866958/,1,0,Videos,,,,,Lifetime,565,381,20,18,2,0,3234.821,7.419,0,19,19,,,0,,,0,0
1.22118E+17,6.15844E+13,Juankada Sabbie,"Sarap talaga magkape 🙂‍↔️ tapos wala ng pake

#JuankadaSabbie #Sabbies #LuckySabbie #reelschallenge #followforfollowback","Sarap talaga magkape 🙂‍↔️ tapos wala ng pake

#JuankadaSabbie #Sabbies #LuckySabbie #reelschallenge #followforfollowback",16,2/7/2026 20:27,N/A,https://www.facebook.com/reel/2032858160614176/,0,0,Videos,,,,,Lifetime,378,228,26,22,4,0,2298.87,8.181,0,11,11,,,0,,,0,0
1.22118E+17,6.15844E+13,Juankada Sabbie,"1 take lang to hays! Happy Weekend Sabbies 😘

#JuankadaSabbie #Sabbies #LuckySabbie #reelschallengereelschallenge  #foryoupagereels","1 take lang to hays! Happy Weekend Sabbies 😘

#JuankadaSabbie #Sabbies #LuckySabbie #reelschallengereelschallenge  #foryoupagereels",16,2/6/2026 18:00,N/A,https://www.facebook.com/reel/1591862125435459/,1,0,Videos,,,,,Lifetime,427,267,24,21,3,0,2708.529,8.653,0,11,11,,,0,,,0,0
1.22118E+17,6.15844E+13,Juankada Sabbie,"You know me, it's Sabbie, baby! 💋

#JuankadaSabbie #Sabbies #LuckySabbie #reelschallengereelschallenge  #foryoupagereels","You know me, it's Sabbie, baby! 💋

#JuankadaSabbie #Sabbies #LuckySabbie #reelschallengereelschallenge  #foryoupagereels",11,2/6/2026 4:01,N/A,https://www.facebook.com/reel/2361818890943825/,1,0,Videos,,,,,Lifetime,450,309,21,20,1,0,1946.535,5.561,0,6,6,,,0,,,0,0
1.22118E+17,6.15844E+13,Juankada Sabbie,"I'ma get you drunk. Get you love drunk off my ...

#JuankadaSabbie #Sabbies #LuckySabbie #reelschallengereelschallenge  #foryoupagereels","I'ma get you drunk. Get you love drunk off my ...

#JuankadaSabbie #Sabbies #LuckySabbie #reelschallengereelschallenge  #foryoupagereels",18,2/6/2026 1:08,N/A,https://www.facebook.com/reel/913043348124066/,0,0,Videos,,,,,Lifetime,506,373,37,36,1,0,3354.639,8.202,0,17,17,,,0,,,0,0
1.22118E+17,6.15844E+13,Juankada Sabbie,"Tara, laro tayo? 😜

#JuankadaSabbie #Sabbies #LuckySabbie #reelschallengereelschallenge #foryoupagereels","Tara, laro tayo? 😜

#JuankadaSabbie #Sabbies #LuckySabbie #reelschallengereelschallenge #foryoupagereels",16,2/5/2026 0:00,N/A,https://www.facebook.com/reel/743424371859125/,1,0,Videos,,,,,Lifetime,795,409,41,32,7,2,5245.474,8.875,0,26,26,,,0,,,0,0
1.22118E+17,6.15844E+13,Juankada Sabbie,"Minsan kelangan din naten magseryoso 😜

#JuankadaSabbie #Sabbies #LuckySabbie #reelschallengereelschallenge #foryoupagereels","Minsan kelangan din naten magseryoso 😜

#JuankadaSabbie #Sabbies #LuckySabbie #reelschallengereelschallenge #foryoupagereels",11,2/4/2026 20:00,N/A,https://www.facebook.com/reel/902929215648780/,1,0,Videos,,,,,Lifetime,503,276,23,21,2,0,2727.439,8.021,0,23,23,,,0,,,0,0
1.22118E+17,6.15844E+13,Juankada Sabbie,"Ayg pataka with Juanababe Sena! 🥰

#JuankadaSabbie #Sabbies #LuckySabbie #reelschallengereelschallenge  #foryoupagereels","Ayg pataka with @[61580361006776:2048:Juanababe Sena]! 🥰

#JuankadaSabbie #Sabbies #LuckySabbie #reelschallengereelschallenge  #foryoupagereels",16,2/4/2026 2:00,N/A,https://www.facebook.com/reel/4310596219198832/,1,0,Videos,,,,,Lifetime,1333,929,70,51,9,10,8053.117,8.276,0,66,66,,,0,,,0,0
1.22118E+17,6.15844E+13,Juankada Sabbie,"Baddie Sabbie 😎♥

#JuankadaSabbie #Sabbies #LuckySabbie #followforfollowback #ootd",,0,2/3/2026 23:02,N/A,https://www.facebook.com/JuankadaSabbie/posts/pfbid02DSqijd8UbPCarELG82kPgVA2TYcsrE3kvEDHwUKwRAthnA2hMvnLg4qFgpdmrDBhl,0,0,Photos,,,,,Lifetime,699,285,32,29,2,1,,,,57,9,48,,0,,,,
1.22118E+17,6.15844E+13,Juankada Sabbie,"Baka kaya hindi tayo pinaglalaban, kasi muka tayong kalaban! Hirap beh 😖

#JuankadaSabbie #Sabbies #LuckySabbie  #followersreelsfypシ゚viralシfypシ゚viralシalシ","Baka kaya hindi tayo pinaglalaban, kasi muka tayong kalaban! Hirap beh 😖

#JuankadaSabbie #Sabbies #LuckySabbie  #followersreelsfypシ゚viralシfypシ゚viralシalシ",6,2/3/2026 18:01,N/A,https://www.facebook.com/reel/2417439142012322/,1,0,Videos,,,,,Lifetime,459,155,15,13,1,1,1710.658,7.602,0,12,12,,,0,,,0,0
1.22118E+17,6.15844E+13,Juankada Sabbie,"Goodnight Sabbies, dream of me 😘

#JuankadaSabbie #Sabbies #LuckySabbie #followersreelsfypシ゚viralシfypシ゚viralシalシ",,0,2/3/2026 6:00,N/A,https://www.facebook.com/JuankadaSabbie/posts/pfbid037c4zNVQKX2o5GqT62u7eJ9EULaBpyLZMZExPFXUJWoXfBRC6GpjpGZx1FYxvuQdgl,0,0,Photos,,,,,Lifetime,750,291,34,29,4,1,,,,53,27,26,,0,,,,
1.22118E+17,6.15844E+13,Juankada Sabbie,"Bawal ngani kasi mapagod!
Gabi na naman, relapse na naman 🥲

#JuankadaSabbie #Sabbies #LuckySabbie #foryoupagereels #followforfollowback","Bawal ngani kasi mapagod!
Gabi na naman, relapse na naman 🥲

#JuankadaSabbie #Sabbies #LuckySabbie #foryoupagereels #followforfollowback",16,2/3/2026 3:00,N/A,https://www.facebook.com/reel/2136225013794626/,1,0,Videos,,,,,Lifetime,1171,344,66,59,5,2,7945.609,9.369,0,89,89,,,0,,,0,0
1.22118E+17,6.15844E+13,Juankada Sabbie,"Sana all namimis 😩
 
#JuankadaSabbie #Sabbies #LuckySabbie #reelschallengereelschallenge #foryoupagereels","Sana all namimis 😩
 
#JuankadaSabbie #Sabbies #LuckySabbie #reelschallengereelschallenge #foryoupagereels",6,2/3/2026 0:05,N/A,https://www.facebook.com/reel/1191760276452387/,0,0,Videos,,,,,Lifetime,1331,579,43,29,11,3,4661.953,6.15,0,47,47,,,0,,,0,0
1.22118E+17,6.15844E+13,Juankada Sabbie,"Eto na entry ng bebot nyo, wag na mag pm! Chariz 😂

#JuankadaSabbie #Sabbies #LuckySabbie #foryoupagereels #trendingreelsvideo #bebot","Eto na entry ng bebot nyo, wag na mag pm! Chariz 😂

#JuankadaSabbie #Sabbies #LuckySabbie #foryoupagereels #trendingreelsvideo #bebot",15,2/2/2026 5:02,N/A,https://www.facebook.com/reel/1562200971730536/,0,0,Videos,,,,,Lifetime,703,527,28,24,3,1,4031.242,6.891,0,20,20,,,0,,,0,0
1.22118E+17,6.15844E+13,Juankada Sabbie,"Nandito lang ako, waitings sa tawag mo 😉

 #JuankadaSabbie #Sabbies #LuckySabbie #foryoupagereels #followersreelsfypシ゚viralシfypシ゚viralシalシ","Nandito lang ako, waitings sa tawag mo 😉

 #JuankadaSabbie #Sabbies #LuckySabbie #foryoupagereels #followersreelsfypシ゚viralシfypシ゚viralシalシ",7,2/2/2026 2:18,N/A,https://www.facebook.com/reel/1506955883736936/,0,0,Videos,,,,,Lifetime,1202,750,39,33,6,0,4312.949,5.318,0,26,26,,,0,,,0,0
1.22117E+17,6.15844E+13,Juankada Sabbie,"Anong point??? Powerpoint!

#JuankadaSabbie #Sabbies #LuckySabbie #foryourpage #foryoupagereels #followersreelsfypシ゚viralシfypシ゚viralシalシ","Anong point??? Powerpoint!

#JuankadaSabbie #Sabbies #LuckySabbie #foryourpage #foryoupagereels #followersreelsfypシ゚viralシfypシ゚viralシalシ",11,2/1/2026 19:56,N/A,https://www.facebook.com/reel/1163763305836417/,0,0,Videos,,,,,Lifetime,1848,1182,33,25,4,4,10495.546,7.939,0,61,61,,,0,,,0,0
1.22117E+17,6.15844E+13,Juankada Sabbie,"i'll use my... Ay hindi tayo gaganyan 😜
Hello February! 🥰

#JuankadaSabbie #Sabbies #luckysabbie  #foryourpage #reels #followme","i'll use my... Ay hindi tayo gaganyan 😜
Hello February! 🥰

#JuankadaSabbie #Sabbies #luckysabbie  #foryourpage #reels #followme",16,2/1/2026 1:18,N/A,https://www.facebook.com/reel/1387753753096433/,0,0,Videos,,,,,Lifetime,594,436,25,22,3,0,2425.498,5.074,0,16,16,,,0,,,0,0
1.22117E+17,6.15844E+13,Juankada Sabbie,Juankada Sabbie updated their cover photo.,,0,1/31/2026 18:46,N/A,https://www.facebook.com/photo.php?fbid=122117330301145396&set=a.122094606033145396&type=3,0,0,Photos,,,,,Lifetime,3,2,12,10,1,1,,,,0,,,,0,,,,
1.22117E+17,6.15844E+13,Juankada Sabbie,Hello Feb-ibig 💗,,0,1/31/2026 18:45,N/A,https://www.facebook.com/photo.php?fbid=122117330133145396&set=a.122094562035145396&type=3,0,0,Photos,,,,,Lifetime,1654,630,91,76,13,2,,,,74,57,17,,0,,,,
1.22117E+17,6.15844E+13,Juankada Sabbie,"3am na, relapse na? ☹️ 
Balik tayo self love Sabbies🤣

#JuankadaSabbie #LuckySabbie #Sabbie","3am na, relapse na? ☹️ 
Balik tayo self love Sabbies🤣

#JuankadaSabbie #LuckySabbie #Sabbie",22,1/31/2026 11:09,N/A,https://www.facebook.com/reel/920681117282419/,0,0,Videos,,,,,Lifetime,637,417,41,29,12,0,5285.59,11.104,0,22,22,,,0,,,0,0
1.22117E+17,6.15844E+13,Juankada Sabbie,"A diva is a female version of a hustler, and this is what she looks like 😌✨

#JuankadaSabbie #LuckySabbie #Sabbie","A diva is a female version of a hustler, and this is what she looks like 😌✨

#JuankadaSabbie #LuckySabbie #Sabbie",18,1/31/2026 1:14,N/A,https://www.facebook.com/reel/897672896554563/,0,0,Videos,,,,,Lifetime,1470,600,61,56,4,1,10271.225,9.097,0,99,99,,,0,,,0,0
1.22115E+17,6.15845E+13,Juankada Shann,"𝗣𝗵𝗼𝘁𝗼𝘀 𝘁𝗵𝗮𝘁 𝘀𝗽𝗲𝗮𝗸 𝗹𝗼𝘂𝗱𝗲𝗿 𝘁𝗵𝗮𝗻 𝘄𝗼𝗿𝗱𝘀 📸

#Memories #CapturedMoments #JuankadaShann #Shanshines #Followme #TagAFriend #FireballVibes",,0,1/31/2026 2:00,N/A,https://www.facebook.com/JuankadaShannOfficialPage/posts/pfbid0XeuLVQgBX67Jdp6e778tgsxHcTXFrhqRaKo5BxXG7BP4DiwboZyCV2c5YFoLtjKul,0,0,Photos,,,,,Lifetime,129,65,11,9,2,0,,,,3,2,1,,0,,,,
1.22119E+17,6.15845E+13,Juankada Shann,"Clouds shifting, blessings coming. ☁️✨

#GlowUpSeason #SummerVibes #JuankadaShann #Shanshines","Clouds shifting, blessings coming. ☁️✨

#GlowUpSeason #SummerVibes #JuankadaShann #Shanshines",12,3/2/2026 20:30,uploaded,https://www.facebook.com/reel/778095008248741/,1,0,Videos,,,,,Lifetime,108,84,4,3,1,0,440.263,5.119,0,5,5,,,0,,,0,0
1.22119E+17,6.15845E+13,Juankada Shann,"Sun’s out, vibes up! 🌴✨

Ready ka na ba, Shanshines?

#GlowUpSeason #SummerVibes #JuankadaShann #Shanshines",,0,3/2/2026 20:30,N/A,https://www.facebook.com/JuankadaShannOfficialPage/posts/pfbid0vBpZwyEFA6NikY3psn25RT7rNF5qkMq9hcRCJYZWTTu4ghkWAXLeDjiaYRvLmbwnl,0,0,Photos,,,,,Lifetime,73,37,3,3,0,0,,,,1,,1,,0,,,,
1.22119E+17,6.15845E+13,Juankada Shann,"Tangal angas talaga 🫣

#GlowUpSeason #SummerVibes #JuankadaShann #Shanshines","Tangal angas talaga 🫣

#GlowUpSeason #SummerVibes #JuankadaShann #Shanshines",14,3/2/2026 16:30,N/A,https://www.facebook.com/reel/1472152137884405/,1,0,Videos,,,,,Lifetime,725,529,7,6,1,0,5411.847,10.211,0,1,1,,,0,,,0,0
1.22119E+17,6.15845E+13,Juankada Shann,"Fashion week 😍

#GlowUpSeason #SummerVibes #JuankadaShann #Shanshines","Fashion week 😍

#GlowUpSeason #SummerVibes #JuankadaShann #Shanshines",30,3/2/2026 2:01,auto,https://www.facebook.com/reel/1441627197557680/,1,0,Videos,,,,,Lifetime,358,285,12,12,0,0,3240.802,11.136,0,4,4,,,0,,,0,0
1.22119E+17,6.15845E+13,Juankada Shann,"Parang nasa movie 🤣

#GlowUpSeason #SummerVibes #JuankadaShann #Shanshines","Parang nasa movie 🤣

#GlowUpSeason #SummerVibes #JuankadaShann #Shanshines",29,3/1/2026 21:00,mixed,https://www.facebook.com/reel/960489589735753/,1,0,Videos,,,,,Lifetime,96,67,10,8,2,0,703.016,9.13,0,8,8,,,0,,,0,0
1.22119E+17,6.15845E+13,Juankada Shann,"Its summer time☀️ kaya naman gawing makulay at mas mainit ang ating kapalaran always go to juan365 color game live 

#GlowUpSeason #SummerVibes #JuankadaShann #Shanshines #Juan365",,0,3/1/2026 19:34,N/A,https://www.facebook.com/photo.php?fbid=122118574713149417&set=a.122099315145149417&type=3,0,0,Photos,,,,,Lifetime,1,1,2,2,0,0,,,,0,,,,0,,,,
1.22119E+17,6.15845E+13,Juankada Shann,"Main character this summer, Shine bright, Shanshines! ☀️✨

#GlowUpSeason #SummerVibes #JuankadaShann #Shanshines",,0,3/1/2026 19:32,N/A,https://www.facebook.com/photo.php?fbid=122118574665149417&set=a.122099314527149417&type=3,0,0,Photos,,,,,Lifetime,100,51,8,7,1,0,,,,3,2,1,,0,,,,
1.22118E+17,6.15845E+13,Juankada Shann,"Trust the color. Trust the moment. 🍀

#JuankadaAlexchoozy #Choozers #Followme #CommentYourThoughts","Trust the color. Trust the moment. 🍀

#JuankadaAlexchoozy #Choozers #Followme #CommentYourThoughts",18,2/28/2026 17:00,uploaded,https://www.facebook.com/reel/3381801345320878/,1,0,Videos,,,,,Lifetime,103,79,3,3,0,0,524.187,6.095,0,0,,,,0,,,0,0
1.22118E+17,6.15845E+13,Juankada Shann,"Serving calm, cool, and collected. 😌

#JuankadaShann #Shanshines #Followme #TagAFriend",,0,2/28/2026 4:00,N/A,https://www.facebook.com/JuankadaShannOfficialPage/posts/pfbid027BAszjry84EkCVa3cvyTUMd2VaCjHKb8vUv3YnFK4NpSZPUYLnEjAQghihVyxYVdl,0,0,Photos,,,,,Lifetime,71,37,0,0,0,0,,,,1,,1,,0,,,,
1.22118E+17,6.15845E+13,Juankada Shann,"Just us being us. Always. 💯

#JuankadaShann #Shanshines #Followme #TagAFriend",,0,2/28/2026 2:17,N/A,https://www.facebook.com/JuankadaShannOfficialPage/posts/pfbid02GvLGaJyZbbZGCbZAfcFxspukJ1mAWBb6edfySPyToypcXrtY7DMUAJAy3MyxtCj4l,0,0,Photos,,,,,Lifetime,82,51,3,3,0,0,,,,0,,,,0,,,,
1.22118E+17,6.15845E+13,Juankada Shann,"Meet my babies 🤭

#JuankadaShann #Shanshines #Followme #TagAFriend",,0,2/27/2026 21:08,N/A,https://www.facebook.com/JuankadaShannOfficialPage/posts/pfbid06zMrZu3SeWssBzAR53SFuvgvHpDkf6csG9X3V3Wtdbto7KbANPDF6zwgsqUtFLffl,0,0,Photos,,,,,Lifetime,133,73,7,6,1,0,,,,6,3,3,,0,,,,
1.22118E+17,6.15845E+13,Juankada Shann,"Showdown with my twinnie 🌟

#JuankadaShann #Shanshines #Followme #TagAFriend","Showdown with my twinnie 🌟

#JuankadaShann #Shanshines #Followme #TagAFriend",19,2/27/2026 3:00,N/A,https://www.facebook.com/reel/1587503982491906/,1,0,Videos,,,,,Lifetime,92,67,5,5,0,0,807.608,12.618,0,6,6,,,0,,,0,0
1.22118E+17,6.15845E+13,Juankada Shann,"Soft look, strong presence. 📷

#JuankadaShann #Shanshines #Followme #TagAFriend",,0,2/26/2026 20:00,N/A,https://www.facebook.com/JuankadaShannOfficialPage/posts/pfbid02FUZwxs6RY8BgH2nuQAT7ecCKxtcm1iNzG3MWtH1ZcL1fMLmg6vvxsmi8iq8j9S1Sl,0,0,Photos,,,,,Lifetime,117,63,12,8,3,1,,,,5,4,1,,0,,,,
1.22118E+17,6.15845E+13,Juankada Shann,"Blink and you’ll miss it. 🤫

#JuankadaShann #Shanshines #Followme #TagAFriend",,0,2/26/2026 16:00,N/A,https://www.facebook.com/JuankadaShannOfficialPage/posts/pfbid02CCephfFSwUX6rh9bxhj3XAPVnBFHoayuw7aTMgQ6cfkeeYjtVVoKGSLHLvAr7aHjl,0,0,Photos,,,,,Lifetime,106,50,7,4,2,1,,,,2,1,1,,0,,,,
1.22118E+17,6.15845E+13,Juankada Shann,"Proof that sometimes, the best moments are unplanned. 💯✨

#JuankadaShann #Shanshines #Followme #TagAFriend",,0,2/26/2026 2:30,N/A,https://www.facebook.com/JuankadaShannOfficialPage/posts/pfbid0erdd9rBENbx8HAZ7VprhSuTAESwenztUpwmp6XQuZKccySz3pQ2PiHkJJ2tZwstXl,0,0,Photos,,,,,Lifetime,171,86,7,6,0,1,,,,11,5,6,,0,,,,
1.22118E+17,6.15845E+13,Juankada Shann,"Looking for interactive live entertainment? 🎉

Color Game Live is on!

#JuankadaShann #Shanshines #Followme #TagAFriend","Looking for interactive live entertainment? 🎉

Color Game Live is on!

#JuankadaShann #Shanshines #Followme #TagAFriend",18,2/25/2026 23:30,N/A,https://www.facebook.com/reel/1208444361464498/,1,0,Videos,,,,,Lifetime,74,50,7,7,0,0,480.264,8.14,0,4,4,,,0,,,0,0
1.22118E+17,6.15845E+13,Juankada Shann,"Color game live will gave a good Vibes 🤩

#JuankadaShann #Shanshines #Followme #TagAFriend","Color game live will gave a good Vibes 🤩

#JuankadaShann #Shanshines #Followme #TagAFriend",19,2/25/2026 20:20,N/A,https://www.facebook.com/reel/26500305849587027/,1,0,Videos,,,,,Lifetime,118,80,11,7,1,3,678.583,7.142,0,8,8,,,0,,,0,0
1.22118E+17,6.15845E+13,Juankada Shann,"10x, 15x, 50x? No thanks. 1x lang ako, limited edition. Di na kailangan i-spin ang wheel, nanalo ka na. 🔥💅

#JuankadaShann #Shanshines #Followme #TagAFriend",,0,2/24/2026 23:13,N/A,https://www.facebook.com/JuankadaShannOfficialPage/posts/pfbid02TbE8N4hUWDLNPBHKcrdE7ewLLeYrTZW1FyimYMQiXnBCTzvkys5wAKoLwQ1RBynpl,0,0,Photos,,,,,Lifetime,167,74,8,6,1,1,,,,7,4,3,,0,,,,
1.22118E+17,6.15845E+13,Juankada Shann,"Glimpse of me sa live: suwerte lang ang dala. 💅😂 

#JuankadaShann #Shanshines #Followme #TagAFriend","Glimpse of me sa live: suwerte lang ang dala. 💅😂 

#JuankadaShann #Shanshines #Followme #TagAFriend",15,2/24/2026 3:58,N/A,https://www.facebook.com/reel/1068161516370533/,0,0,Videos,,,,,Lifetime,58,38,7,6,0,1,203.504,4.329,0,3,3,,,0,,,0,0
1.22118E+17,6.15845E+13,Juankada Shann,"Chasing sunsets, catching feelings. 🌅

#JuankadaShann #Shanshines #Followme #TagAFriend",,0,2/24/2026 1:30,N/A,https://www.facebook.com/JuankadaShannOfficialPage/posts/pfbid0cfcwWunEqhbXT2Asc5148aEzrLXGKWrpjvFKLmG4D2AYCcvefAEjnxDYigAa9Tmol,0,0,Photos,,,,,Lifetime,141,69,13,8,5,0,,,,5,5,,,0,,,,
1.22118E+17,6.15845E+13,Juankada Shann,,,0,2/23/2026 19:34,N/A,https://www.facebook.com/JuankadaShannOfficialPage/posts/pfbid02Mo5Uf1z59KvKAiKywU7SP96bpUgGJzvrUaK1HGg1y2RJNwdYuc3ubGauQZvz9xprl,0,1,Text,,,,,Lifetime,28,22,2,2,0,0,,,,4,4,,,0,,,,
1.22118E+17,6.15845E+13,Juankada Shann,"Life’s better with friends by your side. 🌟

Last photo talaga nag dala mga shanshine cute na cute saakin sila juankada joe and lance 🤣🤭

#JuankadaShann #Shanshines #Followme #TagAFriend",,0,2/23/2026 17:30,N/A,https://www.facebook.com/JuankadaShannOfficialPage/posts/pfbid0TnNGsxaedaW6rKKVHTwvaZSiD1tEsqQ2UQrMuUAH6nDhx44ma9tbMeLW2qMELkfsl,0,0,Photos,,,,,Lifetime,134,61,7,5,2,0,,,,12,4,8,,0,,,,
1.22118E+17,6.15845E+13,Juankada Shann,,,0,2/23/2026 16:00,N/A,https://www.facebook.com/JuankadaShannOfficialPage/posts/pfbid02xZKFRuYLYT8fFWtMge2u2XVZVnhyMByThFXpYoJT3mDwbCUs4QaMh5Bp3HQKjPS8l,0,1,Photos,,,,,Lifetime,253,107,21,13,7,1,,,,51,48,3,,0,,,,
1.22118E+17,6.15845E+13,Juankada Shann,"Sweat, smile, repeat. 😎

#JuankadaShann #Shanshines #Followme #TagAFriend",,0,2/23/2026 3:30,N/A,https://www.facebook.com/JuankadaShannOfficialPage/posts/pfbid0T7AJTCdZM1MCA9rYFuStekzBiGqYWHs8uZVLNt1ZBYbteGdLvxUkVb98274ReCVbl,0,0,Photos,,,,,Lifetime,71,40,4,3,1,0,,,,3,3,,,0,,,,
1.22118E+17,6.15845E+13,Juankada Shann,"Sun’s out, vibes up! ☀️

#JuankadaShann #Shanshines #Followme #TagAFriend","Sun’s out, vibes up! ☀️

#JuankadaShann #Shanshines #Followme #TagAFriend",15,2/22/2026 20:30,N/A,https://www.facebook.com/reel/1275903044412100/,1,0,Videos,,,,,Lifetime,139,114,8,7,1,0,554.633,4.546,0,1,1,,,0,,,0,0
1.22118E+17,6.15845E+13,Juankada Shann,"Bakit bako kinikilig? 🤫

#JuankadaAlexchoozy #Choozers #Followme #CommentYourThoughts","Bakit bako kinikilig? 🤫

#JuankadaAlexchoozy #Choozers #Followme #CommentYourThoughts",9,2/22/2026 17:00,N/A,https://www.facebook.com/reel/1235963324916133/,1,0,Videos,,,,,Lifetime,77,48,7,5,2,0,300.857,5.47,0,2,2,,,0,,,0,0
1.22118E+17,6.15845E+13,Juankada Shann,"Elegance in every glance ✨

#JuankadaAlexchoozy #Choozers #Followme #CommentYourThoughts",,0,2/22/2026 2:30,N/A,https://www.facebook.com/JuankadaShannOfficialPage/posts/pfbid0n3vXR1NyqKjBcyQVdGqNeKSNF5tTb9QRB7ru3x9pz6EVYfkKs4rFEKB5mc8RjCuul,0,0,Photos,,,,,Lifetime,105,55,9,8,1,0,,,,7,6,1,,0,,,,
1.22118E+17,6.15845E+13,Juankada Shann,"Tips para ma pansin ni Crush! 🤫

#JuankadaAlexchoozy #Choozers #Followme #CommentYourThoughts","Tips para ma pansin ni Crush! 🤫

#JuankadaAlexchoozy #Choozers #Followme #CommentYourThoughts",7,2/21/2026 20:00,mixed,https://www.facebook.com/reel/1903493891042913/,1,0,Videos,,,,,Lifetime,115,57,6,5,1,0,427.481,6.476,0,3,3,,,0,,,0,0
1.22118E+17,6.15845E+13,Juankada Shann,"Feeling lucky? 🎨

Color Game will give you fast, fun rewards!

#JuankadaShann #Shanshines #Followme #TagAFriend","Feeling lucky? 🎨

Color Game will give you fast, fun rewards!

#JuankadaShann #Shanshines #Followme #TagAFriend",18,2/21/2026 16:00,N/A,https://www.facebook.com/reel/909762091952500/,1,0,Videos,,,,,Lifetime,75,50,4,3,1,0,359.889,5.623,0,6,6,,,0,,,0,0
1.22117E+17,6.15845E+13,Juankada Shann,"Filipina Girl Shann vs Zia 🇵🇭✨

#JuankadaShann #Shanshines #Followme #TagAFriend","Filipina Girl Shann vs Zia 🇵🇭✨

#JuankadaShann #Shanshines #Followme #TagAFriend",17,2/21/2026 2:00,uploaded,https://www.facebook.com/reel/2083113039203741/,1,0,Videos,,,,,Lifetime,98,70,5,5,0,0,537.597,7.073,0,6,6,,,0,,,0,0
1.22117E+17,6.15845E+13,Juankada Shann,"Mood: effortlessly present. ✨

#JuankadaShann #Shanshines #Followme #TagAFriend",,0,2/20/2026 20:30,N/A,https://www.facebook.com/JuankadaShannOfficialPage/posts/pfbid02gkiQ7gQnu76RE9VKM7k94PF6KZAw8dMyVjD2bZ6fgEBmkYrACThYp4vdTm2L3XXol,0,0,Photos,,,,,Lifetime,100,57,6,5,1,0,,,,5,3,2,,0,,,,
1.22117E+17,6.15845E+13,Juankada Shann,"Mood: effortlessly present. ✨

#JuankadaShann #Shanshines #Followme #TagAFriend",,0,2/20/2026 16:00,N/A,https://www.facebook.com/JuankadaShannOfficialPage/posts/pfbid0dyJXoMp4CbSXx4puNdReguimf4uWsansonVxuW9NT8KfAWqGRpykzQkeECK98XBwl,0,0,Photos,,,,,Lifetime,167,79,15,9,6,0,,,,10,7,3,,0,,,,
1.22117E+17,6.15845E+13,Juankada Shann,See you tomorrow my #Shanshines😘,,0,2/19/2026 22:42,N/A,https://www.facebook.com/JuankadaShannOfficialPage/posts/pfbid02kstGTXHE2TgpgHtQmwP57cN8d45NPQ65DXE1To5xicdaSuEdW4We1zBpjKxn9jJTl,0,1,Photos,,,,,Lifetime,82,52,1,1,0,0,,,,1,1,,,0,,,,
1.22117E+17,6.15845E+13,Juankada Shann,"Here'r the energy Shanshines! ✨

#JuankadaShann #Shanshines #Followme #TagAFriend","Here'r the energy Shanshines! ✨

#JuankadaShann #Shanshines #Followme #TagAFriend",36,2/19/2026 20:30,N/A,https://www.facebook.com/reel/2174084376737033/,1,0,Videos,,,,,Lifetime,786,231,40,26,12,2,8450.767,13.564,0,12,12,,,0,,,0,0
1.22117E+17,6.15845E+13,Juankada Shann,"A little pose goes a long way 😉

#JuankadaShann #Shanshines #Followme #TagAFriend",,0,2/19/2026 16:30,N/A,https://www.facebook.com/JuankadaShannOfficialPage/posts/pfbid0zJ7jnxRP2GKiwMfaB3SDHDs331Ma5ihKFv1zDqG9PDtW8o3FXaaTTDkemmYreGY6l,0,0,Photos,,,,,Lifetime,139,69,9,7,2,0,,,,4,4,,,0,,,,
1.22117E+17,6.15845E+13,Juankada Shann,"Simple but makes a statement 😉

#JuankadaShann #Shanshines #Followme #TagAFriend",,0,2/19/2026 15:30,N/A,https://www.facebook.com/JuankadaShannOfficialPage/posts/pfbid0E3MPAtXRPVRA9nzAYgymxTwjLqkjo9aWEYbgX9mVTmTT6qoV2nv1Fj8q8dEXNK8ml,0,0,Photos,,,,,Lifetime,127,65,6,4,2,0,,,,6,6,,,0,,,,
1.22117E+17,6.15845E+13,Juankada Shann,"Confidence captured in one shot ✨

#JuankadaShann #Shanshines #Followme #TagAFriend",,0,2/19/2026 4:00,N/A,https://www.facebook.com/JuankadaShannOfficialPage/posts/pfbid0W9yMDKYgNtDen2EzSakpdoHuBNpMW6GMJGkRsd8YDRRbvTG7bE7XYBvK2ocbkYzDl,0,0,Photos,,,,,Lifetime,130,59,9,7,2,0,,,,7,4,3,,0,,,,
1.22117E+17,6.15845E+13,Juankada Shann,"Caught in my own moment 📸

#JuankadaShann #Shanshines #Followme #TagAFriend",,0,2/19/2026 0:30,N/A,https://www.facebook.com/JuankadaShannOfficialPage/posts/pfbid0kY1WFrpQVhLLZ1b5i3Zq7Afboy6VV6cP1PPrRRyzHS4Ej7EsasZNXHqMEKAEnN3wl,0,0,Photos,,,,,Lifetime,108,52,7,5,2,0,,,,6,4,2,,0,,,,
1.22117E+17,6.15845E+13,Juankada Shann,"Your host that bring JOY!  🥰

#JuankadaShann #Shanshines #Followme #TagAFriend","Your host that bring JOY!  🥰

#JuankadaShann #Shanshines #Followme #TagAFriend",13,2/18/2026 20:20,N/A,https://www.facebook.com/reel/1541925700201476/,1,0,Videos,,,,,Lifetime,145,114,14,10,4,0,637.742,5.404,0,6,6,,,0,,,0,0
1.22117E+17,6.15845E+13,Juankada Shann,"𝗣𝗹𝗮𝘆𝗳𝘂𝗹 & 𝗖𝗵𝗶𝗰 💛

#JuankadaShann #Shanshines #Followme #TagAFriend",,0,2/18/2026 4:00,N/A,https://www.facebook.com/JuankadaShannOfficialPage/posts/pfbid02YVAzDmNQReRu1Kd3bs4JpjsrHUeBge7F8iavRX1ZwiwNGkvojXj21XLioN8ArW9tl,0,0,Photos,,,,,Lifetime,117,56,10,6,4,0,,,,9,6,3,,0,,,,
1.22117E+17,6.15845E+13,Juankada Shann,"Hands up 𝗦𝗵𝗮𝗻𝘀𝗵𝗶𝗻𝗲𝘀! 🤩

#JuankadaShann #Shanshines #Followme #TagAFriend","Hands up 𝗦𝗵𝗮𝗻𝘀𝗵𝗶𝗻𝗲𝘀! 🤩

#JuankadaShann #Shanshines #Followme #TagAFriend",24,2/18/2026 0:30,mixed,https://www.facebook.com/reel/1417980169319516/,1,0,Videos,,,,,Lifetime,178,131,16,10,5,1,1054.612,7.532,0,11,11,,,0,,,0,0
1.22117E+17,6.15845E+13,Juankada Shann,"Let's go 𝗦𝗵𝗮𝗻𝘀𝗵𝗶𝗻𝗲𝘀!  ✨

#JuankadaShann #Shanshines #Followme #TagAFriend","Let's go 𝗦𝗵𝗮𝗻𝘀𝗵𝗶𝗻𝗲𝘀!  ✨

#JuankadaShann #Shanshines #Followme #TagAFriend",23,2/17/2026 21:06,N/A,https://www.facebook.com/reel/2750432401974317/,0,0,Videos,,,,,Lifetime,107,84,11,7,4,0,522.125,5.614,0,3,3,,,0,,,0,0
1.22117E+17,6.15845E+13,Juankada Shann,"SHAKE and make it pakpak! 🥳

#JuankadaShann #Shanshines #Followme #TagAFriend","SHAKE and make it pakpak! 🥳

#JuankadaShann #Shanshines #Followme #TagAFriend",19,2/16/2026 22:11,N/A,https://www.facebook.com/reel/1594100638299585/,0,0,Videos,,,,,Lifetime,188,137,23,14,9,0,1216.994,8.006,0,13,13,,,0,,,0,0
1.22117E+17,6.15845E+13,Juankada Shann,Happy birthday sa asawa ko ay char hahahha happy birthday juankada kuya joe😘🥰💗🌈,,0,2/16/2026 21:11,N/A,https://www.facebook.com/JuankadaShannOfficialPage/posts/pfbid0uHBU13omquAAzgxeKr9dkQDAoGXSoKbDZF8mEqVGsPa3nUu2ktFZCgEaa5SrNy1hl,0,1,Photos,,,,,Lifetime,116,61,10,6,4,0,,,,7,5,2,,0,,,,
1.22117E+17,6.15845E+13,Juankada Shann,"Sayo nalang lahat ng nakikita mo 😚

#JuankadaShann #Shanshines #Followme #TagAFriend","Sayo nalang lahat ng nakikita mo 😚

#JuankadaShann #Shanshines #Followme #TagAFriend",14,2/16/2026 4:01,N/A,https://www.facebook.com/reel/1589176422303747/,1,0,Videos,,,,,Lifetime,113,90,11,8,3,0,566.482,5.722,0,4,4,,,0,,,0,0
1.22117E+17,6.15845E+13,Juankada Shann,"I know what you want 😋

#JuankadaShann #Shanshines #Followme #TagAFriend","I know what you want 😋

#JuankadaShann #Shanshines #Followme #TagAFriend",7,2/16/2026 3:30,N/A,https://www.facebook.com/reel/1253612996677216/,1,0,Videos,,,,,Lifetime,312,229,17,14,3,0,1222.828,5.248,0,6,6,,,0,,,0,0
1.22117E+17,6.15845E+13,Juankada Shann,Parang dapat ang na send na vid dito is yung pangalawa hahahha char see you tomorrow mga ka #JUANKADA #Shanshines,,0,2/16/2026 2:33,N/A,https://www.facebook.com/JuankadaShannOfficialPage/posts/pfbid02MiGoFLR68wioHtxiPacxXdRefxzS9xiAeQxRcUhF1mKPpRJrbwwemFXst67nAowwl,0,1,Text,,,,,Lifetime,40,36,3,2,1,0,,,,4,4,,,0,,,,
1.22117E+17,6.15845E+13,Juankada Shann,"What you think 👀

#JuankadaShann #Shanshines #Followme #TagAFriend","What you think 👀

#JuankadaShann #Shanshines #Followme #TagAFriend",19,2/15/2026 20:30,N/A,https://www.facebook.com/reel/1713075056079101/,1,0,Videos,,,,,Lifetime,220,163,15,11,4,0,1334.582,7.54,0,4,4,,,0,,,0,0
1.22117E+17,6.15845E+13,Juankada Shann,"Main character energy all night 😌✨

#JuankadaShann #Shanshines #Followme #TagAFriend",,0,2/15/2026 5:30,N/A,https://www.facebook.com/JuankadaShannOfficialPage/posts/pfbid0xDSTo1SRAtRCN74grriKutLU1vwWqJ8BgeoaZvpYKER72E753RG1BwCHpxqWsymil,0,0,Photos,,,,,Lifetime,89,52,6,5,1,0,,,,2,1,1,,0,,,,
1.22117E+17,6.15845E+13,Juankada Shann,"Fall for Juan365

Iniwan din ako agad sa ere nag text na lang si juankada ikay🤣🙄

#JuankadaShann #Shanshines #Followme #TagAFriend","Fall for Juan365

Iniwan din ako agad sa ere nag text na lang si juankada ikay🤣🙄

#JuankadaShann #Shanshines #Followme #TagAFriend",14,2/14/2026 23:01,mixed,https://www.facebook.com/reel/1441798873997171/,1,0,Videos,,,,,Lifetime,704,485,13,9,2,2,5089.743,10.179,0,9,9,,,0,,,0,0
1.22117E+17,6.15845E+13,Juankada Shann,"Unfiltered joy only 🤍

#JuankadaShann #Shanshines #Followme #TagAFriend",,0,2/14/2026 8:30,N/A,https://www.facebook.com/JuankadaShannOfficialPage/posts/pfbid02XTSDG9AnT2w4Ge6ssa6ThWFwrfL4HAMrVmYNG94UNv58HGCEJtD6fhZVPdRwP5Rcl,0,0,Photos,,,,,Lifetime,136,54,7,5,0,2,,,,3,1,2,,0,,,,
1.22117E+17,6.15845E+13,Juankada Shann,"No stress, just vibes 😎✨ Laugh loud, live louder.

#JuankadaShann #Shanshines #Followme #TagAFriend",,0,2/14/2026 2:30,N/A,https://www.facebook.com/JuankadaShannOfficialPage/posts/pfbid02iVxDQngyLW5Bcjbow45Qnhg3ryzbt8QiQ9uJyW5QXFdNE38oeuksvHatmVGMa9v4l,0,0,Photos,,,,,Lifetime,106,60,2,2,0,0,,,,0,,,,0,,,,
1.22117E+17,6.15845E+13,Juankada Shann,"Paano ba ang babye? Kulitan with juankada host😘💗✨🥰🌈

#JuankadaShann #Shanshines #Followme #TagAFriend","Paano ba ang babye? Kulitan with juankada host😘💗✨🥰🌈

#JuankadaShann #Shanshines #Followme #TagAFriend",43,2/13/2026 20:30,uploaded,https://www.facebook.com/reel/1718418359133298/,1,0,Videos,,,,,Lifetime,290,204,13,7,4,2,2487.14,10.72,0,8,8,,,0,,,0,0
1.22117E+17,6.15845E+13,Juankada Shann,"Smiles loud, outfit louder ✨

#JuankadaShann #Shanshines #Followme #TagAFriend",,0,2/13/2026 16:30,N/A,https://www.facebook.com/JuankadaShannOfficialPage/posts/pfbid0rc6vRG5oZPMZQUsGNQtYKHKdZTtocpRmgdEdwTmfT1Cfp1G7tktcUG4zoHVBxNHTl,0,0,Photos,,,,,Lifetime,100,54,6,5,1,0,,,,8,7,1,,0,,,,
1.22116E+17,6.15845E+13,Juankada Shann,"Sino ang 8 inch ruler dito?

#JuankadaShann #Shanshines #Followme #TagAFriend","Sino ang 8 inch ruler dito?

#JuankadaShann #Shanshines #Followme #TagAFriend",9,2/13/2026 6:00,mixed,https://www.facebook.com/reel/2109808996457391/,1,0,Videos,,,,,Lifetime,100,54,10,5,4,1,385.999,5.938,0,5,5,,,0,,,0,0
1.22116E+17,6.15845E+13,Juankada Shann,"Turning heads without even trying 💫

#JuankadaShann #Shanshines #Followme #TagAFriend",,0,2/13/2026 2:08,N/A,https://www.facebook.com/JuankadaShannOfficialPage/posts/pfbid02hWBQULo6PS5L6fqMQrPypJfWJN4mQbKvZhf9cdBsAyW7zLdFHyFG5yXwtajan9Hjl,0,0,Photos,,,,,Lifetime,1076,445,15,4,1,10,,,,15,8,7,,0,,,,
1.22116E+17,6.15845E+13,Juankada Shann,"Just me, making moments count ✨📸

#JuankadaShann #Shanshines #Followme #TagAFriend",,0,2/11/2026 23:00,N/A,https://www.facebook.com/JuankadaShannOfficialPage/posts/pfbid0prRpTp4j668Hf3aZxvNJzesTYJBsZ5T1eRVpBqYDcx6YyvpWe1knyMFFuzP6Mxu2l,0,0,Photos,,,,,Lifetime,87,54,7,7,0,0,,,,0,,,,0,,,,
1.22116E+17,6.15845E+13,Juankada Shann,"Lipstick in hand, confidence on point. 💋✨

#JuankadaShann #Shanshines #Followme #TagAFriend",,0,2/11/2026 20:00,N/A,https://www.facebook.com/JuankadaShannOfficialPage/posts/pfbid02tp6XbZjWBFuDNogWCDp2TTShKYzjrjmwi1RyfQuStCdkUPFXmPN7Q8YLVZtJCmJol,0,0,Photos,,,,,Lifetime,183,88,14,9,5,0,,,,11,6,5,,0,,,,
1.22116E+17,6.15845E+13,Juankada Shann,"It’s not just 𝗳𝗮𝘀𝗵𝗶𝗼𝗻, it’s a whole 𝘃𝗶𝗯𝗲  ✨

#JuankadaShann #Shanshines #Followme #TagAFriend #MusicusedbelongstoitsrightfulownerNocopyrightinfringementintended","It’s not just 𝗳𝗮𝘀𝗵𝗶𝗼𝗻, it’s a whole 𝘃𝗶𝗯𝗲  ✨

#JuankadaShann #Shanshines #Followme #TagAFriend #MusicusedbelongstoitsrightfulownerNocopyrightinfringementintended",21,2/11/2026 16:00,N/A,https://www.facebook.com/reel/2188758938330519/,1,0,Videos,,,,,Lifetime,60,53,6,4,2,0,276.508,5.421,0,3,3,,,0,,,0,0
1.22116E+17,6.15845E+13,Juankada Shann,"Cloudy days, clear mind ☁️

#JuankadaShann #Shanshines #Followme #TagAFriend #ThoughtfulVibes",,0,2/10/2026 23:00,N/A,https://www.facebook.com/JuankadaShannOfficialPage/posts/pfbid0kRTUiwB2do4L6yqxTYn8pe3CxNcQKt27GmouAY1SYpwBYSFEWP6KhbenX4CSEU2hl,0,0,Photos,,,,,Lifetime,102,60,8,8,0,0,,,,1,,1,,0,,,,
1.22116E+17,6.15845E+13,Juankada Shann,"Yung kilig na kilig ka kay James Reid ganto din ba mararamdaman niyo kung nasa situation ko kayo?🤭 😍

#JuankadaShann #Shanshines #Followme #TagAFriend #WanderlustFeels #KiligFeels","Yung kilig na kilig ka kay James Reid ganto din ba mararamdaman niyo kung nasa situation ko kayo?🤭 😍

#JuankadaShann #Shanshines #Followme #TagAFriend #WanderlustFeels #KiligFeels",31,2/10/2026 20:01,N/A,https://www.facebook.com/reel/907910561745623/,1,0,Videos,,,,,Lifetime,618,547,19,18,1,0,4939.722,8.916,0,5,5,,,0,,,0,0
1.22116E+17,6.15845E+13,Juankada Shann,"Walking with dreams, not deadlines 💫

#JuankadaShann #Shanshines #Followme #TagAFriend #WanderlustFeels",,0,2/10/2026 16:00,N/A,https://www.facebook.com/JuankadaShannOfficialPage/posts/pfbid0tzULS3LFoaQy4QX3h8rxQ7ZM1xahEQjX6YncbdkLFf85dZTHGGhAXFH8Rh8qJdiHl,0,0,Photos,,,,,Lifetime,109,58,7,6,1,0,,,,7,4,3,,0,,,,
1.22116E+17,6.15845E+13,Juankada Shann,Let's g #Shanshines,,0,2/10/2026 4:50,N/A,https://www.facebook.com/JuankadaShannOfficialPage/posts/pfbid0XYZyitYMWoetqScMX3hHofmuuPV8tiTxSoePoYt4DttsbPZJHVTw8NmGfu1Dg6pnl,0,1,Photos,,,,,Lifetime,124,53,5,4,1,0,,,,5,3,1,1,0,,,,
1.22116E+17,6.15845E+13,Juankada Shann,"Loveit🌸🌷

#JuankadaShann #Shanshines #Followme #TagAFriend","Loveit🌸🌷

#JuankadaShann #Shanshines #Followme #TagAFriend",9,2/10/2026 2:00,N/A,https://www.facebook.com/reel/1159950049548657/,1,0,Videos,,,,,Lifetime,115,89,9,8,1,0,377.588,4.195,0,2,2,,,0,,,0,0
1.22116E+17,6.15845E+13,Juankada Shann,"Feel the beat, feel the magic 🎶✨

#JuankadaShann #Shanshines #Followme #TagAFriend","Feel the beat, feel the magic 🎶✨

#JuankadaShann #Shanshines #Followme #TagAFriend",12,2/9/2026 20:00,N/A,https://www.facebook.com/reel/1153969633453667/,1,0,Videos,,,,,Lifetime,109,60,11,8,2,1,863.921,12.894,0,2,2,,,0,,,0,0
1.22116E+17,6.15845E+13,Juankada Shann,"Hi Shanshines 🌟

#JuankadaShann #Shanshines #Followme #TagAFriend","Hi Shanshines 🌟

#JuankadaShann #Shanshines #Followme #TagAFriend",6,2/9/2026 16:01,N/A,https://www.facebook.com/reel/2404258653413925/,1,0,Videos,,,,,Lifetime,312,226,11,7,3,1,1103.272,4.796,0,3,3,,,0,,,0,0
1.22116E+17,6.15845E+13,Juankada Shann,"Move, groove, repeat! ✨

#JuankadaShann #Shanshines #Followme #TagAFriend","Move, groove, repeat! ✨

#JuankadaShann #Shanshines #Followme #TagAFriend",16,2/9/2026 3:01,N/A,https://www.facebook.com/reel/1645114889738521/,1,0,Videos,,,,,Lifetime,108,56,11,8,0,3,814.283,11.801,0,1,1,,,0,,,0,0
1.22116E+17,6.15845E+13,Juankada Shann,"I like your style 😎

#JuankadaShann #Shanshines #Followme #TagAFriend","I like your style 😎

#JuankadaShann #Shanshines #Followme #TagAFriend",15,2/8/2026 23:00,N/A,https://www.facebook.com/reel/935099096362213/,1,0,Videos,,,,,Lifetime,85,51,11,8,2,1,429.869,7.164,0,3,3,,,0,,,0,0
1.22116E+17,6.15845E+13,Juankada Shann,"Heart 💖 

#JuankadaShann #Shanshines #Followme #TagAFriend",,0,2/8/2026 22:19,N/A,https://www.facebook.com/JuankadaShannOfficialPage/posts/pfbid02hirAsrLx5VfC5ZHRxcRLwQe3dCZHj3omtZSwsWgyRJQ17a2fkUM4w6stknTDQn2Ul,0,0,Photos,,,,,Lifetime,146,70,10,7,2,1,,,,7,5,2,,0,,,,
1.22116E+17,6.15845E+13,Juankada Shann,who says you can't wear your skirt as a top?😘✨💗🌈 #PhotoLove #GoodVibesOnly #CapturedBeauty #JuanababeSena #Juanabies #Followme #TagAFriend,,0,2/8/2026 6:00,N/A,https://www.facebook.com/JuankadaShannOfficialPage/posts/pfbid02Z9PydwAdCLzaHL1awh3CEoSDVYq4otvAjvdNebt3MaBDELt2dZ9RAN2kgzR7YScsl,0,0,Photos,,,,,Lifetime,131,61,8,4,3,1,,,,6,3,3,,0,,,,
1.22116E+17,6.15845E+13,Juankada Shann,"𝗟𝗲𝘀𝘀 𝘁𝗮𝗹𝗸, 𝗺𝗼𝗿𝗲 𝘀𝗻𝗮𝗽𝘀𝗵𝗼𝘁𝘀 😉

 #PictureThis #PhotoVibes #VisualStory #JuanababeSena #Juanabies #Followme #TagAFriend",,0,2/8/2026 2:00,N/A,https://www.facebook.com/JuankadaShannOfficialPage/posts/pfbid04fGU3CSEFbRYoSz2H2utzVoN4EHDGfu3EEhY5qzdziAimuD433PkHrPeuPBxHxXul,0,0,Photos,,,,,Lifetime,75,43,4,3,1,0,,,,2,1,1,,0,,,,
1.22116E+17,6.15845E+13,Juankada Shann,"Hindi lang pala gamit ang mga 𝗯𝗶𝗻𝗶𝗯𝘂𝗵𝗮𝘁 ng mga kagrador  😅

#JuanababeSena #Juanabies #Followme #TagAFriend","Hindi lang pala gamit ang mga 𝗯𝗶𝗻𝗶𝗯𝘂𝗵𝗮𝘁 ng mga kagrador  😅

#JuanababeSena #Juanabies #Followme #TagAFriend",35,2/7/2026 22:40,N/A,https://www.facebook.com/reel/1581181439591100/,1,0,Videos,,,,,Lifetime,93,58,10,7,2,1,818.875,12.407,0,10,10,,,0,,,0,0
1.22116E+17,6.15845E+13,Juankada Shann,"No long story needed. The photos say it all. 📸

#Captured #InTheMoment #JuankadaShann #Shanshines #Followme",,0,2/6/2026 21:00,N/A,https://www.facebook.com/JuankadaShannOfficialPage/posts/pfbid0yaWQwjsFK9APh6pkyTpBJEhrmitkxPZWpXS2W6z1ZSkmeGyFdtihuLD16XSB6aMyl,0,0,Photos,,,,,Lifetime,101,55,3,2,1,0,,,,9,4,5,,0,,,,
1.22115E+17,6.15845E+13,Juankada Shann,"Random photos, random luck! 🍀✨

#JuanababeSena #Juanabies #Followme #TagAFriend",,0,2/5/2026 20:49,N/A,https://www.facebook.com/JuankadaShannOfficialPage/posts/pfbid0BsKhymvQDLSx9iBRHb6KQozLsdgrNNuxk2eUmYb4Lm5mVVNaJeuEynW3svLqSaCgl,0,0,Photos,,,,,Lifetime,365,176,10,5,1,4,,,,12,5,7,,0,,,,
1.22115E+17,6.15845E+13,Juankada Shann,"Smiles, moments, and memories we’ll keep for a long time ✨

#SimpleJoy #HappyVibes #JuankadaShann #Shanshines #Followme",,0,2/5/2026 16:00,N/A,https://www.facebook.com/JuankadaShannOfficialPage/posts/pfbid02dRCDnZ29puCBHh4fokejCn2MXE67vZkQ4wGSvbuqX36uA8JTfUeTmrwtrtWrN82hl,0,0,Photos,,,,,Lifetime,144,70,8,6,2,0,,,,6,3,3,,0,,,,
1.22115E+17,6.15845E+13,Juankada Shann,"Proof that great things are happening right here 👀

#BigEnergy #MomentsThatMatter #JuankadaShann #Shanshines #Followme","Proof that great things are happening right here 👀

#BigEnergy #MomentsThatMatter #JuankadaShann #Shanshines #Followme",20,2/5/2026 3:01,N/A,https://www.facebook.com/reel/1481872900121310/,1,0,Videos,,,,,Lifetime,330,302,3,3,0,0,1183.739,3.843,0,1,1,,,0,,,0,0
1.22115E+17,6.15845E+13,Juankada Shann,"Big moments deserve big energy 💥

#DontMissOut #LevelUp #JuankadaShann #Shanshines #Followme",,0,2/4/2026 20:00,N/A,https://www.facebook.com/JuankadaShannOfficialPage/posts/pfbid0DNFih6h1CJphrvveoapQNkBWoJKSp8NBkvDL7ZxECZY9t2Gvmh7BwQDNjYySfASJl,0,0,Photos,,,,,Lifetime,236,115,12,10,2,0,,,,18,10,8,,0,,,,
1.22115E+17,6.15845E+13,Juankada Shann,"Something exciting is happening with Juankada Geoff

#StayTuned #WhatsNext #Exclusive #JuankadaShann #Shanshines #Followme",,0,2/4/2026 16:00,N/A,https://www.facebook.com/JuankadaShannOfficialPage/posts/pfbid0n2wWyBb1UeM4AHUTJQbeGTgQrcYvKp3kRcGJrsioUDU4zfECDQ1nstMRz6MG6Bjil,0,0,Photos,,,,,Lifetime,161,81,7,4,3,0,,,,10,5,5,,0,,,,
1.22115E+17,6.15845E+13,Juankada Shann,"Miss Universe 👑✨

#JuankadaShann #Shanshines #Followme #TagAFriend #MissUniverseVibes","Miss Universe 👑✨

#JuankadaShann #Shanshines #Followme #TagAFriend #MissUniverseVibes",15,2/4/2026 3:01,N/A,https://www.facebook.com/reel/2006444756587418/,0,0,Videos,,,,,Lifetime,138,86,9,6,3,0,798.584,8.68,0,6,6,,,0,,,0,0
1.22115E+17,6.15845E+13,Juankada Shann,Shanshines join na kayo here! enjoy and good luck. 💙,,0,2/3/2026 21:19,N/A,https://www.facebook.com/JuankadaShannOfficialPage/posts/pfbid0LdogKPy4hbGVWU18v1FztdUkyxdiBRDvd7N1bhUZRGuVuPgidhfvWe2fEbTK7vWrl,0,1,Text,,,,,Lifetime,65,77,7,4,3,0,,,,21,21,,,0,,,,
1.22115E+17,6.15845E+13,Juankada Shann,"Front to the back, 𝗦𝗵𝗮𝗻𝘀𝗵𝗶𝗻𝗲𝘀! ✨

#JuankadaShann #Shanshines #Followme #TagAFriend","Front to the back, 𝗦𝗵𝗮𝗻𝘀𝗵𝗶𝗻𝗲𝘀! ✨

#JuankadaShann #Shanshines #Followme #TagAFriend",17,2/3/2026 2:00,N/A,https://www.facebook.com/reel/1482446076557618/,1,0,Videos,,,,,Lifetime,104,80,14,11,1,2,490.406,5.636,0,5,5,,,0,,,0,0
1.22115E+17,6.15845E+13,Juankada Shann,"𝘂𝗻𝗯𝗼𝘁𝗵𝗲𝗿𝗲𝗱 & 𝘂𝗻𝘀𝘁𝗼𝗽𝗽𝗮𝗯𝗹𝗲 😎

#JuankadaShann #Shanshines #Followme #TagAFriend #OOTDStatement",,0,2/2/2026 20:00,N/A,https://www.facebook.com/JuankadaShannOfficialPage/posts/pfbid02n7xq7HQUkZhqQxomcLwdCzLG4VwHVYA3qn9YV7MKAN3FQFT9tPokF3CTkwZ8Scb7l,0,0,Photos,,,,,Lifetime,160,71,9,8,0,1,,,,4,1,3,,0,,,,
1.22115E+17,6.15845E+13,Juankada Shann,Kaya naman let's g mga shanshines and mga ka juankada catch me at color game live in juan365 at 2pm po lets roll the dice and are spinning wheel 😘✨💗🌈 #JUAN365 #Shanshines #JUANKADA #COLORGAME,,0,2/2/2026 19:42,N/A,https://www.facebook.com/JuankadaShannOfficialPage/posts/pfbid02o3NFJPUGisUSLJsM93ABJFan9iLZXpYN7uUfNZLYotYynfSJdUuBAPJYFRnxZo4Vl,0,1,Text,,,,,Lifetime,58,45,10,8,2,0,,,,11,11,,,0,,,,
1.22115E+17,6.15845E+13,Juankada Shann,"𝗗𝗼 𝘆𝗼𝘂 𝘄𝗮𝗻𝘁 𝗺𝗮𝗴𝗶𝗰? ✨

#JuankadaShann #Shanshines #Followme #TagAFriend  #DoYouWantMagic","𝗗𝗼 𝘆𝗼𝘂 𝘄𝗮𝗻𝘁 𝗺𝗮𝗴𝗶𝗰? ✨

#JuankadaShann #Shanshines #Followme #TagAFriend  #DoYouWantMagic",15,2/2/2026 16:01,N/A,https://www.facebook.com/reel/3798178417152866/,1,0,Videos,,,,,Lifetime,140,73,16,4,2,10,737.539,7.763,0,6,6,,,0,,,0,0
1.22115E+17,6.15845E+13,Juankada Shann,"𝗪𝗔𝗟𝗔 𝗻𝗴 🤭🤭

#JuankadaShann #Shanshines #Followme #TagAFriend","𝗪𝗔𝗟𝗔 𝗻𝗴 🤭🤭

#JuankadaShann #Shanshines #Followme #TagAFriend",16,2/2/2026 3:00,N/A,https://www.facebook.com/reel/2845175199010052/,1,0,Videos,,,,,Lifetime,152,108,16,11,4,1,921.143,7.94,0,5,5,,,0,,,0,0
1.22115E+17,6.15845E+13,Juankada Shann,"𝗔𝗬 𝗠𝗔𝗟𝗜!hahahaha 😅💥

#JuankadaShann #Shanshines #Followme #TagAFriend","𝗔𝗬 𝗠𝗔𝗟𝗜!hahahaha 😅💥

#JuankadaShann #Shanshines #Followme #TagAFriend",9,2/1/2026 20:00,N/A,https://www.facebook.com/reel/1378718540234333/,1,0,Videos,,,,,Lifetime,111,58,15,10,4,1,572.173,8.292,0,12,12,,,0,,,0,0
1.22115E+17,6.15845E+13,Juankada Shann,"𝗡𝗼𝘁 𝗷𝘂𝘀𝘁 𝗮 𝗽𝗵𝗼𝘁𝗼 𝗶𝘁’𝘀 𝗮 𝘄𝗵𝗼𝗹𝗲 𝘀𝘁𝗼𝗿𝘆 𝗶𝗻 𝗼𝗻𝗲 𝗳𝗿𝗮𝗺𝗲

#StoryInAPhoto #CreativeShots  #Memories #CapturedMoments #JuankadaShann #Shanshines #Followme",,0,2/1/2026 16:00,N/A,https://www.facebook.com/JuankadaShannOfficialPage/posts/pfbid034X5FxKPhvTsqn5TtfK2x25kNtbxqhGJSKTwiDonR9eLdgmyJQHycsJLhLtnAT7rAl,0,0,Photos,,,,,Lifetime,101,53,4,3,1,0,,,,7,6,1,,0,,,,
1.22115E+17,6.15845E+13,Juankada Shann,"Kapag hindi niyo na 𝗽𝗮𝗻𝘀𝗶𝗻 yon, ewan ko na lang! 💥

#JuankadaShann #Shanshines #Followme #TagAFriend #JuanadaZia","Kapag hindi niyo na 𝗽𝗮𝗻𝘀𝗶𝗻 yon, ewan ko na lang! 💥

#JuankadaShann #Shanshines #Followme #TagAFriend #JuanadaZia",11,2/1/2026 3:00,N/A,https://www.facebook.com/reel/1265259705497474/,1,0,Videos,,,,,Lifetime,76,54,6,5,1,0,595.109,11.02,0,2,2,,,0,,,0,0
1.22115E+17,6.15845E+13,Juankada Shann,"𝗦𝗼𝗺𝗲 𝗽𝗵𝗼𝘁𝗼𝘀 𝗮𝗿𝗲𝗻’𝘁 𝗷𝘂𝘀𝘁 𝗽𝗶𝗰𝘁𝘂𝗿𝗲𝘀 🥹

#HeartfeltMoments #MemoriesForLife  #Memories #CapturedMoments #JuankadaShann #Shanshines #Followme",,0,2/1/2026 0:00,N/A,https://www.facebook.com/JuankadaShannOfficialPage/posts/pfbid02nAhD7auwoHEqrNTyvqNm9kd5r5r2TrfzoTuPpA2apboj4x9osTWKRyJrnEXk7xWZl,0,0,Photos,,,,,Lifetime,95,51,6,5,1,0,,,,10,7,3,,0,,,,
1.22115E+17,6.15845E+13,Juankada Shann,Its FEB IBIG💗month kaya naman SHANSHINES✨ spread some good vibes and happiness this FEB IBIG🥰🌈💗 #JuankadaShann #Shanshines #Followme #LuckyVibes #GoodVibesOnly,,0,1/31/2026 20:51,N/A,https://www.facebook.com/photo.php?fbid=122114661465149417&set=a.122099315145149417&type=3,0,0,Photos,,,,,Lifetime,144,78,15,13,1,1,,,,0,,,,0,,,,
1.22115E+17,6.15845E+13,Juankada Shann,"𝗠𝗮𝗶𝗻 𝗰𝗵𝗮𝗿𝗮𝗰𝘁𝗲𝗿 𝗲𝗻𝗲𝗿𝗴𝘆, 𝗰𝗮𝗽𝘁𝘂𝗿𝗲𝗱 𝗽𝗲𝗿𝗳𝗲𝗰𝘁𝗹𝘆 🎬

#MainCharacter #ConfidenceLook #Memories #CapturedMoments #JuankadaShann #Shanshines #Followme",,0,1/31/2026 20:00,N/A,https://www.facebook.com/JuankadaShannOfficialPage/posts/pfbid02zJShuaReDP6s2AqXLtMcUSnLyUkgASQCq1sEU7enrJW5n2yYs3i4pQGu5nrPyTLGl,0,0,Photos,,,,,Lifetime,104,50,7,7,0,0,,,,7,5,2,,0,,,,
1.22115E+17,6.15845E+13,Juankada Shann,O TO THE M TO THE G! Hey SHANSHINES✨🌈💗🥰,,0,1/31/2026 18:15,N/A,https://www.facebook.com/photo.php?fbid=122114651685149417&set=a.122099314527149417&type=3,0,0,Photos,,,,,Lifetime,138,72,17,15,1,1,,,,4,4,,,0,,,,
1.22115E+17,6.15845E+13,Juankada Shann,"𝗖𝗿𝗮𝘇𝘆 𝗺𝗼𝗺𝗲𝗻𝘁𝘀. 𝗥𝗲𝗮𝗹 𝘀𝗺𝗶𝗹𝗲𝘀. 𝗨𝗻𝗳𝗼𝗿𝗴𝗲𝘁𝘁𝗮𝗯𝗹𝗲 𝗺𝗲𝗺𝗼𝗿𝗶𝗲𝘀 📸

#GoodTimes #Memories #CapturedMoments #JuankadaShann #Shanshines #Followme #Y2K",,0,1/31/2026 16:00,N/A,https://www.facebook.com/JuankadaShannOfficialPage/posts/pfbid02V1nmmHH6MRUSPstXVTZ4RjFFvmaAXet2RN568JmwLXtaioKksKWTumDGVPPi2dMCl,0,0,Photos,,,,,Lifetime,96,47,5,5,0,0,,,,0,,,,0,,,,
1.22105E+17,6.1587E+13,Juankada Tanya,"Malapit na araw ng puso!! ❤️❤️❤️  #juankadahosttanya
#juan365 #happyhearts 
#followerseveryonehighlights #Juan365ColorGame",,0,1/31/2026 21:19,N/A,https://www.facebook.com/photo.php?fbid=122104621887231694&set=a.122093302815231694&type=3,0,0,Photos,,,,,Lifetime,163,78,20,19,1,0,,,,6,3,3,,0,1,,,
1.22105E+17,6.1587E+13,Juankada Tanya,Juankada Tanya updated their cover photo.,,0,1/31/2026 21:21,N/A,https://www.facebook.com/photo.php?fbid=122104622253231694&set=a.122095619073231694&type=3,0,0,Photos,,,,,Lifetime,6,3,15,14,1,0,,,,0,,,,0,,,,
1.22105E+17,6.1587E+13,Juankada Tanya,"Outfit on point, mood on top. #Juan365 #followerseveryonehighlights #juankadatanya #fypシ",,0,2/1/2026 7:00,N/A,https://www.facebook.com/permalink.php?story_fbid=pfbid0WgLECRivdAMkxr4wmz8jWU14fHciYeCVeAEtEVPRhBNe1vxNNwGNaAZzYas5uYnul&id=61586950821026,0,0,Photos,,,,,Lifetime,159,61,11,10,1,0,,,,9,7,2,,0,,,,
1.22105E+17,6.1587E+13,Juankada Tanya,Party in the house!!,#followerseveryonehighlights #fypシ #fbreelsfypシviralシ #trendingpost #fbreelsvideo,16,2/1/2026 7:02,N/A,https://www.facebook.com/reel/1439845284163577/,0,0,Videos,,,,,Lifetime,1442,1091,16,12,3,1,9611.098,8.801,0,8,8,,,0,,,0,0
1.22105E+17,6.1587E+13,Juankada Tanya,"Create your own style eme 🤪… good eve juankadas !! 
 #followerseveryonehighlights #trendingpost #Juan365 #juankadatanya #followers",,0,2/2/2026 6:10,N/A,https://www.facebook.com/permalink.php?story_fbid=pfbid02TEFwRv9eRKeo8yyjdUQfcrrpczsR7g4reV3ybA2iZ3KecaRY5AiADWX938Bvaj3vl&id=61586950821026,0,0,Photos,,,,,Lifetime,187,67,12,10,2,0,,,,13,9,4,,0,,,,
1.22105E+17,6.1587E+13,Juankada Tanya,Pasali nga sa trend ☺️😜,"#fbreels
#juankadahost #fypageシ #juankadatanya #followerseveryonehighlights #trendingpost",15,2/2/2026 9:00,N/A,https://www.facebook.com/reel/1185915759967068/,0,0,Videos,,,,,Lifetime,98,62,10,9,1,0,463.754,6.102,0,4,4,,,0,,,0,0
1.22105E+17,6.1587E+13,Juankada Tanya,"Leave a little sparkle wherever you go… 

#juankadatanya #followerseveryonehighlights #fypageシ #followers #trendingpost #juankadahost",,0,2/3/2026 6:37,N/A,https://www.facebook.com/permalink.php?story_fbid=pfbid02eY4kcAyP7jRsss45NKepKbiKSK3TQC1gzDaqZLkQgcCAvbZoq6AhTzG4HkVeUjTCl&id=61586950821026,0,0,Photos,,,,,Lifetime,163,61,8,7,1,0,,,,15,7,8,,0,,,,
1.22105E+17,6.1587E+13,Juankada Tanya,Nasabi  mo na ba??🤪😂😂😜…. #juankadatanya #followerseveryonehighlights #trendingpost #fbreels #fbreelsvideo #Juan365,Nasabi  mo na ba??🤪😂😂😜…. #juankadatanya #followerseveryonehighlights #trendingpost #fbreels #fbreelsvideo #Juan365,13,2/3/2026 8:05,N/A,https://www.facebook.com/reel/671573175977268/,0,0,Videos,,,,,Lifetime,567,445,17,16,1,0,2793.705,6.277,0,4,4,,,0,,,0,0
1.22106E+17,6.1587E+13,Juankada Tanya,"Feeling cute, might delete later.. 

#Juan365 #trendingpost #followers #juankadahosttanya",,0,2/4/2026 7:54,N/A,https://www.facebook.com/permalink.php?story_fbid=pfbid04iYU63SNGEYUJ2joKLkQmeGSWNpVVbcsarYLPzBvSRvDmZQJ6YWnxphogks4vFEnl&id=61586950821026,0,0,Photos,,,,,Lifetime,327,150,21,19,1,1,,,,8,5,3,,0,,,,
1.22106E+17,6.1587E+13,Juankada Tanya,Looking good ba? Padaan lang 😜..,Good for you nga ba? 😜 padaan lang po 😊..  #juankadahosttanya #Juan365 #trendingpost #fbreels #fypageシ #followerseveryonehighlights,9,2/4/2026 8:07,N/A,https://www.facebook.com/reel/2051158615669443/,0,0,Videos,,,,,Lifetime,180,114,15,13,2,0,845.422,6.817,0,3,3,,,0,,,0,0
1.22106E+17,6.1587E+13,Juankada Tanya,"Serious suit, serious success… #juankadatanya #followers #fypageシ #trendingpost #Juan365",,0,2/5/2026 7:29,N/A,https://www.facebook.com/permalink.php?story_fbid=pfbid02WHcgYHUjvyYE3ihNNKcsCAgzDYud4EFGjnCc1ZTMM3JN8WE5cw9Mr6hU2nbKzHH6l&id=61586950821026,0,0,Photos,,,,,Lifetime,141,55,4,3,1,0,,,,5,1,4,,0,,,,
1.22106E+17,6.1587E+13,Juankada Tanya,Baby you’re the one 😜🤪…,#juankadatanya #fbreels #fbreelsvideo #followerseveryonehighlights,16,2/5/2026 7:48,N/A,https://www.facebook.com/reel/818716471184806/,0,0,Videos,,,,,Lifetime,180,122,15,13,2,0,904.917,6.51,0,8,8,,,0,,,0,0
1.22106E+17,6.1587E+13,Juankada Tanya,Teamwork makes the dream work…  #juankadatanya #followerseveryonehighlights #fypageシ #followers #Juan365,,0,2/6/2026 1:21,N/A,https://www.facebook.com/permalink.php?story_fbid=pfbid02S3tjo3gjG5nhGzDGvjQSaFwxPuwdkXe6Ey4hpb3fCnU7m2rTbJ9tT731PfQpTBARl&id=61586950821026,0,0,Photos,,,,,Lifetime,138,54,7,6,1,0,,,,4,2,2,,0,,,,
1.22106E+17,6.1587E+13,Juankada Tanya,Kanta muna bago unmalis 😜😂… happyfriday juankadas☺️…,#juankadatanya #fypageシ #fbreels #Juan365 #trendingpost,16,2/6/2026 2:42,N/A,https://www.facebook.com/reel/1545335183432727/,0,0,Videos,,,,,Lifetime,170,135,10,9,1,0,667.294,4.835,0,2,2,,,0,,,0,0
1.22106E+17,6.1587E+13,Juankada Tanya,Copy + paste ..,Copy + paste With @[100068698221421:2048:Juankada Zia] …. Happy Saturday vibe!! #fbreels #juankadatanya #Juan365 #fbreelsvideo #followers,14,2/7/2026 1:19,N/A,https://www.facebook.com/reel/912572428616684/,0,0,Videos,,,,,Lifetime,775,625,12,11,1,0,4702.549,7.313,0,1,1,,,0,,,0,0
1.22106E+17,6.1587E+13,Juankada Tanya,"Saturday day vibe!! ..

#juankadatanya #followers #trendingpost #Juan365",,0,2/7/2026 1:22,N/A,https://www.facebook.com/permalink.php?story_fbid=pfbid0gLMxeweK9ARF9qGMq7fnXnJT8yCAknc6EK6PXM63tmccXLNUH2VFC7N8Z6pR8HUzl&id=61586950821026,0,0,Photos,,,,,Lifetime,145,70,7,6,1,0,,,,6,4,2,,0,,,,
1.22107E+17,6.1587E+13,Juankada Tanya,Opsss wag matulala  eme😂😜… #juankadatanya #Juan365 #trendingpost #fbreels #fypageシ,Opsss wag matulala  eme😂😜… #juankadatanya #Juan365 #trendingpost #fbreels #fypageシ,11,2/7/2026 23:47,uploaded,https://www.facebook.com/reel/1240370778063733/,0,0,Videos,,,,,Lifetime,475,340,19,16,3,0,2070.794,5.752,0,6,6,,,0,,,0,0
1.22107E+17,6.1587E+13,Juankada Tanya,"Simple. Bold. Black.    

#juankadatanya #fypageシ #trendingpost #Juan365 #followerseveryonehighlights",,0,2/8/2026 7:20,N/A,https://www.facebook.com/permalink.php?story_fbid=pfbid0wakCc9VF5ZhB1DcvENjdvej3FCxgMHMPfdouVkbnz1m4jg58FScTdnQ7K2oRdi2kl&id=61586950821026,0,0,Photos,,,,,Lifetime,115,55,6,5,1,0,,,,6,3,3,,0,,,,
1.22107E+17,6.1587E+13,Juankada Tanya,"Elegance in the everyday✨

#JuankadaTanya #Juan365 #fbreelsfypシviralシ #fbreelsvideo #fypシ #followerseveryonehighlights",,0,2/9/2026 4:15,N/A,https://www.facebook.com/permalink.php?story_fbid=pfbid0eptFbNTjgLL6MFWqHXyE6tS3nny7udxFv27VQnm3QD3EZDL11soBDZJTpuwytgfPl&id=61586950821026,0,0,Photos,,,,,Lifetime,110,57,13,12,1,0,,,,8,4,4,,0,,,,
1.22107E+17,6.1587E+13,Juankada Tanya,"G a m e b o y 🎮

#JuankadaTanya #Juan365 #fbreelsfypシviralシ #fbreelsvideo #fypシ #followerseveryonehighlights","G a m e b o y 🎮

#JuankadaTanya #Juan365 #fbreelsfypシviralシ #fbreelsvideo #fypシ #followerseveryonehighlights",15,2/9/2026 4:45,N/A,https://www.facebook.com/reel/2479889075746917/,1,0,Videos,,,,,Lifetime,192,143,13,12,1,0,914.644,5.825,0,2,2,,,0,,,0,0
1.22107E+17,6.1587E+13,Juankada Tanya,"Ayy pataka😝

#JuankadaTanya #Juan365 #fbreelsfypシviralシ #fbreelsvideo #fypシ #followerseveryonehighlights","Ayy pataka😝

#JuankadaTanya #Juan365 #fbreelsfypシviralシ #fbreelsvideo #fypシ #followerseveryonehighlights",15,2/10/2026 0:15,N/A,https://www.facebook.com/reel/25738256039150386/,0,0,Videos,,,,,Lifetime,207,146,19,16,3,0,992.947,6.017,0,2,2,,,0,,,0,0
1.22107E+17,6.1587E+13,Juankada Tanya,"Every day is a fresh beginning.. hello juanKADAS 😊😘… 

#juankadatanya #followerseveryonehighlights #fypシ #Juan365 #fypageシ",,0,2/11/2026 1:09,N/A,https://www.facebook.com/permalink.php?story_fbid=pfbid02ar84Fuonbra33C86Vh9KmeXXQ2M4hgahNLwafQ3TYKcFJ15a5GNjV83ogKS2Z6LYl&id=61586950821026,0,0,Photos,,,,,Lifetime,659,281,37,33,3,1,,,,23,10,13,,0,,,,
1.22107E+17,6.1587E+13,Juankada Tanya,"Dami mong say🤭🤪😘 .
#juankadatanya #Juan365 #fbreelsvideo #followers #trendingpost #fbreelsfypシviralシ","Dami mong say🤭🤪😘 .
#juankadatanya #Juan365 #fbreelsvideo #followers #trendingpost #fbreelsfypシviralシ",16,2/11/2026 5:22,N/A,https://www.facebook.com/reel/1834249737949690/,0,0,Videos,,,,,Lifetime,367,309,18,17,1,0,1515.657,4.781,0,8,8,,,0,,,0,0
1.22108E+17,6.1587E+13,Juankada Tanya,"Yakapin mo akoooo.  
#juankadatanya #fbreelsfypシviralシ #Juan365 #fbreels #followerseveryonehighlights","Yakapin mo akoooo.  
#juankadatanya #fbreelsfypシviralシ #Juan365 #fbreels #followerseveryonehighlights",16,2/12/2026 1:20,N/A,https://www.facebook.com/reel/678116451993728/,0,0,Videos,,,,,Lifetime,224,177,20,17,1,2,907.981,4.855,0,12,12,,,0,,,0,0
1.22108E+17,6.1587E+13,Juankada Tanya,"Timeless luster✨

#JuankadaTanya #Juan365 #fbreelsfypシviralシ #fbreelsvideo #fypシ #followerseveryonehighlights",,0,2/12/2026 2:00,N/A,https://www.facebook.com/permalink.php?story_fbid=pfbid02ckeH6FEoxFLAHRzvzebBnerQQQ7rvAuf9B9zYBMGMaFtLnHgCjpXYZq5hXMKXKQpl&id=61586950821026,0,0,Photos,,,,,Lifetime,138,70,8,8,0,0,,,,1,,1,,0,,,,
1.22108E+17,6.1587E+13,Juankada Tanya,"Ano ba talagaaaaa🥺

#juankadatanya #fbreelsfypシviralシ #Juan365 #fbreels #followerseveryonehighlights","Ano ba talagaaaaa🥺

#juankadatanya #fbreelsfypシviralシ #Juan365 #fbreels #followerseveryonehighlights",12,2/12/2026 23:30,mixed,https://www.facebook.com/reel/1252056266872022/,1,0,Videos,,,,,Lifetime,234,169,19,16,3,0,1246.691,7.123,0,4,4,,,0,,,0,0
1.22108E+17,6.1587E+13,Juankada Tanya,"Glowing differently when you’re genuinely happy. 💫

#juankadatanya #fbreelsfypシviralシ #Juan365 #fbreels #followerseveryonehighlights",,0,2/13/2026 0:00,N/A,https://www.facebook.com/permalink.php?story_fbid=pfbid0PgQ5kM1jiLpVujK4kkd2cezVYXY3o3G9FXhr7j8BvtXm2kStevuCyAWqS1xZ58XHl&id=61586950821026,0,0,Photos,,,,,Lifetime,134,60,10,9,1,0,,,,9,4,5,,0,,,,
1.22108E+17,6.1587E+13,Juankada Tanya,"Yari ako hahahhah 🤭😂.. 
#juankadatanya #Juan365 #followerseveryonehighlights #followers #fbreels #fypageシ","Yari ako hahahhah 🤭😂.. 
#juankadatanya #Juan365 #followerseveryonehighlights #followers #fbreels #fypageシ",10,2/13/2026 21:51,N/A,https://www.facebook.com/reel/1264711412437732/,0,0,Videos,,,,,Lifetime,135,67,9,7,2,0,815.058,11.643,0,5,5,,,0,,,0,0
1.22108E+17,6.1587E+13,Juankada Tanya,Ako na susundo sayo. ikaw bahala sa date mo ba ako? 🤭😍 happy valentines day!! Juankadas!! #juankadatanya #fypageシ #fypシ #trendingpost #valentines,,0,2/13/2026 21:55,N/A,https://www.facebook.com/permalink.php?story_fbid=pfbid02omCGMFB48XYkHHHdm4NzesDPp4mJ6jLhNMqS13kdXt6VgyrXt7K4cQKB2mjLyQCsl&id=61586950821026,0,0,Photos,,,,,Lifetime,172,73,13,10,2,1,,,,8,5,3,,0,,,,
1.22108E+17,6.1587E+13,Juankada Tanya,"You’re mineeee🫣

#juankadatanya #fbreelsfypシviralシ #Juan365 #fbreels #followerseveryonehighlights","You’re mineeee🫣

#juankadatanya #fbreelsfypシviralシ #Juan365 #fbreels #followerseveryonehighlights",16,2/15/2026 1:10,N/A,https://www.facebook.com/reel/2291170454711829/,1,0,Videos,,,,,Lifetime,235,214,16,15,1,0,1068.475,4.901,0,5,5,,,0,,,0,0
1.22108E+17,6.1587E+13,Juankada Tanya,"Smiling because I can😊🫰

#JuankadaTanya #Juan365 #fyppage #followerseveryonehighlights",,0,2/15/2026 1:40,N/A,https://www.facebook.com/permalink.php?story_fbid=pfbid051abofBD6GQmo9oQBshJqiZMK4jDz7zsqXRRZsSHYwPC7B5nXUCEUkpndArs19qul&id=61586950821026,0,0,Photos,,,,,Lifetime,135,67,11,10,1,0,,,,7,1,6,,0,,,,
1.22108E+17,6.1587E+13,Juankada Tanya,Padaan lang para mag pa cute☺️😜🤭 #juankadatanya #fbreels #fypシ #Juan365 #followerseveryonehighlights,Padaan lang para mag pa cute☺️😜🤭 #juankadatanya #fbreels #fypシ #Juan365 #followerseveryonehighlights,12,2/15/2026 21:29,N/A,https://www.facebook.com/reel/1217960087090782/,0,0,Videos,,,,,Lifetime,1072,826,34,30,3,1,5475.295,6.236,0,6,6,,,0,,,0,0
1.22108E+17,6.1587E+13,Juankada Tanya,"Looking for the right one 🫣

#juankadatanya #Juan365 #fypPage #followerseveryonehighlights",,0,2/16/2026 1:00,N/A,https://www.facebook.com/permalink.php?story_fbid=pfbid0MjNCYarzrQiEM3pKRhB2bETuW88ndCmkdVJdiQSJ4E77fb8BFkvVUbMSKKtsnvp5l&id=61586950821026,0,0,Photos,,,,,Lifetime,140,64,12,11,1,0,,,,8,4,4,,0,,,,
1.22108E+17,6.1587E+13,Juankada Tanya,"Kung Hei Fat Choi 🎆  

#Juan365 #trendingpost #juankadatanya #followerseveryonehighlights #fyppage",,0,2/17/2026 0:14,N/A,https://www.facebook.com/permalink.php?story_fbid=pfbid0NUir5orRaEa4AUBTjBytMQ8UHJxvXyqY3DXZgzsARVoauiYsR8iwKqcXzFPNHWYTl&id=61586950821026,0,0,Photos,,,,,Lifetime,172,83,19,16,3,0,,,,3,1,2,,0,,,,
1.22108E+17,6.1587E+13,Juankada Tanya,"Pag ako problema mo, ang swerte mo😅

#juankadatanya #fbreelsfypシviralシ #Juan365 #fbreels #followerseveryonehighlights","Pag ako problema mo, ang swerte mo😅

#juankadatanya #fbreelsfypシviralシ #Juan365 #fbreels #followerseveryonehighlights",9,2/17/2026 1:30,mixed,https://www.facebook.com/reel/1268966958480709/,1,0,Videos,,,,,Lifetime,219,190,20,17,3,0,656.396,4.051,0,4,4,,,0,,,0,0
1.22109E+17,6.1587E+13,Juankada Tanya,"With the gang😎…  

#juankadatanya #Juan365 #fyppage #trendingpost #followerseveryonehighlights",,0,2/17/2026 23:45,N/A,https://www.facebook.com/permalink.php?story_fbid=pfbid0fWJtnXvNpUGkhHdsBPMdhYb3ph6q8S2CV147HTn2VGMFaRt8wwNWTdZ1wjvjEDu8l&id=61586950821026,0,0,Photos,,,,,Lifetime,743,328,41,39,1,1,,,,48,16,32,,0,,,,
1.22109E+17,6.1587E+13,Juankada Tanya,"Trying to look cute while thinking about food😅

#juankadatanya #fbreelsfypシviralシ #Juan365 #fbreels #followerseveryonehighlights","Trying to look cute while thinking about food😅

#juankadatanya #fbreelsfypシviralシ #Juan365 #fbreels #followerseveryonehighlights",15,2/18/2026 5:30,N/A,https://www.facebook.com/reel/5166938230198418/,1,0,Videos,,,,,Lifetime,937,760,36,35,1,0,5009.526,6.608,0,6,6,,,0,,,0,0
1.22109E+17,6.1587E+13,Juankada Tanya,"Red-dy or not, here I come!! Let’s playjuan365colorgame! 

#juankadatanya #followerseveryonehighlights #Juan365 #trendingpost #fypageシ",,0,2/18/2026 23:37,N/A,https://www.facebook.com/permalink.php?story_fbid=pfbid0yhAoJ6uVwYXQgmXv2yxj41LcLUh8jciJxdVTJFkNjPBdTun3PoFt5sWerp5X6PsYl&id=61586950821026,0,0,Photos,,,,,Lifetime,205,99,18,16,2,0,,,,6,4,2,,0,,,,
1.22109E+17,6.1587E+13,Juankada Tanya,"Lumalamig ang gabi 😂😂 
#juankadatanya #fypageシ #Juan365 #fbreels #fypシ #trendingpost","Lumalamig ang gabi 😂😂 
#juankadatanya #fypageシ #Juan365 #fbreels #fypシ #trendingpost",16,2/19/2026 1:28,N/A,https://www.facebook.com/reel/897486043199473/,0,0,Videos,,,,,Lifetime,299,160,20,14,5,1,1275.487,5.381,0,7,7,,,0,,,0,0
1.22109E+17,6.1587E+13,Juankada Tanya,"Sana di sya bumukas no?!😂😂 happy friday juankadas! 

#juankadatanya #fypageシ #Juan365 #followerseveryonehighlights #trendingpost",,0,2/19/2026 20:41,N/A,https://www.facebook.com/permalink.php?story_fbid=pfbid0j4ps71mJD1ZRuYj6jLWEKuBjVhEJpRk9agbqRwM8cocxQwKuRFVst4Eta9np26fJl&id=61586950821026,0,0,Photos,,,,,Lifetime,177,84,12,11,1,0,,,,7,4,3,,0,,,,
1.22109E+17,6.1587E+13,Juankada Tanya,"Join na sa Juan365 Color Game LIVE!✨
Baka ikaw na ang swerteng makakakuha ng Jackpot prize! 🤑

Drop your lucky color👇

#JuankadaTanya #Juan365 #fbreelsfypシviralシ #fbreelsvideo #fypシ #followers","Join na sa Juan365 Color Game LIVE!✨
Baka ikaw na ang swerteng makakakuha ng Jackpot prize! 🤑

Drop your lucky color👇

#JuankadaTanya #Juan365 #fbreelsfypシviralシ #fbreelsvideo #fypシ #followers",16,2/20/2026 1:00,uploaded,https://www.facebook.com/reel/1410401800092686/,1,0,Videos,,,,,Lifetime,115,68,10,8,1,1,795.167,8.835,0,7,7,,,0,,,0,0
1.22109E+17,6.1587E+13,Juankada Tanya,"Nagising na ba ang lahat?😂😂. 
Happy Saturday juankadas!! #juankadatanya #fbreelsvideo #fypシ #fbreels #trendingpost","Nagising na ba ang lahat?😂😂. 
Happy Saturday juankadas!! #juankadatanya #fbreelsvideo #fypシ #fbreels #trendingpost",16,2/20/2026 19:47,N/A,https://www.facebook.com/reel/685185011286994/,0,0,Videos,,,,,Lifetime,231,170,19,14,4,1,1145.867,5.999,0,9,9,,,0,,,0,0
1.22109E+17,6.1587E+13,Juankada Tanya,"Black and white, never out of style.🖤🤍

#juankadatanya #fypviral #blackandwhite",,0,2/20/2026 22:30,N/A,https://www.facebook.com/permalink.php?story_fbid=pfbid02Q8ptvAm2wzjeVdcL2VZo8AbsEmmraHYiWkqGAqHSFppoLWZaiAgT5JfVDFSSJDD6l&id=61586950821026,0,0,Photos,,,,,Lifetime,125,59,11,10,1,0,,,,2,2,,,0,,,,
1.22109E+17,6.1587E+13,Juankada Tanya,"Happy sunday juankadas!! Tara swimming!! 
#juankadatanya #fbreels #fypシ #Juan365 #followers #swimmingtime","Happy sunday juankadas!! Tara swimming!! 
#juankadatanya #fbreels #fypシ #Juan365 #followers #swimmingtime",8,2/21/2026 23:53,N/A,https://www.facebook.com/reel/1597436937958048/,0,0,Videos,,,,,Lifetime,157,89,18,17,1,0,738.251,7.457,0,10,10,,,0,,,0,0
1.22109E+17,6.1587E+13,Juankada Tanya,"Not everyone likes me, but not everyone matters.👌

#juankadatanya #fypviral #followers",,0,2/22/2026 1:45,N/A,https://www.facebook.com/permalink.php?story_fbid=pfbid02LQ9qzqj5Dsx9i2vx8vwufoTvWexysRTABtLzKu7b6kBFaHXrUAMnG4nggdaohy3Pl&id=61586950821026,0,0,Photos,,,,,Lifetime,143,61,12,12,0,0,,,,7,4,3,,0,,,,
1.22109E+17,6.1587E+13,Juankada Tanya,"Wavey wavey .. 
#juankadatanya #fbreels #Juan365 #fbreelsvideo #fypシ","Wavey wavey .. 
#juankadatanya #fbreels #Juan365 #fbreelsvideo #fypシ",12,2/23/2026 1:03,N/A,https://www.facebook.com/reel/907292618686221/,0,0,Videos,,,,,Lifetime,211,129,20,18,2,0,979.099,6.006,0,4,4,,,0,,,0,0
1.22109E+17,6.1587E+13,Juankada Tanya,Until10pm laro na juankadas!! #juankadatanya #Juan365 #followers #trendingpost,,0,2/23/2026 3:07,N/A,https://www.facebook.com/permalink.php?story_fbid=pfbid02WfZq3nYLh9mAMNhX6Jg2oTAKpMYQUaYNoEfMzz3e6J6doNk5T7UWPYiQL1bjqhZwl&id=61586950821026,0,0,Photos,,,,,Lifetime,236,125,11,7,4,0,,,,5,4,1,,0,,,,
1.2211E+17,6.1587E+13,Juankada Tanya,"Urban edge with a soft attitude🖤✨

#juankadatanya #fypviral #followers #blackfit",,0,2/23/2026 23:45,N/A,https://www.facebook.com/permalink.php?story_fbid=pfbid0Y9Bv58nuohYJXqq4JihHCTScCVQkMcb7Gp4WSv9s9tinBmmJER1ojFhFiKTPHbJkl&id=61586950821026,0,0,Photos,,,,,Lifetime,171,93,13,9,4,0,,,,7,5,2,,0,,,,
1.2211E+17,6.1587E+13,Juankada Tanya,"Don’t act like you forgot.💅🏽

#juankadatanya #fbreels #Juan365 #fbreelsvideo #fypシ","Don’t act like you forgot.💅🏽

#juankadatanya #fbreels #Juan365 #fbreelsvideo #fypシ",8,2/24/2026 5:01,mixed,https://www.facebook.com/reel/1791859921509310/,1,0,Videos,,,,,Lifetime,197,122,13,12,1,0,664.204,4.848,0,3,3,,,0,,,0,0
1.2211E+17,6.1587E+13,Juankada Tanya,"Smiles and sunshine, that's my vibe happy day juankadas!! 

#JuankadaTanya
#fypシ
#trendingpost
#followers
#Juan365",,0,2/25/2026 0:37,N/A,https://www.facebook.com/permalink.php?story_fbid=pfbid02YyMCz46FwpdXLpqQ8mpmNHkBbEXPY2KPMixCFyetf3erpcGFBo9ZyrVv5cBr7DCHl&id=61586950821026,0,0,Photos,,,,,Lifetime,215,94,16,14,2,0,,,,5,2,3,,0,,,,
1.2211E+17,6.1587E+13,Juankada Tanya,"Napasayaw nalang talaga sya 😂😂 
#JuankadaTanya 
#fypシ 
#Juan365
#fbreels 
#trendingpost","Napasayaw nalang talaga sya 😂😂 
#JuankadaTanya 
#fypシ 
#Juan365
#fbreels 
#trendingpost",11,2/25/2026 4:45,N/A,https://www.facebook.com/reel/1476900617159729/,0,0,Videos,,,,,Lifetime,1684,1380,33,27,6,0,8494.487,6.119,0.01,9,9,,,0,,,0,0
1.2211E+17,6.1587E+13,Juankada Tanya,"Congrats sa napa jackpot ko grabe yon!! Kaya kung gusto mo din mag laro ka na!! Live today 2-10pm see yah!! 

#JuankadaTanya
#fypシ 
#Juan365 
#trendingpost 
#followers
#ColorGameWinner",,0,2/25/2026 21:36,N/A,https://www.facebook.com/permalink.php?story_fbid=pfbid02uLM6dho5LToL5Tg3JUUMTyGkzHkBpt854q2RXSLgw5PYbiGrfdhZEkUVTdR6VtjDl&id=61586950821026,0,0,Photos,,,,,Lifetime,604,309,25,24,0,1,,,,34,16,18,,0,,,,
1.2211E+17,6.1587E+13,Juankada Tanya,"Good eve mga juankadas!! Padaan lang po. 
#JuankadaTanya
#fypシ
#Juan365
#trendingpost
#followers
#fbreels","Good eve mga juankadas!! Padaan lang po. 
#JuankadaTanya
#fypシ
#Juan365
#trendingpost
#followers
#fbreels",13,2/26/2026 3:46,N/A,https://www.facebook.com/reel/2313274109180559/,0,0,Videos,,,,,Lifetime,138,110,7,7,0,0,571.347,5.011,0,1,1,,,0,,,0,0
1.2211E+17,6.1587E+13,Juankada Tanya,"Ako  nganiiii 🤭🤪 samahan ulit ako mamaya 2-10pm juankadas!! See yah!! 
#JuankadaTanya
#fbreels
#fypシ
#trendingpost 
#ColorGameWinner
#fbreelsvideo
#Juan365","Ako  nganiiii 🤭🤪 samahan ulit ako mamaya 2-10pm juankadas!! See yah!! 
#JuankadaTanya
#fbreels
#fypシ
#trendingpost 
#ColorGameWinner
#fbreelsvideo
#Juan365",16,2/26/2026 18:47,N/A,https://www.facebook.com/reel/933309462723862/,0,0,Videos,,,,,Lifetime,137,106,11,10,1,0,714.68,6.381,0,2,2,,,0,,,0,0
1.2211E+17,6.1587E+13,Juankada Tanya,"Stay fresh, stay white. ✨🤍

#juankadatanya #fypviral #followers #WhiteDress",,0,2/26/2026 23:30,N/A,https://www.facebook.com/permalink.php?story_fbid=pfbid0XeTzxbf5odrS2FgGBiDrKYwhu6wP9vavTxLEeDoT5VNajw4qanAdW6hSq4oc2Vial&id=61586950821026,0,0,Photos,,,,,Lifetime,173,87,13,12,1,0,,,,10,4,6,,0,,,,
1.2211E+17,6.1587E+13,Juankada Tanya,"Alam mo na yon 🤭☺️☺️… 
#JuankadaTanya
#fbreels
#Juan365
#fbreelsvideo","Alam mo na yon 🤭☺️☺️… 
#JuankadaTanya
#fbreels
#Juan365
#fbreelsvideo",8,2/27/2026 4:06,N/A,https://www.facebook.com/reel/1463108505524574/,0,0,Videos,,,,,Lifetime,358,263,19,17,2,0,1347.933,4.937,0,3,3,,,0,,,0,0
1.2211E+17,6.1587E+13,Juankada Tanya,"See u tomorrow morning shift juankadas!! Happy weekend🤗😊…. 
#JuankadaTanya
#fypシ
#Juan365
#ColorGameWinner
#trendingpost
#followers",,0,2/27/2026 19:56,N/A,https://www.facebook.com/permalink.php?story_fbid=pfbid027s9AfgTP4sMtFAA4EHYQCn8poUQPTUyhrsDX4Xhh4rzizrurdyLMxpt5Qdw4idWUl&id=61586950821026,0,0,Photos,,,,,Lifetime,163,72,6,6,0,0,,,,3,,3,,0,,,,
1.2211E+17,6.1587E+13,Juankada Tanya,"Sariling sikap sa step😂😊🤪… pag bigyan nyo na🫣☺️.  
#JuankadaTanya
#fypシ
#Juan365
#ColorGameWinner
#fbreels
#whitedress
#followers","Sariling sikap sa step😂😊🤪… pag bigyan nyo na🫣☺️.  
#JuankadaTanya
#fypシ
#Juan365
#ColorGameWinner
#fbreels
#whitedress
#followers",15,2/28/2026 4:37,N/A,https://www.facebook.com/reel/1982653609344038/,0,0,Videos,,,,,Lifetime,258,161,25,16,8,1,1824.416,9.355,0,6,6,,,0,,,0,0
1.2211E+17,6.1587E+13,Juankada Tanya,"Grabe ang ganda ng morning!! X150 agad agad!! Happy sunday jaunkadas!! 6-2pm see yah! 
#JuankadaTanya
#fypシ
#Juan365
#ColorGameWinner
#followers
#trendingpost",,0,2/28/2026 15:07,N/A,https://www.facebook.com/permalink.php?story_fbid=pfbid026Lu9MvdUwd8bMiNDdnFqBX9moyxKBvEboGRhZLvuBd2p5dfdrzRD2KYzLmyc2Gkzl&id=61586950821026,0,0,Photos,,,,,Lifetime,145,66,10,10,0,0,,,,2,,2,,0,,,,
1.2211E+17,6.1587E+13,Juankada Tanya,"Iba rin talaga yung galaw ko dito e….   Galawgaw🤣 ✌️.. 

#JuankadaTanya
#fypシ
#Juan365
#trendingpost
#fbreels
#followers","Iba rin talaga yung galaw ko dito e….   Galawgaw🤣 ✌️.. 

#JuankadaTanya
#fypシ
#Juan365
#trendingpost
#fbreels
#followers",14,2/28/2026 20:45,N/A,https://www.facebook.com/reel/1252641899528338/,0,0,Videos,,,,,Lifetime,170,135,17,12,1,4,933.806,6.816,0,4,4,,,0,,,0,0
1.22111E+17,6.1587E+13,Juankada Tanya,"New look new hair😂🫣.. Goooood morning!! Tara let’s play na sa juan365COLOR GAME!! 6-2pm see yah!!
#JuankadaTanya
#fypシ
#Juan365
#followers
#morningroutine",,0,3/1/2026 14:57,N/A,https://www.facebook.com/permalink.php?story_fbid=pfbid0UBJRqHSDkX2Rxj8TRNjgsn2Luqkuw9WdTSgKidqt65pXV66AbYAMZs4narw7nCaml&id=61586950821026,0,0,Photos,,,,,Lifetime,190,81,12,10,2,0,,,,5,2,3,,0,,,,
1.22111E+17,6.1587E+13,Juankada Tanya,"Good morning JUANKADAS!! 
Live today! 6-2pm see yah!! 
#morningroutine
#JuankadaTanya
#fypシ
#Juan365
#trendingpost",,0,3/2/2026 14:44,N/A,https://www.facebook.com/permalink.php?story_fbid=pfbid0K6oKLDrk5eyz3bjBZA4EAFBMMuYJjY97FjcZWe3xvT41QPT1YtQsLYsyRBRQU6ULl&id=61586950821026,0,0,Photos,,,,,Lifetime,271,151,7,6,1,0,,,,9,6,3,,0,1,,,
1.22111E+17,6.1587E+13,Juankada Tanya,"this time maayos na ung step ☺️😂✌️.. happy morning juankadas!!

#JuankadaTanya
#fypシ
#Juan365
#followers
#fbreels
#fbreelsvideo","this time maayos na ung step ☺️😂✌️.. happy morning juankadas!!

#JuankadaTanya
#fypシ
#Juan365
#followers
#fbreels
#fbreelsvideo",16,3/2/2026 16:39,N/A,https://www.facebook.com/reel/1657859155208903/,0,0,Videos,,,,,Lifetime,502,349,38,25,5,8,3468.949,8.986,0,9,9,,,0,,,0,0
1.22111E+17,6.1587E+13,Juankada Tanya,Juankada Tanya updated their profile picture.,,0,3/2/2026 18:18,N/A,https://www.facebook.com/photo.php?fbid=122110746423231694&set=a.122093302815231694&type=3,0,0,Photos,,,,,Lifetime,113,47,16,15,1,0,,,,4,4,,,0,,,,
1.22111E+17,6.1587E+13,Juankada Tanya,Juankada Tanya updated their cover photo.,,0,3/2/2026 18:20,N/A,https://www.facebook.com/photo.php?fbid=122110747287231694&set=a.122095619073231694&type=3,0,0,Photos,,,,,Lifetime,0,0,5,5,0,0,,,,0,,,,0,,,,
1.19464E+15,1.00069E+14,Juankada Zia,"Bebot then, Bebot now! 😘

#Juan365Studios #Juan365 #ALLINJUANSASAYA #JuankadaHosts #JuankadaZia #Zianatics","Bebot then, Bebot now! 😘

#Juan365Studios #Juan365 #ALLINJUANSASAYA #JuankadaHosts #JuankadaZia #Zianatics",15,1/31/2026 0:00,N/A,https://www.facebook.com/reel/1373298424102423/,0,0,Videos,,,,,Lifetime,701,468,17,15,1,1,3468.649,5.64,0,3,3,,,0,,,0,0
1.21911E+15,1.00069E+14,Juankada Zia,"Rest Day = Gym Day! 🏃‍♀️💪

#Juan365Studios #Juan365 #ALLINJUANSASAYA #JuankadaHosts #JuankadaZia #Zianatics",,0,3/2/2026 22:00,N/A,https://www.facebook.com/permalink.php?story_fbid=pfbid02MzmEchjxUqnLGvSzjLvdCgBXLEo78h1u5eHYvJY4sNpFNa5cueweE41oDM8ryf8tl&id=100068698221421,0,0,Photos,,,,,Lifetime,65,31,3,3,0,0,,,,5,1,4,,0,,,,
1.21911E+15,1.00069E+14,Juankada Zia,"OOTD from yesterday's live!!! 💛

#Juan365Studios #Juan365 #ALLINJUANSASAYA #JuankadaHosts #JuankadaZia #Zianatics",,0,3/2/2026 3:00,N/A,https://www.facebook.com/permalink.php?story_fbid=pfbid04ggnabcCUzfqqBuYJn6XHAbmnB5d31HsaNZdscUCD5v9FUKSVJZJzgWhh8yZFwuAl&id=100068698221421,0,0,Photos,,,,,Lifetime,63,34,3,2,1,0,,,,3,2,1,,0,,,,
1.21744E+15,1.00069E+14,Juankada Zia,"Let's start the weekend with a little dance craze! 💃😘

#Juan365Studios #Juan365 #ALLINJUANSASAYA #JuankadaHosts #JuankadaZia #Zianatics","Let's start the weekend with a little dance craze! 💃😘

#Juan365Studios #Juan365 #ALLINJUANSASAYA #JuankadaHosts #JuankadaZia #Zianatics",21,3/1/2026 22:00,N/A,https://www.facebook.com/reel/26490113423940341/,0,0,Videos,,,,,Lifetime,97,76,9,7,2,0,639.875,8.419,0,7,7,,,0,,,0,0
1.21913E+15,1.00069E+14,Juankada Zia,,,0,3/1/2026 18:33,N/A,https://www.facebook.com/permalink.php?story_fbid=pfbid0z6717u3GjtCt1ywX9XdFUuFWbPmFbE7QeG8ZuFvdZuU9hmyk8RTEVKp8qVPH8kPdl&id=100068698221421,0,1,Text,,,,,Lifetime,15,12,2,1,1,0,,,,1,1,,,0,,,,
1.21911E+15,1.00069E+14,Juankada Zia,,,0,3/1/2026 18:00,N/A,https://www.facebook.com/permalink.php?story_fbid=pfbid0bxzeYkfBKkJM2pzhfUW494EsjLMUFiPKFkt2H6qpVY7HCyzBni6Hc6ss8qWxsvjTl&id=100068698221421,0,1,Photos,,,,,Lifetime,31,13,2,2,0,0,,,,0,,,,0,,,,
1.2191E+15,1.00069E+14,Juankada Zia,"It's 𝓢𝓾𝓶𝓶𝓮𝓻 𝓣𝓲𝓶𝓮! Ready na ba ang lahat para sa 𝓼𝓱𝓲𝓷𝓲𝓷𝓰 𝓻𝓪𝓲𝓼𝓮 𝓷𝓰 𝓼𝔀𝓮𝓻𝓽𝓮 na dala ng inyong very own 𝓙𝓾𝓪𝓷𝓴𝓪𝓭𝓪 𝓩𝓲𝓪? ☀️😘

#Juan365Studios #Juan365 #ALLINJUANSASAYA #JuankadaHosts #JuankadaZia #Zianatics",,0,3/1/2026 17:49,N/A,https://www.facebook.com/photo.php?fbid=1219103277056268&set=a.383650390601565&type=3,0,0,Photos,,,,,Lifetime,0,0,4,4,0,0,,,,0,,,,0,,,,
1.2191E+15,1.00069E+14,Juankada Zia,"𝓡𝓮𝓪𝓭𝔂 𝔂𝓸𝓾𝓻 𝓼𝔀𝓲𝓶 𝔀𝓮𝓪𝓻 𝓪𝓷𝓭 𝓼𝓾𝓷𝓫𝓵𝓸𝓬𝓴𝓼, 𝓩𝓲𝓪𝓷𝓪𝓽𝓲𝓬𝓼! Dahil ngayong summer, 𝓾𝓷𝓵𝓲-𝓼𝔀𝓮𝓻𝓽𝓮 ang ibibigay ng  𝔂𝓸𝓾𝓻𝓼 𝓽𝓻𝓾𝓵𝔂! 😘🏝

#Juan365Studios #Juan365 #ALLINJUANSASAYA #JuankadaHosts #JuankadaZia #Zianatics",,0,3/1/2026 17:48,N/A,https://www.facebook.com/photo.php?fbid=1219102783722984&set=a.383650393934898&type=3,0,0,Photos,,,,,Lifetime,65,33,6,5,1,0,,,,2,2,,,0,,,,
1.21744E+15,1.00069E+14,Juankada Zia,"Young stunna din ako mga G! 🤙😎

Ay este, Zianatics! 😭

#Juan365Studios #Juan365 #ALLINJUANSASAYA #JuankadaHosts #JuankadaZia #Zianatics","Young stunna din ako mga G! 🤙😎

Ay este, Zianatics! 😭

#Juan365Studios #Juan365 #ALLINJUANSASAYA #JuankadaHosts #JuankadaZia #Zianatics",26,3/1/2026 1:00,N/A,https://www.facebook.com/reel/1940565856830149/,0,0,Videos,,,,,Lifetime,78,74,4,3,1,0,287.332,3.936,0,3,3,,,0,,,0,0
1.21744E+15,1.00069E+14,Juankada Zia,"Meet my twin sisters... 💃

#Juan365Studios #Juan365 #ALLINJUANSASAYA #JuankadaHosts #JuankadaZia #Zianatics","Meet my twin sisters... 💃

#Juan365Studios #Juan365 #ALLINJUANSASAYA #JuankadaHosts #JuankadaZia #Zianatics",27,2/28/2026 22:00,N/A,https://www.facebook.com/reel/2364182704090210/,0,0,Videos,,,,,Lifetime,133,107,7,5,2,0,964.247,8.686,0,8,8,,,0,,,0,0
1.21782E+15,1.00069E+14,Juankada Zia,"Ready for Saturday Night… KULITAN! 🤪

Check out more of the kulitan sa COLOR GAME LIVE! 💖

#Juan365Studios #Juan365 #ALLINJUANSASAYA #JuankadaHosts #JuankadaZia #Zianatics",,0,2/28/2026 3:06,N/A,https://www.facebook.com/permalink.php?story_fbid=pfbid02qpLqZ7x59A6wSZ1Q4rhnanm9aAyGNTSSYRuEJBkFLMuBhewtcp9GzZ9Z2Ta4F8Y7l&id=100068698221421,0,0,Photos,,,,,Lifetime,103,50,5,5,0,0,,,,0,,,,0,,,,
1.21743E+15,1.00069E+14,Juankada Zia,"I'm a BARBIE GIRL, in a BARBIE WORLD! 💁‍♀️

Where's my KEN? 🤷‍♀️

#Juan365Studios #Juan365 #ALLINJUANSASAYA #JuankadaHosts #JuankadaZia #Zianatics","I'm a BARBIE GIRL, in a BARBIE WORLD! 💁‍♀️

Where's my KEN? 🤷‍♀️

#Juan365Studios #Juan365 #ALLINJUANSASAYA #JuankadaHosts #JuankadaZia #Zianatics",19,2/28/2026 1:00,N/A,https://www.facebook.com/reel/2022163974996598/,0,0,Videos,,,,,Lifetime,81,75,4,4,0,0,344.822,4.789,0,1,1,,,0,,,0,0
1.21743E+15,1.00069E+14,Juankada Zia,"Honey, I see you looking at me! 🫣

#Juan365Studios #Juan365 #ALLINJUANSASAYA #JuankadaHosts #JuankadaZia #Zianatics","Honey, I see you looking at me! 🫣

#Juan365Studios #Juan365 #ALLINJUANSASAYA #JuankadaHosts #JuankadaZia #Zianatics",11,2/27/2026 22:00,N/A,https://www.facebook.com/reel/1554939388939482/,0,0,Videos,,,,,Lifetime,56,49,6,6,0,0,254.088,5.293,0,0,,,,0,,,0,0
1.21419E+15,1.00069E+14,Juankada Zia,"Check out the cutesy cutesy fit! 👗

Catch more sa ating COLOR GAME LIVE! 😘

#Juan365Studios #Juan365 #ALLINJUANSASAYA #JuankadaHosts #JuankadaZia #Zianatics","Check out the cutesy cutesy fit! 👗

Catch more sa ating COLOR GAME LIVE! 😘

#Juan365Studios #Juan365 #ALLINJUANSASAYA #JuankadaHosts #JuankadaZia #Zianatics",15,2/27/2026 1:00,N/A,https://www.facebook.com/reel/2127436204461638/,0,0,Videos,,,,,Lifetime,85,51,8,6,1,1,344.707,5.069,0,1,1,,,0,,,0,0
1.21677E+15,1.00069E+14,Juankada Zia,"Reporting for duty, Zianatics! 🫡  Army green is always the vibe. 🌿✨

#Juan365Studios #Juan365 #ALLINJUANSASAYA #JuankadaHosts #JuankadaZia #Zianatics",,0,2/26/2026 19:36,N/A,https://www.facebook.com/permalink.php?story_fbid=pfbid02G4eDQ6a7Bw79S2UsAtsi1JArrHwW1LQhiG6PcG1EykxhW3spGDSSb1SbTuonS3U1l&id=100068698221421,0,0,Photos,,,,,Lifetime,97,49,3,2,1,0,,,,4,1,3,,0,,,,
1.21419E+15,1.00069E+14,Juankada Zia,"SAMSARA WALK: Juankada Zia edition! 🚶‍♀️💖

#Juan365Studios #Juan365 #ALLINJUANSASAYA #JuankadaHosts #JuankadaZia #Zianatics","SAMSARA WALK: Juankada Zia edition! 🚶‍♀️💖

#Juan365Studios #Juan365 #ALLINJUANSASAYA #JuankadaHosts #JuankadaZia #Zianatics",14,2/25/2026 22:00,N/A,https://www.facebook.com/reel/897667593152657/,0,0,Videos,,,,,Lifetime,104,92,3,2,1,0,451.245,4.7,0,2,2,,,0,,,0,0
1.21596E+15,1.00069E+14,Juankada Zia,"Tom raider with our OOTD for COLOR GAME LIVE! 😘 Juankada Shann JUANKada Host Ikay

#Juan365Studios #Juan365 #ALLINJUANSASAYA #JuankadaHosts #JuankadaZia #Zianatics",,0,2/25/2026 20:09,N/A,https://www.facebook.com/permalink.php?story_fbid=pfbid0kHvPsiTUjaxknrM3zAANkVqzJZ28ohTETmo9YH2Hrh6GzKQtxrB4YmLvZa2vxQ6Zl&id=100068698221421,0,0,Photos,,,,,Lifetime,108,51,5,5,0,0,,,,4,,4,,0,,,,
1.21419E+15,1.00069E+14,Juankada Zia,"The BEST type of asian! 🇵🇭

#Juan365Studios #Juan365 #ALLINJUANSASAYA #JuankadaHosts #JuankadaZia #Zianatics","The BEST type of asian! 🇵🇭

#Juan365Studios #Juan365 #ALLINJUANSASAYA #JuankadaHosts #JuankadaZia #Zianatics",9,2/25/2026 3:00,N/A,https://www.facebook.com/reel/1615401506384252/,0,0,Videos,,,,,Lifetime,312,144,11,8,2,1,1270.684,5.622,0,7,7,,,0,,,0,0
1.21419E+15,1.00069E+14,Juankada Zia,"Payag ka bang ako ang iyong binibini? 💖🫣

#Juan365Studios #Juan365 #ALLINJUANSASAYA #JuankadaHosts #JuankadaZia #Zianatics","Payag ka bang ako ang iyong binibini? 💖🫣

#Juan365Studios #Juan365 #ALLINJUANSASAYA #JuankadaHosts #JuankadaZia #Zianatics",15,2/25/2026 0:00,N/A,https://www.facebook.com/reel/941241175177599/,0,0,Videos,,,,,Lifetime,250,168,18,14,3,1,999.542,4.649,0,8,8,,,0,,,0,0
1.21419E+15,1.00069E+14,Juankada Zia,"💃 ko muna kayo Zianatics! 

#Juan365Studios #Juan365 #ALLINJUANSASAYA #JuankadaHosts #JuankadaZia #Zianatics","💃 ko muna kayo Zianatics! 

#Juan365Studios #Juan365 #ALLINJUANSASAYA #JuankadaHosts #JuankadaZia #Zianatics",25,2/24/2026 3:00,N/A,https://www.facebook.com/reel/4341367072789783/,0,0,Videos,,,,,Lifetime,64,48,10,7,3,0,645.799,12.915,0,5,5,,,0,,,0,0
1.21418E+15,1.00069E+14,Juankada Zia,"💃 ko muna kayo Zianatics! 

#Juan365Studios #Juan365 #ALLINJUANSASAYA #JuankadaHosts #JuankadaZia #Zianatics","💃 ko muna kayo Zianatics! 

#Juan365Studios #Juan365 #ALLINJUANSASAYA #JuankadaHosts #JuankadaZia #Zianatics",18,2/24/2026 0:00,N/A,https://www.facebook.com/reel/863421046732416/,0,0,Videos,,,,,Lifetime,157,140,9,6,3,0,643.461,4.499,0,3,3,,,0,,,0,1
1.21349E+15,1.00069E+14,Juankada Zia,"Oy! Oy! Ito ang jackpot: Nakain ng Bananacue! 🤣

#Juan365Studios #Juan365 #ALLINJUANSASAYA #JuankadaHosts #JuankadaZia #Zianatics","Oy! Oy! Ito ang jackpot: Nakain ng Bananacue! 🤣

#Juan365Studios #Juan365 #ALLINJUANSASAYA #JuankadaHosts #JuankadaZia #Zianatics",15,2/23/2026 0:00,N/A,https://www.facebook.com/reel/1600069591306291/,0,0,Videos,,,,,Lifetime,374,309,7,6,1,0,2247.282,7.32,0,1,1,,,0,,,0,0
1.21349E+15,1.00069E+14,Juankada Zia,"Sup, Zianatics? 😎

90s fit for our last time's live! 🤙

#Juan365Studios #Juan365 #ALLINJUANSASAYA #JuankadaHosts #JuankadaZia #Zianatics",,0,2/22/2026 19:13,N/A,https://www.facebook.com/permalink.php?story_fbid=pfbid0kCTgjaikKV2hzDNwEWrbVtfaoXg368BiEGCejtbM9YJ7hffmAPsyhx2Pnat1aQBbl&id=100068698221421,0,0,Photos,,,,,Lifetime,166,71,13,8,5,0,,,,13,4,9,,0,,,,
1.21273E+15,1.00069E+14,Juankada Zia,"Hot in 🤎

Another dance craze with the gorgeous @JuankadaTanya

#Juan365Studios #Juan365 #ALLINJUANSASAYA #JuankadaHosts #JuankadaZia #Zianatics","Hot in 🤎

Another dance craze with the gorgeous @JuankadaTanya

#Juan365Studios #Juan365 #ALLINJUANSASAYA #JuankadaHosts #JuankadaZia #Zianatics",16,2/22/2026 3:00,N/A,https://www.facebook.com/reel/1267372718732557/,0,0,Videos,,,,,Lifetime,207,172,8,7,1,0,1207.966,6.902,0,2,2,,,0,,,0,0
1.21273E+15,1.00069E+14,Juankada Zia,"HAPPY SUNDAY, ZIANATICS! 😘

Let’s look back muna from last week’s feels: As a corpo-girlie naman ang atake! 👩‍💼

#Juan365Studios #Juan365 #ALLINJUANSASAYA #JuankadaHosts #JuankadaZia #Zianatics","HAPPY SUNDAY, ZIANATICS! 😘

Let’s look back muna from last week’s feels: As a corpo-girlie naman ang atake! 👩‍💼

#Juan365Studios #Juan365 #ALLINJUANSASAYA #JuankadaHosts #JuankadaZia #Zianatics",21,2/22/2026 0:00,N/A,https://www.facebook.com/reel/909314481461739/,0,0,Videos,,,,,Lifetime,39,31,3,2,1,0,142.725,4.46,0,2,2,,,0,,,0,0
1.21281E+15,1.00069E+14,Juankada Zia,"Start the week right… WITH ME! 💖

Simulan natin ang linggo with our OOTD for COLOR GAME LIVE! 😘

#Juan365Studios #Juan365 #ALLINJUANSASAYA #JuankadaHosts #JuankadaZia #Zianatics",,0,2/21/2026 23:10,N/A,https://www.facebook.com/permalink.php?story_fbid=pfbid0LuCpjD2PScX8WeYzuXaXYSZcaFPeRVKmiYYaxJ596yuLeLt3S4HkrqehNtxTmRXjl&id=100068698221421,0,0,Photos,,,,,Lifetime,667,279,37,23,13,1,,,,59,31,28,,0,,,,
1.21179E+15,1.00069E+14,Juankada Zia,"Ayan ang gusto ko! Busog na agad sa chismis!!! 😂

Dibaaa @JuankadaStar ?

#Juan365Studios #Juan365 #ALLINJUANSASAYA #JuankadaHosts #JuankadaZia #Zianatics","Ayan ang gusto ko! Busog na agad sa chismis!!! 😂

Dibaaa @JuankadaStar ?

#Juan365Studios #Juan365 #ALLINJUANSASAYA #JuankadaHosts #JuankadaZia #Zianatics",27,2/21/2026 3:00,N/A,https://www.facebook.com/reel/1621128275580108/,0,0,Videos,,,,,Lifetime,631,539,6,5,1,0,5028.625,9.142,0,6,6,,,0,,,0,0
1.21179E+15,1.00069E+14,Juankada Zia,"BOTTOM LINE: Ang importante, ask for forgiveness dahil ayun ang importante! 🙏🧎‍♀️

Agree ba, Zianatics?

#Juan365Studios #Juan365 #ALLINJUANSASAYA #JuankadaHosts #JuankadaZia #Zianatics","BOTTOM LINE: Ang importante, ask for forgiveness dahil ayun ang importante! 🙏🧎‍♀️

Agree ba, Zianatics?

#Juan365Studios #Juan365 #ALLINJUANSASAYA #JuankadaHosts #JuankadaZia #Zianatics",24,2/20/2026 23:32,N/A,https://www.facebook.com/reel/1839542840057186/,0,0,Videos,,,,,Lifetime,260,121,15,13,1,1,1564.663,7.112,0,9,9,,,0,,,0,0
1.21189E+15,1.00069E+14,Juankada Zia,"Binibining marikit🇵🇭 

WEEKEND VIBES NA, ZIANATICS!!! 😘

Check out the OOTD for today’s COLOR GAME LIVE! 🙌💖 

#Juan365Studios #Juan365 #ALLINJUANSASAYA #JuankadaHosts #JuankadaZia #Zianatics",,0,2/20/2026 21:08,N/A,https://www.facebook.com/permalink.php?story_fbid=pfbid0oXKrmVajpN9oLYNxTReRJN4kidPGUgJMJKxh5TfLXDwgX6Hr9NBRrhSi9oS9Vymjl&id=100068698221421,0,0,Photos,,,,,Lifetime,1335,721,62,47,11,4,,,,83,37,46,,0,,,,
1.21115E+15,1.00069E+14,Juankada Zia,"Retro Friday: Back in the 80s 🪩🕺

Check out the OOTD for today's COLOR GAME LIVE! 😘

#Juan365Studios #Juan365 #ALLINJUANSASAYA #JuankadaHosts #JuankadaZia #Zianatics",,0,2/20/2026 3:00,N/A,https://www.facebook.com/permalink.php?story_fbid=pfbid02bX12Y4VZ6n9bnd7uLW11FXVURQNDYHJgZ9RNjgNcm7GMpREsf7iaSQPAYN5k78Dhl&id=100068698221421,0,0,Photos,,,,,Lifetime,168,73,7,5,2,0,,,,11,4,7,,0,,,,
1.21114E+15,1.00069E+14,Juankada Zia,"Unang tanong pa lang bagsak na ko! 📝😭

Walk out nalang talaga 🚶‍♀️

#Juan365Studios #Juan365 #ALLINJUANSASAYA #JuankadaHosts #JuankadaZia #Zianatics","Unang tanong pa lang bagsak na ko! 📝😭

Walk out nalang talaga 🚶‍♀️

#Juan365Studios #Juan365 #ALLINJUANSASAYA #JuankadaHosts #JuankadaZia #Zianatics",19,2/19/2026 23:00,mixed,https://www.facebook.com/reel/1920642975512339/,1,0,Videos,,,,,Lifetime,1076,681,26,21,4,1,7182.051,8.341,0,16,16,,,0,,,0,0
1.21042E+15,1.00069E+14,Juankada Zia,"Pick a color: 🌈💙🧡❤️🤍💚💖

It's 💚💚💚for me today!

Watch out for me and the other Juankada Hosts sa ating COLOR GAME LIVE!

#Juan365Studios #Juan365 #ALLINJUANSASAYA #JuankadaHosts #JuankadaZia #Zianatics",,0,2/19/2026 1:46,N/A,https://www.facebook.com/permalink.php?story_fbid=pfbid029DE8opjLh5cQdpaHKfqnyvxMgKWE4onwLUFd4n3zJZYbBvTNJBHKUECPPUDDuugcl&id=100068698221421,0,0,Photos,,,,,Lifetime,109,55,7,6,1,0,,,,5,4,1,,0,,,,
1.21036E+15,1.00069E+14,Juankada Zia,,,0,2/19/2026 0:08,N/A,https://www.facebook.com/permalink.php?story_fbid=pfbid021VuJqhLU6BBR4aEsZL7RfhJQFL49Wcxce5M8xkG5ehC91ekrpZa4Kc7g3S5wMjpCl&id=100068698221421,0,1,Photos,,,,,Lifetime,98,46,5,3,2,0,,,,5,3,2,,0,,,,
1.20965E+15,1.00069E+14,Juankada Zia,"TBT: Live natin from the other day 😜

Tune in for more sa ating COLOR GAME LIVE! 😘

#Juan365Studios #Juan365 #ALLINJUANSASAYA #JuankadaHosts #JuankadaZia #Zianatics","TBT: Live natin from the other day 😜

Tune in for more sa ating COLOR GAME LIVE! 😘

#Juan365Studios #Juan365 #ALLINJUANSASAYA #JuankadaHosts #JuankadaZia #Zianatics",14,2/18/2026 23:00,N/A,https://www.facebook.com/reel/1640085227424841/,0,0,Videos,,,,,Lifetime,34,30,4,3,1,0,110.233,3.674,0,4,4,,,0,,,0,0
1.21033E+15,1.00069E+14,Juankada Zia,"TBT: Live natin from the other day 😜

Tune in for more sa ating COLOR GAME LIVE! 😘

#Juan365Studios #Juan365 #ALLINJUANSASAYA #JuankadaHosts #JuankadaZia #Zianatics","TBT: Live natin from the other day 😜

Tune in for more sa ating COLOR GAME LIVE! 😘

#Juan365Studios #Juan365 #ALLINJUANSASAYA #JuankadaHosts #JuankadaZia #Zianatics",14,2/18/2026 23:00,mixed,https://www.facebook.com/reel/1637177927736374/,1,0,Videos,,,,,Lifetime,97,77,6,4,2,0,416.327,4.956,0,2,2,,,0,,,0,0
1.20769E+15,1.00069E+14,Juankada Zia,"Valentine-kulitan with these cuties! 💃😂

#Juan365Studios #Juan365 #ALLINJUANSASAYA #JuankadaHosts #JuankadaZia #Zianatics","Valentine-kulitan with these cuties! 💃😂

#Juan365Studios #Juan365 #ALLINJUANSASAYA #JuankadaHosts #JuankadaZia #Zianatics",19,2/18/2026 2:00,N/A,https://www.facebook.com/reel/1288792073126934/,0,0,Videos,,,,,Lifetime,139,116,9,5,4,0,841.72,7.133,0,7,7,,,0,,,0,0
1.20769E+15,1.00069E+14,Juankada Zia,"Kumusta naman ang Zianatics noong Valentine's Weekend? 💖

Kwento niyo naman sakin!!! 🫣

Pero before that, slight BTS muna from our live noong Feb 14! 😜

#Juan365Studios #Juan365 #ALLINJUANSASAYA #JuankadaHosts #JuankadaZia #Zianatics","Kumusta naman ang Zianatics noong Valentine's Weekend? 💖

Kwento niyo naman sakin!!! 🫣

Pero before that, slight BTS muna from our live noong Feb 14! 😜

#Juan365Studios #Juan365 #ALLINJUANSASAYA #JuankadaHosts #JuankadaZia #Zianatics",24,2/17/2026 23:00,N/A,https://www.facebook.com/reel/1231223362427684/,0,0,Videos,,,,,Lifetime,149,50,8,6,1,1,720.845,5.544,0,2,2,,,0,,,0,0
1.20769E+15,1.00069E+14,Juankada Zia,"Di bale nalang kaya? 🤷‍♀️

Paki-sagot Zianatics! PLEASE!!! 😭

#Juan365Studios #Juan365 #ALLINJUANSASAYA #JuankadaHosts #JuankadaZia #Zianatics","Di bale nalang kaya? 🤷‍♀️

Paki-sagot Zianatics! PLEASE!!! 😭

#Juan365Studios #Juan365 #ALLINJUANSASAYA #JuankadaHosts #JuankadaZia #Zianatics",16,2/17/2026 2:00,N/A,https://www.facebook.com/reel/1272966161346553/,0,0,Videos,,,,,Lifetime,254,113,15,13,1,1,1187.86,5.55,0,1,1,,,0,,,0,0
1.20769E+15,1.00069E+14,Juankada Zia,"Don’t care… I’m pretty AF!!! 🥰🤷‍♀️

#Juan365Studios #Juan365 #ALLINJUANSASAYA #JuankadaHosts #JuankadaZia #Zianatics","Don’t care… I’m pretty AF!!! 🥰🤷‍♀️

#Juan365Studios #Juan365 #ALLINJUANSASAYA #JuankadaHosts #JuankadaZia #Zianatics",16,2/16/2026 23:00,N/A,https://www.facebook.com/reel/1207112418258571/,0,0,Videos,,,,,Lifetime,117,103,6,5,1,0,534.441,5.398,0,1,1,,,0,,,0,0
1.20769E+15,1.00069E+14,Juankada Zia,"The band’s back in town!!! 🎸🤘Juankada Evo Juankada Ellise Juankada Shann

#Juan365Studios #Juan365 #ALLINJUANSASAYA #JuankadaHosts #JuankadaZia #Zianatics",,0,2/15/2026 23:00,N/A,https://www.facebook.com/permalink.php?story_fbid=pfbid02nGUvQKv11A3DFhQ8TyVH2h8gEtLWV6omL5ay8V7wgdX3EnSfPwESgiZzZDXhoDwFl&id=100068698221421,0,0,Photos,,,,,Lifetime,98,53,6,5,1,0,,,,3,3,,,0,,,,
1.2079E+15,1.00069E+14,Juankada Zia,"Office girl energy! Start the week right ngayong Monday! 💖

OOTD on fleek! Catch more sa ating COLOR GAME LIVE!!! 😘

#Juan365Studios #Juan365 #ALLINJUANSASAYA #JuankadaHosts #JuankadaZia #",,0,2/15/2026 22:51,N/A,https://www.facebook.com/permalink.php?story_fbid=pfbid0S418eULfcpu6uARFdNStFhyLzC3NxtcS4kn9FBxg7V5MfueW716tKAjnsXyhKdCRl&id=100068698221421,0,0,Photos,,,,,Lifetime,132,64,11,10,1,0,,,,7,3,4,,0,,,,
1.20717E+15,1.00069E+14,Juankada Zia,,,0,2/15/2026 2:53,N/A,https://www.facebook.com/permalink.php?story_fbid=pfbid02KTmRMusJtuPx51r2uutdSd4HXYUcN69DPCWaJokbYnTqEB4bzwXMKicAEkdDYoJ9l&id=100068698221421,0,1,Photos,,,,,Lifetime,122,59,6,5,1,0,,,,4,3,1,,0,,,,
1.20702E+15,1.00069E+14,Juankada Zia,"NO SIRRR!!! 🚫

Paramore's been on my mind lately 🎶🤘

#Juan365Studios #Juan365 #ALLINJUANSASAYA #JuankadaHosts #JuankadaZia #Zianatics","NO SIRRR!!! 🚫

Paramore's been on my mind lately 🎶🤘

#Juan365Studios #Juan365 #ALLINJUANSASAYA #JuankadaHosts #JuankadaZia #Zianatics",15,2/15/2026 2:00,N/A,https://www.facebook.com/reel/2454403408347509/,0,0,Videos,,,,,Lifetime,120,103,5,4,1,0,385.956,3.54,0,4,4,,,0,,,0,0
1.20708E+15,1.00069E+14,Juankada Zia,"Then for OOTD:

Sunday OOTD for the Zianatics! 💖

Check out the fit before we go live sa COLOR GAME LIVE!!! 😘

#Juan365Studios #Juan365 #ALLINJUANSASAYA #JuankadaHosts #JuankadaZia #Zianatics",,0,2/15/2026 0:27,N/A,https://www.facebook.com/permalink.php?story_fbid=pfbid06wJUQzGep4C12wzpYvHWzG5fnut3xLanPfcFjpXAW9rfRGpzBHaWgBFGfzwStvaDl&id=100068698221421,0,0,Photos,,,,,Lifetime,91,42,6,5,1,0,,,,3,3,,,0,,,,
1.20685E+15,1.00069E+14,Juankada Zia,"Ain’t changing NOTHING! 🙏

I was born THIS WAY! 💖

#Juan365Studios #Juan365 #ALLINJUANSASAYA #JuankadaHosts #JuankadaZia #Zianatics","Ain’t changing NOTHING! 🙏

I was born THIS WAY! 💖

#Juan365Studios #Juan365 #ALLINJUANSASAYA #JuankadaHosts #JuankadaZia #Zianatics",15,2/14/2026 23:00,N/A,https://www.facebook.com/reel/1204462435089839/,0,0,Videos,,,,,Lifetime,168,151,7,6,1,0,588.762,3.873,0,2,2,,,0,,,0,0
1.20689E+15,1.00069E+14,Juankada Zia,,,0,2/14/2026 19:14,N/A,https://www.facebook.com/permalink.php?story_fbid=pfbid0Thzt8ckZeynwgDCf9t51EhVBZ1Ea1yNjZpyLC3wRJ3jsGaJj2Dxx37bQtjvYycNxl&id=100068698221421,0,1,Photos,,,,,Lifetime,92,52,6,4,2,0,,,,2,2,,,0,,,,
1.20636E+15,1.00069E+14,Juankada Zia,,,0,2/14/2026 4:44,N/A,https://www.facebook.com/permalink.php?story_fbid=pfbid02pLWAfpjDSdx1UpwFrNqk3yusqk8sQwnRTFLQy1dtJRqNzEgE1DZXFd2tinqS4f4yl&id=100068698221421,0,1,Photos,,,,,Lifetime,81,40,3,2,1,0,,,,1,1,,,0,,,,
1.20613E+15,1.00069E+14,Juankada Zia,"With the ever-so-bubbly @JuankadaShann !!! 💖

Cuteness and hotness overload! 🙌

#Juan365Studios #Juan365 #ALLINJUANSASAYA #JuankadaHosts #JuankadaZia #Zianatics","With the ever-so-bubbly @JuankadaShann !!! 💖

Cuteness and hotness overload! 🙌

#Juan365Studios #Juan365 #ALLINJUANSASAYA #JuankadaHosts #JuankadaZia #Zianatics",13,2/14/2026 2:00,N/A,https://www.facebook.com/reel/1633027217718626/,0,0,Videos,,,,,Lifetime,1284,955,15,14,1,0,8045.374,8.226,0,1,1,,,0,,,0,0
1.20619E+15,1.00069E+14,Juankada Zia,"Ready na ang aking OOTD for date night later!!! 👗

Pero before that, catch me live later sa COLOR GAME LIVE! 💖

#Juan365Studios #Juan365 #ALLINJUANSASAYA #JuankadaHosts #JuankadaZia #Zianatics",,0,2/14/2026 0:07,N/A,https://www.facebook.com/permalink.php?story_fbid=pfbid02txcctcF2RmJANwZ9qtTxaNQJR6SKFcfHYJnMceGEwqaXfxx9S5Au2xgesh5K2aV2l&id=100068698221421,0,0,Photos,,,,,Lifetime,467,213,13,11,1,1,,,,32,7,25,,0,,,,
1.20613E+15,1.00069E+14,Juankada Zia,"🤷‍♀️

#Juan365Studios #Juan365 #ALLINJUANSASAYA #JuankadaHosts #JuankadaZia #Zianatics #ValentinesDay","🤷‍♀️

#Juan365Studios #Juan365 #ALLINJUANSASAYA #JuankadaHosts #JuankadaZia #Zianatics #ValentinesDay",7,2/13/2026 23:00,N/A,https://www.facebook.com/reel/946727047785040/,0,0,Videos,,,,,Lifetime,825,263,26,21,4,1,2993.413,5.712,0,8,8,,,0,,,0,0
1.20531E+15,1.00069E+14,Juankada Zia,"Fit check: RAKRAKAN!🤘
Personality: cutesy☺️

Catch me live sa COLOR GAME LIVE!!! 💖

#Juan365Studios #Juan365 #ALLINJUANSASAYA #JuankadaHosts #JuankadaZia #Zianatics",,0,2/12/2026 23:26,N/A,https://www.facebook.com/permalink.php?story_fbid=pfbid0caNu9BZ4H4Nwc72ASbMPX7d42jeuukYDv88PwfEThM22Lc7CGe9gX6JthMA7oaFVl&id=100068698221421,0,0,Photos,,,,,Lifetime,180,76,15,10,5,0,,,,13,4,9,,0,,,,
1.20467E+15,1.00069E+14,Juankada Zia,"BTS of how I get ready before live!!! 🎥🎬

Catch me again tomorrow on COLOR GAME LIVE! 😘💖

#Juan365Studios #Juan365 #ALLINJUANSASAYA #JuankadaHosts #JuankadaZia #Zianatics","BTS of how I get ready before live!!! 🎥🎬

Catch me again tomorrow on COLOR GAME LIVE! 😘💖

#Juan365Studios #Juan365 #ALLINJUANSASAYA #JuankadaHosts #JuankadaZia #Zianatics",27,2/12/2026 23:00,N/A,https://www.facebook.com/reel/1272480791454420/,0,0,Videos,,,,,Lifetime,288,163,14,13,0,1,1435.177,5.436,0,2,2,,,0,,,0,0
1.20519E+15,1.00069E+14,Juankada Zia,,,0,2/12/2026 19:39,N/A,https://www.facebook.com/permalink.php?story_fbid=pfbid02E41JZeWogveSpfEyRZcq7b6woq6D7E4kSS4zadBoCM2inah6VNwwB6wNs5ReqwFpl&id=100068698221421,0,1,Text,,,,,Lifetime,21,19,2,1,1,0,,,,1,1,,,0,,,,
1.20519E+15,1.00069E+14,Juankada Zia,,,0,2/12/2026 19:35,N/A,https://www.facebook.com/permalink.php?story_fbid=pfbid034E39fwHxwJeUgx5RTN1WDaaGVjqbviXcVR4CJS4ykZgn3M1j6SSHZLhRn9iDf6cAl&id=100068698221421,0,1,Text,,,,,Lifetime,24,19,3,2,1,0,,,,3,3,,,0,,,,
1.20483E+15,1.00069E+14,Juankada Zia,,,0,2/12/2026 8:21,N/A,https://www.facebook.com/permalink.php?story_fbid=pfbid0YHNxM6kubVFQeNXWHZWbzacmj6ZfcJqFud1yRm9h2k2tjVoCBMoYA2wbJGT82XNpl&id=100068698221421,0,1,Photos,,,,,Lifetime,69,33,2,1,0,1,,,,6,3,1,2,0,,,,
1.20456E+15,1.00069E+14,Juankada Zia,"Wild at heart and free in spirit.🌵🌌

Check out the Coachella fit, Zianatics! 

#Juan365Studios #Juan365 #ALLINJUANSASAYA #JuankadaHosts #JuankadaZia #Zianatics",,0,2/12/2026 1:00,N/A,https://www.facebook.com/permalink.php?story_fbid=pfbid0ShF7cpLv2ttU18ji8hdxKiUbkwRX9gjTSGCu4Ntrsv9838Kget6Pnm836FakFarTl&id=100068698221421,0,0,Photos,,,,,Lifetime,488,208,26,21,4,1,,,,24,7,17,,0,,,,
1.20452E+15,1.00069E+14,Juankada Zia,"I'll be OTW! 🏃‍♀️

Saan naman ang punta natin, Zianatics? 🤨

#Juan365Studios #Juan365 #ALLINJUANSASAYA #JuankadaHosts #JuankadaZia #Zianatics","I'll be OTW! 🏃‍♀️

Saan naman ang punta natin, Zianatics? 🤨

#Juan365Studios #Juan365 #ALLINJUANSASAYA #JuankadaHosts #JuankadaZia #Zianatics",11,2/12/2026 0:00,N/A,https://www.facebook.com/reel/25731792689764472/,0,0,Videos,,,,,Lifetime,251,160,11,10,0,1,957.684,4.454,0,1,1,,,0,,,0,0
1.2038E+15,1.00069E+14,Juankada Zia,"My recent LSS!!!🥰

Pwedeng sabihin niyo 'to sakanya? 🎵🎶

#Juan365Studios #Juan365 #ALLINJUANSASAYA #JuankadaHosts #JuankadaZia #Zianatics","My recent LSS!!!🥰

Pwedeng sabihin niyo 'to sakanya? 🎵🎶

#Juan365Studios #Juan365 #ALLINJUANSASAYA #JuankadaHosts #JuankadaZia #Zianatics",50,2/11/2026 2:01,uploaded,https://www.facebook.com/reel/1441963694320247/,1,0,Videos,,,,,Lifetime,153,103,10,9,1,0,808.638,6.521,0,4,4,,,0,,,0,0
1.20365E+15,1.00069E+14,Juankada Zia,"Black & White. A Timeless color-combi 🤍🖤

#Juan365Studios #Juan365 #ALLINJUANSASAYA #JuankadaHosts #JuankadaZia #Zianatics",,0,2/11/2026 0:00,N/A,https://www.facebook.com/permalink.php?story_fbid=pfbid0Nc9a7bB6hrHunXTdMJCrnz8oGdiVGrmRByNbF281XLjZmF4WcrKpmCrxiWuijttsl&id=100068698221421,0,0,Photos,,,,,Lifetime,465,219,25,22,2,1,,,,23,8,15,,0,,,,
1.20232E+15,1.00069E+14,Juankada Zia,"Man, I feel just like a ROCKSTAR! 🤘🎸

#Juan365Studios #Juan365 #ALLINJUANSASAYA #JuankadaHosts #JuankadaZia #Zianatics","Man, I feel just like a ROCKSTAR! 🤘🎸

#Juan365Studios #Juan365 #ALLINJUANSASAYA #JuankadaHosts #JuankadaZia #Zianatics",20,2/10/2026 23:00,N/A,https://www.facebook.com/reel/1237645528549930/,0,0,Videos,,,,,Lifetime,198,109,22,11,10,1,1149.884,7.098,0,4,4,,,0,,,0,0
1.20231E+15,1.00069E+14,Juankada Zia,"Small BTS while slaying in the all black fit! 🖤

#Juan365Studios #Juan365 #ALLINJUANSASAYA #JuankadaHosts #JuankadaZia #Zianatics","Small BTS while slaying in the all black fit! 🖤

#Juan365Studios #Juan365 #ALLINJUANSASAYA #JuankadaHosts #JuankadaZia #Zianatics",18,2/10/2026 2:00,N/A,https://www.facebook.com/reel/922995686775208/,0,0,Videos,,,,,Lifetime,133,55,8,6,1,1,518.518,4.548,0,1,1,,,0,,,0,0
1.20231E+15,1.00069E+14,Juankada Zia,"BLACK ON BLACK ON BLACK! 🕶

Check out the OOTD from yesterday's live 🤙

#Juan365Studios #Juan365 #ALLINJUANSASAYA #JuankadaHosts #JuankadaZia #Zianatics",,0,2/9/2026 23:00,N/A,https://www.facebook.com/permalink.php?story_fbid=pfbid033kjbyGcJqsukXBKdcBURRZpWUGZS2XCWSKtGUNTdoF7VWeCuzSDaEEDqe9v5oY4ol&id=100068698221421,0,0,Photos,,,,,Lifetime,395,191,20,18,1,1,,,,22,7,15,,0,,,,
1.20279E+15,1.00069E+14,Juankada Zia,"Bakit ang daming sinasabi? 🤨

#Juan365Studios #Juan365 #ALLINJUANSASAYA #JuankadaHosts #JuankadaZia #Zianatics","Bakit ang daming sinasabi? 🤨

#Juan365Studios #Juan365 #ALLINJUANSASAYA #JuankadaHosts #JuankadaZia #Zianatics",10,2/9/2026 20:01,N/A,https://www.facebook.com/reel/1531690524602886/,1,0,Videos,,,,,Lifetime,284,125,20,15,3,2,1265.98,5.915,0,3,3,,,0,,,0,0
1.20193E+15,1.00069E+14,Juankada Zia,"Hosting highlights from our live yesterday!!! 💖

Watch out for more kulitan and good vibes only on COLOR GAME LIVE of Juan365 Studios! 😘

#Juan365Studios #Juan365 #ALLINJUANSASAYA #JuankadaHosts #JuankadaZia #Zianatics","Hosting highlights from our live yesterday!!! 💖

Watch out for more kulitan and good vibes only on COLOR GAME LIVE of Juan365 Studios! 😘

#Juan365Studios #Juan365 #ALLINJUANSASAYA #JuankadaHosts #JuankadaZia #Zianatics",26,2/9/2026 5:00,N/A,https://www.facebook.com/reel/1867020370645186/,0,0,Videos,,,,,Lifetime,162,80,8,7,0,1,1197.624,8.741,0,1,1,,,0,,,0,0
1.20216E+15,1.00069E+14,Juankada Zia,"felt pretty blue ❌
FELT PRETTY IN BLUE ✅💙

#Juan365Studios #Juan365 #ALLINJUANSASAYA #JuankadaHosts #JuankadaZia #Zianatics",,0,2/9/2026 2:00,N/A,https://www.facebook.com/permalink.php?story_fbid=pfbid0sHXb3fBYYMFMobpZ1hHzk4dfTcj8jLHJPCHdVcSubEvKQvxJP8YxncVoAHrJSbfBl&id=100068698221421,0,0,Photos,,,,,Lifetime,114,55,6,4,1,1,,,,6,3,3,,0,,,,
1.20211E+15,1.00069E+14,Juankada Zia,"🍊 you glad that I'm this pretty?

#Juan365Studios #Juan365 #ALLINJUANSASAYA #JuankadaHosts #JuankadaZia #Zianatics",,0,2/9/2026 0:17,N/A,https://www.facebook.com/permalink.php?story_fbid=pfbid07CbG1Mw6nMQzLbBYZQjyTkHpe1cXvJZDiZJwqTh77ycdZpXEsETanz5fq9gWRkkql&id=100068698221421,0,0,Photos,,,,,Lifetime,425,188,16,13,2,1,,,,19,8,11,,0,,,,
1.20192E+15,1.00069E+14,Juankada Zia,"She's a BADDIE in the corporate world! 👩‍💼💖

#Juan365Studios #Juan365 #ALLINJUANSASAYA #JuankadaHosts #JuankadaZia #Zianatics","She's a BADDIE in the corporate world! 👩‍💼💖

#Juan365Studios #Juan365 #ALLINJUANSASAYA #JuankadaHosts #JuankadaZia #Zianatics",16,2/8/2026 23:00,N/A,https://www.facebook.com/reel/1633830334334888/,0,0,Videos,,,,,Lifetime,318,182,21,18,2,1,1519.262,5.565,0,1,1,,,0,,,0,0
1.20109E+15,1.00069E+14,Juankada Zia,"before | AFTER!!! 💖

Start the week with me, Zianatics! 😘

#Juan365Studios #Juan365 #ALLINJUANSASAYA #JuankadaHosts #JuankadaZia #Zianatics","before | AFTER!!! 💖

Start the week with me, Zianatics! 😘

#Juan365Studios #Juan365 #ALLINJUANSASAYA #JuankadaHosts #JuankadaZia #Zianatics",25,2/7/2026 20:00,N/A,https://www.facebook.com/reel/3064384820427304/,1,0,Videos,,,,,Lifetime,223,180,10,9,1,0,1435.91,7.288,0,3,3,,,0,,,0,0
1.19761E+15,1.00069E+14,Juankada Zia,"Naniniwala ako na when YOU SMELL GOOD, YOU FEEL GOOD!!! 💖👃

#Juan365Studios #Juan365 #ALLINJUANSASAYA #JuankadaHosts #JuankadaZia #Zianatics","Naniniwala ako na when YOU SMELL GOOD, YOU FEEL GOOD!!! 💖👃

#Juan365Studios #Juan365 #ALLINJUANSASAYA #JuankadaHosts #JuankadaZia #Zianatics",15,2/7/2026 2:00,N/A,https://www.facebook.com/reel/761620976991009/,0,0,Videos,,,,,Lifetime,344,288,9,8,1,0,1714.175,5.951,0,6,6,,,0,,,0,0
1.19761E+15,1.00069E+14,Juankada Zia,"Magpapa-cute muna ako Zianatics ah! 🫣

Okay lang ba? 🤭

#Juan365Studios #Juan365 #ALLINJUANSASAYA #JuankadaHosts #JuankadaZia #Zianatics","Magpapa-cute muna ako Zianatics ah! 🫣

Okay lang ba? 🤭

#Juan365Studios #Juan365 #ALLINJUANSASAYA #JuankadaHosts #JuankadaZia #Zianatics",7,2/6/2026 23:00,N/A,https://www.facebook.com/reel/828605556911962/,0,0,Videos,,,,,Lifetime,287,200,11,7,4,0,944.871,4.415,0,4,4,,,0,,,0,0
1.20026E+15,1.00069E+14,Juankada Zia,,,0,2/6/2026 20:46,N/A,https://www.facebook.com/permalink.php?story_fbid=pfbid02wBhbvvhXvVQ6YtgUYnJv6MLNNEKTS6XirwJkkC7E5AjjTLuueiYf9p5WUJEkqaSEl&id=100068698221421,0,1,Photos,,,,,Lifetime,76,39,4,3,1,0,,,,1,1,,,0,,,,
1.19761E+15,1.00069E+14,Juankada Zia,"LOOK: Your little 🌺🌹 from our live earlier this week!

#Juan365Studios #Juan365 #ALLINJUANSASAYA #JuankadaHosts #JuankadaZia #Zianatics","LOOK: Your little 🌺🌹 from our live earlier this week!

#Juan365Studios #Juan365 #ALLINJUANSASAYA #JuankadaHosts #JuankadaZia #Zianatics",18,2/6/2026 2:00,N/A,https://www.facebook.com/reel/882216544540788/,0,0,Videos,,,,,Lifetime,308,136,13,11,0,2,1533.668,5.99,0,3,3,,,0,,,0,0
1.19759E+15,1.00069E+14,Juankada Zia,"Nakisama ang lighting sa Modern Chinese aesthetic natin! 💖

#Juan365Studios #Juan365 #ALLINJUANSASAYA #JuankadaHosts #JuankadaZia #Zianatics",,0,2/5/2026 23:00,N/A,https://www.facebook.com/permalink.php?story_fbid=pfbid0hcQYCMMWaXiPyKCFHgHgfZQvGyvKYXmZ8u3RsYT5z6dxSuT4CMci8MkVK9wVih3il&id=100068698221421,0,0,Photos,,,,,Lifetime,424,191,17,14,2,1,,,,16,5,11,,0,,,,
1.1993E+15,1.00069E+14,Juankada Zia,"As a corpo-baddie today! 👩‍💼👩‍💻

Check out the OOTD Zianatics! 💖

#Juan365Studios #Juan365 #ALLINJUANSASAYA #JuankadaHosts #JuankadaZia #Zianatics",,0,2/5/2026 17:47,N/A,https://www.facebook.com/permalink.php?story_fbid=pfbid0eHDLabb6THHo5kaTzLnmwvGm6PZtnH9BStBKzzRtK2Tfdzd1xcAiqYTXu84Sz42Sl&id=100068698221421,0,0,Photos,,,,,Lifetime,580,251,27,24,2,1,,,,30,5,25,,0,,,,
1.19761E+15,1.00069E+14,Juankada Zia,"OBSESSED with this color on me!!! 💜

#Juan365Studios #Juan365 #ALLINJUANSASAYA #JuankadaHosts #JuankadaZia #Zianatics","OBSESSED with this color on me!!! 💜

#Juan365Studios #Juan365 #ALLINJUANSASAYA #JuankadaHosts #JuankadaZia #Zianatics",17,2/5/2026 2:00,N/A,https://www.facebook.com/reel/1412009603699700/,0,0,Videos,,,,,Lifetime,294,157,30,23,6,1,1689.229,6.784,0,3,3,,,0,,,0,0
1.19759E+15,1.00069E+14,Juankada Zia,"Streetwear but make it classy as well! 🤙

#Juan365Studios #Juan365 #ALLINJUANSASAYA #JuankadaHosts #JuankadaZia #Zianatics",,0,2/4/2026 23:00,N/A,https://www.facebook.com/permalink.php?story_fbid=pfbid0V3kr89mCVeu6H48LAZb4g3SxTWBpAkZiTZqiwMeMZm3gZiR3tYuPczFTCcbAxnwsl&id=100068698221421,0,0,Photos,,,,,Lifetime,544,234,21,16,4,1,,,,39,13,26,,0,,,,
1.19856E+15,1.00069E+14,Juankada Zia,,,0,2/4/2026 21:04,N/A,https://www.facebook.com/permalink.php?story_fbid=pfbid0jNdK4p9Th664kagX6ffrXjZqo9FwBW5PFEg4WYwG1je1r6XnmLncuGhJK6FnastRl&id=100068698221421,0,1,Photos,,,,,Lifetime,169,74,12,9,3,0,,,,14,13,1,,0,,,,
1.19844E+15,1.00069E+14,Juankada Zia,"Thrilling Thursday Zianatics! 💖

Check out our OOTD for today!!! 👚

#Juan365Studios #Juan365 #ALLINJUANSASAYA #JuankadaHosts #JuankadaZia #Zianatics",,0,2/4/2026 17:39,N/A,https://www.facebook.com/permalink.php?story_fbid=pfbid02175SQ6xUDgW1TpgMLfNaVrhpZvCYcCV6zrqujJjpEtzfC1udnuTB3hJt2j6PWvewl&id=100068698221421,0,0,Photos,,,,,Lifetime,655,300,19,17,1,1,,,,50,9,41,,0,,,,
1.19786E+15,1.00069E+14,Juankada Zia,"Eat it up!!! 😘🤙

#Juan365Studios #Juan365 #ALLINJUANSASAYA #JuankadaHosts #JuankadaZia #Zianatics","Eat it up!!! 😘🤙

#Juan365Studios #Juan365 #ALLINJUANSASAYA #JuankadaHosts #JuankadaZia #Zianatics",10,2/4/2026 2:00,N/A,https://www.facebook.com/reel/1168750805097934/,1,0,Videos,,,,,Lifetime,477,280,24,19,4,1,2055.847,5.586,0,5,5,,,0,,,0,0
1.19775E+15,1.00069E+14,Juankada Zia,"Ang lucky color mo today ay... BLUE! 💙

#Juan365Studios #Juan365 #ALLINJUANSASAYA #JuankadaHosts #JuankadaZia #Zianatics",,0,2/3/2026 23:00,N/A,https://www.facebook.com/permalink.php?story_fbid=pfbid0AqUaCiKuTsHda7WwTX7d2Wpd52B1fPecYPCpWikJt2gDkpYp3EkocCV5Bg2HY2Sbl&id=100068698221421,0,0,Photos,,,,,Lifetime,540,262,24,20,2,2,,,,26,8,18,,0,,,,
1.19602E+15,1.00069E+14,Juankada Zia,"Cutesy girl ang peg natin for today! 💖

#Juan365Studios #Juan365 #ALLINJUANSASAYA #JuankadaHosts #JuankadaZia #Zianatics","Cutesy girl ang peg natin for today! 💖

#Juan365Studios #Juan365 #ALLINJUANSASAYA #JuankadaHosts #JuankadaZia #Zianatics",13,2/3/2026 2:00,N/A,https://www.facebook.com/reel/1978210626069469/,0,0,Videos,,,,,Lifetime,454,307,24,18,5,1,2205.475,5.881,0,5,5,,,0,,,0,0
1.19602E+15,1.00069E+14,Juankada Zia,"Lady in RED ang atake! ❤️

#Juan365Studios #Juan365 #ALLINJUANSASAYA #JuankadaHosts #JuankadaZia #Zianatics","Lady in RED ang atake! ❤️

#Juan365Studios #Juan365 #ALLINJUANSASAYA #JuankadaHosts #JuankadaZia #Zianatics",20,2/2/2026 23:00,N/A,https://www.facebook.com/reel/4325853887672710/,0,0,Videos,,,,,Lifetime,252,173,21,17,2,2,1241.847,5.803,0,2,2,,,0,,,0,0
1.19684E+15,1.00069E+14,Juankada Zia,,,0,2/2/2026 20:11,N/A,https://www.facebook.com/permalink.php?story_fbid=pfbid02Jz2Y8SAZ69foQpgY9KWUKrHMHrj899FP5RwvkoGbJ58crgzATQftjfXh7UMvexuyl&id=100068698221421,0,1,Text,,,,,Lifetime,62,49,6,5,1,0,,,,4,4,,,0,,,,
1.19602E+15,1.00069E+14,Juankada Zia,"Hindi naman masakit. Parang kagat lang ng DINOSAUR! 🦖

#Juan365Studios #Juan365 #ALLINJUANSASAYA #JuankadaHosts #JuankadaZia #Zianatics","Hindi naman masakit. Parang kagat lang ng DINOSAUR! 🦖

#Juan365Studios #Juan365 #ALLINJUANSASAYA #JuankadaHosts #JuankadaZia #Zianatics",16,2/2/2026 2:00,N/A,https://www.facebook.com/reel/3743850549084754/,0,0,Videos,,,,,Lifetime,390,271,14,11,2,1,1579.104,4.77,0,3,3,,,0,,,0,0
1.19602E+15,1.00069E+14,Juankada Zia,"Tara na!

Sasama ba kayo sakin Zianatics?🤔

#Juan365Studios #Juan365 #ALLINJUANSASAYA #JuankadaHosts #JuankadaZia #Zianatics","Tara na!

Sasama ba kayo sakin Zianatics?🤔

#Juan365Studios #Juan365 #ALLINJUANSASAYA #JuankadaHosts #JuankadaZia #Zianatics",15,2/1/2026 23:00,N/A,https://www.facebook.com/reel/1212411577189226/,0,0,Videos,,,,,Lifetime,233,119,11,10,0,1,868.599,4.342,0,0,,,,0,,,0,0
1.19546E+15,1.00069E+14,Juankada Zia,"Are you gonna pick up when I call? 📞

BTS from our COLOR GAME LIVE!!! 💖

#Juan365Studios #Juan365 #ALLINJUANSASAYA #JuankadaHosts #JuankadaZia #Zianatics","Are you gonna pick up when I call? 📞

BTS from our COLOR GAME LIVE!!! 💖

#Juan365Studios #Juan365 #ALLINJUANSASAYA #JuankadaHosts #JuankadaZia #Zianatics",7,2/1/2026 21:00,N/A,https://www.facebook.com/reel/1212049091020607/,0,0,Videos,,,,,Lifetime,239,109,9,6,2,1,634.59,3.605,0,1,1,,,0,,,0,0
1.19546E+15,1.00069E+14,Juankada Zia,"Overdrive!!! 

Hmm mmm?🤭

#Juan365Studios #Juan365 #ALLINJUANSASAYA #JuankadaHosts #JuankadaZia #Zianatics","Overdrive!!! 

Hmm mmm?🤭

#Juan365Studios #Juan365 #ALLINJUANSASAYA #JuankadaHosts #JuankadaZia #Zianatics",10,2/1/2026 1:00,N/A,https://www.facebook.com/reel/24899828436357430/,0,0,Videos,,,,,Lifetime,337,276,5,5,0,0,1239.888,4.29,0,0,,,,0,,,0,0
1.1955E+15,1.00069E+14,Juankada Zia,"Hi Zianatics! 💖

Ngayong month of Love, sabayan niyo ako in giving much love, care, and luck sa atinh Juankada! 😘❤️

#Juan365Studios #Juan365 #ALLINJUANSASAYA #JuankadaHosts #JuankadaZia #Zianatics",,0,1/31/2026 23:10,N/A,https://www.facebook.com/photo.php?fbid=1195498499416746&set=a.383650393934898&type=3,0,0,Photos,,,,,Lifetime,575,300,26,24,1,1,,,,6,6,,,0,,,,
1.1955E+15,1.00069E+14,Juankada Zia,Juankada Zia updated their cover photo.,,0,1/31/2026 23:09,N/A,https://www.facebook.com/photo.php?fbid=1195498022750127&set=a.383650390601565&type=3,0,0,Photos,,,,,Lifetime,0,0,6,5,1,0,,,,0,,,,0,,,,
1.19549E+15,1.00069E+14,Juankada Zia,,,0,1/31/2026 22:58,N/A,https://www.facebook.com/permalink.php?story_fbid=pfbid0ss4A8eFFi9aVrJ79ZL9Z1gxEB4m1WyBKFwNkK39fvH8TUKBBHGaJ5uiGMC9UsMUXl&id=100068698221421,0,1,Photos,,,,,Lifetime,109,48,8,7,0,1,,,,2,,2,,0,,,,
1.19546E+15,1.00069E+14,Juankada Zia,"💖Hi Zianatics!💖

OOTD from yesterday’s live! 😘

#Juan365Studios #Juan365 #ALLINJUANSASAYA #JuankadaHosts #JuankadaZia #Zianatics",,0,1/31/2026 22:30,N/A,https://www.facebook.com/permalink.php?story_fbid=pfbid02QWzjdJyHQVfBTxhi7VAyzs9gFnzaws3S8cnMMTUnajcvA9S47x7iMYWE7Df1hxkkl&id=100068698221421,0,0,Photos,,,,,Lifetime,935,431,30,26,2,2,,,,79,17,62,,0,,,,
1.19464E+15,1.00069E+14,Juankada Zia,"Sexy Saturdays 💖

#Juan365Studios #Juan365 #ALLINJUANSASAYA #JuankadaHosts #JuankadaZia #Zianatics","Sexy Saturdays 💖

#Juan365Studios #Juan365 #ALLINJUANSASAYA #JuankadaHosts #JuankadaZia #Zianatics",10,1/31/2026 2:00,N/A,https://www.facebook.com/reel/3860995084203421/,0,0,Videos,,,,,Lifetime,1485,767,34,29,4,1,7732.374,7.186,0,12,12,,,0,,,0,0
1.19486E+15,1.00069E+14,Juankada Zia,,,0,1/31/2026 1:30,N/A,https://www.facebook.com/permalink.php?story_fbid=pfbid0VirTjUKR1azePE2dSsC5sBkZHBBgTPxXXhPDLzv8uekpdq7sYdwozs1W5aWLHbApl&id=100068698221421,0,1,Text,,,,,Lifetime,53,46,3,3,0,0,,,,3,3,,,0,,,,
1.3293E+15,1.00065E+14,Juankada host Drae,"Proof that joy looks good on me🤍✨

#Juan365  #Juan365Studios #Juan365ColorGame #JuankadaHostDrae #ALLINJUANLIVE #JuankadaHosts #JuankadaHosts","Proof that joy looks good on me🤍✨

#Juan365  #Juan365Studios #Juan365ColorGame #JuankadaHostDrae #ALLINJUANLIVE #JuankadaHosts #JuankadaHosts",31,1/31/2026 1:18,N/A,https://www.facebook.com/reel/1454013602744624/,0,0,Videos,,,,,Lifetime,294,142,12,9,1,2,1730.531,7.395,0,10,10,,,0,,,0,0
1.32961E+15,1.00065E+14,Juankada host Drae,"Hi Draemons! 💖 February na, time for fun & kilig! ✨😝",,0,1/31/2026 9:45,N/A,https://www.facebook.com/photo.php?fbid=1329614639204286&set=a.467750008724091&type=3,0,0,Photos,,,,,Lifetime,319,133,28,26,1,1,,,,10,6,4,,0,,,,
1.32962E+15,1.00065E+14,Juankada host Drae,Juankada host Drae updated their cover photo.,,0,1/31/2026 9:47,N/A,https://www.facebook.com/photo.php?fbid=1329615725870844&set=a.467749982057427&type=3,0,0,Photos,,,,,Lifetime,1,1,15,14,1,0,,,,0,,,,0,,,,
1.33034E+15,1.00065E+14,Juankada host Drae,"Layo ng tingin san kana ba bbq? 

#Juan365  #Juan365Studios #Juan365ColorGame #JuankadaHostDrae #ALLINJUANLIVE #JuankadaHosts #JuankadaHosts",,0,2/1/2026 8:08,N/A,https://www.facebook.com/JuankadaDrae/posts/pfbid02qf4TT8SL4w2Hicy4Dm24po238JpoXsW2MRtzVqBWbc3VcE6MFSijax44TPLPFqDDl,0,0,Photos,,,,,Lifetime,296,109,18,16,2,0,,,,23,15,8,,0,,,,
1.33116E+15,1.00065E+14,Juankada host Drae,"Too cool to follow rules. 😎

#Juan365  #Juan365Studios #Juan365ColorGame #JuankadaHostDrae #ALLINJUANLIVE #JuankadaHosts #JuankadaHosts",,0,2/2/2026 8:43,N/A,https://www.facebook.com/JuankadaDrae/posts/pfbid02wo5sxbEWiJXu59jhgSF3pApdsckWfHLpkpRBgjbdHx1CjumPchDMtXXQ1DXXr1QBl,0,0,Photos,,,,,Lifetime,1018,430,17,12,4,1,,,,69,26,43,,0,,,,
1.33239E+15,1.00065E+14,Juankada host Drae,"EYES CAN'T LIE😉

#Juan365Studios #Juan365 #ColorGameLive  #JuankadaHostDrae #fypシ #trendingreel Juan365  Juan365 Studios","EYES CAN'T LIE😉

#Juan365Studios #Juan365 #ColorGameLive  #JuankadaHostDrae #fypシ #trendingreel @[61572881214141:2048:Juan365]  @[61578179424678:2048:Juan365 Studios]",15,2/3/2026 17:00,N/A,https://www.facebook.com/reel/1646441490127991/,1,0,Videos,,,,,Lifetime,276,201,10,8,1,1,1168.038,5.285,0,3,3,,,0,,,0,0
1.33266E+15,1.00065E+14,Juankada host Drae,"Looking ONLY at YOU! 😍

#Juan365Studios #Juan365 #ColorGameLive  #JuankadaHostDrae #fypシ #trendingreel Juan365 Juan365 Studios","Looking ONLY at YOU! 😍

#Juan365Studios #Juan365 #ColorGameLive  #JuankadaHostDrae #fypシ #trendingreel @[61572881214141:2048:Juan365] @[61578179424678:2048:Juan365 Studios]",8,2/4/2026 0:00,N/A,https://www.facebook.com/reel/1429734598609966/,1,0,Videos,,,,,Lifetime,309,212,15,14,1,0,1237.611,5.574,0,7,7,,,0,,,0,0
1.33307E+15,1.00065E+14,Juankada host Drae,"MIDWEEK NA! ✨
Pampa-good vibes? COLOR GAME LIVE na ’yan! 🔥
Live with Juankada Drae Juankada Tanya Juankada Geoff and Juankada Papa Joe!

#Juan365Studios #Juan365 #ColorGameLive  #JuankadaHostDrae #fypシ #trendingreel",,0,2/4/2026 8:42,N/A,https://www.facebook.com/JuankadaDrae/posts/pfbid0vWH2Cz94DNedzJDY19dbnazjVVN9pM1y6MrvAeTo1ygiaerHMUG4MZAMST2ZfWb7l,0,0,Photos,,,,,Lifetime,284,108,13,11,2,0,,,,25,7,18,,0,,,,
1.33361E+15,1.00065E+14,Juankada host Drae,"PA KISS Lang eh! 🥹

#Juan365Studios #Juan365 #colorgamelive  #JuankadaHostDrae #fypシ #trendingnow Juan365 Juan365 Studios","PA KISS Lang eh! 🥹

#Juan365Studios #Juan365 #colorgamelive  #JuankadaHostDrae #fypシ #trendingnow @[61572881214141:2048:Juan365] @[61578179424678:2048:Juan365 Studios]",11,2/4/2026 22:24,N/A,https://www.facebook.com/reel/1258948726146543/,0,0,Videos,,,,,Lifetime,243,110,19,13,6,0,1360.995,9.134,0,17,17,,,0,,,0,0
1.33603E+15,1.00065E+14,Juankada host Drae,"SATURDAY ENERGY! ⚡️
Umaapaw ng LUCK sa COLOR GAME LIVE! 🔥
Huwag magpahuli—kasama si Juankada Alexchoozy Juankada Charm and Juankada Papa Joe!

#Juan365Studios #Juan365 #ColorGameLive  #JuankadaHostDrae #fypシ #trendingreel",,0,2/7/2026 9:35,N/A,https://www.facebook.com/JuankadaDrae/posts/pfbid0ptip4qGtk2UC7QoB4BHN4boguzDCGPAtcM2RM3kHb5wEqPzqnxMGxFQ4a56pXtudl,0,0,Photos,,,,,Lifetime,251,93,9,8,0,1,,,,14,4,10,,0,,,,
1.33643E+15,1.00065E+14,Juankada host Drae,"Eyy! Sasabayan mo ba akong sumayaw?

#Juan365Studios #Juan365 #colorgamelive  #JuankadaHostDrae #fypシ #trendingreel Juan365 Juan365 Studios","Eyy! Sasabayan mo ba akong sumayaw?

#Juan365Studios #Juan365 #colorgamelive  #JuankadaHostDrae #fypシ #trendingreel @[61572881214141:2048:Juan365] @[61578179424678:2048:Juan365 Studios]",15,2/7/2026 20:57,N/A,https://www.facebook.com/reel/25485989057750735/,0,0,Videos,,,,,Lifetime,376,251,10,9,1,0,2273.174,8.513,0,17,16,,1,0,,,0,0
1.33664E+15,1.00065E+14,Juankada host Drae,"Mag WALK OUT na lang!😆✌🏻

#Juan365Studios #Juan365 #ColorGameLive  #JuankadaHostDrae #fypシ #trendingreel  Juan365 Juan365 Studios","Mag WALK OUT na lang!😆✌🏻

#Juan365Studios #Juan365 #ColorGameLive  #JuankadaHostDrae #fypシ #trendingreel  @[61572881214141:2048:Juan365] @[61578179424678:2048:Juan365 Studios]",29,2/8/2026 3:00,N/A,https://www.facebook.com/reel/1414654926856932/,1,0,Videos,,,,,Lifetime,233,163,10,9,1,0,2038.126,11.45,0,14,14,,,0,,,0,0
1.33668E+15,1.00065E+14,Juankada host Drae,Tambalang Drae at Alex? Al-Drae! Kabahan na ang aldub? 🤣 Juankada Alexchoozy 🫶🏻,,0,2/8/2026 3:57,N/A,https://www.facebook.com/JuankadaDrae/posts/pfbid0U4XjXxHJ2kppRDaHogbCGFzyieyR7eiNk5L6tLnP6qY7S9oe9N9mrFszh29fRsGHl,0,1,Photos,,,,,Lifetime,154,72,7,4,3,0,,,,5,5,,,0,,,,
1.3368E+15,1.00065E+14,Juankada host Drae,"SUNDAY NA! Choose your LUCKY COLOR! Test your LUCK! 
LIVE COLOR GAME with Juankada Drae! 🫶🏻

#Juan365Studios #Juan365 #ColorGameLive  #JuankadaHostDrae #fypシ #trendingreel",,0,2/8/2026 6:50,N/A,https://www.facebook.com/JuankadaDrae/posts/pfbid0QRRj8xjqehZvutrTydoE7fjdC3vfkH1y9DcuS6kz8s8F9TnQKZqD9nWZt7Li4EDKl,0,0,Photos,,,,,Lifetime,193,84,10,9,1,0,,,,9,3,6,,0,,,,
1.3374E+15,1.00065E+14,Juankada host Drae,"GENTLE WOMAN! 😎

#Juan365Studios #Juan365 #ColorGameLive  #JuankadaHostDrae #fypシ #trendingreel  Juan365 Juan365 Studios","GENTLE WOMAN! 😎

#Juan365Studios #Juan365 #ColorGameLive  #JuankadaHostDrae #fypシ #trendingreel  @[61572881214141:2048:Juan365] @[61578179424678:2048:Juan365 Studios]",13,2/8/2026 22:30,N/A,https://www.facebook.com/reel/3840741506061900/,1,0,Videos,,,,,Lifetime,1658,1271,12,11,1,0,9600.598,7.218,0,11,11,,,0,,,0,0
1.33753E+15,1.00065E+14,Juankada host Drae,"Ako na lang DARNA MO!

#Juan365Studios #Juan365 #ColorGameLive  #JuankadaHostDrae #fypシ #trendingreel Juan365 Juan365 Studios","Ako na lang DARNA MO!

#Juan365Studios #Juan365 #ColorGameLive  #JuankadaHostDrae #fypシ #trendingreel @[61572881214141:2048:Juan365] @[61578179424678:2048:Juan365 Studios]",15,2/9/2026 2:01,N/A,https://www.facebook.com/reel/1231919101665150/,1,0,Videos,,,,,Lifetime,294,219,13,12,1,0,1564.212,6.713,0,13,13,,,0,,,0,0
1.33772E+15,1.00065E+14,Juankada host Drae,"MONDAY NA! ✨
COLOR GAME LIVE na ’yan! 🔥
Live with Juankada Drae!

#Juan365Studios #Juan365 #ColorGameLive  #JuankadaHostDrae #fypシ #trendingreel",,0,2/9/2026 6:30,N/A,https://www.facebook.com/JuankadaDrae/posts/pfbid0V9KsDFcc1EuP8B2gh35vBmyRzSny4nAtuk14UGkyaJprUsBRhYWBYQ4vdyTnT5aHl,0,0,Photos,,,,,Lifetime,180,79,7,7,0,0,,,,10,2,8,,0,,,,
1.33821E+15,1.00065E+14,Juankada host Drae,"KATOK KA may SURPRISE!🤭

#Juan365Studios #Juan365 #ColorGameLive  #JuankadaHostDrae #fypシ #trendingreel","KATOK KA may SURPRISE!🤭

#Juan365Studios #Juan365 #ColorGameLive  #JuankadaHostDrae #fypシ #trendingreel",11,2/9/2026 20:00,N/A,https://www.facebook.com/reel/4464516010460144/,1,0,Videos,,,,,Lifetime,289,211,11,10,1,0,1920.289,8.808,0,3,3,,,0,,,0,0
1.33845E+15,1.00065E+14,Juankada host Drae,"READY na! Nakapag INVITE FRIENDS to FOLLOW me ka na ba? 🤩

#Juan365Studios #Juan365 #ColorGameLive  #JuankadaHostDrae #fypシ #trendingreel","READY na! Nakapag INVITE FRIENDS to FOLLOW me ka na ba? 🤩

#Juan365Studios #Juan365 #ColorGameLive  #JuankadaHostDrae #fypシ #trendingreel",25,2/10/2026 2:30,N/A,https://www.facebook.com/reel/2926750474342427/,1,0,Videos,,,,,Lifetime,175,130,10,9,1,0,1053.519,7.525,0,7,7,,,0,,,0,0
1.33875E+15,1.00065E+14,Juankada host Drae,TUESDAY NAAA! ANO PA INAANTAY NIYO TARA NA SA COLORGAME LIVEEE!  🌈,,0,2/10/2026 9:27,N/A,https://www.facebook.com/JuankadaDrae/posts/pfbid028Nr4nok5arPcUXDAbHMQDBHFMyptJQyAqEkE5G6uvcqw1zPBnhB3kmGFM7rcusGkl,0,0,Photos,,,,,Lifetime,231,91,14,13,1,0,,,,11,5,6,,0,,,,
1.33956E+15,1.00065E+14,Juankada host Drae,"TARA NA SA COLORGAMEEE WITH Juankada Geoff Juankada Tanya and Juankada Papa Joe. 🫶🏻 

#Juan365Studios #Juan365 #ColorGameLive  #JuankadaHostDrae #fypシ #trendingreel",,0,2/11/2026 7:17,N/A,https://www.facebook.com/JuankadaDrae/posts/pfbid0qKQN1sV4Pnbbfx1vJ59BPF8GVh3XcPcG7Gs5B6hoyrCC6zvPQRbYDUcDbMUy9NGLl,0,0,Photos,,,,,Lifetime,266,125,13,10,3,0,,,,21,14,7,,0,,,,
1.34015E+15,1.00065E+14,Juankada host Drae,"KONICHIWA! Ready na ba sa sabado? 😍

#Juan365Studios #Juan365 #colorgamelive  #JuankadaHostDrae #fypシ #trendingreel","KONICHIWA! Ready na ba sa sabado? 😍

#Juan365Studios #Juan365 #colorgamelive  #JuankadaHostDrae #fypシ #trendingreel",15,2/11/2026 23:01,N/A,https://www.facebook.com/reel/4059458080938279/,0,0,Videos,,,,,Lifetime,191,133,5,4,1,0,1018.858,7.175,0,8,8,,,0,,,0,0
1.34089E+15,1.00065E+14,Juankada host Drae,"February 15 na ba BUKAS? 😆

FOLLOW for more

#Juan365Studios #Juan365 #positiveenergy  #JuankadaHostDrae #fypシ #trendingreel","February 15 na ba BUKAS? 😆

FOLLOW for more

#Juan365Studios #Juan365 #positiveenergy  #JuankadaHostDrae #fypシ #trendingreel",20,2/12/2026 16:53,N/A,https://www.facebook.com/reel/899504469340272/,0,0,Videos,,,,,Lifetime,206,147,6,6,0,0,1151.192,7.062,0,2,2,,,0,,,0,0
1.34125E+15,1.00065E+14,Juankada host Drae,"FRIDAY the 13th ngayon! Nakita mo to? Swerte daw mag LIKE and SHARE nito! 😁🥰

#Juan365Studios #Juan365 #fridaythe13th  #JuankadaHostDrae #fypシ #trendingreel","FRIDAY the 13th ngayon! Nakita mo to? Swerte daw mag LIKE and SHARE nito! 😁🥰

#Juan365Studios #Juan365 #fridaythe13th  #JuankadaHostDrae #fypシ #trendingreel",19,2/13/2026 2:00,N/A,https://www.facebook.com/reel/748608018322461/,1,0,Videos,,,,,Lifetime,1228,357,22,17,2,3,3210.391,3.162,0,18,18,,,0,,,0,0
1.34186E+15,1.00065E+14,Juankada host Drae,"AKO NA LANG KA DATE MO!
Pasasayahin ko ang PUSO MO! 
Live na with Juankada Drae! TARA na sa COLOR GAME LIVE!

#J365Studios #Juan365 #fridaythe13th  #JuankadaHostDrae #fypシ #trendingreel",,0,2/13/2026 14:57,N/A,https://www.facebook.com/JuankadaDrae/posts/pfbid0HC4UbxCNZ5QCH3qNnhLaJtW5HL33BMf69PX8tXBhBHPX9VfBw91AKS19kkFxf23ul,0,0,Photos,,,,,Lifetime,341,139,26,21,5,0,,,,25,20,5,,0,,,,
1.34201E+15,1.00065E+14,Juankada host Drae,"Hanap ka date PWEDE KA BA?

#Juan365Studios #Juan365 #valentinesday #JuankadaHostDrae #fypシ #trendingreel","Hanap ka date PWEDE KA BA?

#Juan365Studios #Juan365 #valentinesday #JuankadaHostDrae #fypシ #trendingreel",16,2/13/2026 19:30,N/A,https://www.facebook.com/reel/779817581832487/,1,0,Videos,,,,,Lifetime,643,271,25,13,5,7,3756.389,7.558,0,27,27,,,0,,,0,0
1.34281E+15,1.00065E+14,Juankada host Drae,"SUNDAY FUN DAY! 🌤
Chill pero may thrill sa COLOR GAME LIVE! 🎯
Relax and play with Juankada Drae!

#Juan365Studios #Juan365 #valentinesday #JuankadaHostDrae #fypシ #trendingreel",,0,2/14/2026 16:06,N/A,https://www.facebook.com/JuankadaDrae/posts/pfbid0vKMdMxJhDP94bdF6JzCmbkzVnxTeMksNkj2L44CrhdBTrC1zJ5xY6EqwXrtdzFjil,0,0,Photos,,,,,Lifetime,366,146,20,17,3,0,,,,32,13,19,,0,,,,
1.34291E+15,1.00065E+14,Juankada host Drae,NAGKASHIFT DIN!! Juankada Sabbie 🫶🏻,,0,2/14/2026 18:45,N/A,https://www.facebook.com/JuankadaDrae/posts/pfbid0ve2mpcN9y2gCKnvKiqp9AiLmzyxceViKdcPskhxKHjQyo5mRddZjWGFryXp71zdol,0,1,Text,,,,,Lifetime,89,62,3,3,0,0,,,,6,6,,,0,,,,
1.34304E+15,1.00065E+14,Juankada host Drae,"Anong Outfit ang pinaka bet mo?

#Juan365Studios #Juan365 #PositiveEnergy  #JuankadaHostDrae #fypシ #trendingreel","Anong Outfit ang pinaka bet mo?

#Juan365Studios #Juan365 #PositiveEnergy  #JuankadaHostDrae #fypシ #trendingreel",7,2/14/2026 22:00,mixed,https://www.facebook.com/reel/904318522080365/,1,0,Videos,,,,,Lifetime,445,240,15,11,2,2,1901.871,6.673,0,9,9,,,0,,,0,0
1.34306E+15,1.00065E+14,Juankada host Drae,LETS GOOOO KAJUANKADAAA!! Juankada Sabbie 🫶🏻,,0,2/14/2026 22:35,N/A,https://www.facebook.com/JuankadaDrae/posts/pfbid0F8urXc99rrWxY1kEgyJU1xy8pvtu44jkMvTACe6Jyse1YLmkwBP2SsuFRSmJFiHSl,0,1,Text,,,,,Lifetime,90,61,8,7,1,0,,,,16,16,,,0,,,,
1.34308E+15,1.00065E+14,Juankada host Drae,Di naman nakakatakot 🙄,,0,2/14/2026 22:58,N/A,https://www.facebook.com/JuankadaDrae/posts/pfbid029kMNuaq7GrDCJG5egPFmBWu5wRoAXVM6AQLrYK3V2LBdW7yX7qtShvBJvAsAyoeil,0,1,Videos,,,,,Lifetime,58,54,4,3,1,0,,,,11,11,,,0,,,,
1.3432E+15,1.00065E+14,Juankada host Drae,"Eyyy!! FEBRUARY15 NA! Araw naman ng mga?? 👀

#Juan365Studios #Juan365 #february15  #JuankadaHostDrae #fypシ #trendingreel","Eyyy!! FEBRUARY15 NA! Araw naman ng mga?? 👀

#Juan365Studios #Juan365 #february15  #JuankadaHostDrae #fypシ #trendingreel",23,2/15/2026 2:10,mixed,https://www.facebook.com/reel/1566646837788794/,1,0,Videos,,,,,Lifetime,202,168,9,8,1,0,1162.507,6.681,0,15,15,,,0,,,0,0
1.34336E+15,1.00065E+14,Juankada host Drae,"Grabe naman yang CHARISMA MO!😳

#Juan365Studios #Juan365 #Charisma  #JuankadaHostDrae #fypシ #trendingreel","Grabe naman yang CHARISMA MO!😳

#Juan365Studios #Juan365 #Charisma  #JuankadaHostDrae #fypシ #trendingreel",10,2/15/2026 5:50,N/A,https://www.facebook.com/reel/2658147847904943/,1,0,Videos,,,,,Lifetime,431,303,14,13,1,0,1925.886,5.8,0,9,9,,,0,,,0,0
1.34388E+15,1.00065E+14,Juankada host Drae,"TAKE IT TAKE IT!!
Manifest mo na ang SWERTE mo TODAY Draemons!

#Juan365Studios #Juan365 #colorgamelive  #JuankadaHostDrae #fypageシ #trendingreel","TAKE IT TAKE IT!!
Manifest mo na ang SWERTE mo TODAY Draemons!

#Juan365Studios #Juan365 #colorgamelive  #JuankadaHostDrae #fypageシ #trendingreel",20,2/15/2026 19:06,N/A,https://www.facebook.com/reel/1569075824312685/,0,0,Videos,,,,,Lifetime,325,242,11,10,1,0,2209.347,8.732,0,12,12,,,0,,,0,0
1.34393E+15,1.00065E+14,Juankada host Drae,"MONDAY WIN STREAK! 🔥
Simulan ang week ng PANALO
COLOR GAME LIVE na with Juankada Drae!

#Juan365Studios #Juan365 #colorgamelive  #JuankadaHostDrae #fypageシ #trendingreel",,0,2/15/2026 20:32,N/A,https://www.facebook.com/JuankadaDrae/posts/pfbid02VkP5d5z6aXMr9wo8vFebffsULqG25JG7W4yvLoACKtCYkX9AqidUMqSvoJLMLuTTl,0,0,Photos,,,,,Lifetime,195,84,10,9,1,0,,,,11,6,5,,0,,,,
1.34413E+15,1.00065E+14,Juankada host Drae,"AKO PA BA NASA PUSO MO?🥺

#Juan365Studios #Juan365 #dibalenalang  #JuankadaHostDrae #fypシ #trendingreel","AKO PA BA NASA PUSO MO?🥺

#Juan365Studios #Juan365 #dibalenalang  #JuankadaHostDrae #fypシ #trendingreel",16,2/16/2026 2:05,mixed,https://www.facebook.com/reel/1046050965250962/,1,0,Videos,,,,,Lifetime,146,107,8,7,1,0,686.321,5.968,0,5,5,,,0,,,0,0
1.3446E+15,1.00065E+14,Juankada host Drae,"I LOVE YOU ANYWAY! 🥰❤️

#Juan365Studios #Juan365 #ColorGameLive  #JuankadaHostDrae #fypシ #trendingreel","I LOVE YOU ANYWAY! 🥰❤️

#Juan365Studios #Juan365 #ColorGameLive  #JuankadaHostDrae #fypシ #trendingreel",16,2/16/2026 14:05,mixed,https://www.facebook.com/reel/3443065815850131/,1,0,Videos,,,,,Lifetime,179,119,17,15,2,0,1017.876,7.27,0,7,7,,,0,,,0,0
1.3449E+15,1.00065E+14,Juankada host Drae,"🧧HAPPY CHINESE NEW YEAR!🎊

Simulan ang BAGONG TAON ng naguumapaw ng SWERTE!🎉

COLOR GAME LIVE na with Juankada Drae!

#Juan365Studios #Juan365 #ColorGameLive  #JuankadaHostDrae #fypシ #trendingreel",,0,2/16/2026 22:54,N/A,https://www.facebook.com/JuankadaDrae/posts/pfbid0jABErwkFhPEbhrhWKzVKb8q4xsRAk2y5DH1xSCf48dcAiJQ5P8iD7R8MByWZyLtZl,0,0,Photos,,,,,Lifetime,254,103,14,12,2,0,,,,15,4,11,,0,,,,
1.34513E+15,1.00065E+14,Juankada host Drae,"PAGOD NA NGANI kaka parinig, paki galaw naman ng baso!🥹

#Juan365Studios #Juan365 #ColorGameLive  #JuankadaHostDrae #fypシ #trendingreel","PAGOD NA NGANI kaka parinig, paki galaw naman ng baso!🥹

#Juan365Studios #Juan365 #ColorGameLive  #JuankadaHostDrae #fypシ #trendingreel",7,2/17/2026 5:05,mixed,https://www.facebook.com/reel/25488423047524802/,1,0,Videos,,,,,Lifetime,330,201,10,8,2,0,1223.463,5.717,0,12,12,,,0,,,0,0
1.34549E+15,1.00065E+14,Juankada host Drae,"Ang sabi ko ""HINDI KITA MAMI-MISS""😩

#Juan365Studios #Juan365 #halik  #JuankadaHostDrae #fypシ #trendingreel","Ang sabi ko ""HINDI KITA MAMI-MISS""😩

#Juan365Studios #Juan365 #halik  #JuankadaHostDrae #fypシ #trendingreel",8,2/17/2026 14:10,mixed,https://www.facebook.com/reel/937054535670056/,1,0,Videos,,,,,Lifetime,275,226,11,9,2,0,1010.947,5.238,0,5,5,,,0,,,0,0
1.3458E+15,1.00065E+14,Juankada host Drae,"THIS IS IT!
Oras na para bumawi!
WIN with Juankada Drae Juankada tanya Juankada Shann and Juankada Geoff sa COLOR GAME LIVE!

#Juan365Studios #Juan365 #halik  #JuankadaHostDrae #fypシ #trendingreel",,0,2/17/2026 23:10,N/A,https://www.facebook.com/JuankadaDrae/posts/pfbid02MCZu8D8PcxBsuiptcn5wVzHRCqVYyxwjk57m8kuCFEp85JWr6xfLHxJQyPh7muQpl,0,0,Photos,,,,,Lifetime,355,178,17,14,2,1,,,,14,10,4,,0,,,,
1.34592E+15,1.00065E+14,Juankada host Drae,"HANDSS OFFFF GABREILLA!!

#Juan365Studios #Juan365 #handsupgariella  #JuankadaHostDrae #fypシ #trendingreel","HANDSS OFFFF GABREILLA!!

#Juan365Studios #Juan365 #handsupgariella  #JuankadaHostDrae #fypシ #trendingreel",24,2/18/2026 2:40,N/A,https://www.facebook.com/reel/1634906790850930/,1,0,Videos,,,,,Lifetime,248,191,10,8,2,0,1655.767,7.96,0,8,8,,,0,,,0,0
1.34645E+15,1.00065E+14,Juankada host Drae,"Baka mapa SAKIN KA pa! 🫣

#Juan365Studios #Juan365 #goodvibesonly  #JuankadaHostDrae #fypシ #trendingreel","Baka mapa SAKIN KA pa! 🫣

#Juan365Studios #Juan365 #goodvibesonly  #JuankadaHostDrae #fypシ #trendingreel",9,2/18/2026 15:51,N/A,https://www.facebook.com/reel/1638088167622098/,0,0,Videos,,,,,Lifetime,236,151,15,12,3,0,1053.295,6.307,0,11,11,,,0,,,0,0
1.34678E+15,1.00065E+14,Juankada host Drae,"MAY NANALO NA?🥰

#Juan365Studios #Juan365  #JuankadaHostDrae #fypシ #trendingreel Juan365 Juan365 Studios","MAY NANALO NA?🥰

#Juan365Studios #Juan365  #JuankadaHostDrae #fypシ #trendingreel @[61572881214141:2048:Juan365] @[61578179424678:2048:Juan365 Studios]",9,2/19/2026 1:50,mixed,https://www.facebook.com/reel/930305326184800/,1,0,Videos,,,,,Lifetime,283,201,15,13,2,0,1094.317,5.364,0,6,6,,,0,,,0,0
1.34757E+15,1.00065E+14,Juankada host Drae,"Come here PERFECT ONE!

#Juan365Studios #Juan365 #JuankadaHostDrae #fypシ #trendingreel","Come here PERFECT ONE!

#Juan365Studios #Juan365 #JuankadaHostDrae #fypシ #trendingreel",11,2/19/2026 23:10,mixed,https://www.facebook.com/reel/2083010212517728/,1,0,Videos,,,,,Lifetime,536,321,16,13,2,1,2910.891,8.461,0,17,17,,,0,,,0,0
1.34848E+15,1.00065E+14,Juankada host Drae,"Experience the ENERGY and ENTERTAINMENT of COLOR GAME LIVE!
Get to know the vibe, the host, and the community with Juankada Drae!

#Juan365Studios #Juan365 #JuankadaHostDrae #fypシ #trendingreel",,0,2/20/2026 23:27,N/A,https://www.facebook.com/JuankadaDrae/posts/pfbid031ncNwUuphNaoQLNWEtyqNFsA7iwNgpWvN8FXAoX13o2zprZSzjS31YJZcaEYUyXvl,0,0,Photos,,,,,Lifetime,358,159,16,13,3,0,,,,38,16,22,,0,,1,,
1.34936E+15,1.00065E+14,Juankada host Drae,"DRAEMONS! Feel na feel ko swerte ka ngayon!✨

Join Juankada Drae at COLOR GAME LIVE and be part of the action, fun, and good vibes! 🎉

#Juan365Studios #Juan365 #JuankadaHostDrae #fypシ #trendingreel",,0,2/21/2026 23:13,N/A,https://www.facebook.com/JuankadaDrae/posts/pfbid02oGFhuYAn7Kq27sRXL6Au4Gc17zYfpKVoDbQTTBrqDkQ9H76bQNdKnnRQfA1Xe941l,0,0,Photos,,,,,Lifetime,258,108,15,14,1,0,,,,19,4,15,,0,,,,
1.35001E+15,1.00065E+14,Juankada host Drae,"YOUNG STUNNA! 

#Juan365Studios #Juan365   #JuankadaHostDrae #YoungStunna #fypシ #trendingreel","YOUNG STUNNA! 

#Juan365Studios #Juan365   #JuankadaHostDrae #YoungStunna #fypシ #trendingreel",16,2/22/2026 16:00,N/A,https://www.facebook.com/reel/2744766392552007/,0,0,Videos,,,,,Lifetime,210,151,12,11,1,0,1216.773,7.604,0,5,5,,,0,,,0,0
1.35013E+15,1.00065E+14,Juankada host Drae,"Sin*mp@l ko ng HALIK! 😁✌🏻

#Juan365Studios #Juan365   #JuankadaHostDrae #fypシ #trendingreel","Sin*mp@l ko ng HALIK! 😁✌🏻

#Juan365Studios #Juan365   #JuankadaHostDrae #fypシ #trendingreel",10,2/22/2026 19:59,mixed,https://www.facebook.com/reel/1442260740821819/,1,0,Videos,,,,,Lifetime,987,693,18,16,2,0,4211.623,5.753,0,4,4,,,0,,,0,0
1.35025E+15,1.00065E+14,Juankada host Drae,"Join Juankada Drae at COLOR GAME LIVE and be part of the action, fun, and good vibes! 🎉

#Juan365Studios #Juan365 #JuankadaHostDrae #fypシ #trendingreel",,0,2/23/2026 0:28,N/A,https://www.facebook.com/JuankadaDrae/posts/pfbid0KyUNxG4AqqTNPXWjejK4rh78XSBBR2vgUtzZMScWgAJx365dE46U72w3hv8DyTnJl,0,0,Photos,,,,,Lifetime,187,98,11,11,0,0,,,,5,,5,,0,,,,
1.35045E+15,1.00065E+14,Juankada host Drae,LUCKYYY DAY TALAGA MGA DRAEMONS!!! 🥵,,0,2/23/2026 5:56,N/A,https://www.facebook.com/JuankadaDrae/posts/pfbid02eFaGNLNK6MNTitYLmV72omWYGQSxSo1aJWc5GmNym8vbznyCTgpwWfiMj1qmMvB1l,0,1,Photos,,,,,Lifetime,192,79,6,5,1,0,,,,9,4,5,,0,,,,
1.35084E+15,1.00065E+14,Juankada host Drae,"GANITO BA? 😁

#Juan365Studios #Juan365   #JuankadaHostDrae #fypシ #trendingreel","GANITO BA? 😁

#Juan365Studios #Juan365   #JuankadaHostDrae #fypシ #trendingreel",15,2/23/2026 16:40,N/A,https://www.facebook.com/reel/3025313191192062/,0,0,Videos,,,,,Lifetime,232,147,8,7,1,0,1619.139,9.468,0,15,15,,,0,,,0,0
1.35095E+15,1.00065E+14,Juankada host Drae,"SUBMARINE🫣

#Juan365Studios #Juan365   #JuankadaHostDrae #submarine #fypシ #trendingreel Juan365  Juan365 Studios","SUBMARINE🫣

#Juan365Studios #Juan365   #JuankadaHostDrae #submarine #fypシ #trendingreel @[61572881214141:2048:Juan365]  @[61578179424678:2048:Juan365 Studios]",21,2/23/2026 19:59,uploaded,https://www.facebook.com/reel/1226123529164113/,1,0,Videos,,,,,Lifetime,271,190,22,20,2,0,2057.102,9.889,0,21,21,,,0,,,0,0
1.35111E+15,1.00065E+14,Juankada host Drae,"DRAEMONS!
Yes, ikaw! Tara na sa COLOR GAME LIVE! Winning moment at solid energy ang nag hihintay sayo!

#Juan365Studios #Juan365   #JuankadaHostDrae #submarine #fypシ #trendingreel Juan365  Juan365 Studios",,0,2/24/2026 0:16,N/A,https://www.facebook.com/JuankadaDrae/posts/pfbid0365PxjbKE1V3aW77PQmhpcJqKRvvfBxARJyy2woKYm3X3v8UuDZPo1VL7R5P4L8Sl,0,0,Photos,,,,,Lifetime,310,151,19,17,2,0,,,,32,17,15,,0,,,,
1.35202E+15,1.00065E+14,Juankada host Drae,"Bring that powerful spirit into Color Game Live and let’s enjoy the moment together! 🎉

#Juan365Studios #Juan365   #JuankadaHostDrae #submarine #fypシ #trendingreel Juan365  Juan365 Studios",,0,2/24/2026 23:52,N/A,https://www.facebook.com/JuankadaDrae/posts/pfbid0DVF7C4zacL6hpaRyiG4axaRYxL8FCQCg1Ye816amVMJtdYSWRgRx7mHC375qKhuUl,0,0,Photos,,,,,Lifetime,277,144,15,12,3,0,,,,11,7,4,,0,,,,
1.35273E+15,1.00065E+14,Juankada host Drae,"LATIGUHIN Kita! Gusto mo yun?😆

#Juan365Studios #Juan365 #JuankadaHostDrae #fypシ #trendingreel","LATIGUHIN Kita! Gusto mo yun?😆

#Juan365Studios #Juan365 #JuankadaHostDrae #fypシ #trendingreel",18,2/25/2026 18:54,N/A,https://www.facebook.com/reel/1421644463038226/,0,0,Videos,,,,,Lifetime,261,168,15,10,3,2,2075.648,11.219,0,13,13,,,0,,,0,0
1.35305E+15,1.00065E+14,Juankada host Drae,"Okay na ba tong INDAK namin ni Juankada Ellise ? 😁

#Juan365Studios #Juan365 #JuankadaHostDrae #fypシ #trendingreel","Okay na ba tong INDAK namin ni @[61585679673115:2048:Juankada Ellise] ? 😁

#Juan365Studios #Juan365 #JuankadaHostDrae #fypシ #trendingreel",22,2/26/2026 2:05,N/A,https://www.facebook.com/reel/2908420479351929/,1,0,Videos,,,,,Lifetime,332,227,17,13,4,0,2783.884,11.047,0,22,22,,,0,,,0,0
1.35362E+15,1.00065E+14,Juankada host Drae,"SAKIN KA LANG BABAGSAK! 😜

#Juan365Studios #Juan365 #AnswerTheG  #JuankadaHostDrae #fypシ #trendingreel Juan365 Juan365 Studios","SAKIN KA LANG BABAGSAK! 😜

#Juan365Studios #Juan365 #AnswerTheG  #JuankadaHostDrae #fypシ #trendingreel @[61572881214141:2048:Juan365] @[61578179424678:2048:Juan365 Studios]",13,2/26/2026 15:59,mixed,https://www.facebook.com/reel/1364560342354405/,1,0,Videos,,,,,Lifetime,344,186,25,19,4,2,2143.727,9.32,0,13,13,,,0,,,0,0
1.35378E+15,1.00065E+14,Juankada host Drae,"INUUTO KA lang nyan! 🫠

#Juan365Studios #Juan365   #JuankadaHostDrae #fypシ #trendingreel","INUUTO KA lang nyan! 🫠

#Juan365Studios #Juan365   #JuankadaHostDrae #fypシ #trendingreel",16,2/26/2026 19:59,N/A,https://www.facebook.com/reel/1448306956700199/,1,0,Videos,,,,,Lifetime,197,140,11,5,5,1,1120.664,7.23,0,4,4,,,0,,,0,1
1.35477E+15,1.00065E+14,Juankada host Drae,"WHY WATCH LATER WHEN YOU CAN JOIN NOW? 
Moment mo na to para MANALO! 🎉

#Juan365Studios #Juan365   #JuankadaHostDrae #fypシ #trendingreel",,0,2/27/2026 22:28,N/A,https://www.facebook.com/JuankadaDrae/posts/pfbid0rkWgL6qYtHWa2pq96A5NUkPQ5jEnKeZRwmPxWKih1ZgH7rWePnG9Q9TqGVbJxGBnl,0,0,Photos,,,,,Lifetime,286,132,13,10,3,0,,,,15,11,4,,0,,,,
1.35512E+15,1.00065E+14,Juankada host Drae,,,0,2/28/2026 7:46,N/A,https://www.facebook.com/JuankadaDrae/posts/pfbid02mM5UmzD7BxwALbawB7Z6tHzD3KUeJd1XMacqap4wpJPLm6NsYj68VeG9PeqApj9ml,0,1,Text,,,,,Lifetime,46,29,6,5,1,0,,,,6,6,,,0,,,,
1.35553E+15,1.00065E+14,Juankada host Drae,"New month, new vibes! ✨
Simulan natin with high energy sa COLOR GAME LIVE! 🔥
Ikaw na ang susunod na PANALO!

#Juan365Studios #Juan365   #JuankadaHostDrae #fypシ #trendingreel",,0,2/28/2026 19:38,N/A,https://www.facebook.com/JuankadaDrae/posts/pfbid0xSKvQA8vZP9gjFPZgzyaj6XdtZJ57qe3QfxkDMJcwPFxUiZbDnSCgcJ4v88tiHFbl,0,0,Photos,,,,,Lifetime,200,87,11,9,2,0,,,,14,9,5,,0,,,,
1.35635E+15,1.00065E+14,Juankada host Drae,"Ready ka na ba Ipanalo ang LUCKY COLOR MO? Tara na sa COLOR GAME LIVE! 🌟

#Juan365Studios #Juan365   #JuankadaHostDrae #fypシ #trendingreel",,0,3/1/2026 17:46,N/A,https://www.facebook.com/JuankadaDrae/posts/pfbid0r7bhWN6dFfVkjeuFYvuKegddmRfbVNghg7rPWtfo9x3wuJTqm662STCyENhV6nV3l,0,0,Photos,,,,,Lifetime,367,163,20,15,2,3,,,,17,14,3,,0,,,,
1.35721E+15,1.00065E+14,Juankada host Drae,"Nobody just my BUDDY! 😉 Juankada Tanya

#Juan365Studios #Juan365 #colorgamelive  #JuankadaHostDrae #fypシ #trendingreel","Nobody just my BUDDY! 😉 @[61586950821026:2048:Juankada Tanya]

#Juan365Studios #Juan365 #colorgamelive  #JuankadaHostDrae #fypシ #trendingreel",16,3/2/2026 17:25,N/A,https://www.facebook.com/reel/922369210179013/,0,0,Videos,,,,,Lifetime,156,76,8,7,1,0,1508.034,16.215,0,10,10,,,0,,,0,0
1.35731E+15,1.00065E+14,Juankada host Drae,"Energy check, DRAEMONS! ⚡️
Kung naghahanap ka ng good vibes, alam mo na ‘to! 
Pasok na sa COLOR GAME LIVE at sumabay sa saya! 🎉

#Juan365Studios #Juan365 #colorgamelive  #JuankadaHostDrae #fypシ #trendingreel",,0,3/2/2026 20:19,N/A,https://www.facebook.com/JuankadaDrae/posts/pfbid02xqUi5uEywdvNtviY9HvLfXdYHSBThGVKVKHMP7GyPQy7rcokRTYtBTUqemzp5eGSl,0,0,Photos,,,,,Lifetime,140,57,6,5,1,0,,,,8,1,7,,0,,,,
1.33135E+15,1.00065E+14,Juankada host Drae,"GANITO BA MAG SHAKE! 😆

Gusto mo ba mabigyan ng drinks🤔

#Juan365Studios #Juan365 #ColorGameLive  #JuankadaHostDrae #fypシ #trendingreel Juan365","GANITO BA MAG SHAKE! 😆

Gusto mo ba mabigyan ng drinks🤔

#Juan365Studios #Juan365 #ColorGameLive  #JuankadaHostDrae #fypシ #trendingreel @[61572881214141:2048:Juan365]",11,2/2/2026 15:00,N/A,https://www.facebook.com/reel/1919064415389600/,1,0,Videos,,,,,Lifetime,583,299,25,9,9,7,3059.107,8.592,0,47,47,,,0,,,0,0
