"Post ID","Page ID","Page name",Title,Description,"Duration (sec)","Publish time","Caption type",Permalink,"Is crosspost","Is share","Post type",Languages,"Custom labels","Funded content status","Data comment",Date,Views,Reach,"Reactions, Comments and Shares",Reactions,Comments,Shares,"Total clicks","Matched Audience Targeting Consumption (Photo Click)","Other Clicks","Seconds viewed","Average Seconds viewed","Estimated earnings (USD)","Ad CPM (USD)","Ad impressions","Link Clicks","Negative feedback from users: Hide"
122184356894383179,61561495390240,"JUANKada Host Ikay","Goodmorning Kikays! 🌸

Salamat sa palikipag kulitan at pakikipag laro sa color game live kanina!

Kita kits uli tayo, 10pm to 5am later at salubungin ang bagong taon with me 

See you! 🥰

#Juan365Studios #ALLINJUANLIVE #Juan365 #ColorGameLive #JuankadaIkay","Goodmorning Kikays! 🌸

Salamat sa palikipag kulitan at pakikipag laro sa color game live kanina!

Kita kits uli tayo, 10pm to 5am later at salubungin ang bagong taon with me 

See you! 🥰

#Juan365Studios #ALLINJUANLIVE #Juan365 #ColorGameLive #JuankadaIkay",17,"12/30/2025 20:11",uploaded,https://www.facebook.com/reel/3293167107529253/,0,0,Videos,,,,,Lifetime,2270,616,81,74,5,2,83,,83,15479.525,9.49,0,0,0
122184259652383179,61561495390240,"JUANKada Host Ikay","Sending a little love and glow to all my Kikays today! 🌸

How are you feeling right now?

Comment a GIF that best describes your mood!

#Juan365Studios #ALLINJUANLIVE #Juan365 #ColorGameLive #JuankadaIkay","Sending a little love and glow to all my Kikays today! 🌸

How are you feeling right now?

Comment a GIF that best describes your mood!

#Juan365Studios #ALLINJUANLIVE #Juan365 #ColorGameLive #JuankadaIkay",18,"12/29/2025 21:28",N/A,https://www.facebook.com/reel/1234450511887590/,0,0,Videos,,,,,Lifetime,1406,407,47,40,4,3,42,,42,8948.223,8.877,0,0,0
122184234140383179,61561495390240,"JUANKada Host Ikay","Drop a “🌸” kung napanood mo ’ko kagabi sa Color Game!

See you ulit mamaya, Kikays! 💖✨

#Juan365Studios #ALLINJUANLIVE #Juan365 #ColorGameLive #JuankadaIkay",,0,"12/29/2025 16:00",N/A,https://www.facebook.com/JUANKadaHostIkayOfficialPage/posts/pfbid05uRQhanJaVGn58Q5kttqJrSSRcwimzrXt1TH3eA4TEPzd8ivQiQKgX3yQrjwQ1NUl,0,0,Photos,,,,,Lifetime,680,244,23,20,3,0,60,22,38,,,,,
122184198722383179,61561495390240,"JUANKada Host Ikay","Uy! Don’t miss out! 👀
LIVE na LIVE na tayo ngayon, kaya pasok na at makisabay sa saya! 🫶

Live sa Juan365 app at website.
See you there, mga Kikay’s 🩵✨",,0,"12/29/2025 06:38",N/A,https://www.facebook.com/JUANKadaHostIkayOfficialPage/posts/pfbid02haQWTuLT7Dcuy36bxWExes6vbU9obMeT2FGHejWcMQoMe24Lkyu1yYCN83zux2Nbl,0,1,Photos,,,,,Lifetime,544,216,8,8,0,0,29,18,11,,,,,
122184099788383179,61561495390240,"JUANKada Host Ikay",,,0,"12/28/2025 08:45",N/A,https://www.facebook.com/JUANKadaHostIkayOfficialPage/posts/pfbid01GKyUD7d5TUGrPW6aTPj5g2ao6xka2ojj5iCNGcLSdse5QbQ5YGT9ud8nYyy8hDvl,0,1,Photos,,,,,Lifetime,482,206,4,4,0,0,16,13,3,,,,,
122184039188383179,61561495390240,"JUANKada Host Ikay","Shoutout to all my pretty-faced Kikays out there! 💖

Stay happy, stay playful, at enjoy bawat beat ng araw 🎶

Drop a ""🌸"" kung ready na kayo magkulitan with me today! 10pm-6am 🫣🥰

#Juan365Studios
#ALLINJUANLIVE #Juan365 #ColorGameLive #JuankadaIkay",,0,"12/27/2025 19:55",N/A,https://www.facebook.com/JUANKadaHostIkayOfficialPage/posts/pfbid02uFwmx258shcV8o7thWUyxUgHDfBWGKycT2ubMmF2hrmbXK7WSXyadBHcPT8McaHgl,0,0,Photos,,,,,Lifetime,2412,828,66,58,5,3,195,107,88,,,,,
122184002870383179,61561495390240,"JUANKada Host Ikay",🫶🏼,,0,"12/27/2025 09:59",N/A,https://www.facebook.com/JUANKadaHostIkayOfficialPage/posts/pfbid0wsRMNLnhxU8tiXQeAtBdJ8HMQp2G6tUdwiyKc9fFvBzmTMAjVTyEtra15ZEFvbEfl,0,1,Photos,,,,,Lifetime,532,222,11,8,2,1,6,2,4,,,,,
122183985896383179,61561495390240,"JUANKada Host Ikay","Swerte check, Kikays! 🍀

Sino na dito tumama na sa Color Game? 

Comment na para ma-spread ang swerte dust niyo Kikays! 🌸

#Juan365Studios #ALLINJUANLIVE #Juan365 #ColorGameLive #JuankadaIkay",,0,"12/27/2025 06:00",N/A,https://www.facebook.com/JUANKadaHostIkayOfficialPage/posts/pfbid0z2MgjRqyrKa2HGnmJtTeFFwpZ416A8F4DJ53gPk1fzSa8n2wQwBWXuZMmD1VWV1jl,0,0,Photos,,,,,Lifetime,1611,600,21,20,0,1,158,117,41,,,,,
122183961662383179,61561495390240,"JUANKada Host Ikay","Good afternoon, Kikays! 🌸✨

Start the day fresh, smiling, at puno ng good vibes 😌

Huwag kalimutang spread positivity sa paligid mo today!

Drop an emoji that best describes your mood today!

#Juan365Studios #ALLINJUANLIVE #Juan365 #ColorGameLive #JuankadaIkay","Good afternoon, Kikays! 🌸✨

Start the day fresh, smiling, at puno ng good vibes 😌

Huwag kalimutang spread positivity sa paligid mo today!

Drop an emoji that best describes your mood today!

#Juan365Studios #ALLINJUANLIVE #Juan365 #ColorGameLive #JuankadaIkay",16,"12/27/2025 01:00",mixed,https://www.facebook.com/reel/1215374207323168/,1,0,Videos,,,,,Lifetime,1157,441,56,50,5,1,22,,22,6906.116,7.956,0,0,0
122183949746383179,61561495390240,"JUANKada Host Ikay","Good vibes talaga palagi pag kasama sina Juankada Alexchoozy at JUANkada DRAE! Kaya wag palampasin, abangan kami lagi sa Color Game ng Juan365 Studios! 🥰🌸",,0,"12/26/2025 21:39",N/A,https://www.facebook.com/JUANKadaHostIkayOfficialPage/posts/pfbid0fQvb6G3ZqvXsPahixYcvPrfyv7bE4jmYqpd9nZhvfPyz5kTnJ6y3TqzuNTtuLNyHl,0,1,Photos,,,,,Lifetime,472,232,8,8,0,0,18,14,4,,,,,
122183943560383179,61561495390240,"JUANKada Host Ikay","OFFICIAL ANNOUNCEMENT ⁉️

May official name na tayo! Kayo na ang aking KIKAYS! 🌸

Abangan niyo lang ako lagi sa Color Game para tuloy-tuloy lang ang good vibes!

Comment ""🌸"" kung Kikay ka! And share this post para mas lumaki pa ang fam natin!

#Juan365Studios #ALLINJUANLIVE #Juan365 #ColorGameLive #JuankadaIkay",,0,"12/26/2025 20:00",N/A,https://www.facebook.com/JUANKadaHostIkayOfficialPage/posts/pfbid0qkpGqWobNq8BxY3G6XK4XeejMXoRxncNznt7dGEzers9ihqUhizMhyyio2N5BTsYl,0,0,Photos,,,,,Lifetime,1321,583,18,15,0,3,47,19,28,,,,,
122183836556383179,61561495390240,"JUANKada Host Ikay","Download the app now Juankada at subukan na ang iyong swerte! ☘️

#Juan365Studios #ALLINJUANLIVE #Juan365 #ColorGameLive #JuankadaIkay",,0,"12/25/2025 18:08",N/A,https://www.facebook.com/JUANKadaHostIkayOfficialPage/posts/pfbid02X3p5CncWbYCTSLH1fo9z4egna1wZWbgfoXRbXPM97mVPy3bqAb7nsHqxZZCiXhu4l,0,1,Photos,,,,,Lifetime,424,219,7,7,0,0,9,3,6,,,,,
122183729024383179,61561495390240,"JUANKada Host Ikay","Merry Christmas everyJUAN! 🎄🎅🏻

Sana ay maging masaya, ligtas, at puno ng biyaya ang Pasko nating lahat kasama ang ating mga mahal sa buhay 🤍

Abangan niyo po ako sa Color Game at sabay sabay natin gawing makulay ang ating Pasko! 🌈

#Juan365Studios #ALLINJUANLIVE #Juan365 #ColorGameLive #JuankadaIkay",,0,"12/24/2025 18:51",N/A,https://www.facebook.com/JUANKadaHostIkayOfficialPage/posts/pfbid0wiaHMvexksKzJcdgBSvPKf5HcFWCQ28TgY6Gh9iFR32JiseLc2XcpyPpRWNUfvBKl,0,0,Photos,,,,,Lifetime,2561,923,84,74,8,2,196,81,115,,,,,
122183560304383179,61561495390240,"JUANKada Host Ikay",🥰,,0,"12/23/2025 03:24",N/A,https://www.facebook.com/JUANKadaHostIkayOfficialPage/posts/pfbid0LAoBPm1n4r95i6cyiMqUMsj9py78TyUJdhNqp8MqDV8ktE2dpfzNEE8e7j9nf9Xol,0,1,Videos,,,,,Lifetime,,203,5,5,0,0,5,,5,,,,,
122183483468383179,61561495390240,"JUANKada Host Ikay","Juankada! Ikaw papahuli kaba? 🤩",,0,"12/22/2025 09:36",N/A,https://www.facebook.com/JUANKadaHostIkayOfficialPage/posts/pfbid031XqHTJrCCe84s6qkvxtudoKJ6fD6BLNtLJxC83KicA7FiDGkFDLAoG2NWLwjBSdWl,0,1,Photos,,,,,Lifetime,446,234,8,7,0,1,10,2,8,,,,,
122183467148383179,61561495390240,"JUANKada Host Ikay","SANA NAKAPAG DOWNLOAD NA ANG LAHAT NG JUAN365 APP, Para hindi mahuli sa kulitan at tawanan. 🥰🫶🏻",,0,"12/22/2025 06:13",N/A,https://www.facebook.com/JUANKadaHostIkayOfficialPage/posts/pfbid0iM5E4nHLQXJ2xN1MXk8WMkQXCBc3qQAjjxpF4FgYPwWLRSGxWSRJGEGQ8pm2b2JLl,0,1,Photos,,,,,Lifetime,387,211,7,7,0,0,5,1,4,,,,,
122183466332383179,61561495390240,"JUANKada Host Ikay","KITA KITS LATER at 2AM mga JUANkada 🥰🫶🏻",,0,"12/22/2025 06:04",N/A,https://www.facebook.com/JUANKadaHostIkayOfficialPage/posts/pfbid02JUj2AYMzxjVXb1iaQcecKCGHygLQpTUxZgcXftq6mG1o5n5VEphT99PUTYQ99pSkl,0,1,Photos,,,,,Lifetime,323,186,8,8,0,0,9,5,4,,,,,
122183337830383179,61561495390240,"JUANKada Host Ikay","JUANKada Host Ikay updated their cover photo.",,0,"12/21/2025 00:43",N/A,https://www.facebook.com/photo.php?fbid=122183337830383179&set=a.122140909430383179&type=3,0,0,Photos,,,,,Lifetime,2,2,8,8,0,0,0,,,,,,,
122183324024383179,61561495390240,"JUANKada Host Ikay","COLOR GAME LIVE 
#Juan365 #juan365studios",,0,"12/20/2025 21:51",N/A,https://www.facebook.com/JUANKadaHostIkayOfficialPage/posts/pfbid0NSqEe28QJdYLBGPvyS29zFL1tydTY4Z3tYUgGBAz1DK6CYzPtYzw7wyTewTKw1UBl,0,1,Videos,,,,,Lifetime,,341,2,2,0,0,6,,6,,,,,
122183323658383179,61561495390240,"JUANKada Host Ikay","Hi Juankada! 👑 It’s your girl JuanKada Ikay, isa sa mga sasama sa inyo sa saya ng Color Game ng Juan365 Studios!

Kitakits everyJUAN!

#Juan365Studios #JuankadaIkay #Juan365 #ALLINJUANLIVE #JuankadaHosts #Juankada",,0,"12/20/2025 21:47",N/A,https://www.facebook.com/photo.php?fbid=122183323658383179&set=a.122102184470383179&type=3,0,0,Photos,,,,,Lifetime,8032,2514,157,137,9,11,46,13,33,,,,,
122101164297185509,61585565286734,"JuanKada Star","See you Star Babies at 2pm-10pm 🫰🫶","Hello Juankada! I’m your new Juankada Host — STAR! ⭐

Bitbit ko ang kinang na maghahatid ng saya at excitement for everyJUAN! ✨

Excited na ba kayo? kasi ako, EXICTED NA EXCITED NA! Shine with me dito lang sa Color Game ng Juan365!

#Juan365Studios #ALLINJUANLIVE #Juan365 #ColorGameLive #JuankadaStar",25,"12/28/2025 17:14",N/A,https://www.facebook.com/reel/753711967776581/,0,0,Videos,,,,,Lifetime,370,183,26,23,2,1,17,,17,2482.017,8.678,0,0,0
122101346901185509,61585565286734,"JuanKada Star","Barbie girl 🩷","Living my barbie girl moment! 🎀⭐️

Samahan niyo ako now LIVE sa Color Game | 2pm–10pm!

See you, Star Babies! 🩷

#Juan365Studios #ALLINJUANLIVE #Juan365 #ColorGameLive #JuankadaStar",9,"12/28/2025 23:12",N/A,https://www.facebook.com/reel/843921425280579/,0,0,Videos,,,,,Lifetime,685,173,45,44,0,1,9,,9,2587.483,5.47,0,0,0
122101402209185509,61585565286734,"JuanKada Star","Juankada! Watch me live now sa Color Game! ⭐️

Huwag palampasin, marami pang shining moments ang mangyayari! ✨

See you there!

#Juan365Studios #ALLINJUANLIVE #Juan365 #ColorGameLive #JuankadaStar",,0,"12/29/2025 01:00",N/A,https://www.facebook.com/JuanKadaStarOfficialPage/posts/pfbid02qLu16fygo9KYoAyvyHVDk71AxWGrSXoQUyemMogszceUb7cqXvLbu8yarzXqWGYol,0,0,Photos,,,,,Lifetime,157,74,4,4,0,0,2,,2,,,,,
122101646247185509,61585565286734,"JuanKada Star","JuanKada Star updated their cover photo.",,0,"12/29/2025 06:47",N/A,https://www.facebook.com/photo.php?fbid=122101646247185509&set=a.122101646277185509&type=3,0,0,Photos,,,,,Lifetime,2,1,8,7,0,1,0,,,,,,,
122102140431185509,61585565286734,"JuanKada Star",,,0,"12/29/2025 18:32",N/A,https://www.facebook.com/JuanKadaStarOfficialPage/posts/pfbid02LQ7tdGC7u17PMBBmsNQdg1NzGc4dr1WViXfhfrvVu63XEqiEzSniMYuUAezb258bl,0,1,Photos,,,,,Lifetime,149,70,4,4,0,0,10,6,4,,,,,
122102181165185509,61585565286734,"JuanKada Star","Share your 𝘄𝗶𝗻𝗻𝗶𝗻𝗴 𝗺𝗼𝗼𝗱 na Star babies! 🥰⭐️

#Juan365Studios #ALLINJUANLIVE #Juan365 #ColorGameLive #JuankadaStar",,0,"12/29/2025 19:35",N/A,https://www.facebook.com/JuanKadaStarOfficialPage/posts/pfbid02KC7hgb3gembFH2b74dvrBZPafe3vyMWmoEsxeEzSZYSsxZXmCDnkDD68pFuPVVT3l,0,1,Photos,,,,,Lifetime,142,71,8,8,0,0,4,,4,,,,,
122102194485185509,61585565286734,"JuanKada Star","Lucky Star ⭐️","Lucky night sa Color Game kagabi! 😱

Abangan niyo ulit ako sa Color Game, baka ikaw na next na mabigyan ko ng shining moment! ✨

Comment ""Manifesting!"" kung gusto mo rin mabasbasan ng swerte dust! 💫",23,"12/29/2025 20:03",N/A,https://www.facebook.com/reel/918139720541826/,0,0,Videos,,,,,Lifetime,683,142,41,34,3,4,5,,5,5856.554,11.416,0,0,0
122102244117185509,61585565286734,"JuanKada Star",,,0,"12/29/2025 21:40",N/A,https://www.facebook.com/JuanKadaStarOfficialPage/posts/pfbid02smzo7kjc66kPKYVcJ8gjRctKdtpdi3gohiZzSqEA8WWpp3AV2BXMA8kG4cGS36zal,0,1,Photos,,,,,Lifetime,174,73,6,6,0,0,11,7,4,,,,,
122102484819185509,61585565286734,"JuanKada Star","Hey Star Babies! ⭐️

This is a reminder to always be glowing, always be kind, and always be you! 😘🩷

#Juan365Studios #ALLINJUANLIVE #Juan365 #ColorGameLive #JuankadaStar","Hey Star Babies! ⭐️

This is a reminder to always be glowing, always be kind, and always be you! 😘🩷

#Juan365Studios #ALLINJUANLIVE #Juan365 #ColorGameLive #JuankadaStar",14,"12/30/2025 02:35",N/A,https://www.facebook.com/reel/1248793953978557/,0,0,Videos,,,,,Lifetime,164,100,14,14,0,0,3,,3,662.98,5.261,0,0,0
122102623905185509,61585565286734,"JuanKada Star","FOLLOW & SHARE na Star Babies! ⭐️🫶🫰 May surprise dito sa Juan365 😍❤️",,0,"12/30/2025 05:36",N/A,https://www.facebook.com/JuanKadaStarOfficialPage/posts/pfbid0R7an5Cb3ohuCPXwvT3AeRHfckF9JnChsKNway3xq9zezXD5YgvDoSe12zWkax9YRl,0,1,Photos,,,,,Lifetime,197,79,3,3,0,0,10,4,6,,,,,
122103108813185509,61585565286734,"JuanKada Star","Already rocking the color of the year! 🤍✨

Ready na ba kayong mag-bye 2025 and say hello 2026, Star Babies?

Don’t forget to wear Pantone — para swertihin! ⭐️

#Juan365Studios #ALLINJUANLIVE #Juan365 #ColorGameLive #JuankadaStar",,0,"12/30/2025 19:03",N/A,https://www.facebook.com/JuanKadaStarOfficialPage/posts/pfbid0K7RNFrrSKpUo1P4qre4LvPoy1fhN9W4ZDKX6MqVmbCgJGnm3x5VXkRvJjdbTsgeTl,0,0,Photos,,,,,Lifetime,418,234,17,15,0,2,5,1,4,,,,,
122099922429185509,61585565286734,"JuanKada Star","JuanKada Star added a new photo.",,0,"12/27/2025 03:40",N/A,https://www.facebook.com/photo.php?fbid=122099922429185509&set=a.122098993131185509&type=3,0,0,Photos,,,,,Lifetime,3565,1180,112,96,6,10,31,7,24,,,,,
122109899895144249,61584327477246,"Juankada Alexchoozy","𝐊𝐚-𝐂𝐡𝐨𝐨𝐳𝐢𝐧𝐞𝐬𝐬! Ready na ba kayo sa ultimate fun? 🎉
Halina’t maki-bonding sa Juan365 Color Game Live konting tawa, konting kulitan, at sobra-sobrang saya! ✨

👉 Watch, join, at mag-comment live! Kita-kits, mga besties! 2pm to 10pm today 🥰

#Juan365PH #KaChooziness #AllInJuanSaSaya #ColorGameLive #GoodVibesOnly #KulitanTime #LiveFun #TrendingNow #JuanKada #EntertainmentPH #CommunityFun #Alexchoozy",,0,"12/30/2025 21:45",N/A,https://www.facebook.com/JuankadaAlexchoozyOfficialPage/posts/pfbid02jUVNLC7GuSjLrArNAN5nHhykUbtRqkk7Mt4i1jd2U9vnwUZJgVtt5xzZVRBPSjFil,0,0,Photos,,,,,Lifetime,476,196,14,13,0,1,10,1,9,,,,,,,
122109893517144249,61584327477246,"Juankada Alexchoozy","𝐓𝐡𝐚𝐧𝐤𝐟𝐮𝐥 𝐟𝐨𝐫 𝟐𝟎𝟐𝟓, 𝐆𝐫𝐚𝐭𝐞𝐟𝐮𝐥 𝐟𝐨𝐫 𝟐𝟎𝟐𝟔! 💛","𝐓𝐡𝐚𝐧𝐤𝐟𝐮𝐥 𝐟𝐨𝐫 𝟐𝟎𝟐𝟓, 𝐆𝐫𝐚𝐭𝐞𝐟𝐮𝐥 𝐟𝐨𝐫 𝟐𝟎𝟐𝟔! 💛

Let’s all pray and welcome the new year, mga ka-Chooziness 🙏🏻✨

#Juan365PH #AllInJuanSaSaya #GoodVibesOnly #Hello2026 #GratefulHeart #KaChooziness #TrendingNow #JuanKada #NewYearVibes #Alexchoozy",21,"12/30/2025 20:38",N/A,https://www.facebook.com/reel/2121331421608459/,0,0,Videos,,,,,Lifetime,127,86,8,8,0,0,3,,3,449.091,4.318,0,0,0,,
122109877065144249,61584327477246,"Juankada Alexchoozy","𝐀𝐥𝐞𝐱𝐜𝐡𝐨𝐨𝐳𝐲 𝐆𝐚𝐦𝐞 𝐇𝐢𝐠𝐡𝐥𝐢𝐠𝐡𝐭𝐬","Ka-Chooziness, nagenjoy ba kayo kahapon? Here’s the highlights of our Bonding yesterday.

Samahan nyo ako ulit mamaya sa Juan365 Color Game Live!

#KaChooziness #Juan365 #ColorGameLive #JuankadaVibes #ALLINJUANLIVE 
#NewYearNewGoals #JuankadaVibes #GoalSetter #Juan365Studios #JuankadaHosts #JuankadaAlexchoozy",77,"12/30/2025 17:20",N/A,https://www.facebook.com/reel/1185567760364200/,0,0,Videos,,,,,Lifetime,173,125,15,15,0,0,7,,7,920.51,6.67,0,0,0,,
122109722271144249,61584327477246,"Juankada Alexchoozy","EP3 : 𝗝𝘂𝗮𝗻𝗸𝗮𝗱𝗮 𝗛𝗼𝘀𝘁𝘀 𝗡𝗲𝘄 𝗬𝗲𝗮𝗿𝘀 𝗥𝗲𝘀𝗼𝗹𝘂𝘁𝗶𝗼𝗻.","EP3 : 𝗝𝘂𝗮𝗻𝗸𝗮𝗱𝗮 𝗛𝗼𝘀𝘁𝘀 𝗡𝗲𝘄 𝗬𝗲𝗮𝗿𝘀 𝗥𝗲𝘀𝗼𝗹𝘂𝘁𝗶𝗼𝗻.

Mga ka-chooziness ano ang New Years Resolution mo this 2026? 📝✨

Share mo na sa comments 💬 at i-inspire natin ang iba!

#NewYearNewGoals #EP3 #JuankadaVibes #GoalSetter #Juan365Studios #Juan365 #ALLINJUANLIVE #JuankadaHosts #JuankadaAlexchoozy #KaChooziness!",180,"12/30/2025 03:00",N/A,https://www.facebook.com/reel/809734125446775/,0,0,Videos,,,,,Lifetime,309,159,29,23,5,1,23,,23,3610.342,15.495,0,0,0,,
122109720159144249,61584327477246,"Juankada Alexchoozy","𝑻𝒖𝒆𝒔𝒅𝒂𝒚 – 𝑪𝒉𝒐𝒐𝒔𝒆 𝑫𝒂𝒚! 🧡💙

Juankada, anong kulay ang nagde-describe sa mood mo today? 🌈

Tara, samahan nyo kami sa MID SHIFT para sa isang COLORFUL DAY ✨From 2PM to 10PM, let’s make it full of fun, vibes, and good energy! 🥰

#Juan365PH #TuesdayVibes #ChooseDay #MidShiftFun #JuankadaMood #ColorfulDay #Juan365Studios #Juan365 #ALLINJUANLIVE #JuankadaHosts #JuankadaAlexchoozy #KaChooziness!",,0,"12/29/2025 23:10",N/A,https://www.facebook.com/JuankadaAlexchoozyOfficialPage/posts/pfbid02vVb2WCpPj2R8XJZ3DxzCfjbCREELDBZoLvWsuYFv3g8BKQDn7Zz5qV6MXnB42xE8l,0,0,Photos,,,,,Lifetime,1428,483,43,35,1,7,58,34,24,,,,,,,
122109561633144249,61584327477246,"Juankada Alexchoozy","It’s a COLORFUL RESTDAY mga ka-chooziness!","EP2 :  COLORFUL RESTDAY!!

Miss nyo ko? See you all tomorrow from 2pm to 10pm 🥰

#Juan365Studios #Juan365 #ALLINJUANLIVE #JuankadaHosts #JuankadaAlexchoozy #KaChooziness #ColorGameLive #PeryaGame",46,"12/29/2025 02:48",N/A,https://www.facebook.com/reel/2403860706698388/,0,0,Videos,,,,,Lifetime,270,170,66,59,5,2,11,,11,3558.81,16.475,0,0,0,,
122109328869144249,61584327477246,"Juankada Alexchoozy","Be part of 𝑱𝒖𝒂𝒏𝒌𝒂𝒅𝒂 𝑨𝒍𝒆𝒙𝒄𝒉𝒐𝒐𝒛𝒚

𝐇𝐎𝐖 𝐓𝐎 𝐉𝐎𝐈𝐍 :

1. Follow Juankada Alexchoozy on Facebook.
2. Tap the “...” button beside Sign Up on our page.
3. Choose “Invite Friends”, tap “Select All”, then Send Invites.
4. Screenshot your invite list as proof.
5. Comment your screenshot to show that you followed and invited your friends

#Juan365Studios #Juan365 #ALLINJUANLIVE #JuankadaHosts #JuankadaAlexchoozy #KaChooziness!",,0,"12/28/2025 03:00",N/A,https://www.facebook.com/JuankadaAlexchoozyOfficialPage/posts/pfbid0tWoqDBrKbigvaFscy1KtgsWQNmYyHFy8S5Wya5UEhfVFY8XrHjrgx843nsSai6Ytl,0,0,Photos,,,,,Lifetime,538,212,16,14,0,2,7,,7,,,,,,,
122109311181144249,61584327477246,"Juankada Alexchoozy","My pleasure 🙏🏻❤️. Thank you Juankada Lance",,0,"12/28/2025 01:03",N/A,https://www.facebook.com/JuankadaAlexchoozyOfficialPage/posts/pfbid0317omEiomxhomyuWp3Ptc4T1K6YJVetVWzx3NMYukgf5SAY94GertiudrJ8ZnLJvLl,0,1,Photos,,,,,Lifetime,205,78,13,13,0,0,8,5,3,,,,,,,
122109177795144249,61584327477246,"Juankada Alexchoozy","EP1 : Photo shoot for Juan365 Color Game Live kulay at saya nonstop!   👉 Watch now, tap ❤️, comment and tag your friends!  #Juan365 #ColorGameLive #EP1 #LiveNow #GameOn #TrendingPH #Juan365Host #JuankadaAlexchoozy #Chooziness","EP1 : Photo shoot for Juan365 Color Game Live kulay at saya nonstop! 

👉 Watch now, tap ❤️, comment and tag your friends!

📲 Download the 𝐉𝐮𝐚𝐧𝟑𝟔𝟓 𝐀𝐩𝐩 sa 𝐆𝐨𝐨𝐠𝐥𝐞 𝐏𝐥𝐚𝐲 𝐒𝐭𝐨𝐫𝐞 o 𝐀𝐩𝐩 𝐒𝐭𝐨𝐫𝐞 para tuloy-tuloy ang saya! See you all later mga Ka-Chooziness! 🥰

#Juan365 #ColorGameLive #EP1 #LiveNow #GameOn #TrendingPH #Juan365Host #JuankadaAlexchoozy #Chooziness",140,"12/27/2025 05:55",N/A,https://www.facebook.com/reel/1849234222366456/,0,0,Videos,,,,,Lifetime,156,129,24,24,0,0,11,,11,1527.694,11.4,0,0,0,,
122109136593144249,61584327477246,"Juankada Alexchoozy","Goodvibes tuwing 10pm to 5am! 🥰 Gaganda ng mga kasama ko JUANkada DRAE and JUANKada Host Ikay 🥰",,0,"12/27/2025 01:06",N/A,https://www.facebook.com/JuankadaAlexchoozyOfficialPage/posts/pfbid0fRoG9t5mGgtWNZ7VQQQt3PWhJRMK4meMaXu4wf5xksiB8ZFc3dEtVBiHqDkC8fxFl,0,1,Photos,,,,,Lifetime,571,260,16,15,0,1,37,11,26,,,,,,,
122108993235144249,61584327477246,"Juankada Alexchoozy","𝙋𝙡𝙖𝙮 𝙬𝙞𝙩𝙝𝙞𝙣 𝙮𝙤𝙪𝙧 𝙡𝙞𝙢𝙞𝙩𝙨 𝙅𝙪𝙖𝙣𝙠𝙖𝙙𝙖 🥰",,0,"12/26/2025 06:47",N/A,https://www.facebook.com/JuankadaAlexchoozyOfficialPage/posts/pfbid02J6LWgzeCeLZqoR5UphVhKu7dmTefadNQS2TZdjkgdRvJ86S3LRTqq6ZoKtJrfg27l,0,1,Photos,,,,,Lifetime,331,154,11,11,0,0,8,3,5,,,,,,,
122108928327144249,61584327477246,"Juankada Alexchoozy","“𝑨 𝒅𝒂𝒚 𝒘𝒊𝒕𝒉 𝑱𝒖𝒂𝒏𝒌𝒂𝒅𝒂 𝑯𝒐𝒔𝒕 𝑨𝒍𝒆𝒙𝒄𝒉𝒐𝒐𝒛𝒚”","“𝑨 𝒅𝒂𝒚 𝒘𝒊𝒕𝒉 𝑱𝒖𝒂𝒏𝒌𝒂𝒅𝒂 𝑯𝒐𝒔𝒕 𝑨𝒍𝒆𝒙𝒄𝒉𝒐𝒐𝒛𝒚”

Hi mga ka-chooziness, since Christmas Season, kailangan 𝐅𝐑𝐄𝐒𝐇 at 𝐂𝐎𝐋𝐎𝐑𝐅𝐔𝐋 and awra natin kapag humarap sa ating mga juankada parang 𝐂𝐎𝐋𝐎𝐑𝐆𝐀𝐌𝐄 lang. 🥰 Ikaw juankada? Ano naging preparation or gift mo sa sarili mo? Comment down below! ☺️

See you later mga ka-chooziness! 𝟏𝟎𝐩𝐦 𝐭𝐨 𝟔𝐚𝐦 sa 𝐂𝐎𝐋𝐎𝐑𝐆𝐀𝐌𝐄 𝐋𝐈𝐕𝐄 exclusively on 𝐉𝐮𝐚𝐧𝟑𝟔𝟓.

📲 Download the 𝐉𝐮𝐚𝐧𝟑𝟔𝟓 𝐀𝐩𝐩 sa 𝐆𝐨𝐨𝐠𝐥𝐞 𝐏𝐥𝐚𝐲 𝐒𝐭𝐨𝐫𝐞 o 𝐀𝐩𝐩 𝐒𝐭𝐨𝐫𝐞 para tuloy-tuloy ang saya! See you all later mga Ka-Chooziness! 🥰

#Juan365Studios #Juan365 #ALLINJUANLIVE #JuankadaHosts #JuankadaAlexchoozy #KaChooziness #ColorGameLive #PeryaGame",180,"12/26/2025 00:01",N/A,https://www.facebook.com/reel/846298948217852/,0,0,Videos,,,,,Lifetime,297,204,14,12,1,1,9,,9,2460.385,10.425,0,0,0,,
122108689089144249,61584327477246,"Juankada Alexchoozy","Merry Christmas mga Ka-Chooziness! 🎄🎉😘❤️🍾🥰",,0,"12/24/2025 11:06",N/A,https://www.facebook.com/JuankadaAlexchoozyOfficialPage/posts/pfbid028vV3sEisKfAgjeyzZgpKMPrqttunKLqf4wJTHNp3h3TgjezM3YLvQmjfeYn4uHxRl,0,1,Text,,,,,Lifetime,,70,11,11,0,0,4,,4,,,,,,,
122108600325144249,61584327477246,"Juankada Alexchoozy","“MATCHA. MATCHA-rap mag COLORGAME”

Coffee now, 𝐂𝐎𝐋𝐎𝐑𝐆𝐀𝐌𝐄 later. See you all at 10pm to 6am mga ka-chooziness only here in 𝐉𝐮𝐚𝐧𝟑𝟔𝟓.

📲 Download the 𝐉𝐮𝐚𝐧𝟑𝟔𝟓 𝐀𝐩𝐩 sa 𝐆𝐨𝐨𝐠𝐥𝐞 𝐏𝐥𝐚𝐲 𝐒𝐭𝐨𝐫𝐞 o 𝐀𝐩𝐩 𝐒𝐭𝐨𝐫𝐞 para tuloy-tuloy ang saya! See you all later mga Ka-Chooziness! 🥰

#Juan365Studios #Juan365 #ALLINJUANLIVE #JuankadaHosts #JuankadaAlexchoozy #KaChooziness",,0,"12/24/2025 00:34",N/A,https://www.facebook.com/JuankadaAlexchoozyOfficialPage/posts/pfbid0kiEzJZsNH1A1jq63BorqXCdv8JyEQ4TpGWhyxefMHAPSrcCwpw1oRQYYVNRXJtoYl,0,0,Photos,,,,,Lifetime,376,145,24,24,0,0,28,10,18,,,,,,,
122108593677144249,61584327477246,"Juankada Alexchoozy","See you all later mga ka-chooziness! 10pm to 6am 🥰",,0,"12/23/2025 23:27",N/A,https://www.facebook.com/JuankadaAlexchoozyOfficialPage/posts/pfbid0ThkHRsMAKDbuSCyncDryvHV8PFCRSNV5fnaMtE82CYBSEuryx5TfX31vgbkss1JVl,0,1,Photos,,,,,Lifetime,138,64,12,12,0,0,0,,,,,,,,,
122108593017144249,61584327477246,"Juankada Alexchoozy","Grabe intense at swerte kanina mga Juankada!!! Kaya, laro tayo ulit mamaya! See you later mga ka-chooziness 10pm to 6am! Sabay sabay natin salubungin ang Kapaskuhan 🥰",,0,"12/23/2025 23:20",N/A,https://www.facebook.com/JuankadaAlexchoozyOfficialPage/posts/pfbid0dgEU9QBMtNH77H3GxGBADmHoTNRc5UsdsDRke5UhQP2d914BDjJgrLNTy9nU1fYNl,0,1,Videos,,,,,Lifetime,,64,11,11,0,0,3,,3,,,,,,,
122108280645144249,61584327477246,"Juankada Alexchoozy","4 na oras nalang! COLOR GAME LIVE na! 💚❤️💛💙🤍🩷

📲 Download the Juan365 App na sa Google Play Store o App Store para tuloy-tuloy ang saya!

#Juan365 #Juan365Studio #ALLINJUANsaSayaLIVE #Juankada",,0,"12/22/2025 06:20",N/A,https://www.facebook.com/JuankadaAlexchoozyOfficialPage/posts/pfbid0BQCu7ArSVWnrnfgpfXLyLCDARmLcHpUymLKmds7b17aDhHhmUBy9TMM6fYzMwgtBl,0,1,Photos,,,,,Lifetime,189,91,11,11,0,0,3,,3,,,,,,,
122108280261144249,61584327477246,"Juankada Alexchoozy","4 na oras nalang! COLOR GAME LIVE na! 💚❤️💛💙🤍🩷

📲 Download the Juan365 App na sa Google Play Store o App Store para tuloy-tuloy ang saya!

#Juan365 #Juan365Studio #ALLINJUANsaSayaLIVE #Juankada",,0,"12/22/2025 06:18",N/A,https://www.facebook.com/JuankadaAlexchoozyOfficialPage/posts/pfbid02C7bVikzrugFnF8k5nbx4Fsqxy65Wvp9spfzs7G3JjneGDBG7p1t2RQvgLVBC3fxHl,0,1,Photos,,,,,Lifetime,162,80,11,11,0,0,3,2,1,,,,,,,
122108203941144249,61584327477246,"Juankada Alexchoozy","Mga JUANKADA! Bukas iikot na ang swerte mo! 🎉

Handa ka na ba? Abangan LIVE ang Color Game dito lang sa Juan365 Studios! 🔴🟢🟡🔵

👉 I-Comment na kung anong kulay ang tatayaan mo! 😉

Download Juan365 in google play store or app store.
#Juan365 #Juan365Studio #ALLINJUANsaSayaLIVE #Juankada",,0,"12/22/2025 00:12",N/A,https://www.facebook.com/JuankadaAlexchoozyOfficialPage/posts/pfbid02mZpedMctKu59m7zDy3uwWwwbQt5oGtipnNL1aZSjVH8MN1sCp4p2DPiqQTcB8dHLl,0,1,Photos,,,,,Lifetime,194,85,19,17,2,0,16,,12,,,,,,4,
122108117853144249,61584327477246,"Juankada Alexchoozy","Hi everyJuan! Makikilambing lang po. Hope you follow and like my page. Thanks po. 🥰🧡💙

https://www.facebook.com/profile.php?id=61584327477246",,0,"12/21/2025 10:03",N/A,https://www.facebook.com/JuankadaAlexchoozyOfficialPage/posts/pfbid02kXDBAsjy5ZbGx1Em8DdwG4GXr1phkZSnAPPqTgxiZ6XT6p96kQ92wxJbasYJ6GKKl,0,1,Photos,,,,,Lifetime,190,83,18,18,0,0,12,2,10,,,,,,,
122108008791144249,61584327477246,"Juankada Alexchoozy","Hi everyJuan! Makikilambing lang po. Hope you follow and like my page. Thanks po. 🥰🧡💙

https://www.facebook.com/profile.php?id=61584327477246",,0,"12/20/2025 22:04",N/A,https://www.facebook.com/JuankadaAlexchoozyOfficialPage/posts/pfbid0JcvAnCWMrpgGGcofKCRCTQHHnBDb2cP3p8JXtuQ8NU2uUj4btyCxqNdRSAotHeULl,0,1,Links,,,,,Lifetime,184,81,9,9,0,0,1,,1,,,,,,,
122108002923144249,61584327477246,"Juankada Alexchoozy","COLORGAME LIVE on Juan365 Juan365 Studios 🧡💙 #ColorGameLive #JuankadaAlexchoozy",,0,"12/20/2025 21:30",N/A,https://www.facebook.com/JuankadaAlexchoozyOfficialPage/posts/pfbid0TL87djunVi8rpnWgxrvL66TTpiedJkcpwUktD6aAVD9gCQxsrffYSJRoyTr98JoLl,0,1,Videos,,,,,Lifetime,,82,9,9,0,0,5,,5,,,,,,,
122107997715144249,61584327477246,"Juankada Alexchoozy","Malapit na Juankada! Ready na ba kayo maki All in Juan sa Saya?

#Juan365Studios #JuankadaAlexchoozy #Juan365 #ALLINJUANLIVE #JuankadaHosts #Juankada",,0,"12/20/2025 20:55",N/A,https://www.facebook.com/photo.php?fbid=122107997715144249&set=a.122095215045144249&type=3,0,0,Photos,,,,,Lifetime,0,0,14,14,0,0,0,,,,,,,,,
122107997499144249,61584327477246,"Juankada Alexchoozy","Hi Juankada! JuanKada Alexchoozy here ✨ Game na game sa good vibes at tawanan sa Color Game sa Juan365 Studios!

Kitakits everyJUAN!

#Juan365Studios #JuankadaAlexchoozy #Juan365 #ALLINJUANLIVE #JuankadaHosts #Juankada",,0,"12/20/2025 20:53",N/A,https://www.facebook.com/photo.php?fbid=122107997499144249&set=a.122095214151144249&type=3,0,0,Photos,,,,,Lifetime,400,139,66,58,7,1,29,4,25,,,,,,,
122107404675144249,61584327477246,"Juankada Alexchoozy","Excited akoo. Yan ang mood ko today. Ikaw Juankada? Ano mood mo? 💙🧡",,0,"12/17/2025 20:07",N/A,https://www.facebook.com/JuankadaAlexchoozyOfficialPage/posts/pfbid02xKxXMbvsxQDrcFFKzY8oV5GGnKvaJh96a1cAZtR8M7Zj7wwjBm3bZPjcgndZPck7l,0,1,Photos,,,,,Lifetime,161,73,10,10,0,0,7,1,6,,,,,,,
122107222863144249,61584327477246,"Juankada Alexchoozy","✨ Ano ang color of the day mo, Juankada? 🌈
Share mo na ang vibe mo today—baka match tayo! ✨

👉 Comment your color below and tell us why—let’s spread good energy! 💬💛

#Juan365Studios #Juan365  #AllInJuanSaSaya #Juan365Ph #Juankada",,0,"12/17/2025 01:04",N/A,https://www.facebook.com/JuankadaAlexchoozyOfficialPage/posts/pfbid02YQfMb7XnstuvTenq3YF2y3TFeUPgknYuo71RPA19kMvpP1HsV7iCxcMBtwe8FSszl,0,1,Photos,,,,,Lifetime,142,66,13,12,1,0,5,,4,,,,,,1,
122107201413144249,61584327477246,"Juankada Alexchoozy","8 days before Christmas 🎄
Sabay-sabay nating i-manifest ang masayang Pasko, Juankada

Huwag pahuli—join the fun with Juan! Message us to guide you, Juankada 🧑‍🌾🎉

#Juan365 #Juan365PH #AllInJuanSaSaya #JuanKada",,0,"12/16/2025 22:30",N/A,https://www.facebook.com/JuankadaAlexchoozyOfficialPage/posts/pfbid0XnQSXpDgFVDCnt515ev3jzgy9ikgHLKK5NuUULL8UEkuWVsbe6Pjf1d7BmMvkr8Cl,0,1,Photos,,,,,Lifetime,122,64,12,12,0,0,5,,5,,,,,,,
122107113879144249,61584327477246,"Juankada Alexchoozy","Malapit na malapit na! See you mga Juankada! 💙🧡",,0,"12/16/2025 10:14",N/A,https://www.facebook.com/JuankadaAlexchoozyOfficialPage/posts/pfbid0pQwzu1gHT9TxqWxnirVPnQoLurfLvHUkdnMDFKsazePTMb9NzXhAPoQ9uGB38J8Xl,0,1,Photos,,,,,Lifetime,116,58,11,11,0,0,7,1,6,,,,,,,
122107113615144249,61584327477246,"Juankada Alexchoozy","𝗜𝘁’𝘀 𝘁𝗶𝗺𝗲 𝗳𝗼𝗿 𝗔𝗟𝗟 𝗜𝗡 𝗦𝗔 𝗦𝗮𝘆𝗮𝗝𝗨𝗔𝗡: 𝗧𝗵𝗲 𝗝𝘂𝗮𝗻365 𝗗𝗮𝗻𝗰𝗲 𝗖𝗿𝗮𝘇𝗲 𝗖𝗵𝗮𝗹𝗹𝗲𝗻𝗴𝗲! 💃🕺

𝐉𝐨𝐢𝐧 𝐭𝐡𝐞 𝐟𝐮𝐧 𝐢𝐧 4 𝐞𝐚𝐬𝐲 𝐬𝐭𝐞𝐩𝐬:
1️⃣ Follow all official Juan365 accounts
2️⃣ Make a dance video with the Official Juan365 Jingle
3️⃣ Post it on TikTok, FB Reels, or IG Reels
4️⃣ Use the official hashtags & tag Juan365  

🔥 Tag your tropa below — you might just be the next Viral Juan!

#Juan365 #Juan365PH #TunogNgSayaJUAN365 #ALLINSAYAJUAN #JuankadaMoves #Juan365JingleChallenge See less",,0,"12/16/2025 10:13",N/A,https://www.facebook.com/JuankadaAlexchoozyOfficialPage/posts/pfbid02MAgGFBmGWfLdfiKxGnafkxeUbtDaiREwweyYgw4SfWmaoYun65fb16NSEhVCrRhDl,0,1,Text,,,,,Lifetime,,48,13,9,4,0,3,,3,,,,,,,
122107112985144249,61584327477246,"Juankada Alexchoozy","Congratulations Juankada para sa mga nanalo ng JuanTask 🎉

Juankada— like, follow, comment, at share na sa FB page at socials namin para ikaw na ang next na mapili. 😎🔥

#Juan365 #Juan365PH #Juan365Studios #AllInJuanSaSaya #JuanKada #JuanTaskWinners #BonusCredit #Panalo",,0,"12/16/2025 10:08",N/A,https://www.facebook.com/JuankadaAlexchoozyOfficialPage/posts/pfbid0tAAhJ7r1yhV3JojmRzaNgfxKcs9Xh3tPPjqaum8JST5d6mMcCwco1NPJUb8y3LTpl,0,1,Photos,,,,,Lifetime,104,48,9,9,0,0,6,,6,,,,,,,
122105823993144249,61584327477246,"Juankada Alexchoozy","Here’s your quick guide para gamitin ang ALL IN SA SayaJUAN sound sa Instagram.

Super dali — play the official jingle, feel the beat, then upload your entry!
Ready ka na bang sumayaw for 1M? 💃🕺

Reminder: Make sure PUBLIC ang post para counted!

See the full mechanics here: https://www.facebook.com/share/r/179TfyqTnM/

#Juan365 #Juan365PH #TunogNgSayaJUAN365 #ALLINSAYAJUAN #JuankadaMoves #Juan365JingleChallenge",,0,"12/11/2025 07:10",N/A,https://www.facebook.com/JuankadaAlexchoozyOfficialPage/posts/pfbid0n6QFr6CqrsTtt2drN9aRBXjVFFe8ju3GAWgWb2LwrSQUjnqcdYAdP9r3j8sa5paYl,0,1,Text,,,,,Lifetime,,62,9,9,0,0,1,,1,,,,,,,
122105090091144249,61584327477246,"Juankada Alexchoozy","𝗜𝘁’𝘀 𝘁𝗶𝗺𝗲 𝗳𝗼𝗿 𝗔𝗟𝗟 𝗜𝗡 𝗦𝗔 𝗦𝗮𝘆𝗮𝗝𝗨𝗔𝗡: 𝗧𝗵𝗲 𝗝𝘂𝗮𝗻365 𝗗𝗮𝗻𝗰𝗲 𝗖𝗿𝗮𝘇𝗲 𝗖𝗵𝗮𝗹𝗹𝗲𝗻𝗴𝗲! 💃🕺

𝐉𝐨𝐢𝐧 𝐭𝐡𝐞 𝐟𝐮𝐧 𝐢𝐧 4 𝐞𝐚𝐬𝐲 𝐬𝐭𝐞𝐩𝐬:
1️⃣ Follow all official Juan365 accounts
2️⃣ Make a dance video with the Official Juan365 Jingle
3️⃣ Post it on TikTok, FB Reels, or IG Reels
4️⃣ Use the official hashtags & tag Juan365  

🔥 Tag your tropa below — you might just be the next Viral Juan!

#Juan365 #Juan365PH #TunogNgSayaJUAN365 #ALLINSAYAJUAN #JuankadaMoves #Juan365JingleChallenge",,0,"12/08/2025 20:17",N/A,https://www.facebook.com/JuankadaAlexchoozyOfficialPage/posts/pfbid0reUKU99tf4u4vMM8sn97QL4uRszvQRhQzB32PLEtM8WGaMHsW4JnKSktnEaYjCorl,0,1,Text,,,,,Lifetime,,63,8,8,0,0,0,,,,,,,,,
122104542357144249,61584327477246,"Juankada Alexchoozy","Brace yourselves, Juankada… something BIG is about to take over your feed. Get ready to move, groove, and shine dahil paparating na ang pinaka-mainit na dance craze ng taon!

ALL IN SA SayaJUAN: The Juan365 Dance Craze Challenge!
Are YOU the next viral Juan? 💃🕺✨

Hulaan niyo nga, Juankada… anong BIG prize ang pwedeng makuha mo? Comment mo na 'yan!

#Juan365 #Juan365PH #AllInJuanSaSaya #JuanKada #TunogNgSayaJUAN365 #ALLINSAYAJUAN #JuankadaMoves #Juan365JingleChallenge",,0,"12/06/2025 21:05",N/A,https://www.facebook.com/JuankadaAlexchoozyOfficialPage/posts/pfbid02aWYHN4BB6dUezFEgoX1DwWm7B6yRDUriti62RE1GZyKMazYtiUrj6ENzDtUoRLdFl,0,1,Text,,,,,Lifetime,,73,8,8,0,0,0,,,,,,,,,
122104539603144249,61584327477246,"Juankada Alexchoozy","₱𝟏,𝟎𝟎𝟎,𝟎𝟎𝟎 𝐆𝐑𝐀𝐍𝐃 𝐏𝐑𝐈𝐙𝐄 up for grabs! Kaya mo bang kunin ‘to?
Plus, 20 lucky participants will take home a brand-new iPhone 17 Pro each! 📱🔥 

Juankada, Time to move, groove, at ipakita ang all-out saya mo sa ALL IN SA SayaJUAN: The Juan365 Dance Craze Challenge! ✨

𝐉𝐨𝐢𝐧 𝐧𝐨𝐰, 𝐢-𝐭𝐚𝐠 𝐚𝐧𝐠 𝐭𝐫𝐨𝐩𝐚 𝐬𝐚 𝐜𝐨𝐦𝐦𝐞𝐧𝐭 𝐬𝐞𝐜𝐭𝐢𝐨𝐧, at ihataw na ang moves mo sa biggest dance challenge of the year! 💃🕺

Abangan ang full mechanics...

#Juan365  #Juan365PH  #AllInJuanSaSaya  #JuanKada  #TunogNgSayaJUAN365 #ALLINSAYAJUAN #JuankadaMoves #juan365jinglechallenge",,0,"12/06/2025 20:48",N/A,https://www.facebook.com/JuankadaAlexchoozyOfficialPage/posts/pfbid024GBwRdkfcGKdn2unHrPiaRx81GpxktMWjTcAi9JZnAL51udZRYzeWiJYntytd5nEl,0,1,Videos,,,,,Lifetime,,67,9,9,0,0,1,,1,,,,,,,
122103818925144249,61584327477246,"Juankada Alexchoozy","Level up na ang sorpresa ni Juan, Handa na ba kayo Juankada? 😌🎉

Ikaw na ba ang maswerteng mananalo ng IPHONE 17 PROMAX?

#Juan365 #Juan365PH #AllInJuanSaSaya #JuanKada #surpresanijuanver2",,0,"12/05/2025 03:03",N/A,https://www.facebook.com/JuankadaAlexchoozyOfficialPage/posts/pfbid028dSv9cz2VtDS2cHDGsAj17FMJyorjTcWtFMh3MaL2REcyame6nYAWwQ8tJxkDqKpl,0,1,Live,,,,,Lifetime,,68,9,9,0,0,0,,,,,,,,,
122100953055144249,61584327477246,"Juankada Alexchoozy","Congrats Juankada, Dennis Trillo! Movie Actor of the Year at the PMPC 41st Star Awards for Movies 2025 for Green Bones! 👏🏆
Well deserved!

#Juan365  #Juan365PH  #AllInJuanSaSaya  #JuanKada  #DennisTrillo  #PMPCStarAwards  #GreenBones",,0,"12/01/2025 18:19",N/A,https://www.facebook.com/JuankadaAlexchoozyOfficialPage/posts/pfbid02m7W5wH66kLE9GWLHkTzSAbnRooMShugYoNSK4NFtgTn3mu6PJPYfAZ72rap5B7THl,0,1,Photos,,,,,Lifetime,159,75,8,8,0,0,1,,1,,,,,,,
122103932277170300,61585109026232,"Juankada Charm","Juankada Charm updated their cover photo.",,0,"12/20/2025 21:44",N/A,https://www.facebook.com/photo.php?fbid=122103932277170300&set=a.122103022167170300&type=3,0,0,Photos,,,,,Lifetime,0,0,4,4,0,0,0,,,,,,,
122106673923170300,61585109026232,"Juankada Charm","Lucky Charms! ✨

Lahat ba ay nakapanood ng ating live kagabi kasama si Juankada Evo ?

Comment ""Yes!"" sa mga nakasubaybay! 😘

#Juan365Studios #Juan365 #ALLINJUANSASAYA #JuankadaHosts #JuankadaCharm #LuckyCharms",,0,"12/30/2025 20:00",N/A,https://www.facebook.com/permalink.php?story_fbid=pfbid02gFQt9ncEmXKdY3Tyfd8JQJmbiCQaC2njpHhX2D5EVVyfsJwS6RerqQ9ctXaGGCrml&id=61585109026232,0,0,Photos,,,,,Lifetime,108,35,6,5,0,1,8,4,4,,,,,
122106554025170300,61585109026232,"Juankada Charm","Hi Lucky Charms! ✨

Fit check muna tayo bago magkulitan and magbigay ng unlimited lucky charms sainyo! 😘

Kita-kits tayo later sa Color Game Live ng Juan365 Studios! 

#Juan365Studios #Juan365 #ALLINJUANSASAYA #JuankadaHosts #JuankadaCharm #LuckyCharms",,0,"12/30/2025 06:12",N/A,https://www.facebook.com/permalink.php?story_fbid=pfbid02VuQtTZjY9QEkDCGBHxKsKoyH4aeL2Mqav1mDVviVRGY4yavN7rSBusTRRy6xJa7Cl&id=61585109026232,0,0,Photos,,,,,Lifetime,167,65,15,14,0,1,6,4,2,,,,,
122106482991170300,61585109026232,"Juankada Charm","Huwag niyo na tanungin, Lucky Charms okay? 🥲

Attendance check muna sa mga sasalubungin ang 2026 na single diyan!

Drop a “👋” kung same tayo!

#Juan365Studios #Juan365 #ALLINJUANSASAYA #JuankadaHosts #JuankadaCharm #LuckyCharms","Huwag niyo na tanungin, Lucky Charms okay? 🥲

Attendance check muna sa mga sasalubungin ang 2026 na single diyan!

Drop a “👋” kung same tayo!

#Juan365Studios #Juan365 #ALLINJUANSASAYA #JuankadaHosts #JuankadaCharm #LuckyCharms",15,"12/30/2025 00:00",mixed,https://www.facebook.com/reel/1366140075309551/,1,0,Videos,,,,,Lifetime,68,40,7,7,0,0,3,,3,331.252,6.76,0,0,0
122106453609170300,61585109026232,"Juankada Charm","Lady in Red ang atake! ✨

Bagay ba sakin ang color ❤️, Lucky Charms? 

Comment niyo naman sa comments section sa baba!

#Juan365Studios #Juan365 #ALLINJUANSASAYA #JuankadaHosts #JuankadaCharm #LuckyCharms","Lady in Red ang atake! ✨

Bagay ba sakin ang color ❤️, Lucky Charms? 

Comment niyo naman sa comments section sa baba!

#Juan365Studios #Juan365 #ALLINJUANSASAYA #JuankadaHosts #JuankadaCharm #LuckyCharms",15,"12/29/2025 20:00",N/A,https://www.facebook.com/reel/25620266450995945/,1,0,Videos,,,,,Lifetime,84,52,7,7,0,0,5,,5,402.982,5.596,0,0,0
122106152853170300,61585109026232,"Juankada Charm","Okay na ba ang aking Lucky Charms sa Weekly-reset?

Pahinga muna tayo for today at laban ulit tomorrow! 💖

Drop a ""Fighting"" para sa mga lumalaban araw-araw!

#Juan365Studios #Juan365 #ALLINJUANSASAYA #JuankadaHosts #JuankadaCharm #LuckyCharms","Okay na ba ang aking Lucky Charms sa Weekly-reset?

Pahinga muna tayo for today at laban ulit tomorrow! 💖

Drop a ""Fighting"" para sa mga lumalaban araw-araw!

#Juan365Studios #Juan365 #ALLINJUANSASAYA #JuankadaHosts #JuankadaCharm #LuckyCharms",15,"12/29/2025 04:30",N/A,https://www.facebook.com/reel/1388541492810620/,0,0,Videos,,,,,Lifetime,117,94,51,48,1,2,2,,2,687.409,7.553,0,0,0
122106152757170300,61585109026232,"Juankada Charm","Throwback Monday muna kahit last week lang ito 🤩

Lucky Charms, bagay ba sa akin ang ganitong color?

Let me know sa comments section sa baba ang inyong answer! 😘

#Juan365Studios #Juan365 #ALLINJUANSASAYA #JuankadaHosts #JuankadaCharm #LuckyCharms","Throwback Monday muna kahit last week lang ito 🤩

Lucky Charms, bagay ba sa akin ang ganitong color?

Let me know sa comments section sa baba ang inyong answer! 😘

#Juan365Studios #Juan365 #ALLINJUANSASAYA #JuankadaHosts #JuankadaCharm #LuckyCharms",12,"12/29/2025 00:30",N/A,https://www.facebook.com/reel/1215194593869447/,0,0,Videos,,,,,Lifetime,159,137,9,9,0,0,2,,2,578.621,4.35,0,0,0
122106152559170300,61585109026232,"Juankada Charm","Happy Monday, my Lucky Charms! ✨

Kumusta naman ang inyong weekend?

Kahit ano pa yan, remember to start the week right with smiles all around! ☺️

Drop a ""💖"" para sa great week ahead!

#Juan365Studios #Juan365 #ALLINJUANSASAYA #JuankadaHosts #JuankadaCharm #LuckyCharms","Happy Monday, my Lucky Charms! ✨

Kumusta naman ang inyong weekend?

Kahit ano pa yan, remember to start the week right with smiles all around! ☺️

Drop a ""💖"" para sa great week ahead!

#Juan365Studios #Juan365 #ALLINJUANSASAYA #JuankadaHosts #JuankadaCharm #LuckyCharms",13,"12/28/2025 20:00",N/A,https://www.facebook.com/reel/867519102636459/,0,0,Videos,,,,,Lifetime,70,61,6,6,0,0,0,,,345.488,6.644,0,0,0
122105966193170300,61585109026232,"Juankada Charm","OOTD natin for yesterday's live! 💖

Cutie just like my Lucky Charms 😘

What color naman ang next nating susuotin sa live?

#Juan365Studios #Juan365 #ALLINJUANSASAYA #JuankadaHosts #JuankadaCharm #LuckyCharms","OOTD natin for yesterday's live! 💖

Cutie just like my Lucky Charms 😘

What color naman ang next nating susuotin sa live?

#Juan365Studios #Juan365 #ALLINJUANSASAYA #JuankadaHosts #JuankadaCharm #LuckyCharms",16,"12/28/2025 05:00",N/A,https://www.facebook.com/reel/2371781939922740/,0,0,Videos,,,,,Lifetime,87,57,11,11,0,0,11,,11,561.176,9.511,0,0,0
122105966061170300,61585109026232,"Juankada Charm","Where to go, Lucky Charms? 🏃‍♀️

Saan kaya maganda pumunta today? 🤔

Drop your suggestions sa ating comments section sa baba! 

#Juan365Studios #Juan365 #ALLINJUANSASAYA #JuankadaHosts #JuankadaCharm #LuckyCharms","Where to go, Lucky Charms? 🏃‍♀️

Saan kaya maganda pumunta today? 🤔

Drop your suggestions sa ating comments section sa baba! 

#Juan365Studios #Juan365 #ALLINJUANSASAYA #JuankadaHosts #JuankadaCharm #LuckyCharms",16,"12/28/2025 00:30",N/A,https://www.facebook.com/reel/1461028202122609/,0,0,Videos,,,,,Lifetime,86,84,9,9,0,0,1,,1,273.455,3.551,0,0,0
122105952609170300,61585109026232,"Juankada Charm","Happy Sunday, my Lucky Charms! 😘

Tandaan na importante to step back, magpahinga, at magrelax. 😴

Share niyo naman ano gagawin niyo today sa comments section sa baba! 

#Juan365Studios #Juan365 #ALLINJUANSASAYA #JuankadaHosts #JuankadaCharm #LuckyCharms","Happy Sunday, my Lucky Charms! 😘

Tandaan na importante to step back, magpahinga, at magrelax. 😴

Share niyo naman ano gagawin niyo today sa comments section sa baba! 

#Juan365Studios #Juan365 #ALLINJUANSASAYA #JuankadaHosts #JuankadaCharm #LuckyCharms",14,"12/27/2025 19:30",N/A,https://www.facebook.com/reel/2435731733522670/,0,0,Videos,,,,,Lifetime,90,51,10,10,0,0,3,,3,406.779,5.895,0,0,0
122105755719170300,61585109026232,"Juankada Charm","Ready na ba kayo, my Lucky Charms? ✨

Kasi kami ni Juankada Shann and Juankada Papa Joe ay handang-handa na maging Lucky Charms niyo now na! 🍀

Live na tayo, my Charming Juankada!

Drop ""😘"" kung gusto niyo ng Lucky Charms!

#Juan365 #Juan365Studios #ALLINJUANSASAYA #Juan365ColorGame #JuankadaCharm",,0,"12/26/2025 23:00",N/A,https://www.facebook.com/permalink.php?story_fbid=pfbid0fKnrfVw4NWLYp9XNe5yeNeV9uoaj2ArSB18RB1PQXJqBtND7mb7RXSbDRJAVqrx5l&id=61585109026232,0,0,Photos,,,,,Lifetime,193,61,10,8,1,1,8,6,2,,,,,
122105714079170300,61585109026232,"Juankada Charm","Good morning, my Charming Juankada! 😘

Hindi pa tapos ang swerte na hatid sainyo ng inyong Lucky Charm! 🍀

Watch out for me later at 2PM sa Color Game live ng Juan365 Studios.

See you there! 😉

#Juan365Studios #ALLINJUANLIVE #JuankadaCharm #JuankadaHosts #Juan365","Good morning, my Charming Juankada! 😘

Hindi pa tapos ang swerte na hatid sainyo ng inyong Lucky Charm! 🍀

Watch out for me later at 2PM sa Color Game live ng Juan365 Studios.

See you there! 😉

#Juan365Studios #ALLINJUANLIVE #JuankadaCharm #JuankadaHosts #Juan365",10,"12/26/2025 18:30",mixed,https://www.facebook.com/reel/1352923053512414/,0,0,Videos,,,,,Lifetime,114,61,13,13,0,0,3,,3,307.823,3.8,0,0,0
122105514207170300,61585109026232,"Juankada Charm","Kumusta, my Charming Juankada? 😘

Hope you had a memorable Christmas celebration 🎉 

Keep smiling lang at huwag kalimutang panatilihin ang good vibes araw-araw! 

Share mo naman paano kayo nagcelebrate ng Christmas sa comments section! 💖

#Juan365Studios #ALLINJUANLIVE #JuankadaCharm #JuankadaHosts #Juan365","Kumusta, my Charming Juankada? 😘

Hope you had a memorable Christmas celebration 🎉 

Keep smiling lang at huwag kalimutang panatilihin ang good vibes araw-araw! 

Share mo naman paano kayo nagcelebrate ng Christmas sa comments section! 💖

#Juan365Studios #ALLINJUANLIVE #JuankadaCharm #JuankadaHosts #Juan365",16,"12/25/2025 23:00",N/A,https://www.facebook.com/reel/1897708884506069/,0,0,Videos,,,,,Lifetime,347,291,17,15,2,0,14,,14,1395.795,4.561,0,0,0
122105188575170300,61585109026232,"Juankada Charm","All I want for Christmas is YOU! 😘

Hi Juankada, ano ang wish mo ngayong Holiday season? Ako kasi, it’s you. 😉

Wishing you a very Merry Christmas, EveryJuan! 🎄

See you sa Color Game Live ng Juan365!

#Juan365Studios #JuankadaCharm #Juan365 #ALLINJUANLIVE #JuankadaHosts #Juan365","All I want for Christmas is YOU! 😘

Hi Juankada, ano ang wish mo ngayong Holiday season? Ako kasi, it’s you. 😉

Wishing you a very Merry Christmas, EveryJuan! 🎄

See you sa Color Game Live ng Juan365!

#Juan365Studios #JuankadaCharm #Juan365 #ALLINJUANLIVE #JuankadaHosts #Juan365",13,"12/24/2025 23:00",N/A,https://www.facebook.com/reel/1787595451926310/,0,0,Videos,,,,,Lifetime,140,68,13,13,0,0,6,,6,556.969,5.063,0,0,0
122105192805170300,61585109026232,"Juankada Charm","Merry Christmas, my Charming Juankada! 😘💖

Wishing you all the best this Holiday Season!

#Juan365Studios #JuankadaCharm #Juankadahost  #ALLINJUANLIVE #Juan365",,0,"12/24/2025 20:45",N/A,https://www.facebook.com/permalink.php?story_fbid=pfbid021u8Y1HZWWGuQG2hPRMgqFMkiExGZNpdyns1LmpSjGrqFspXbnRVTbbU56n4tMmJVl&id=61585109026232,0,1,Videos,,,,,Lifetime,,45,4,4,0,0,3,,3,,,,,
122105187909170300,61585109026232,"Juankada Charm","Hi Charming JuanKada! 

It’s me, JuanKada Charm and I’m very glad to meet all of you! 

At handang-handa ako to be your Luckiest Charm! 🍀

Watch out for me sa Color Game Live ng Juan365. 

See you there, EveryJuan! 😉

#Juan365Studios #JuankadaCharm #Juan365 #ALLINJUANLIVE #JuankadaHosts #Juankada",,0,"12/24/2025 20:11",N/A,https://www.facebook.com/permalink.php?story_fbid=pfbid037CEBYjLVopaBgDWkx4KVzoytvvF8Au6t9TqCZxu1Tt8Z3S813CUV4V9J3wdUsVrYl&id=61585109026232,0,1,Photos,,,,,Lifetime,86,41,4,4,0,0,4,,4,,,,,
122103996879170300,61585109026232,"Juankada Charm","Hi JuanKada! It’s me, JuanKada Charm and handang-handa ako to be your Luckiest Charm! 🍀

Watch out for me sa Color Game Live ng Juan365. 

See you there, EveryJuan! 😉

#Juan365Studios #JuankadaCharm #Juan365 #ALLINJUANLIVE #JuankadaHosts #Juankada",,0,"12/21/2025 01:31",N/A,https://www.facebook.com/photo.php?fbid=122103996879170300&set=a.122102997399170300&type=3,0,0,Photos,,,,,Lifetime,1313,428,77,63,9,5,134,18,116,,,,,
122103996681170300,61585109026232,"Juankada Charm","Juankada Charm updated their cover photo.",,0,"12/21/2025 01:30",N/A,https://www.facebook.com/photo.php?fbid=122103996681170300&set=a.122103022167170300&type=3,0,0,Photos,,,,,Lifetime,2,1,5,5,0,0,0,,,,,,,
122100253773147740,61584432221426,"Juankada Evo","Juankada Evo added a new photo.",,0,"12/03/2025 20:15",N/A,https://www.facebook.com/photo.php?fbid=122100253773147740&set=a.122100252165147740&type=3,0,0,Photos,,,,,Lifetime,220,113,11,10,0,1,0,,,,,,,
122109493101147740,61584432221426,"Juankada Evo","Photo shoot day! Capture the pogi pose😎

Hit ""♥️"" for more content like this!

#Juan365Studios #Juan365 #ALLINJUANLIVE #JuankadaHosts #actor #fypシ #FollowNow #Livehosting #artist #TrendingPH #ViralPH #fbreelsph Juan365 Studios","Photo shoot day! Capture the pogi pose😎

Hit ""♥️"" for more content like this!

#Juan365Studios #Juan365 #ALLINJUANLIVE #JuankadaHosts #actor #fypシ #FollowNow #Livehosting #artist #TrendingPH #ViralPH #fbreelsph @[61578179424678:2048:Juan365 Studios]",36,"12/30/2025 17:28",N/A,https://www.facebook.com/reel/1464991398555403/,0,0,Videos,,,,,Lifetime,79,45,10,8,2,0,4,,4,375.124,5.954,0,0,0
122109420651147740,61584432221426,"Juankada Evo","May LIVE ngayon… napanood mo na ba?
Kung hindi pa, ONGOING NA SA JUAN365 App & Website 🚀
⏰ LIVE ‘til 5AM — habol na bago matapos ang saya! 🔥#

#Juan365 #Juan365PH #AllInJuanSaSaya #JuanKada #juan365colorgame",,0,"12/30/2025 07:21",N/A,https://www.facebook.com/permalink.php?story_fbid=pfbid021h1SWnnXTTsNWQRMYfiXCEUwadre3nFktKacUzTyCS98JmzSqfYC8pug3EHeYyFjl&id=61584432221426,0,0,Photos,,,,,Lifetime,1544,550,58,45,7,6,99,59,40,,,,,
122109390177147740,61584432221426,"Juankada Evo","Preparation for live later nuod ka 😉, lakas mo sakin eh ramdam ko makaka jackpot ka tonight☘️

Share this and mentioned your friends na sswertehin din🔥

Juan365 Studios #Juan365Studios #Juan365 #ALLINJUANLIVE #JuankadaHosts #trend #fypシ #FollowNow #Livehosting #artist #TrendingPH #ViralPH #FBReelsPH","Preparation for live later nuod ka 😉, lakas mo sakin eh ramdam ko makaka jackpot ka tonight☘️

Share this and mentioned your friends na sswertehin din🔥

@[61578179424678:2048:Juan365 Studios] #Juan365Studios #Juan365 #ALLINJUANLIVE #JuankadaHosts #trend #fypシ #FollowNow #Livehosting #artist #TrendingPH #ViralPH #FBReelsPH",43,"12/30/2025 03:49",N/A,https://www.facebook.com/reel/26564556873144741/,0,0,Videos,,,,,Lifetime,93,46,8,6,1,1,0,,,825.227,11.461,0,0,0
122109133101147740,61584432221426,"Juankada Evo","Mas gumaganda ang araw pag ganito ang kasama 💖😆  Sino gusto mo ma meet sakanila Juankada?  #Juan365Studios #Juan365 #ALLINJUANLIVE #JuankadaHosts #actor #fypシ #FollowNow #Livehosting #artist #TrendingPH #ViralPH #FBReelsPH","Mas gumaganda ang araw pag ganito ang kasama 💖😆

Sino gusto mo ma meet sakanila Juankada?

#Juan365Studios #Juan365 #ALLINJUANLIVE #JuankadaHosts #actor #fypシ #FollowNow #Livehosting #artist #TrendingPH #ViralPH #FBReelsPH",18,"12/28/2025 18:42",N/A,https://www.facebook.com/reel/1650467395917401/,0,0,Videos,,,,,Lifetime,299,78,7,4,2,1,10,,10,1688.299,7.963,0,0,0
122108927265147740,61584432221426,"Juankada Evo","Hello Love pauwi na ko😘😆  Nakapag Update ka na ba sa Love mo?😂  #Juan365Studios #Juan365 #ALLINJUANLIVE #JuankadaHosts #actor #fypシ #FollowNow #Livehosting #TrendingPH #ViralPH #FBReelsPH","Hello Love pauwi na ko😘😆

Nakapag Update ka na ba sa Love mo?😂

#Juan365Studios #Juan365 #ALLINJUANLIVE #JuankadaHosts #actor #fypシ #FollowNow #Livehosting #TrendingPH #ViralPH #FBReelsPH",11,"12/27/2025 19:05",N/A,https://www.facebook.com/reel/1538817310673702/,0,0,Videos,,,,,Lifetime,154,63,11,10,1,0,9,,9,692.784,7.216,0,0,0
122108747601147740,61584432221426,"Juankada Evo","Sneak peak behind the screen, tara Juankada samahan nyo ko sa live every 6am to 2pm.  #Juan365Studios #Juan365 #ALLINJUANLIVE #JuankadaHosts #actor #fypシ #FollowNow #Livehosting #TrendingPH #ViralPH #FBReelsPH","Sneak peak behind the screen, tara Juankada samahan nyo ko sa live every 6am to 2pm.

#Juan365Studios #Juan365 #ALLINJUANLIVE #JuankadaHosts #actor #fypシ #FollowNow #Livehosting #TrendingPH #ViralPH #FBReelsPH",34,"12/26/2025 18:35",N/A,https://www.facebook.com/reel/870246635550991/,0,0,Videos,,,,,Lifetime,281,104,26,12,2,12,16,,16,2301.273,13.379,0,0,0
122108305419147740,61584432221426,"Juankada Evo","MERRY CHRISTmas 😇😊 Halina't makisaya at maglaro dito sa Color Game Live ng Juan365! mga Juankada! 🥳  #juan365colorgame #AllInJuanSaSaya #JuanKada #Juan365 #fbreels2025ツ #goodvibesonly #gamehost","Merry Christmas EveryJuan! Come with me behind the camera

Kwentuhan mo naman ako ng nangyari sa araw mo🤔

#fyp #FollowNow #GoodVibesPH #TrendingPH #ViralPH #FBReelsPH 
#Juan365Studios #Juan365 #ALLINJUANLIVE #JuankadaHosts
#AllInJuanSaSaya #JuanKada #Juan365 #fbreels2025ツ #goodvibesonly #gamehost",27,"12/24/2025 16:45",N/A,https://www.facebook.com/reel/808992705440834/,0,0,Videos,,,,,Lifetime,183,80,10,9,1,0,9,,9,936.064,7.145,0,0,0
122107864413147740,61584432221426,"Juankada Evo","I-tag mo na sila, dahil ang 𝐂𝐨𝐥𝐨𝐫 𝐆𝐚𝐦𝐞 𝐋𝐢𝐯𝐞, nasa Juan365 na! Game na, baka ikaw na ang swerte today!

Huwag pahuli—join the fun with Juan! Message us to guide you, Juankada 🧑‍🌾🎉

#Juan365 #Juan365PH #AllInJuanSaSaya #JuanKada #juan365colorgame",,0,"12/22/2025 20:55",N/A,https://www.facebook.com/permalink.php?story_fbid=pfbid0MJS3toFRrbhwrdKHDXqDCCetGhXvTmfm3ESHCovqeauhg2ip1mdXiAjDB9uFdvLel&id=61584432221426,0,0,Photos,,,,,Lifetime,219,67,6,6,0,0,3,2,1,,,,,
122107501161147740,61584432221426,"Juankada Evo","Juankada Evo updated their cover photo.",,0,"12/20/2025 23:54",N/A,https://www.facebook.com/photo.php?fbid=122107501161147740&set=a.122100254679147740&type=3,0,0,Photos,,,,,Lifetime,0,0,9,9,0,0,0,,,,,,,
122100256515147740,61584432221426,"Juankada Evo","Welcome to JUAN365!",,0,"12/03/2025 20:20",N/A,https://www.facebook.com/permalink.php?story_fbid=pfbid02SBwYBheCULgJebDhDwf4s2NuWRSdgjTt24ehxfMg4QTwQtbRimqBK73oHohPsEqjl&id=61584432221426,0,0,Photos,,,,,Lifetime,368,130,8,8,0,0,1,,1,,,,,
122100254649147740,61584432221426,"Juankada Evo","Juankada Evo updated their cover photo.",,0,"12/03/2025 20:16",N/A,https://www.facebook.com/photo.php?fbid=122100254649147740&set=a.122100254679147740&type=3,0,0,Photos,,,,,Lifetime,0,0,7,7,0,0,0,,,,,,,
122187673232528854,61565865626361,"Juankada Geoff","ROCKISTA SA STAGE, KULAY ANG PANALO! 🎸🎨
Pag tumama ang trip mo sa kulay — boom! panalo ka agad!
Ready ka na bang i-rock ang Color Game at sumabay sa saya? 🤘🔥

Drop your kulay sa comments at sali na, Juankada! 👇

#JuankadaGeoff #Juan365 #Juan365PH
#JuanSports #AllInJuanSaSaya #JuanKada #Juan365ColorGame
#Juan365Studios
#Juan365Cares",,0,"12/30/2025 07:37",N/A,https://www.facebook.com/Juankadageoff/posts/pfbid025geFSeaWXe3oR3qdEKqhPR2qXFRw7ZQqpF7GDRRyR26WWfwJJyU9EiaP3RfWeHGLl,0,0,Photos,,,,,Lifetime,76,31,5,5,0,0,0,,,,,,,
122187590780528854,61565865626361,"Juankada Geoff","LIVE na ang Color Game, Juankada! Together with Juankada Juankada Sabbie, Juankada Juankada Ligaya & Juankada Juankada Shann piliin na ang Lucky COLOR mo! 🥳

Comment your Lucky COLOR of the day and follow our page! 🤘

#JuankadaGeoff #Juan365 #Juan365PH
#JuanSports #AllInJuanSaSaya #JuanKada
#Juan365ColorGame
#Juan365Studios
#Juan365Cares
#JuankadaHosts #Fyp",,0,"12/29/2025 14:13",N/A,https://www.facebook.com/Juankadageoff/posts/pfbid029ReFe7bbMpfaqWuB8eKdvFkqQNnS5xLSZipBAgavtsqc4XiNKq1enxrpRFdPjfAwl,0,0,Photos,,,,,Lifetime,132,46,5,5,0,0,3,3,,,,,,
122187566144528854,61565865626361,"Juankada Geoff","Rockstar + sweet lover = certified Juankada vibes! 😉

Drop a ""🤟"" sa comments kung ikaw rin! 😁

#JuankadaGeoff #Juan365 #Juan365PH
#JuanSports #AllInJuanSaSaya #JuanKada #Juan365ColorGame
#Juan365Studios
#Juan365Cares","Rockstar + sweet lover = certified Juankada vibes! 😉

Drop a ""🤟"" sa comments kung ikaw rin! 😁

#JuankadaGeoff #Juan365 #Juan365PH
#JuanSports #AllInJuanSaSaya #JuanKada #Juan365ColorGame
#Juan365Studios
#Juan365Cares",12,"12/29/2025 09:15",N/A,https://www.facebook.com/reel/795566416848902/,0,0,Videos,,,,,Lifetime,67,35,4,4,0,0,3,,3,296.647,7.063,0,0,0
122187426752528854,61565865626361,"Juankada Geoff","geoff 2","Can't stop the feeling kumanta ng All in Juan sa Saya. Maririnig pero, di mo maaamoy. 😁

React kung napakanta ka rin! 🫵

#JuankadaGeoff #Juan365 #Juan365PH
#JuanSports #AllInJuanSaSaya #JuanKada #Juan365ColorGame
#Juan365Studios
#Juan365Cares",32,"12/28/2025 06:00",N/A,https://www.facebook.com/reel/1182366410196039/,1,0,Videos,,,,,Lifetime,152,71,12,10,2,0,10,,10,1620.602,17.808,0,0,0
122187307568528854,61565865626361,"Juankada Geoff","𝟑𝟕𝐊 panalo mula sa 𝐓𝐑𝐈𝐏𝐋𝐄 𝐖𝐇𝐈𝐓𝐄 x150

🫡CONGRATULATIONS JuanKada SUGARDAD!! 🤘🏽",,0,"12/27/2025 04:24",N/A,https://www.facebook.com/Juankadageoff/posts/pfbid0kX6uFttMaq2WiDYnHduMKsCdXsL9Brp3zkU2RQFpG31Bg8dC7CrTZiu4X7nNE72Bl,0,1,Photos,,,,,Lifetime,104,41,4,4,0,0,0,,,,,,,
122187170894528854,61565865626361,"Juankada Geoff","Like, share, and follow our official page and stay tuned para sa AllInJUAN na panalo! 🤩

Inquiries is open 24/7. Please direct message to our pages for further assistance. 💬

Isang kulay, isang damakmak ang panalo! Ano pa'ng hinihintay? Color game is on sa Juan365! 🔴🟢🟡🔵⚪

#Juan365Studios #Juan365 #Juan365PH #JuankadaGeoff #ALLINJUANLIVE #AllInJuanSaSaya #JuankadaHosts #Juankada #ResponsibleGaming #ColorGameFun",,0,"12/25/2025 23:39",N/A,https://www.facebook.com/Juankadageoff/posts/pfbid02hUQ8Qkpr3k3o55JoVmUGKdDZWGpf3iaVhAgfAbbYZ1XFSH4GhdYAJe6pcBHTf3o2l,0,1,Photos,,,,,Lifetime,121,44,2,2,0,0,2,,2,,,,,
122187064706528854,61565865626361,"Juankada Geoff","Warmest wishes for a joyful holiday season.
Merry christmas and advance happy new year to y'all Juankada! 🎄

Please follow our official pages. Drop a ""🎉"" And spread love to all!

#JuankadaGeoff #Juan365 #Juan365PH
#JuanSports #AllInJuanSaSaya #JuanKada #Juan365ColorGame
#Juan365Studios
#Juan365Cares
#Holidays #HolidaySeason",,0,"12/24/2025 23:53",N/A,https://www.facebook.com/Juankadageoff/posts/pfbid0CvzZthp7R5Riz66KXvegfUJhUZZtgpGwStHzXLSMYM74ZsGwdRTG4wSAG7jbJ1L4l,0,0,Photos,,,,,Lifetime,155,61,4,4,0,0,1,1,,,,,,
122186613290528854,61565865626361,"Juankada Geoff","Malapit na Juankada! Ready na ba kayo maki All in Juan sa Saya?

#Juan365Studios #JuankadaGeoff #Juan365 #ALLINJUANLIVE #JuankadaHosts #Juankada",,0,"12/21/2025 01:02",N/A,https://www.facebook.com/photo.php?fbid=122186613290528854&set=a.122095532852528854&type=3,0,0,Photos,,,,,Lifetime,1,1,5,5,0,0,0,,,,,,,
122186613086528854,61565865626361,"Juankada Geoff","Hi Juankada! I’m JuanKada Geoff, bringin’ kulitan at saya sa Color Game ng Juan365 Studios!🤘

Kitakits everyJUAN!

#Juan365Studios #JuankadaGeoff #Juan365 #ALLINJUANLIVE #JuankadaHosts #Juankada",,0,"12/21/2025 00:57",N/A,https://www.facebook.com/photo.php?fbid=122186613086528854&set=a.122095526054528854&type=3,0,0,Photos,,,,,Lifetime,76,43,10,10,0,0,0,,,,,,,
122107240779133214,61583996447175,"Juankada Jedi","Juan365 Dance Craze","1,000,000 GRAND PRIZE up for grabs!Kaya mo bang kunin 'to?Plus, 10 lucky participants will take home a brand-new iPhone 17 Pro each!十Juankada, Time to move, groove, at ipakita ang all-out saya mo sa ALL IN SA SayaJUAN: The Juan365 Dance Craze Challenge! +Join now, i-tag ang tropa sa comment section, at ihataw na ang moves mo sa biggest dance challenge of the year!3925#Juan365 #Juan365PH#AllInJuanSaSaya #JuanKada#tunogngsayajuan365 @Juan365",36,"12/08/2025 10:49",N/A,https://www.facebook.com/reel/1308180834656501/,0,0,Videos,,,,,Lifetime,147,85,1,1,0,0,0,,,858.881,7.737,0,0,0,,
122112788349133214,61583996447175,"Juankada Jedi","Hello, Juankada ✨
LIVE na tayo sa Juan365 app & website — good vibes, fun games, at lovely surprises ang naghihintay 💖
Comment “LIVE” if nanonood ka na👇",,0,"12/30/2025 22:24",N/A,https://www.facebook.com/permalink.php?story_fbid=pfbid0i7y9ZhMUqnAbNwbRzCLP3KxaY3NSGaGuYzxcqGwLsiHTgiptb3ZCphWV5u7oz6idl&id=61583996447175,0,1,Events,,,,,Lifetime,143,48,7,5,2,0,6,,5,,,,,,1,
122112755877133214,61583996447175,"Juankada Jedi","What are you willing to do… for a little 𝐟𝐮𝐧 𝐚𝐧𝐝 𝐚 𝐥𝐨𝐭 𝐨𝐟 𝐬𝐰𝐞𝐫𝐭𝐞? 😉✨

👇 Don’t scroll — answer it! What are you willing to do?

#Juan365 #Juan365Studios #JuankadaJedi #Juankada #JuankadaHosts #ALLINJUANLIVE   
#JediBabes #TrendingNow #TikTokTrend #ForYou #FYP #ForYouPage #ContentCreator #HostLife","What are you willing to do… for a little 𝐟𝐮𝐧 𝐚𝐧𝐝 𝐚 𝐥𝐨𝐭 𝐨𝐟 𝐬𝐰𝐞𝐫𝐭𝐞? 😉✨

👇 Don’t scroll — answer it! What are you willing to do?

#Juan365 #Juan365Studios #JuankadaJedi #Juankada #JuankadaHosts #ALLINJUANLIVE   
#JediBabes #TrendingNow #TikTokTrend #ForYou #FYP #ForYouPage #ContentCreator #HostLife",15,"12/30/2025 18:00",N/A,https://www.facebook.com/reel/2445677485829414/,1,0,Videos,,,,,Lifetime,169,115,12,12,0,0,4,,4,714.407,5.139,0,0,0,,
122112648987133214,61583996447175,"Juankada Jedi","Jedi Babes on duty… and the 𝐥𝐮𝐜𝐤 𝐣𝐮𝐬𝐭 𝐠𝐨𝐭 𝐒𝐓𝐑𝐎𝐍𝐆𝐄𝐑! 👀🎯

#Juan365 #Juan365Studios #JuankadaJedi #Juankada #JuankadaHosts #ALLINJUANLIVE   
#JediBabes #WinningMoment #PickYourColor  #LiveNow
#LuckyColor #TeamGoodVibes #PanaloFeels",,0,"12/30/2025 05:00",N/A,https://www.facebook.com/permalink.php?story_fbid=pfbid0Sf8oyPUF4szoE9C9htFQF54onhzBRRd1dHxvHn3q38SM6k5yyd3ZWGSpZ56ZA9Pnl&id=61583996447175,0,0,Photos,,,,,Lifetime,275,97,9,9,0,0,7,5,2,,,,,,,
122112647193133214,61583996447175,"Juankada Jedi","Anong uunahin mong gastusan ngayon-bayad, ipon, o deserve mong reward?
Comment below at kwento mo kung paano mo ise-celebrate ang sahod day! 💸

#Juan365Studios #Juan365 #ALLINJUANLIVE
#JuankadaHosts #Juankada
JUEGE",,0,"12/30/2025 04:47",N/A,https://www.facebook.com/permalink.php?story_fbid=pfbid0avgDsJWdYJGJrMpHkFoDXQm5ooh4RbGfLQdKkGoomYwdnVrQLSoMWpH5atrMj6Zzl&id=61583996447175,0,1,Photos,,,,,Lifetime,164,48,3,3,0,0,2,1,1,,,,,,,
122112646629133214,61583996447175,"Juankada Jedi","Jedi Babes, wag magpahuli — Color Game LIVE in awhile! 👀
Swerte natin this year, andito pa… ready ka na bang manalo? 💸

Watch now on Juan365 app & website!

#Juan365 #Juan365Studios #JuankadaJedi #Juankada #JuankadaHosts #ALLINJUANLIVE #Trending  #Followme #ColorGameLive",,0,"12/30/2025 04:45",N/A,https://www.facebook.com/permalink.php?story_fbid=pfbid0XGNZhKJknpz5SD7XAsbg4czE6nxG9w7kpaXdE6mfdvxdJm6Ws2PGyPpYGsHrpdqQl&id=61583996447175,0,0,Photos,,,,,Lifetime,959,580,28,23,5,0,91,24,44,,,,,,23,1
122112411927133214,61583996447175,"Juankada Jedi","𝐏𝐫𝐞𝐭𝐭𝐲 𝐟𝐚𝐜𝐞, 𝐩𝐨𝐰𝐞𝐫𝐟𝐮𝐥 𝐯𝐢𝐛𝐞𝐬, She always shows up and SLAYS 💖🔥

Drop a 💕 if she SLAYED this look!

#Juan365 #Juan365Studios #JuankadaJedi #Juankada #JuankadaHosts #ALLINJUANLIVE  #reelsph #trendingnow #viralreels #beautyvibes #glamlook","𝐏𝐫𝐞𝐭𝐭𝐲 𝐟𝐚𝐜𝐞, 𝐩𝐨𝐰𝐞𝐫𝐟𝐮𝐥 𝐯𝐢𝐛𝐞𝐬, She always shows up and SLAYS 💖🔥

Drop a 💕 if she SLAYED this look!

#Juan365 #Juan365Studios #JuankadaJedi #Juankada #JuankadaHosts #ALLINJUANLIVE  #reelsph #trendingnow #viralreels #beautyvibes #glamlook",16,"12/29/2025 05:00",mixed,https://www.facebook.com/reel/2670714699955094/,1,0,Videos,,,,,Lifetime,201,136,10,8,1,1,2,,2,817.293,5.172,0,0,0,,
122112362553133214,61583996447175,"Juankada Jedi","Juankada, roll call! 🙌 
LIVE na tayo sa Juan365 app at website — ready na ang saya, games, at surprises! 🎊

Comment “LIVE” kapag nandito ka na 👇

#Juan365 #Juan365Studios #JuankadaJedi #Juankada #JuankadaHosts #ALLINJUANLIVE #Trending  #Followme #ColorGameLive",,0,"12/28/2025 22:46",N/A,https://www.facebook.com/permalink.php?story_fbid=pfbid02P6Q8rWriERASYyBdwCpqkmLunZXhkedptJEECpeKvra8GPUWRJEE5T9gcG7Bvr7sl&id=61583996447175,0,0,Photos,,,,,Lifetime,667,235,25,22,1,2,31,14,17,,,,,,,
122112355911133214,61583996447175,"Juankada Jedi","💎 Glam, games, and good vibes! Catch me live and let’s make every color count, Jedi Babes! 🎨💖 Who’s feeling lucky today?

#Juan365 #Juan365Studios #JuankadaJedi #Juankada #JuankadaHosts #ALLINJUANLIVE #Trending  #Followme #ColorGameLive",,0,"12/28/2025 22:17",N/A,https://www.facebook.com/permalink.php?story_fbid=pfbid0ukfkXn78Jkc7JvzJucygszLSuXeE6CrG9yicQvHD6okhE54LpTttz4VRJNqgj33jl&id=61583996447175,0,0,Photos,,,,,Lifetime,211,66,9,9,0,0,7,2,5,,,,,,,
122112316677133214,61583996447175,"Juankada Jedi","Foodie level: 1000 😎
Fast reels, hotter shabu-shabu, 𝗕𝗜𝗚𝗚𝗘𝗥 𝗖𝗥𝗔𝗩𝗜𝗡𝗚𝗦!

👉  Drop an emoji if you’d dig in right now! 🍲💖

#Juan365 #Juan365Studios #JuankadaJedi #Juankada #JuankadaHosts #ALLINJUANLIVE #reels #Followme","Foodie level: 1000 😎
Fast reels, hotter shabu-shabu, 𝗕𝗜𝗚𝗚𝗘𝗥 𝗖𝗥𝗔𝗩𝗜𝗡𝗚𝗦!

👉  Drop an emoji if you’d dig in right now! 🍲💖

#Juan365 #Juan365Studios #JuankadaJedi #Juankada #JuankadaHosts #ALLINJUANLIVE #reels #Followme",14,"12/28/2025 17:01",N/A,https://www.facebook.com/reel/840432925535966/,1,0,Videos,,,,,Lifetime,204,138,7,7,0,0,2,,2,1053.134,6.974,0,0,0,,
122112192249133214,61583996447175,"Juankada Jedi","Let’s keep the energy high and the smiles even higher! 💖

Drop a ❤️ if you’re feeling the good vibes

#Juan365 #Juan365Studios #JuankadaJedi #Juankada #JuankadaHosts #ALLINJUANLIVE #Reels #Followme","Let’s keep the energy high and the smiles even higher! 💖

Drop a ❤️ if you’re feeling the good vibes

#Juan365 #Juan365Studios #JuankadaJedi #Juankada #JuankadaHosts #ALLINJUANLIVE #Reels #Followme",15,"12/28/2025 04:21",N/A,https://www.facebook.com/reel/1971978810385333/,0,0,Videos,,,,,Lifetime,241,129,16,14,1,1,16,,16,1400.497,8.539,0,0,0,,
122112160743133214,61583996447175,"Juankada Jedi","Pretty eyes don’t lie! 

See you now sa live at Color Game at the Juan365 app / website🔥

Comment “Game” sa mga gusto swertehin! 

#Juan365 #Juan365Studios #JuankadaJedi #Juankada #JuankadaHosts #ALLINJUANLIVE #reels #Followme #trending #viral #fyp #watchtillend #commentdownbelow","Pretty eyes don’t lie! 

See you now sa live at Color Game at the Juan365 app / website🔥

Comment “Game” sa mga gusto swertehin! 

#Juan365 #Juan365Studios #JuankadaJedi #Juankada #JuankadaHosts #ALLINJUANLIVE #reels #Followme #trending #viral #fyp #watchtillend #commentdownbelow",22,"12/28/2025 01:04",N/A,https://www.facebook.com/reel/1043786067907394/,0,0,Videos,,,,,Lifetime,167,113,9,8,0,1,7,,7,821.3,5.994,0,0,0,,
122111988195133214,61583996447175,"Juankada Jedi","Let’s go Barbie, let’s goooo! 🔥

Like and Follow if sasayaw ka rin! 

#Juan365 #Juan365Studios #JuankadaJedi #Juankada #JuankadaHosts #ALLINJUANLIVE #reels #fbreels #trending #barbiedance","Let’s go Barbie, let’s goooo! 🔥

Like and Follow if sasayaw ka rin! 

#Juan365 #Juan365Studios #JuankadaJedi #Juankada #JuankadaHosts #ALLINJUANLIVE #reels #fbreels #trending #barbiedance",15,"12/27/2025 06:01",N/A,https://www.facebook.com/reel/1557060332158960/,1,0,Videos,,,,,Lifetime,283,161,11,11,0,0,4,,4,1879.013,9.442,0,0,0,,
122111876985133214,61583996447175,"Juankada Jedi","Hey Jedi Babes 😘
When the colors start rolling, what do you fantasize about?
Comment down below 🔥

#Juan365 #Juan365Studios #JuankadaJedi #Juankada #JuankadaHosts #ALLINJUANLIVE #reels #Followme #trending","Hey Jedi Babes 😘
When the colors start rolling, what do you fantasize about?
Comment down below 🔥

#Juan365 #Juan365Studios #JuankadaJedi #Juankada #JuankadaHosts #ALLINJUANLIVE #reels #Followme #trending",27,"12/27/2025 01:16",N/A,https://www.facebook.com/reel/935957568887007/,0,0,Videos,,,,,Lifetime,174,120,9,9,0,0,1,,1,1138.29,8.072,0,0,0,,
122111520405133214,61583996447175,"Juankada Jedi","All smiles this Pasko Tara na, Juankada!🎄💕💝Let's add more fun, kulay, at happy energy sa ating game experience🎁🎅#Juan365 #Juan365Studios#JuankadaJedi#AllInJuanSaSaya#JuanKada #Christmas #trendingreelsvideo #fypreels viral≥#CuteJuan #reelsph","All smiles this Pasko Tara na, Juankada!🎄💕💝Let's add more fun, kulay, at happy energy sa ating game experience🎁🎅#Juan365 #Juan365Studios#JuankadaJedi#AllInJuanSaSaya#JuanKada #Christmas #trendingreelsvideo #fypreels viral≥#CuteJuan #reelsph",25,"12/25/2025 09:53",N/A,https://www.facebook.com/reel/876217142013665/,0,0,Videos,,,,,Lifetime,335,197,11,9,1,1,9,,9,3083.366,12.688,0,0,0,,
122111440203133214,61583996447175,"Juankada Jedi","Merry Christmas, Jedi Babes! 🎄💕All smiles, all glow✨Your gorgeous & super cute Juankada Host is sending holiday love! 🎀💝                                            #Juan365 #Juan365Studios #JuankadaJedi#AllInJuanSaSaya #JuanKada #Christmas#trendingreelsvideo #fypreels ≥ viral ≥#CuteJuan #reelsph","Merry Christmas, Jedi Babes! 🎄💕All smiles, all glow✨Your gorgeous & super cute Juankada Host is sending holiday love! 🎀💝                                            #Juan365 #Juan365Studios #JuankadaJedi#AllInJuanSaSaya #JuanKada #Christmas#trendingreelsvideo #fypreels ≥ viral ≥#CuteJuan #reelsph",22,"12/25/2025 02:33",N/A,https://www.facebook.com/reel/1186436663679782/,0,0,Videos,,,,,Lifetime,1384,588,50,44,2,4,19,,19,11832.967,11.258,0,0,0,,
122111415723133214,61583996447175,"Juankada Jedi","Nood ulit kayo tonight, Jedi Babes! 

#Juan365Studios #Juan365 #Jedi #trendingreelsvideo #ALLINJUANLIVE #JuankadaHosts #Juan365ColorGame",,0,"12/25/2025 00:22",N/A,https://www.facebook.com/permalink.php?story_fbid=pfbid02gy8ZpSZFFHPHqjmGgQpiCASwx48mEV2ugDVYrzA2qkdQBQ2jTFXVm5813aS6qMgdl&id=61583996447175,0,1,Text,,,,,Lifetime,,79,3,3,0,0,1,,1,,,,,,,
122111235279133214,61583996447175,"Juankada Jedi","A day in my life 💕 Juankada Host edition
Dresses, tawanan, at year-end feels sa Juan365 ✨🥂
Comment ✨ kung gusto mo ng ganitong vibes lagi!

#Juan365 #Juan365Studios #JuankadaJedi #AllInJuanSaSaya #JuanKada #yearend #Christmas #trendingreelsvideo #fypreelsシ゚viralシ","A day in my life 💕 Juankada Host edition
Dresses, tawanan, at year-end feels sa Juan365 ✨🥂
Comment ✨ kung gusto mo ng ganitong vibes lagi!

#Juan365 #Juan365Studios #JuankadaJedi #AllInJuanSaSaya #JuanKada #yearend #Christmas #trendingreelsvideo #fypreelsシ゚viralシ",33,"12/24/2025 04:18",N/A,https://www.facebook.com/reel/878945654516555/,0,0,Videos,,,,,Lifetime,856,176,50,40,9,1,6,,6,8417.441,13.554,0,0,0,,
122110900083133214,61583996447175,"Juankada Jedi","Paulanin natin ng kasiyahan at kaswertehan!  Mamayang 10:00 pm - 6:00 am! Juankada Jedi

Comment ""G na!"" kung abangers ka na rin
#Juan365Studios #Juan365 #ALLINJUANLIVE
#JuankadaHosts #Juankada",,0,"12/22/2025 21:03",N/A,https://www.facebook.com/permalink.php?story_fbid=pfbid02tdMr9MsjiBEJgzrjVqUg8aLDGnzjZF2neZehmHXWvCCZJiUuLhtpjMYfvPGJPfZcl&id=61583996447175,0,1,Photos,,,,,Lifetime,246,92,4,3,0,1,0,,,,,,,,,
122110898439133214,61583996447175,"Juankada Jedi","kita kits Juankada mamayang 10:00 pm - 6:00 am! samahan niyo ko Juankada Jedi! 🫶🫰💪✨

#Juan365 #Juan365PH #AlllnJuanSaSaya
#JuanKada #Juan365ColorGame",,0,"12/22/2025 21:00",N/A,https://www.facebook.com/permalink.php?story_fbid=pfbid02gf16GoGf8rEKuAxrUersv4NFELgBmc5pZCfa8QiyhKcR9LvQVLL4aqb9AVZMckQql&id=61583996447175,0,1,Photos,,,,,Lifetime,144,77,2,1,0,1,1,,1,,,,,,,
122110813137133214,61583996447175,"Juankada Jedi","Sino ang handa na? Juankada time na! 🎲💥",,0,"12/22/2025 09:38",N/A,https://www.facebook.com/permalink.php?story_fbid=pfbid02S9KVZbtWMXCY5jeJKpJRqhnGNumu2zCSiwf9eRDukQSBVhVVcyngCeJrhBLCasGvl&id=61583996447175,0,1,Photos,,,,,Lifetime,156,77,2,2,0,0,3,1,2,,,,,,,
122110766223133214,61583996447175,"Juankada Jedi","Juankada Jedi updated their cover photo.",,0,"12/22/2025 03:49",N/A,https://www.facebook.com/photo.php?fbid=122110766223133214&set=a.122110480779133214&type=3,0,0,Photos,,,,,Lifetime,0,0,1,1,0,0,0,,,,,,,,,
122110766085133214,61583996447175,"Juankada Jedi","3 Days to Go, Juankada! 🎄🎁🎅
Handa na ba ang mga regalo niyo?
Comment ""Ready na!"" at ipakita kung sinong mga ninong at ninang na ready na para sa kanilang inaanak!
#Juan365 #Juan365Studio
#ALLINJUANsaSayaLIVE #Juankada",,0,"12/22/2025 03:48",N/A,https://www.facebook.com/permalink.php?story_fbid=pfbid0QLNRbJ8MThfUkCzR96Ect1spta6wPWELoBe3s1LgrbYTpmXVTHARwY3bXSM3DGe9l&id=61583996447175,0,1,Videos,,,,,Lifetime,,66,3,3,0,0,1,,1,,,,,,,
122110341051133214,61583996447175,"Juankada Jedi","Hi Juankada! 👋 I’m JuanKada Jedi, bagong kakampi n’yo sa color game ng Juan365 Studios. Tara, samahan niyo ‘ko at sama-sama tayong magsaya! 

Kitakits everyJUAN!

#Juan365Studios #JuankadaJedi #Juan365 #ALLINJUANLIVE #JuankadaHosts #Juankada",,0,"12/20/2025 01:36",N/A,https://www.facebook.com/photo.php?fbid=122110341051133214&set=a.122103321699133214&type=3,0,0,Photos,,,,,Lifetime,173,78,8,8,0,0,3,,3,,,,,,,
122109941733133214,61583996447175,"Juankada Jedi","Only 7 days left until Christmas, Juankada!
The countdown is on-decorate, celebrate, and join in the fun leading up to the big day!

#Juan365 #Juan365Studio
#ALLINJUANsaSayaLIVE #Juankada",,0,"12/18/2025 04:22",N/A,https://www.facebook.com/permalink.php?story_fbid=pfbid02x5DQgF3JdGe5b5buk6doGKyVbAuWn2GbPpbpDExUBpfNhUe5on3L8pDPi6w22jKnl&id=61583996447175,0,1,Videos,,,,,Lifetime,,74,1,1,0,0,0,,,,,,,,,
122108967147133214,61583996447175,"Juankada Jedi","Happy Weekend Juankada! 🥳🎉",,0,"12/14/2025 04:40",N/A,https://www.facebook.com/permalink.php?story_fbid=pfbid0Gk2z8934Gtz2QpwCE5RiQnCVqdE8tv7LnBHZ2gajDNNy33kkmTUbmzeWb6gWTWUul&id=61583996447175,0,1,Photos,,,,,Lifetime,186,77,1,1,0,0,0,,,,,,,,,
122118585585141442,61584243275518,"Juankada Lance","Greetings, Juankada! 😄 Belated Merry Christmas… better late than never, right?

#Juan365 #Juan365studio  #ALLINJUANLIVE  #Juan365ColorGame #fypviralシ","Greetings, Juankada! 😄 Belated Merry Christmas… better late than never, right?

#Juan365 #Juan365studio  #ALLINJUANLIVE  #Juan365ColorGame #fypviralシ",30,"12/26/2025 03:02",mixed,https://www.facebook.com/reel/24811296068548976/,0,0,Videos,,,,,Lifetime,127,61,19,16,2,1,0,,,823.408,9.148,0,0,0
122118665409141442,61584243275518,"Juankada Lance",,,0,"12/26/2025 10:52",N/A,https://www.facebook.com/permalink.php?story_fbid=pfbid028K6mqaBtXwdHBJNkVmWV2VYitF5bZwZNbXUhYfSpEKA5YWb4xUfjXdzkV8HwuUpQl&id=61584243275518,0,1,Photos,,,,,Lifetime,88,43,6,6,0,0,0,,,,,,,
122118729735141442,61584243275518,"Juankada Lance","POV: When words don’t work anymore
👉 Sayawan ng matindi na lang 🤣💃

#Juan365 #Juan365studio #ALLINJUANLIVE  #Juan365ColorGame #fypviralシ","POV: When words don’t work anymore
👉 Sayawan ng matindi na lang 🤣💃

#Juan365 #Juan365studio #ALLINJUANLIVE  #Juan365ColorGame #fypviralシ",16,"12/26/2025 19:02",N/A,https://www.facebook.com/reel/868991329401308/,0,0,Videos,,,,,Lifetime,196,82,26,17,2,7,25,,25,1264.528,9.298,0,0,0
122118811995141442,61584243275518,"Juankada Lance","POV: Sinasabi nilang masungit daw ako sa labas…
Tapos may nakatingin 😳 Hello po? 😂

#Juan365 #Juan365studio #ALLINJUANLIVE  #Juan365ColorGame","POV: Sinasabi nilang masungit daw ako sa labas…
Tapos may nakatingin 😳 Hello po? 😂

#Juan365 #Juan365studio #ALLINJUANLIVE  #Juan365ColorGame",9,"12/27/2025 05:33",N/A,https://www.facebook.com/reel/1196948921908501/,0,0,Videos,,,,,Lifetime,114,62,10,10,0,0,0,,,470.692,6.629,0,0,0
122118939117141442,61584243275518,"Juankada Lance","Antayin mo hanggang dulo… di ka magsisisi 👀🔥
Live, legit, at punong-puno ng thrill!

👉 Tap ❤️, Follow, at manuod hanggang dulo!

#Juan365 #Juan365Studio #ALLINJUANLIVE #Juan365ColorGame","Antayin mo hanggang dulo… di ka magsisisi 👀🔥
Live, legit, at punong-puno ng thrill!

👉 Tap ❤️, Follow, at manuod hanggang dulo!

#Juan365 #Juan365Studio #ALLINJUANLIVE #Juan365ColorGame",10,"12/27/2025 20:00",uploaded,https://www.facebook.com/reel/1182093370658660/,1,0,Videos,,,,,Lifetime,113,59,8,7,0,1,3,,3,508.714,7.372,0,0,0
122118968169141442,61584243275518,"Juankada Lance","Such a wonderful night and a core memory with the Juan365 family 🤍 Made even more special sharing it with my co-host, Juankada Alexchoozy 

#Juan365 #Juan365studio #ALLINJUANLIVE  #Juan365ColorGame #Memories #GoodVibes",,0,"12/28/2025 00:00",N/A,https://www.facebook.com/permalink.php?story_fbid=pfbid02HKTBnw5vvV26hYGR3gYTEU48jgLfba9y3uebSRftta41rLwhgjd2U4iWVVv2djgYl&id=61584243275518,0,0,Photos,,,,,Lifetime,364,135,29,25,2,2,15,6,9,,,,,
122118987783141442,61584243275518,"Juankada Lance","Mga tito na hindi sumasabay sa uso… kasi sila ang uso noon 😎💯 

Comment ""90's"" sa relate🥳

 #Juan365 #Juan365studio #ALLINJUANLIVE #Juan365ColorGame #Reels #TrendingReels","Mga tito na hindi sumasabay sa uso… kasi sila ang uso noon 😎💯 

Comment ""90's"" sa relate🥳

 #Juan365 #Juan365studio #ALLINJUANLIVE #Juan365ColorGame #Reels #TrendingReels",22,"12/28/2025 02:00",N/A,https://www.facebook.com/reel/895237386362999/,1,0,Videos,,,,,Lifetime,120,64,14,10,3,1,6,,6,963.546,11.47,0,0,0
122119039401141442,61584243275518,"Juankada Lance","A beautiful night with beautiful ladies ✨

Kasama sina Juankada Ellise at  JUANKada Host Ikay
tara, samahan niyo kami ngayong live at sabay-sabay mag-enjoy! 💖

🔴 Live at 10pm to 5am

👉 Comment & share para mas masaya!

#Juan365 #Juan365Studios #Juan365ColorGame",,0,"12/28/2025 07:00",N/A,https://www.facebook.com/permalink.php?story_fbid=pfbid0keXbrSZvsXGvAJ76oYoMC9radfw9jN8XMUFEFSCmcTVFnF3wyBZ7KCmj9aXRhNm1l&id=61584243275518,0,0,Photos,,,,,Lifetime,2023,717,53,46,0,7,106,49,57,,,,,
122119108443141442,61584243275518,"Juankada Lance","Juankada! Kung di ka nanood kanina… may na-miss ka 👀✨

👉 Follow & stay tuned para di ka na mahuli next time! 💖

#Juan365 #Juan365Studio #ALLINJUANLIVE #Juan365ColorGame","Juankada! Kung di ka nanood kanina… may na-miss ka 👀✨

👉 Follow & stay tuned para di ka na mahuli next time! 💖

#Juan365 #Juan365Studio #ALLINJUANLIVE #Juan365ColorGame",19,"12/28/2025 16:00",N/A,https://www.facebook.com/reel/1213733614031600/,1,0,Videos,,,,,Lifetime,156,60,19,11,6,2,5,,5,798.329,6.438,0,0,0
122119110909141442,61584243275518,"Juankada Lance","Something about nights like this just feels right 👀✨

If you know, you know.

👉 Follow for more. 

#Juan365 #Juanstudio  #ALLINJUANLIVE #Juan365ColorGame",,0,"12/28/2025 16:30",N/A,https://www.facebook.com/permalink.php?story_fbid=pfbid02xerLafVtZkJA13dCy1tzK9dTCHyDsVcYrgRWpYqmR1cGrkjFAzpyXghajJDgztxQl&id=61584243275518,0,0,Photos,,,,,Lifetime,242,86,27,22,4,1,16,5,11,,,,,
122119144587141442,61584243275518,"Juankada Lance","Last night was so thrilling! 🔥

Jackpots at kilig vibes nonstop… sayang kung di ka nakapanood! 😏✨

👉 Sama ka next LIVE!

#Juan365 #Juan365Studios #ALLINJUANLIVE #Juan365ColorGame","Last night was so thrilling! 🔥

Jackpots at kilig vibes nonstop… sayang kung di ka nakapanood! 😏✨

👉 Sama ka next LIVE!

#Juan365 #Juan365Studios #ALLINJUANLIVE #Juan365ColorGame",16,"12/28/2025 22:00",N/A,https://www.facebook.com/reel/1552293436041724/,1,0,Videos,,,,,Lifetime,117,60,19,16,2,1,4,,4,816.49,10.467,0,0,0
122119157001141442,61584243275518,"Juankada Lance","Juankada! Nakapag-mawie mawie na ba ang lahat? 👀🔥
Late na ba ako sa trend na ’to?

👉 Comment “Mawiewawi” kung naka-join ka na!

 #Juan365 #Juan365studio #ALLINJUANLIVE #Juan365ColorGame #Reels #TrendingReels","Juankada! Nakapag-mawie mawie na ba ang lahat? 👀🔥
Late na ba ako sa trend na ’to?

👉 Comment “Mawiewawi” kung naka-join ka na!

 #Juan365 #Juan365studio #ALLINJUANLIVE #Juan365ColorGame #Reels #TrendingReels",16,"12/29/2025 00:00",uploaded,https://www.facebook.com/reel/892684696529865/,1,0,Videos,,,,,Lifetime,86,51,6,5,0,1,0,,,419.164,6.653,0,0,0
122119213251141442,61584243275518,"Juankada Lance","Uy! Don’t miss out! 👀🚨
LIVE NA NGAYON at grabe na ang saya! Pasok na bago ka mahuli! 😱🔥",,0,"12/29/2025 06:39",N/A,https://www.facebook.com/permalink.php?story_fbid=pfbid0jGUfh7zEDdPNmbi1BDAuP3WfwiYeBRjC1ge6yfivu46JEjWysS4iTYp8NeRn8RMpl&id=61584243275518,0,1,Photos,,,,,Lifetime,98,40,4,4,0,0,6,2,4,,,,,
122119221933141442,61584243275518,"Juankada Lance","Cool, calm, and vibes on point! 🫶

👇 Drop an emoji that matches your mood today!
🎨 Color Game is LIVE! Play now on the Juan365 app or website and join the fun!

#Juan365 #Juan365Studio #ALLINJUANLIVE #Juan365ColorGame",,0,"12/29/2025 07:31",N/A,https://www.facebook.com/permalink.php?story_fbid=pfbid021u2Cd5ojaXMNqE4rfqd7McTAK15C3LQU2UH8yc4Wv3YZsfBorxpd9EpGN1o4vdmxl&id=61584243275518,0,0,Photos,,,,,Lifetime,216,88,8,6,1,1,8,4,4,,,,,
122119309137141442,61584243275518,"Juankada Lance","Throwback muna… nung mabalbon pa 😏
Rate mo nga from 1–10 sa comments 👇🔥

#Juan365 #Juan365studio #ALLINJUANLIVE  #Juan365ColorGame #TrendingReels #Reels","Throwback muna… nung mabalbon pa 😏
Rate mo nga from 1–10 sa comments 👇🔥

#Juan365 #Juan365studio #ALLINJUANLIVE  #Juan365ColorGame #TrendingReels #Reels",15,"12/29/2025 18:00",N/A,https://www.facebook.com/reel/1563253888129736/,1,0,Videos,,,,,Lifetime,60,37,4,3,1,0,2,,2,296.955,6.748,0,0,0
122119318731141442,61584243275518,"Juankada Lance","Chillin’ on set with the gorgeous Criselda Alvarez  ✨💖

Hit that ❤️ and stay tuned for more exclusive behind-the-scenes moments!

#Juan365 #Juan365studio #ALLINJUANLIVE #Juan365ColorGame #CriseldaAlvarez #ViralMoments #HotOnFeed",,0,"12/29/2025 20:00",N/A,https://www.facebook.com/permalink.php?story_fbid=pfbid023VCEGuARHD7mmJTJyH6rx4vfxMbQh5MhpnDVKCSWVWaN4GXYRbb93guyNVSjyK29l&id=61584243275518,0,0,Photos,,,,,Lifetime,153,81,9,8,0,1,5,4,1,,,,,
122119357059141442,61584243275518,"Juankada Lance","Tito’s still doing it, guys! 😎
Kaya pa rin sumabay sa Gen Z energy! 🔥🫶

Huwag mahuli—tune in na sa LIVE! 💥

 #Juan365 #Juan365studio #ALLINJUANLIVE #Juan365ColorGame #Reels #trendingreelsvideo #fypchallenge #mawiwawi #JuankadaPapaJoe #JuankadaLance","Tito’s still doing it, guys! 😎
Kaya pa rin sumabay sa Gen Z energy! 🔥🫶

Huwag mahuli—tune in na sa LIVE! 💥

 #Juan365 #Juan365studio #ALLINJUANLIVE #Juan365ColorGame #Reels #trendingreelsvideo #fypchallenge #mawiwawi #JuankadaPapaJoe #JuankadaLance",25,"12/30/2025 02:00",mixed,https://www.facebook.com/reel/1110556847693783/,1,0,Videos,,,,,Lifetime,82,58,11,8,3,0,7,,7,573.312,8.431,0,0,0
122119397853141442,61584243275518,"Juankada Lance","Follow and share the love 💙",,0,"12/30/2025 05:54",N/A,https://www.facebook.com/permalink.php?story_fbid=pfbid0yah9moUwgWyjYaNA5jXApVBeyr9XMMCFB3UK4fuJw6t3UTxmrHmgJbHCMxRHVYnrl&id=61584243275518,0,1,Photos,,,,,Lifetime,71,36,3,3,0,0,4,1,3,,,,,
122119411059141442,61584243275518,"Juankada Lance","It’s me, your gwapitong tito 😎✨ Don’t miss out — watch our live now sa Juan365 app and website🤩",,0,"12/30/2025 07:32",N/A,https://www.facebook.com/permalink.php?story_fbid=pfbid0QHRQFpkSPrFkVW33fWtBjhpoi4f2N96kbB64xDaXYNmMbfLSroFBACokHL82RL3Pl&id=61584243275518,0,1,Photos,,,,,Lifetime,113,49,4,4,0,0,6,2,4,,,,,
122119478859141442,61584243275518,"Juankada Lance","Hi everyone! It’s me, gwapito na tito Juankada Lance 😎✨ Check out my page, slide through my posts, follow, and share the love 💙 Don’t miss our live sa Juan365 app and website!

 #Juan365 #Juan365studio #ALLINJUANLIVE #Juan365ColorGame  #JuankadaLance #GwapitongTito #fypシ゚viralシfypシ゚",,0,"12/30/2025 20:00",N/A,https://www.facebook.com/permalink.php?story_fbid=pfbid02G44cYjuP4NrykKUmDHxyRw6AfAhq71vp3UHJhPSpsaQsXiVUWw2gTbT62oVZYsEzl&id=61584243275518,0,0,Photos,,,,,Lifetime,103,51,6,4,1,1,1,,1,,,,,
122119497675141442,61584243275518,"Juankada Lance","Mirror, mirror on the wall… who’s the gwapitong tito of them all? 😏✨

 #Juan365 #Juan365studios #ALLINJUANLIVE #Juan365ColorGame #JuankadaLance #GwapitongTito #fypシviralシfypシ゚",,0,"12/30/2025 23:00",N/A,https://www.facebook.com/permalink.php?story_fbid=pfbid0A3MciqwAD2LZV5uKU6qGN3t6HrtLLowtbfj11LmH3AWMZhjp19sb1UuCVo3GX1fTl&id=61584243275518,0,0,Photos,,,,,Lifetime,146,61,13,10,1,2,9,5,4,,,,,
122118569799141442,61584243275518,"Juankada Lance","Juankada Lance updated their cover photo.",,0,"12/26/2025 01:38",N/A,https://www.facebook.com/photo.php?fbid=122118569799141442&set=a.122098330299141442&type=3,0,0,Photos,,,,,Lifetime,0,0,8,8,0,0,0,,,,,,,
122125990059135583,61584067509799,"Juankada Ligaya","Manifesting: Rich girl na sa 2026🙊

Ano ang next na dance challenge?
Follow and drop “❤️” para sa daily dance vibes with me! 

#Juan365 #Juan365PH #AllInJuanSaSaya #JuanKada #Juan365ColorGame #LigayaLuvs #Ligaya #FollowNow #Lovelots #fyp #followers","Manifesting: Rich girl na sa 2026🙊

Ano ang next na dance challenge?
Follow and drop “❤️” para sa daily dance vibes with me! 

#Juan365 #Juan365PH #AllInJuanSaSaya #JuanKada #Juan365ColorGame #LigayaLuvs #Ligaya #FollowNow #Lovelots #fyp #followers",14,"12/30/2025 22:08",N/A,https://www.facebook.com/reel/1240093477930985/,0,0,Videos,,,,,Lifetime,1320,374,102,87,13,2,34,,34,6352.322,6.258,0,0,0
122125937931135583,61584067509799,"Juankada Ligaya","Thank you, LUVS, sa walang sawang suporta! 🥹💖

I-like, follow, at i-share nyo na ‘to para mas marami pa tayong mapa-𝗟𝗜𝗚𝗔𝗬𝗔 araw-araw.

Promise, more Ligaya pa ang darating! 🥰

#Juan365 #Juan365PH #AllInJuanSaSaya #JuanKada #Juan365ColorGame #LigayaLuvs #Ligaya #FollowNow #Lovelots #fyp #followers #Like #Share #followersreelsfypシ゚viralシfypシ゚viralシ",,0,"12/30/2025 15:00",N/A,https://www.facebook.com/JuankadaLigayaOfficialPage/posts/pfbid02CCQCZgCwm5UCZyaMY6aKa5u4uBPibjcHKRyWh8ctGMHE14By98QxLnKF2muA7buPl,0,0,Photos,,,,,Lifetime,306,109,23,18,5,0,22,2,20,,,,,
122125781457135583,61584067509799,"Juankada Ligaya","Sino ang nagenjoy kanina? alam mo na yan LUVS! 🥰

Follow & abang sa next LIVE—di ka pwedeng mawala ha?

Your girl, LIGAYAAA 💖

#Juan365 #Juan365PH #AllInJuanSaSaya #JuanKada #Juan365ColorGame #LigayaLuvs #Ligaya #FollowNow #Lovelots #fyp #followers",,0,"12/30/2025 01:31",N/A,https://www.facebook.com/JuankadaLigayaOfficialPage/posts/pfbid02rx44dYmShCx5NrfQXr3wBb9wHpNMmyg1DGcc2X1eK7RhLXkmF9puWY3iyknA8YBvl,0,0,Photos,,,,,Lifetime,2299,1182,86,76,6,4,71,28,43,,,,,
122125262697135583,61584067509799,"Juankada Ligaya","LIVE NA LIVE NA, LUVS! 😍🔥 Simula na natin ang kwentuhan, walang prenong kulitan, at may limpak-limpak na papremyo!

Nanonood ka na ba? Comment “🙋‍♀️🙋‍♂️” at tutok lang ilabas na ang lucky color mo today!

#Juan365 #Juan365PH #AllInJuanSaSaya #JuanKada #Juan365ColorGame #LigayaLuvs #Ligaya #FollowNow #Lovelots #fyp","LIVE NA LIVE NA, LUVS! 😍🔥 Simula na natin ang kwentuhan, walang prenong kulitan, at may limpak-limpak na papremyo!

Nanonood ka na ba? Comment “🙋‍♀️🙋‍♂️” at tutok lang ilabas na ang lucky color mo today!

#Juan365 #Juan365PH #AllInJuanSaSaya #JuanKada #Juan365ColorGame #LigayaLuvs #Ligaya #FollowNow #Lovelots #fyp",15,"12/29/2025 20:09",N/A,https://www.facebook.com/reel/1369283404575360/,0,0,Videos,,,,,Lifetime,1055,453,67,61,4,2,11,,11,5343.287,6.33,0,0,0
122125151049135583,61584067509799,"Juankada Ligaya","🌸 Mamayang LIVE, LUVS! 🌸
Abang-abang na sa kwentuhan at sayawan na punong-puno ng ligaya 🤍

May konting kulitan, may tawanan, at may papremyong magpapasaya sa’yo! 

Set your reminder 😊

#Juan365 #Juan365PH #AllInJuanSaSaya #JuanKada #Juan365ColorGame #LigayaLuvs #Ligaya #FollowNow #Lovelots #fyp #PlayNow",,0,"12/29/2025 14:33",N/A,https://www.facebook.com/JuankadaLigayaOfficialPage/posts/pfbid0xhoRPMmy4bPb1p6U8DpyS1gbxinEq226uM148jxjdkkndCUJTzJaYFwqhTBAC3ywl,0,0,Photos,,,,,Lifetime,2357,1191,64,52,7,5,48,11,37,,,,,
122124949149135583,61584067509799,"Juankada Ligaya","Kung napasaya ka ng live kanina, mas masaya pa ang susunod LUVS 🥰

Abangan n’yo ako palagi ha, Follow & notif on para sama-sama ulit tayo sa susunod na LIVE! ✨

#Juan365 #Juan365PH #AllInJuanSaSaya #JuanKada #Juan365ColorGame #LigayaLuvs #Ligaya #FollowNow #Lovelots","Kung napasaya ka ng live kanina, mas masaya pa ang susunod LUVS 🥰

Abangan n’yo ako palagi ha, Follow & notif on para sama-sama ulit tayo sa susunod na LIVE! ✨

#Juan365 #Juan365PH #AllInJuanSaSaya #JuanKada #Juan365ColorGame #LigayaLuvs #Ligaya #FollowNow #Lovelots",21,"12/28/2025 22:38",N/A,https://www.facebook.com/reel/1206380700896374/,0,0,Videos,,,,,Lifetime,595,413,70,69,0,1,31,,31,3972.938,8.435,0,0,0
122124755967135583,61584067509799,"Juankada Ligaya","Monday mood: Counting down the hours hanggang mag-LIVE na tayo laterrr! 6am to 2pm😍 

See you, LUVS! 👋✨

#Juan365 #Juan365PH #AllInJuanSaSaya #JuanKada #Juan365ColorGame #LigayaLuvs #Ligaya #FollowNow #Lovelots",,0,"12/28/2025 20:30",N/A,https://www.facebook.com/JuankadaLigayaOfficialPage/posts/pfbid02kTiTV9x5XsQ91ZNNQvDLeBXfKG6vLWzBnnriuhr24e8hmjSpT3W3cBtayneu1a9zl,0,0,Photos,,,,,Lifetime,4516,2258,246,222,16,8,155,54,101,,,,,
122124440121135583,61584067509799,"Juankada Ligaya","Bagong kulitan at sayawan with me mga LUVS! 

Abang abang na sa ating LIVE 🤭

❤️, Follow, and Share mo na yan for more kulitan with your pretty girl Ligayaaaa~ 

#juan365 #juan365PH #AllInJuanSaSaya #JuanKada
#Juan365ColorGame #LigayaLuvs #Ligaya #FollowNow #lovelots","Bagong kulitan at sayawan with me mga LUVS! 

Abang abang na sa ating LIVE 🤭

❤️, Follow, and Share mo na yan for more kulitan with your pretty girl Ligayaaaa~ 

#juan365 #juan365PH #AllInJuanSaSaya #JuanKada
#Juan365ColorGame #LigayaLuvs #Ligaya #FollowNow #lovelots",29,"12/27/2025 22:38",N/A,https://www.facebook.com/reel/1617455822952409/,0,0,Videos,,,,,Lifetime,1572,517,158,143,10,5,27,,27,11133.667,8.544,0,0,0
122123650545135583,61584067509799,"Juankada Ligaya","Sabay sabay tayo mag relapse😆❤️😘",,0,"12/26/2025 23:11",N/A,https://www.facebook.com/JuankadaLigayaOfficialPage/posts/pfbid0kgpcthRCNGydDqT4kVemzSWPWUGzTvpFuhGKUiwMjPSKJUM3mEBWFD5b7EzNRWn4l,0,1,Text,,,,,Lifetime,,219,22,18,4,0,25,,25,,,,,
122123630715135583,61584067509799,"Juankada Ligaya","Bright smile for a good day ahead Luvs!✨
Hope I make you smile today

Drop 💖and spread the ligaya vibes

#juan365 #juan365PH #AllInJuanSaSaya #JuanKada
#Juan365ColorGame #LigayaLuvs #Ligaya #FollowNow #Lovelots",,0,"12/26/2025 20:31",N/A,https://www.facebook.com/JuankadaLigayaOfficialPage/posts/pfbid036p4NGpmMBwmYESCaQLEUnEoscoBNiUj6sMvRq2hXyWCPnZgvBDn16DzqgPNt5RVil,0,0,Photos,,,,,Lifetime,4951,2450,148,119,19,10,141,46,95,,,,,
122122467537135583,61584067509799,"Juankada Ligaya","Hi Luvs! Gising na ba kayo? 😴

Konting galaw para maalala ng katawan na need mo na mag work ulit 😵‍💫

Comment “AYOKO PA” kung same feels. Follow for more kulitan araw-araw ❤️

#Juan365 #Juan365PH #AllInJuanSaSaya #JuanKada #Juan365ColorGame #LigayaLuvs #Ligaya #FollowNow #Lovelots","Hi Luvs! Gising na ba kayo? 😴

Konting galaw para maalala ng katawan na need mo na mag work ulit 😵‍💫

Comment “AYOKO PA” kung same feels. Follow for more kulitan araw-araw ❤️

#Juan365 #Juan365PH #AllInJuanSaSaya #JuanKada #Juan365ColorGame #LigayaLuvs #Ligaya #FollowNow #Lovelots",20,"12/25/2025 20:40",N/A,https://www.facebook.com/reel/25634964812850316/,0,0,Videos,,,,,Lifetime,1250,571,167,97,36,34,18,,18,8255.472,8.581,0,0,0
122122044099135583,61584067509799,"Juankada Ligaya","Christmas hits better with good people around. Ligaya is meant to be shared, not kept 🎄✨ 

React ❤️ if you agree! 

#Juan365 #Juan365PH #AllInJuanSaSaya #JuanKada #Juan365ColorGame #LigayaLuvs #Ligaya #FollowNow #Lovelots","Christmas hits better with good people around. Ligaya is meant to be shared, not kept 🎄✨ 

React ❤️ if you agree! 

#Juan365 #Juan365PH #AllInJuanSaSaya #JuanKada #Juan365ColorGame #LigayaLuvs #Ligaya #FollowNow #Lovelots",11,"12/24/2025 23:10",N/A,https://www.facebook.com/reel/767153282305885/,0,0,Videos,,,,,Lifetime,2489,613,121,99,16,6,37,,37,9232.553,4.543,0,0,0
122121555423135583,61584067509799,"Juankada Ligaya","Few hours before Christmas..
Merry Christmas Luvs 💕

Comment your “💖” share, and spread the ligaya ✨

#Juan365 #Juan365PH #AllInJuanSaSaya #JuanKada #Juan365ColorGame #LigayaLuvs #Ligaya #FollowNow #Lovelots","Few hours before Christmas..
Merry Christmas Luvs 💕

Comment your “💖” share, and spread the ligaya ✨

#Juan365 #Juan365PH #AllInJuanSaSaya #JuanKada #Juan365ColorGame #LigayaLuvs #Ligaya #FollowNow #Lovelots",14,"12/23/2025 21:38",N/A,https://www.facebook.com/reel/2886755098201379/,0,0,Videos,,,,,Lifetime,2662,1133,141,118,19,4,48,,48,10444.286,4.566,0,0,0
122120921421135583,61584067509799,"Juankada Ligaya","Kita kits sa live later! 2pm❤️💙💛",,0,"12/22/2025 18:49",N/A,https://www.facebook.com/JuankadaLigayaOfficialPage/posts/pfbid0FmFD4kaFXBZXH7EhbWk1yxVcDs4LaCtbShyQgtNRc48r9DwbgzhMLxvZsd8s5cSwl,0,1,Videos,,,,,Lifetime,,151,9,9,0,0,4,,4,,,,,
122120808789135583,61584067509799,"Juankada Ligaya","BUKAS NA😍 Team mid shift tayo guys 2pm to 10pm💙🧡",,0,"12/22/2025 06:49",N/A,https://www.facebook.com/JuankadaLigayaOfficialPage/posts/pfbid02X8wkm5SpPZLtnhakzSyEp1RLngbiRg7eNB8wdYG9nKfsPpnEh4NbVQR6PBfiYCSTl,0,1,Photos,,,,,Lifetime,289,156,9,9,0,0,4,3,1,,,,,
122119712217135583,61584067509799,"Juankada Ligaya","Malapit na Juankada! Ready na ba kayo maki All in Juan sa Saya?

#Juan365Studios #Juan365 #JuankadaLigaya #ALLINJUANLIVE #JuankadaHosts #Juankada",,0,"12/21/2025 00:58",N/A,https://www.facebook.com/photo.php?fbid=122119712217135583&set=a.122100489423135583&type=3,0,0,Photos,,,,,Lifetime,16,2,15,15,0,0,0,,,,,,,
122119529787135583,61584067509799,"Juankada Ligaya","Hi Juankada! I’m JuanKada Ligaya, ang mag dadala ng ligaya at good vibes sa Color Game ng Juan365 Studios! 

Kitakits everyJUAN!

#Juan365Studios #Juan365 #JuankadaLigaya  #AllInJuanSaSaya #Juan365Ph #Juankada",,0,"12/20/2025 01:38",N/A,https://www.facebook.com/photo.php?fbid=122119529787135583&set=a.122100486537135583&type=3,0,0,Photos,,,,,Lifetime,3495,1617,119,101,14,4,26,5,21,,,,,
122104564947135583,61584067509799,"Juankada Ligaya","Juankada Ligaya added a new photo.",,0,"11/30/2025 07:52",N/A,https://www.facebook.com/photo.php?fbid=122104564947135583&set=a.122100486537135583&type=3,0,0,Photos,,,,,Lifetime,469,201,13,11,1,1,1,,1,,,,,
122102915691141115,61584233476725,"Juankada Papa Joe","Juankada Papa Joe added a new photo.",,0,"12/01/2025 18:31",N/A,https://www.facebook.com/photo.php?fbid=122102915691141115&set=a.122102888301141115&type=3,0,0,Photos,,,,,Lifetime,118,76,1,0,0,1,0,,,,,,,,
122102917203141115,61584233476725,"Juankada Papa Joe","JUANkadaaaaaaaa angkol is hereeee!!!!!",,0,"12/01/2025 18:32",N/A,https://www.facebook.com/permalink.php?story_fbid=pfbid0ibbhQyJTiepLXfkVHe9n1d1ozWgJzszh44QyEP2tPnN3qZRMW3SAqVkn8qnKe7i6l&id=61584233476725,0,0,Text,,,,,Lifetime,156,78,9,0,9,0,2,,2,,,,,,
122102925255141115,61584233476725,"Juankada Papa Joe","Juankada Papa Joe updated their cover photo.",,0,"12/01/2025 18:46",N/A,https://www.facebook.com/photo.php?fbid=122102925255141115&set=a.122102925279141115&type=3,0,0,Photos,,,,,Lifetime,6,2,0,0,0,0,1,,1,,,,,,
122104314651141115,61584233476725,"Juankada Papa Joe","Meet your Juankada Host Papa Joe 😊🩵🧡 

See you real soon sa live 🫰🏻 

#Juan365 #JuankadaHostPapaJoe",,0,"12/05/2025 07:20",N/A,https://www.facebook.com/permalink.php?story_fbid=pfbid0N1AgFA8GJT26guSRBrMf8RbicQQDn9zEwQW4F8X5Y5HknQTnFpeatgudYzJ7B1f2l&id=61584233476725,0,0,Photos,,,,,Lifetime,1141,451,41,39,0,2,112,55,57,,,,,,
122104473159141115,61584233476725,"Juankada Papa Joe",,,0,"12/06/2025 01:25",N/A,https://www.facebook.com/permalink.php?story_fbid=pfbid02oAei1d9KSLyfEmj9DVdHt1VYLRFeYeg6s1Q6K7sXUVYJN95JxKNsFacSUcUAvhwJl&id=61584233476725,0,1,Live,,,,,Lifetime,,57,0,0,0,0,0,,,,,,,,
122104473231141115,61584233476725,"Juankada Papa Joe",,,0,"12/06/2025 01:25",N/A,https://www.facebook.com/permalink.php?story_fbid=pfbid02H5mRFANYMCAazCPQdtJYcfdMyLgaR25PTPkQXgsCYb2CVpL4KJdSAE4oJjF2bbel&id=61584233476725,0,1,Photos,,,,,Lifetime,148,67,0,0,0,0,11,2,7,,,,,,2
122107329057141115,61584233476725,"Juankada Papa Joe",,,0,"12/18/2025 03:12",N/A,https://www.facebook.com/permalink.php?story_fbid=pfbid0iaqMjZ23DgvdRQZEve943qGaPjzxHjqjqH8KZjc5vLx7yGHx1cVCh6hFsSdAKPrjl&id=61584233476725,0,1,Photos,,,,,Lifetime,126,61,0,0,0,0,0,,,,,,,,
122107681419141115,61584233476725,"Juankada Papa Joe","Hi Juankada! I’m JuanKada Papa Joe, kasama n’yo sa laro kung saan kulay ang bida dito sa Juan365 Studios!

Kitakits everyJUAN!

#Juan365Studio #Juan365 #JuakadaPapaJoe #AllInJuanSaSaya #Juan365Ph #Juankada",,0,"12/20/2025 01:40",N/A,https://www.facebook.com/photo.php?fbid=122107681419141115&set=a.122102888301141115&type=3,0,0,Photos,,,,,Lifetime,223,86,11,8,3,0,13,1,12,,,,,,
122107823349141115,61584233476725,"Juankada Papa Joe","Colorrrr Gameeee Live Soooonnnnnn Juankada 😊🥳",,0,"12/20/2025 23:47",N/A,https://www.facebook.com/permalink.php?story_fbid=pfbid02V8xsf5ZGJPrAqojZkT92tRfdsX3DJSFx7Ei7TZ4xSrSVbea9pCmamBVVMBgEf9kfl&id=61584233476725,0,1,Text,,,,,Lifetime,,69,2,2,0,0,4,,4,,,,,,
122107852575141115,61584233476725,"Juankada Papa Joe","Malapit na Juankada! Ready na ba kayo maki All in Juan sa Saya?

#Juan365Studios #Juan365 #JuankadaPapaJoe #ALLINJUANLIVE #JuankadaHosts #Juankada",,0,"12/21/2025 03:50",N/A,https://www.facebook.com/photo.php?fbid=122107852575141115&set=a.122102925279141115&type=3,0,0,Photos,,,,,Lifetime,890,331,45,34,10,1,0,,,,,,,,
122108060379141115,61584233476725,"Juankada Papa Joe",,,0,"12/22/2025 04:12",N/A,https://www.facebook.com/permalink.php?story_fbid=pfbid0MQL6Zk1FzHvoyFp1fzj5CXgCgEm28asMTTBUVGUJYfZ3gZhSJrASxSZFJsiKTQaBl&id=61584233476725,0,1,Photos,,,,,Lifetime,197,87,2,2,0,0,2,1,1,,,,,,
122108954883141115,61584233476725,"Juankada Papa Joe","Hello fam How's your christmas?🎄
Tara samahan niyo ko sa live mamayang 2:00PM-10PM.
Don’t miss it 😉

It's your boy Papa Joe!
Follow for more!💙

#Juan365Studios #ALLINJUANLIVE #JuankadaPapaJoe #JuankadaHosts #Juan365 #fypviralシ","Hello fam How's your christmas?🎄
Tara samahan niyo ko sa live mamayang 2:00PM-10PM.
Don’t miss it 😉

It's your boy Papa Joe!
Follow for more!💙

#Juan365Studios #ALLINJUANLIVE #JuankadaPapaJoe #JuankadaHosts #Juan365 #fypviralシ",23,"12/26/2025 19:02",N/A,https://www.facebook.com/reel/1871417830208742/,0,0,Videos,,,,,Lifetime,1332,113,20,19,0,1,2,,2,2461.005,5.555,0,0,0,
122109134139141115,61584233476725,"Juankada Papa Joe","Hello Joekada! 🥰
On the way to work, tara samahan niyo ko at makisaya sa live mamayang 2PM - 10PM.

See you sa live Juankada!😊💙

#Juan365Studios #ALLINJUANLIVE #JuankadaPapaJoe #JuankadaHosts #Juan365 #fbreelsfypシ゚","Hello Joekada! 🥰
On the way to work, tara samahan niyo ko at makisaya sa live mamayang 2PM - 10PM.

See you sa live Juankada!😊💙

#Juan365Studios #ALLINJUANLIVE #JuankadaPapaJoe #JuankadaHosts #Juan365 #fbreelsfypシ゚",20,"12/27/2025 19:00",N/A,https://www.facebook.com/reel/1376519510692840/,1,0,Videos,,,,,Lifetime,1295,414,22,19,3,0,16,,16,5988.338,5.184,0,0,0,
122109149793141115,61584233476725,"Juankada Papa Joe","Quick update lang mga Joekada! 😊

Live na kami mamayang 2PM kasama sina Juankada Host Jedi  at Juankada Host Starr. Samahan niyo kami, kita-kits!🥰

#Juan365Studios #ALLINJUANLIVE #JuankadaPapaJoe #JuankadaHosts #Juan365 #fbreelsfypシ゚","Quick update lang mga Joekada! 😊

Live na kami mamayang 2PM kasama sina Juankada Host Jedi  at Juankada Host Starr. Samahan niyo kami, kita-kits!🥰

#Juan365Studios #ALLINJUANLIVE #JuankadaPapaJoe #JuankadaHosts #Juan365 #fbreelsfypシ゚",40,"12/27/2025 21:53",N/A,https://www.facebook.com/reel/2412831149150992/,0,0,Videos,,,,,Lifetime,574,230,16,14,0,2,6,,6,3695.882,8.575,0,0,0,
122109275145141115,61584233476725,"Juankada Papa Joe","What happened last night was truly amazing—it was so much fun! ✨

Comment ‘❤️’ if you’d love to see us together again.

Follow for more!💙

#Juan365Studios #ALLINJUANLIVE #ColorGameLive #JuankadaPapaJoe #JuankadaHosts #Juan365 #fbreelsfypシ",,0,"12/28/2025 17:04",N/A,https://www.facebook.com/permalink.php?story_fbid=pfbid0tjaxS8o44LGzq2b9FbGcmJg9SJCAmhJsx1Z6ZZKr346dspeJCZAUszSTHMfQ4gqUl&id=61584233476725,0,0,Photos,,,,,Lifetime,945,424,23,18,1,4,26,14,12,,,,,,
122109307827141115,61584233476725,"Juankada Papa Joe","Quick update lang mga Joekada! 😊

Para sa mga nagtatanong kung saan mapapanood ang live, click niyo lang po ang link sa comment section ✨

See you!😁

#Juan365Studios #ALLINJUANLIVE #ColorGameLive #JuankadaPapaJoe #JuankadaHosts #Juan365 #fbreelsfypシ","Quick update lang mga Joekada! 😊

Para sa mga nagtatanong kung saan mapapanood ang live, click niyo lang po ang link sa comment section ✨

See you!😁

#Juan365Studios #ALLINJUANLIVE #ColorGameLive #JuankadaPapaJoe #JuankadaHosts #Juan365 #fbreelsfypシ",25,"12/28/2025 22:26",N/A,https://www.facebook.com/reel/1147189293896200/,0,0,Videos,,,,,Lifetime,1554,517,29,24,2,3,8,,8,3409.684,4.093,0,0,0,
122109575745141115,61584233476725,"Juankada Papa Joe","Ang kulay ang nagdesisyon, ang saya ang panalo! 🎨 

Congrats sa ating Color Game top winners kahapon!🤗

Comment your lucky color ⚪🟡🔵🔴🟢
Baka ikaw na ang susunod na mananalo!

#Juan365Studios #ALLINJUANLIVE #JuankadaPapaJoe #JuankadaHosts #Juan365 #fbreelsfypシ",,0,"12/29/2025 20:50",N/A,https://www.facebook.com/permalink.php?story_fbid=pfbid02kiEvqLyCqsEJ2TTr5aWcUwWw7nhoBNY85vRZPV653st5U5QGsBVAJzVzSNsfrEtAl&id=61584233476725,0,0,Photos,,,,,Lifetime,1099,486,21,17,0,4,20,14,6,,,,,,
122109578115141115,61584233476725,"Juankada Papa Joe","So grateful to Juan365  for the opportunity to be part of the team. Thank you for the trust and continued support. You’re the best! ✨

#Juan365Studios #ALLINJUANLIVE #JuankadaPapaJoe #JuankadaHosts #Juan365 #fbreelsfypシ",,0,"12/29/2025 20:55",N/A,https://www.facebook.com/permalink.php?story_fbid=pfbid0cWrFX7sKFARnHGJ2Q9uTqtsjyH8bS12PNZ6ApAjkMZkqSN3nomr7TjrJjehnwFG4l&id=61584233476725,0,0,Photos,,,,,Lifetime,1766,716,69,61,4,4,101,53,48,,,,,,
122109773511141115,61584233476725,"Juankada Papa Joe","Fit check😎🔥 
Style is a way to say who you are without having to speak. 

Don’t forget to follow, like, and share! 💙

#Juan365Studios #ALLINJUANLIVE #JuankadaPapaJoe #juankadahosts #Juan365 #fbreels2025ツ #fitcheck","Fit check😎🔥 
Style is a way to say who you are without having to speak. 

Don’t forget to follow, like, and share! 💙

#Juan365Studios #ALLINJUANLIVE #JuankadaPapaJoe #juankadahosts #Juan365 #fbreels2025ツ #fitcheck",29,"12/30/2025 23:02",N/A,https://www.facebook.com/reel/1270932484869007/,0,0,Videos,,,,,Lifetime,1742,253,53,35,15,3,7,,7,6937.652,4.29,0,0,0,
122108647239145396,61584361885503,"Juankada Sabbie",,,0,"12/17/2025 03:07",N/A,https://www.facebook.com/permalink.php?story_fbid=pfbid0i3ASin9PzPuqM5vCrkLjx9chPXaBnmVcLbcSH5BpK6aULykoMnrj5vT825Cc8CCwl&id=61584361885503,0,1,Videos,,,,,Lifetime,,164,5,5,0,0,4,,4,,,,,
122109074151145396,61584361885503,"Juankada Sabbie",,,0,"12/19/2025 00:44",N/A,https://www.facebook.com/permalink.php?story_fbid=pfbid0KGp7BHm4AV69DgkM3LHJFKTibPt7XeAzNYfsLfuGepnqHjJfGG3weGw6VpqL5kSEl&id=61584361885503,0,1,Photos,,,,,Lifetime,499,192,10,10,0,0,1,,1,,,,,
122109701685145396,61584361885503,"Juankada Sabbie",,,0,"12/20/2025 22:05",N/A,https://www.facebook.com/permalink.php?story_fbid=pfbid0uGVXmVPGnawVdGnW5zcZMkH12dbRQwGh8tiTBWeCWEi3or6HvBUc6s1G4CygZsCcl&id=61584361885503,0,1,Text,,,,,Lifetime,,174,8,7,1,0,2,,2,,,,,
122109739413145396,61584361885503,"Juankada Sabbie","Hello Juankada! 🎉 Juankada Sabbie here — kasama n’yo sa kulitan, hula, at tawa sa Color Game ng Juan365 studios! 

Kitakits everyJUAN!

#Juan365Studios #JuankadaSabbie #Juan365 #ALLINJUANLIVE #JuankadaHosts #Juankada",,0,"12/21/2025 03:17",N/A,https://www.facebook.com/photo.php?fbid=122109739413145396&set=a.122094562035145396&type=3,0,0,Photos,,,,,Lifetime,3147,1069,117,100,14,3,268,53,215,,,,,
122109739593145396,61584361885503,"Juankada Sabbie","Malapit na Juankada! Ready na ba kayo maki All in Juan sa Saya?

#Juan365Studios #JuankadaSabbie #Juan365 #ALLINJUANLIVE #JuankadaHosts #Juankada",,0,"12/21/2025 03:18",N/A,https://www.facebook.com/photo.php?fbid=122109739593145396&set=a.122094606033145396&type=3,0,0,Photos,,,,,Lifetime,2,1,7,7,0,0,0,,,,,,,
122110466769145396,61584361885503,"Juankada Sabbie","Christmas vibes is totally here Juankada! 🎄

Be part ng makulay at maligayang pasko! Follow for more 😘

Comment 🎄 if your feeling the vibes !
#Juan365 #Juan365PH #AllInJuanSaSaya #JuanKada #Juan365ColorGame #JuankadaSabbie
 #Followme #trending #fyp #reels","Christmas vibes is totally here Juankada! 🎄

Be part ng makulay at maligayang pasko! Follow for more 😘

Comment 🎄 if your feeling the vibes !
#Juan365 #Juan365PH #AllInJuanSaSaya #JuanKada #Juan365ColorGame #JuankadaSabbie
 #Followme #trending #fyp #reels",14,"12/24/2025 06:47",N/A,https://www.facebook.com/reel/1630764504954921/,0,0,Videos,,,,,Lifetime,957,627,33,25,7,1,23,,23,4291.018,5.713,0,0,0
122110830069145396,61584361885503,"Juankada Sabbie","Its been a week, but still can't forget this pretty girl Sabbieee~

React ❤️ kung agree ka sa pretty na part

#Juan365 #Juan365PH #AllInJuanSaSaya #JuanKada #Juan365ColorGame #JuankadaSabbies
 #Followme #trending #fyp #reels","Its been a week, but still can't forget this pretty girl Sabbieee~

React ❤️ kung agree ka sa pretty na part

#Juan365 #Juan365PH #AllInJuanSaSaya #JuanKada #Juan365ColorGame #JuankadaSabbies
 #Followme #trending #fyp #reels",12,"12/25/2025 23:00",N/A,https://www.facebook.com/reel/860274253547871/,0,0,Videos,,,,,Lifetime,2813,926,191,163,25,3,140,,140,16502.935,8.177,0,0,0
122111034639145396,61584361885503,"Juankada Sabbie","Daylight check? Still pretty.😉

#Juan365 #Juan365PH #AllInJuanSaSaya #JuanKada #Juan365ColorGame #JuankadaSabbies
#Followme #trending #fyp #reels","Daylight check? Still pretty.😉

#Juan365 #Juan365PH #AllInJuanSaSaya #JuanKada #Juan365ColorGame #JuankadaSabbies
#Followme #trending #fyp #reels",41,"12/26/2025 19:30",N/A,https://www.facebook.com/reel/1447383800728376/,0,0,Videos,,,,,Lifetime,3947,2904,109,102,6,1,104,,104,22284.193,6.261,0,0,0
122111222589145396,61584361885503,"Juankada Sabbie","Juankada Sabbie is all smiles and all set before hitting the stage 🎥💄
Ready na ang good vibes, swerte, at saya bago magsimula ang Juan365 Color Game Live!

Abangan n’yo ang energy niya mamaya — sabay-sabay tayong maki-kulay, maki-swerte, at maki-saya! 🔴🟡🔵🟢
Who’s excited to play with Juankada Sabbie? 🙋‍♂️🙋‍♀️

#Juan365 #Juan365PH #AllInJuanSaSaya #JuanKada #Juan365ColorGame #JuankadaSabbies
#Followme #trending #fyp #reels","Juankada Sabbie is all smiles and all set before hitting the stage 🎥💄
Ready na ang good vibes, swerte, at saya bago magsimula ang Juan365 Color Game Live!

Abangan n’yo ang energy niya mamaya — sabay-sabay tayong maki-kulay, maki-swerte, at maki-saya! 🔴🟡🔵🟢
Who’s excited to play with Juankada Sabbie? 🙋‍♂️🙋‍♀️

#Juan365 #Juan365PH #AllInJuanSaSaya #JuanKada #Juan365ColorGame #JuankadaSabbies
#Followme #trending #fyp #reels",26,"12/27/2025 15:47",N/A,https://www.facebook.com/reel/1487831025616119/,0,0,Videos,,,,,Lifetime,3626,3117,50,49,1,0,34,,34,19763.994,6.084,0,0,0
122111446491145396,61584361885503,"Juankada Sabbie","Mirror mirror on the wall,
Let's all welcome our Sabbie on the floor ❤️

Drop a ❤️ kung gusto mo swertehin

#Juan365 #Juan365PH #AllInJuanSaSaya #JuanKada #Juan365ColorGame #JuankadaSabbies
#Followme #trending #fyp #reels","Mirror mirror on the wall,
Let's all welcome our Sabbie on the floor ❤️

Drop a ❤️ kung gusto mo swertehin

#Juan365 #Juan365PH #AllInJuanSaSaya #JuanKada #Juan365ColorGame #JuankadaSabbies
#Followme #trending #fyp #reels",19,"12/28/2025 18:04",N/A,https://www.facebook.com/reel/883608314164485/,0,0,Videos,,,,,Lifetime,2280,1930,23,23,0,0,11,,11,10577.503,5.339,0,0,0
122111509191145396,61584361885503,"Juankada Sabbie","Are you guys ready to watch this beautiful lady live on colorgame? 
Watch na! 6am-2pm tomorrow! See you Sabbies 😉💖

Tag your friends to join us on our next LIVE🥰

#Juan365 #Juan365PH #AllInJuanSaSaya #JuanKada #Juan365ColorGame #JuankadaSabbie
#Followme #trending #fyp #reels","Are you guys ready to watch this beautiful lady live on colorgame? 
Watch na! 6am-2pm tomorrow! See you Sabbies 😉💖

Tag your friends to join us on our next LIVE🥰

#Juan365 #Juan365PH #AllInJuanSaSaya #JuanKada #Juan365ColorGame #JuankadaSabbie
#Followme #trending #fyp #reels",32,"12/29/2025 01:38",N/A,https://www.facebook.com/reel/25466113629675746/,0,0,Videos,,,,,Lifetime,3371,2997,106,97,8,1,52,,52,18944.131,6.144,0,0,0
122111614401145396,61584361885503,"Juankada Sabbie","Goodmorning Sabbies🌞💖

Ready na ba kayo sa panibagong umaga na puno ng saya at swerte? ☺️ Watch us live sa Juan365 App at website 

Don’t miss the fun!

#Juan365 #Juan365Studios #AllInJuanSaSaya #Juankada #Juan365ColorGame #ALLINJUANLIVE #ColorGameLive #juankadasabbie",,0,"12/29/2025 14:45",N/A,https://www.facebook.com/permalink.php?story_fbid=pfbid0twbh7CBALebFJcURU7WvRWjgByWkpmUfYnUa5jnnBwvRd2bQNqUZKSJuciE18YEYl&id=61584361885503,0,0,Photos,,,,,Lifetime,265,91,17,17,0,0,5,1,4,,,,,
122111652375145396,61584361885503,"Juankada Sabbie","From energy hanggang swerte vibes — Juankada Sabbie owned the stage sa Juan365 Color Game Live! 💃🎤
Every banat, every tawa, every kulay — solid performance na hindi mo pwedeng palampasin!

Kung napasaya ka niya live, this one’s for you.
Kung na-miss mo, panoorin mo na ‘to at humabol sa saya! 🔴🟡🔵🟢

Drop a ❤️ kung bet mo ang performance ni Juankada Sabbie!

#Juan365 #Juan365PH #AllInJuanSaSaya #JuanKada #Juan365ColorGame #JuankadaSabbies
#Followme #trending #fyp #reels","From energy hanggang swerte vibes — Juankada Sabbie owned the stage sa Juan365 Color Game Live! 💃🎤
Every banat, every tawa, every kulay — solid performance na hindi mo pwedeng palampasin!

Kung napasaya ka niya live, this one’s for you.
Kung na-miss mo, panoorin mo na ‘to at humabol sa saya! 🔴🟡🔵🟢

Drop a ❤️ kung bet mo ang performance ni Juankada Sabbie!

#Juan365 #Juan365PH #AllInJuanSaSaya #JuanKada #Juan365ColorGame #JuankadaSabbies
#Followme #trending #fyp #reels",47,"12/29/2025 21:36",N/A,https://www.facebook.com/reel/1882208285717797/,0,0,Videos,,,,,Lifetime,3134,2707,86,66,19,1,85,,85,23277.411,8.121,0,0,0
122111682327145396,61584361885503,"Juankada Sabbie","Hello Sabbies ☺️💖 
Here’s our Behind the Scene today!
Still bungisngis on-cam or off-cam pa yan🤪

Isang❤️ naman kung isa ka sa napangiti ni Juankda Sabbie! 🥰

#Juan365 #Juan365PH #AllInJuanSaSaya #JuanKada #Juan365ColorGame #JuankadaSabbies
#Followme #trending #fyp #reels","Hello Sabbies ☺️💖 
Here’s our Behind the Scene today!
Still bungisngis on-cam or off-cam pa yan🤪

Isang❤️ naman kung isa ka sa napangiti ni Juankda Sabbie! 🥰

#Juan365 #Juan365PH #AllInJuanSaSaya #JuanKada #Juan365ColorGame #JuankadaSabbies
#Followme #trending #fyp #reels",19,"12/30/2025 02:13",N/A,https://www.facebook.com/reel/1548381503086700/,0,0,Videos,,,,,Lifetime,2708,2376,39,37,1,1,19,,19,9741.111,3.988,0,0,0
122111883963145396,61584361885503,"Juankada Sabbie","Goodmorning mahal kong SABBIES! 🫶
Ready na ulit kame maghatid ng swerte, saya at ngiti sainyo♥️

LIVE tayo 6AM–2PM!
Log in na! Sama-sama tayong maging masaya buong umaga!✨

#Juan365 #Juan365PH #AllInJuanSaSaya #JuanKada #Juan365ColorGame #JuankadaSabbies
#Followme #trending #fyp #reels",,0,"12/30/2025 16:02",N/A,https://www.facebook.com/permalink.php?story_fbid=pfbid02gbWQ2K7sRui7ZSf3agQdDEn6DwnQrygaCDbFwrTqQqU39qC84ScvsmJW5XsrsDxjl&id=61584361885503,0,0,Photos,,,,,Lifetime,660,222,25,23,1,1,38,25,13,,,,,
122106895353149417,61584482528597,"Juankada Shann",,,0,"12/19/2025 21:51",N/A,https://www.facebook.com/JuankadaShannOfficialPage/posts/pfbid0C1G9YzUzf31m4cb1TfhpgjRAh5Dg3TS4jAgiELUnFoLBYTdSaxkFHNJAZJqjCFt6l,0,1,Photos,,,,,Lifetime,29,18,2,2,0,0,0,,,,,,,,,
122106895425149417,61584482528597,"Juankada Shann",,,0,"12/19/2025 21:51",N/A,https://www.facebook.com/JuankadaShannOfficialPage/posts/pfbid037UW12AS1yUm8MZzbvTz5zUFpubgGeLhSUaBTKb2JghJC57wxRgr1YEZXGJSVuu99l,0,1,Videos,,,,,Lifetime,,18,1,1,0,0,1,,1,,,,,,,
122107082565149417,61584482528597,"Juankada Shann","Juankada Shann🌈

#Juan365Studio #Juan365  #Juankadahostshann #AllInJuanSaSaya #Juan365Ph #Juankada",,0,"12/20/2025 19:35",N/A,https://www.facebook.com/photo.php?fbid=122107082565149417&set=a.122099314527149417&type=3,0,0,Photos,,,,,Lifetime,118,47,11,10,1,0,6,,6,,,,,,,
122107105671149417,61584482528597,"Juankada Shann","Game na ba ang lahat for color game abangan😘
#JuanKada #Juan365 #juankadahostshann",,0,"12/20/2025 21:59",N/A,https://www.facebook.com/JuankadaShannOfficialPage/posts/pfbid037D6t3b1o5Tp793CyJEahZMipvZsYieNGvMwvFmTwxuN4oAqScmViZVtPxWLeowfJl,0,1,Text,,,,,Lifetime,,23,2,2,0,0,1,,1,,,,,,,
122107124751149417,61584482528597,"Juankada Shann","Juankada Shann updated their cover photo.",,0,"12/21/2025 00:12",N/A,https://www.facebook.com/photo.php?fbid=122107124751149417&set=a.122099315145149417&type=3,0,0,Photos,,,,,Lifetime,2,2,5,5,0,0,0,,,,,,,,,
122107439499149417,61584482528597,"Juankada Shann","Handa na bang maging makulay ang o kulayan ang iniyong mga kapalan ng ka suwertihan dahil kung oo download na ng juan365 at sabay sabay tayo mag laro ng COLOR GAME! #Juan365 #juan365studio #Juankadahostshann",,0,"12/22/2025 07:24",N/A,https://www.facebook.com/JuankadaShannOfficialPage/posts/pfbid02BLP7ocu4j6bwN9v3UhWe9RQK8zar2zjdpMxnrCF6zytnM7QFBbhAwXwFKUAgR3JHl,0,1,Photos,,,,,Lifetime,42,23,3,3,0,0,4,2,2,,,,,,,
122107462635149417,61584482528597,"Juankada Shann","Juankada! Onting sandali nalang🤩",,0,"12/22/2025 09:35",N/A,https://www.facebook.com/JuankadaShannOfficialPage/posts/pfbid0NYjFsjF8bmqtHidWcpi9VF19S1KtwPgGdRyfwjmE125YSpyz2PRRUDKNpnzpXFz8l,0,1,Photos,,,,,Lifetime,50,26,4,4,0,0,11,2,9,,,,,,,
122107488525149417,61584482528597,"Juankada Shann","Lets g mga ka juankada umpisahan ng kulayan ng kasuwertihan ang ating mga kapalaran🌈",,0,"12/22/2025 10:31",N/A,https://www.facebook.com/JuankadaShannOfficialPage/posts/pfbid02MyXc2tuUwhe97dDVCSZtq42Q5EnMKeH2HUSdo2j3Ffwj3L44ztXDLPvFgHkntqbMl,0,1,Photos,,,,,Lifetime,74,31,3,3,0,0,3,1,2,,,,,,,
122107556175149417,61584482528597,"Juankada Shann",,,0,"12/22/2025 18:11",N/A,https://www.facebook.com/JuankadaShannOfficialPage/posts/pfbid0nQ6RJA7S6ZbjeqAoGA1yuc7EeFANeME91BgFWuHdRhFDMudZxZmhywMpQA2gHN5ml,0,1,Text,,,,,Lifetime,,40,6,5,1,0,1,,1,,,,,,,
122107598817149417,61584482528597,"Juankada Shann","Hi shanshines 🌙 It’s your Juankada Shann. Parang opening scene ng paborito mong movie.  Smash ♥️ and follow now.","Hi shanshines ✨ It’s your Juankada Shann.
Parang opening scene ng paborito mong movie.

Smash ♥️ and follow now.

#Juan365Studios #Juan365 #ALLINJUANLIVE #JuankadaHosts #Juankada #foryoupage #reelsviral #phcontent #cinematiclife #aestheticvibes #creatorph #JuankadaShann #Shanshines",19,"12/23/2025 00:12",N/A,https://www.facebook.com/reel/2365544137228322/,0,0,Videos,,,,,Lifetime,342,116,22,16,3,3,18,,18,2525.401,10.35,0,0,0,,
122107626909149417,61584482528597,"Juankada Shann","Hi shanshines ✨ I’m Juankada Shann 💗
Good vibes, real feels this page is for you.

👉 Which photo do you like most?
👉 Tag your friends & follow for daily good vibes!

#JuankadaShann #Shanshines #GoodVibesOnly #FYP #ForYouPage #ReelsPH #CreatorPH #ViralPH #EngagementPost #Juan365Studios #Juan365 #ALLINJUANLIVE #JuankadaHosts #Juankada",,0,"12/23/2025 03:00",N/A,https://www.facebook.com/JuankadaShannOfficialPage/posts/pfbid0XvbXgFTsidAakRkhEoVZd2jgy8x4EdSN11gTJK6ouLnVcu8Sj9htWhVV4zrWaxPGl,0,0,Photos,,,,,Lifetime,106,39,7,7,0,0,9,6,3,,,,,,,
122107766613149417,61584482528597,"Juankada Shann","It’s you, Juankada Shann ✨
Maaga ang party, para ramdam na ang Pasko!
Kamusta Christmas niyo Shanshines?

👉 Share sa comment section, tag your friends, and follow for more good vibes!

#Juan365Studios #Juan365 #ALLINJUANLIVE #JuankadaHosts #Juankada  #ChristmasVibes #EarlyChristmas #HolidayFeels #PaskoNa #ReelsPH #FYP #ForYou #ViralPH #JuankadaShann #Shanshines","It’s you, Juankada Shann ✨
Maaga ang party, para ramdam na ang Pasko!
Kamusta Christmas niyo Shanshines?

👉 Share sa comment section, tag your friends, and follow for more good vibes!

#Juan365Studios #Juan365 #ALLINJUANLIVE #JuankadaHosts #Juankada  #ChristmasVibes #EarlyChristmas #HolidayFeels #PaskoNa #ReelsPH #FYP #ForYou #ViralPH #JuankadaShann #Shanshines",28,"12/23/2025 18:15",N/A,https://www.facebook.com/reel/2026690741460462/,0,0,Videos,,,,,Lifetime,269,92,25,19,5,1,11,,11,1884.864,8.766,0,0,0,,
122107767351149417,61584482528597,"Juankada Shann",,,0,"12/23/2025 18:23",N/A,https://www.facebook.com/JuankadaShannOfficialPage/posts/pfbid0iEXB6czrhnHQXn6kbcoN6DZrh7LCL9UW6Ra6acLWCcVy5eEmFNxkguZHsF37Z1TPl,0,1,Videos,,,,,Lifetime,,22,6,6,0,0,0,,,,,,,,,
122107779567149417,61584482528597,"Juankada Shann","Main character energy on 🌟
Swipe ➡️ and feel the Juankada Shann vibe!

👉 Which photo is your fave? Comment below!

#Juan365Studios #Juan365 #ALLINJUANLIVE #JuankadaHosts #Juankada #MainCharacterVibes #JuankadaShann #Shanshines #ReelsPH #GoodEnergy",,0,"12/23/2025 20:15",N/A,https://www.facebook.com/JuankadaShannOfficialPage/posts/pfbid0bXxAWmHqQTtiW1nmW8e6STrBFRQyX8KyzrB9w1Re8e7aTSucq72fFwWc93zVQrfEl,0,0,Photos,,,,,Lifetime,85,32,6,6,0,0,6,3,3,,,,,,,
122107847673149417,61584482528597,"Juankada Shann","Good vibes start here! Shanshines!!

Follow the page, 💗 , at share mo na rin.
Tag mo ang tropa mo at sama-sama tayo Shanshines ⭐✨

#JuankadaShann #FollowNow #GoodVibesPH #TrendingPH #ViralPH #FBReelsPH 
#Juan365Studios #Juan365 #ALLINJUANLIVE #JuankadaHosts #Shanshines","Good vibes start here! Shanshines!!

Follow the page, 💗 , at share mo na rin.
Tag mo ang tropa mo at sama-sama tayo Shanshines ⭐✨

#JuankadaShann #FollowNow #GoodVibesPH #TrendingPH #ViralPH #FBReelsPH 
#Juan365Studios #Juan365 #ALLINJUANLIVE #JuankadaHosts #Shanshines",8,"12/24/2025 02:08",N/A,https://www.facebook.com/reel/2709334939424814/,0,0,Videos,,,,,Lifetime,257,97,13,12,0,1,6,,6,1082.029,6.679,0,0,0,,
122107935747149417,61584482528597,"Juankada Shann","Merry Christmas everyJUAN😘

#JuankadaShann #GoodVibesPH 
#Juan365Studios #Juan365 #ALLINJUANLIVE #JuankadaHosts #Shanshines",,0,"12/24/2025 09:07",N/A,https://www.facebook.com/JuankadaShannOfficialPage/posts/pfbid02e6UbfAqAZ7ys8xJLda8t4GzEx5dU7WrTvqXUFvgZxXNbVizDKN6hspdGNGHZvjrpl,0,1,Text,,,,,Lifetime,,29,5,5,0,0,3,,3,,,,,,,
122107935801149417,61584482528597,"Juankada Shann",,,0,"12/24/2025 09:07",N/A,https://www.facebook.com/JuankadaShannOfficialPage/posts/pfbid024iHov58oVNMt8cYctCht4uBbL6obusYpL2MrbEQCsrdSv8tm6P94hGfvzb2TB4val,0,1,Videos,,,,,Lifetime,,30,5,4,1,0,2,,2,,,,,,,
122108205765149417,61584482528597,"Juankada Shann","Hi Shanshines! 🍬😁

Free candy sinong may gusto!😋

Comment YES, tag your friends, at sabay-sabay tayong mag-enjoy!

#Shanshines #FreeCandy #GoodVibesOnly #EngageNow #CommentDown #TagYourFriends
#JuankadaShann #FollowNow #GoodVibesPH #TrendingPH #ViralPH #FBReelsPH  #ALLINJUANLIVE","Hi Shanshines! 🍬😁

Free candy sinong may gusto!😋

Comment YES, tag your friends, at sabay-sabay tayong mag-enjoy!

#Shanshines #FreeCandy #GoodVibesOnly #EngageNow #CommentDown #TagYourFriends
#JuankadaShann #FollowNow #GoodVibesPH #TrendingPH #ViralPH #FBReelsPH  #ALLINJUANLIVE",23,"12/25/2025 20:18",N/A,https://www.facebook.com/reel/827385063462892/,0,0,Videos,,,,,Lifetime,207,129,9,7,2,0,12,,12,1695.735,12.026,0,0,0,,
122108226159149417,61584482528597,"Juankada Shann","Bet na at samahan ako sa saya at sa kasuwertihan",,0,"12/25/2025 23:01",N/A,https://www.facebook.com/JuankadaShannOfficialPage/posts/pfbid0newqvV7gWo1V92vDSm6dnc3qC6TZHmpF1dy5jZSfqYtutSy4MbwFCiLE5eLByD8fl,0,1,Text,,,,,Lifetime,,27,3,3,0,0,7,,7,,,,,,,
122108226315149417,61584482528597,"Juankada Shann",,,0,"12/25/2025 23:03",N/A,https://www.facebook.com/JuankadaShannOfficialPage/posts/pfbid02vBZruXeUhneGLL8oeBGzdUNuv2j8nZmRtf8WCn4nMPuUmGqZxSR7drpvqjehK9DUl,0,1,Photos,,,,,Lifetime,95,34,4,4,0,0,2,1,1,,,,,,,
122108226813149417,61584482528597,"Juankada Shann","Trending ang saya dito 😳🔥

Shanshines, tara na at makisabay! Play now ✨
👉 Comment “Juan365” smash ❤️ and follow me.

With  Juankada Jedi and Juankada Papa Joe 🤗 

#FYP #TrendingPH #GoodVibesOnly #ViralNow #PinoyVibes #GameTime #PlayAndWin #Juan365 #Juan365Live #Shanshines #ForYouPage","Trending ang saya dito 😳🔥

Shanshines, tara na at makisabay! Play now ✨
👉 Comment “Juan365” smash ❤️ and follow me.

With  @[61583996447175:2048:Juankada Jedi] and @[61584233476725:2048:Juankada Papa Joe] 🤗 

#FYP #TrendingPH #GoodVibesOnly #ViralNow #PinoyVibes #GameTime #PlayAndWin #Juan365 #Juan365Live #Shanshines #ForYouPage",15,"12/25/2025 23:05",N/A,https://www.facebook.com/reel/1986610588575434/,0,0,Videos,,,,,Lifetime,185,121,6,6,0,0,3,,3,1384.791,9.55,0,0,0,,
122108287137149417,61584482528597,"Juankada Shann","Bored? Cancelled ❌
Shanshines, let’s make today exciting! Play color game live and smile later 😁🔥

👉 Comment, tag your friends, and share this post ♥️

#NoBoredom #GoodDayPH #ViralContent #FYP2025 #TrendingPH #PinoyVibes #Juan365Live #PlayLive","Bored? Cancelled ❌
Shanshines, let’s make today exciting! Play color game live and smile later 😁🔥

👉 Comment, tag your friends, and share this post ♥️

#NoBoredom #GoodDayPH #ViralContent #FYP2025 #TrendingPH #PinoyVibes #Juan365Live #PlayLive",12,"12/26/2025 05:11",N/A,https://www.facebook.com/reel/1239422721570885/,0,0,Videos,,,,,Lifetime,198,122,8,8,0,0,2,,2,1134.633,7.934,0,0,0,,
122108395977149417,61584482528597,"Juankada Shann","Just me, my thoughts, and this view. 💖

Drop a ♥️ if you’re ready for more adorable content! Don’t forget to Follow! 🥰

#MoodCaptured #AestheticLife #SereneVibes #QuietMoments #VisualEscape #Juan365Studios #Juan365 #ALLINJUANLIVE #JuankadaHosts #Juankada #Nocopyright","Just me, my thoughts, and this view. 💖

Drop a ♥️ if you’re ready for more adorable content! Don’t forget to Follow! 🥰

#MoodCaptured #AestheticLife #SereneVibes #QuietMoments #VisualEscape #Juan365Studios #Juan365 #ALLINJUANLIVE #JuankadaHosts #Juankada #Nocopyright",11,"12/26/2025 19:28",N/A,https://www.facebook.com/reel/835697269256886/,0,0,Videos,,,,,Lifetime,119,95,4,4,0,0,4,,4,425.725,4.133,0,0,0,,
122108608575149417,61584482528597,"Juankada Shann","Be part of Shanshines

How to Join:
1,Follow Juankada Shann on Facebook.
2,Tap the “...” button beside Sign Up on our page.
3,Choose “Invite Friends”, tap “Select All”, then Send Invites.
4,Screenshot your invite list as proof.
5,Comment your screenshot to show that you followed and invited your friends

#Juan365Studios #Juan365 #ALLINJUANLIVE #JuankadaHosts #JuankadaShann #Shanshines",,0,"12/27/2025 20:00",N/A,https://www.facebook.com/JuankadaShannOfficialPage/posts/pfbid02iHMoafiqQifvZAKXQbbJHAhURVfJyebJKioYb5bxBuCA9FEWrJz6svPoFG6qfB2sl,0,0,Photos,,,,,Lifetime,237,90,7,5,1,1,15,3,12,,,,,,,
122108662587149417,61584482528597,"Juankada Shann",,,0,"12/28/2025 01:59",N/A,https://www.facebook.com/JuankadaShannOfficialPage/posts/pfbid0NNMXwiBeEyLAREyB2mtMsF9acBuEx952i4gCmTZLgJBRRujoMipuo7cWdFTNWsRZl,0,1,Live,,,,,Lifetime,,21,1,1,0,0,1,,1,,,,,,,
122108667951149417,61584482528597,"Juankada Shann","Parang maangas, pero. surprise! 💖🫣

Smash that ❤️ at hulaan sa comments kung sino o ano ito, Shanshines! 👀💫

#ShanshineMoment #GuessItRight #TrendingReels #SwipeAndSee #HeartVibes #Juan365Studios #Juan365 #ALLINJUANLIVE #JuankadaHosts #JuankadaShann #Shanshines","Parang maangas, pero. surprise! 💖🫣

Smash that ❤️ at hulaan sa comments kung sino o ano ito, Shanshines! 👀💫

#ShanshineMoment #GuessItRight #TrendingReels #SwipeAndSee #HeartVibes #Juan365Studios #Juan365 #ALLINJUANLIVE #JuankadaHosts #JuankadaShann #Shanshines",15,"12/28/2025 02:33",N/A,https://www.facebook.com/reel/1945673053029579/,0,0,Videos,,,,,Lifetime,227,129,10,10,0,0,10,,10,2779.118,18.164,0,0,0,,
122108704263149417,61584482528597,"Juankada Shann","Sali na baka ikaw na ang next winner🤗💗

#Juan365Studios #ALLINJUANLIVE #JuankadaHosts   #Juan365",,0,"12/28/2025 05:37",N/A,https://www.facebook.com/JuankadaShannOfficialPage/posts/pfbid05PiWaTVc4b9nv5JoiEH5zRNM7snHt6P5SFJuQk4ccqatdPgmgjofaLSAgghBiS5nl,0,1,Text,,,,,Lifetime,,24,1,1,0,0,1,,1,,,,,,,
122108816595149417,61584482528597,"Juankada Shann","Shanshines, game ka na ba?
Magic is calling sa Juan365 Color Game LIVE! 🎨🔥

💙 Heart this post at tag your friends na gusto mong isama sa laro! Let’s play and enjoy together! 🎮💥

#Juan365Studios #ALLINJUANLIVE #JuankadaHosts #JuankadaShann #Shanshines #Juan365 #ColorGameLive #ShanshinesSaJuan365 #PlayNow","Shanshines, game ka na ba?
Magic is calling sa Juan365 Color Game LIVE! 🎨🔥

💙 Heart this post at tag your friends na gusto mong isama sa laro! Let’s play and enjoy together! 🎮💥

#Juan365Studios #ALLINJUANLIVE #JuankadaHosts #JuankadaShann #Shanshines #Juan365 #ColorGameLive #ShanshinesSaJuan365 #PlayNow",26,"12/28/2025 18:59",N/A,https://www.facebook.com/reel/1189904423264649/,0,0,Videos,,,,,Lifetime,83,37,10,10,0,0,2,,2,553.929,10.257,0,0,0,,
122108816703149417,61584482528597,"Juankada Shann","Shanshines! Ready na ba kayo? 🫣

Guess the smell Comment your guess below! 👇❤️

#Juan365Studios #ALLINJUANLIVE #JuankadaHosts #JuankadaShann #Shanshines #Juan365 #Shanshines #GuessTheGame #FunnyChallenge #TrendingReels #LiveGameVibes","Shanshines! Ready na ba kayo? 🫣

Guess the smell Comment your guess below! 👇❤️

#Juan365Studios #ALLINJUANLIVE #JuankadaHosts #JuankadaShann #Shanshines #Juan365 #Shanshines #GuessTheGame #FunnyChallenge #TrendingReels #LiveGameVibes",16,"12/28/2025 19:00",N/A,https://www.facebook.com/reel/1854259751886450/,0,0,Videos,,,,,Lifetime,83,37,5,4,1,0,11,,11,379.463,7.297,0,0,0,,
122109005103149417,61584482528597,"Juankada Shann","Shanshines! Ready na ba kayo? 🔥
Samahan niyo kami sa ngiti, saya, at konting harutan sa Juan365 Color Game Live mamayang 6:30am✨

👉 Manood, maki join, at mag comment live! Kita-kits! 💛

#Juan365Studios #ALLINJUANLIVE #JuankadaHosts #JuankadaShann #Shanshines #Juan365 #GuessTheGame #FunnyChallenge #TrendingReels #LiveGameVibes",,0,"12/29/2025 14:19",N/A,https://www.facebook.com/JuankadaShannOfficialPage/posts/pfbid02Szga2SfjpKJeZC2sVgd129Mv1P7QicZHaRc8kC6xLHSJb6Ag4XbfQNBg9kjZuE4ml,0,0,Photos,,,,,Lifetime,96,32,3,3,0,0,6,3,3,,,,,,,
122109104733149417,61584482528597,"Juankada Shann","Cute, cozy, at ready na para sa 𝗖𝗼𝗹𝗼𝗿 𝗚𝗮𝗺𝗲 𝗦𝗵𝗮𝗻𝘀𝗵𝗶𝗻𝗲𝘀! 💙🎨

Comment your lucky color below, baka yan na ang manalo! 🍀👀

#ColorGameVibes #LuckyColor #CuteAndCozy #Juan365Live #GameTimePH #TrendingNow #Juan365Studios #Juan365 #ALLINJUANLIVE #JuankadaHosts #JuankadaShann #ShanshinesSaJuan365","Cute, cozy, at ready na para sa 𝗖𝗼𝗹𝗼𝗿 𝗚𝗮𝗺𝗲 𝗦𝗵𝗮𝗻𝘀𝗵𝗶𝗻𝗲𝘀! 💙🎨

Comment your lucky color below, baka yan na ang manalo! 🍀👀

#ColorGameVibes #LuckyColor #CuteAndCozy #Juan365Live #GameTimePH #TrendingNow #Juan365Studios #Juan365 #ALLINJUANLIVE #JuankadaHosts #JuankadaShann #ShanshinesSaJuan365",21,"12/30/2025 03:00",mixed,https://www.facebook.com/reel/1798060204226307/,1,0,Videos,,,,,Lifetime,40,28,3,3,0,0,5,,5,222.027,6.728,0,0,0,,
122109124101149417,61584482528597,"Juankada Shann","𝗛𝗶 𝗦𝗵𝗮𝗻𝘀𝗵𝗶𝗻𝗲𝘀 𝘀𝗺𝗶𝗹𝗲 𝗺𝘂𝗻𝗮.✨

Good vibes attract good luck kaya keep shining today 💛
Heart this if you’re choosing positivity ❤️

#CozyVibes #PositiveMindset #SoftEnergy #GoodLuckCharm #Juan365Studios #Juan365 #ALLINJUANLIVE #JuankadaHosts #JuankadaShann #Shanshines","𝗛𝗶 𝗦𝗵𝗮𝗻𝘀𝗵𝗶𝗻𝗲𝘀 𝘀𝗺𝗶𝗹𝗲 𝗺𝘂𝗻𝗮.✨

Good vibes attract good luck kaya keep shining today 💛
Heart this if you’re choosing positivity ❤️

#CozyVibes #PositiveMindset #SoftEnergy #GoodLuckCharm #Juan365Studios #Juan365 #ALLINJUANLIVE #JuankadaHosts #JuankadaShann #Shanshines",9,"12/30/2025 05:00",N/A,https://www.facebook.com/reel/1496419074802562/,1,0,Videos,,,,,Lifetime,58,41,2,2,0,0,4,,4,191.293,4.448,0,0,0,,
122109207081149417,61584482528597,"Juankada Shann","𝐒𝐡𝐚𝐧𝐬𝐡𝐢𝐧𝐞𝐬, 𝐠𝐚𝐦𝐞 𝐧𝐚 𝐛𝐚 𝐤𝐚𝐲𝐨? 🎉

Sama-sama tayo sa Juan365 Color Game Live mamaya konting tawa, konting harutan, at sobra-sobrang saya! ✨
👉 Watch, join, at mag-comment live! Kita-kits! 💛

#Juan365PH #Shanshines #AllInJuanSaSaya #ColorGameLive #GoodVibesOnly #KulitanTime #LiveFun #TrendingNow #JuanKada #EntertainmentPH #CommunityFun",,0,"12/30/2025 13:11",N/A,https://www.facebook.com/JuankadaShannOfficialPage/posts/pfbid02SYN2mbn45YH4PnHpJVrhy3zGUMs47KtQJY7H2EntMf5NtBvd2nVLV8kfUEgY3DLul,0,0,Photos,,,,,Lifetime,56,25,3,3,0,0,3,1,2,,,,,,,
122109219645149417,61584482528597,"Juankada Shann","Follow and share",,0,"12/30/2025 15:46",N/A,https://www.facebook.com/JuankadaShannOfficialPage/posts/pfbid02TSg78gJ6mTnbhvNg5P2pfJFfFZfTMM2if97HZFZsfbxGfDR9MgVunn6RHucgP5TJl,0,1,Photos,,,,,Lifetime,50,21,2,2,0,0,5,1,4,,,,,,,
122109236451149417,61584482528597,"Juankada Shann","𝐁𝐥𝐮𝐞 𝐡𝐚𝐭, 𝐲𝐞𝐥𝐥𝐨𝐰 𝐟𝐢𝐭 𝐫𝐞𝐚𝐝𝐲 𝐧𝐚 𝐬𝐚 𝐠𝐨𝐨𝐝 𝐦𝐨𝐨𝐝 𝐒𝐡𝐚𝐧𝐬𝐡𝐢𝐧𝐞𝐬✨

Chill vibes lang, pero baka ito na ang perfect combo before the Color Game LIVE!

#BlueAndYellow #GoodMoodGoodLuck #ColorGameVibes #LuckyFit #Juan365Moments  #Juan365Studios #Juan365 #ALLINJUANLIVE #JuankadaHosts #JuankadaShann #Shanshines","𝐁𝐥𝐮𝐞 𝐡𝐚𝐭, 𝐲𝐞𝐥𝐥𝐨𝐰 𝐟𝐢𝐭 𝐫𝐞𝐚𝐝𝐲 𝐧𝐚 𝐬𝐚 𝐠𝐨𝐨𝐝 𝐦𝐨𝐨𝐝 𝐒𝐡𝐚𝐧𝐬𝐡𝐢𝐧𝐞𝐬✨

Chill vibes lang, pero baka ito na ang perfect combo before the Color Game LIVE!

#BlueAndYellow #GoodMoodGoodLuck #ColorGameVibes #LuckyFit #Juan365Moments  #Juan365Studios #Juan365 #ALLINJUANLIVE #JuankadaHosts #JuankadaShann #Shanshines",12,"12/30/2025 19:00",mixed,https://www.facebook.com/reel/1352609102856662/,1,0,Videos,,,,,Lifetime,111,80,4,4,0,0,2,,2,575.686,7.107,0,0,0,,
122109246885149417,61584482528597,"Juankada Shann","Show your giling moves, Shanshines! 💃🔥

Hit ❤️, drop your moves, and tag your friends!

#GilingMoves #Shanshines #DanceVibes #MoveWithMe #ForYou #TrendingReels #ViralDance #Juan365Moments  #Juan365Studios #Juan365 #ALLINJUANLIVE #JuankadaHosts #JuankadaShann #Shanshines","Show your giling moves, Shanshines! 💃🔥

Hit ❤️, drop your moves, and tag your friends!

#GilingMoves #Shanshines #DanceVibes #MoveWithMe #ForYou #TrendingReels #ViralDance #Juan365Moments  #Juan365Studios #Juan365 #ALLINJUANLIVE #JuankadaHosts #JuankadaShann #Shanshines",26,"12/30/2025 20:00",N/A,https://www.facebook.com/reel/2741564766182058/,0,0,Videos,,,,,Lifetime,75,43,10,7,3,0,3,,3,531.443,9.49,0,0,0,,
122099315109149417,61584482528597,"Juankada Shann","Juankada Shann added a new photo.",,0,"12/03/2025 20:15",N/A,https://www.facebook.com/photo.php?fbid=122099315109149417&set=a.122099314527149417&type=3,0,0,Photos,,,,,Lifetime,732,290,22,17,1,4,5,1,4,,,,,,,
1301240762041674,100064672885113,"Juankada host Drae","Juankada host Drae updated their cover photo.",,0,"12/28/2025 08:27",N/A,https://www.facebook.com/photo.php?fbid=1301240762041674&set=a.467749982057427&type=3,0,0,Photos,,,,,Lifetime,0,0,2,2,0,0,0,,,,,,,
1303199065179177,100064672885113,"Juankada host Drae","Bagong taon, bagong saya!
Mga Juankada, this is your host Drae! 😄
Tara na sa walang katapusang kulitan at tawanan sa Color Game LIVE today! 🎨🎊

#Juan365 #JuankadaHostDrae
#Juan365ColorGame #Juan365Studios #ALLINJUANLIVE #JuankadaHosts #Juankada",,0,"12/30/2025 22:00",N/A,https://www.facebook.com/JuankadaDrae/posts/pfbid0kXDEe6e8WZC9EXsjMqSEfyPGP2QQ9ySXT1QHeQHfnzuwLZCppTkrsbnUS15rrFSCl,0,0,Photos,,,,,Lifetime,1315,445,63,56,5,2,173,89,84,,,,,
1302568908575526,100064672885113,"Juankada host Drae",,,0,"12/30/2025 03:20",N/A,https://www.facebook.com/JuankadaDrae/posts/pfbid027nXCeprzb9YzWtrUPyU3VgjHMchVnopkoC4P8eURFMAi6DUgZKAXe9ZZfwZRJpwBl,0,1,Photos,,,,,Lifetime,189,62,3,3,0,0,2,1,1,,,,,
1302568151908935,100064672885113,"Juankada host Drae",,,0,"12/30/2025 03:19",N/A,https://www.facebook.com/JuankadaDrae/posts/pfbid02eCoxRgxzZSeh3rtgN1YXdUaisBLuJa7sYHCAkYSTxadEE4zWV9u3TEU1DPJZPPF5l,0,1,Videos,,,,,Lifetime,,56,1,1,0,0,1,,1,,,,,
1302542651911485,100064672885113,"Juankada host Drae","Magandang gabi, Juankada! It’s your Juankada host Drae—naka-subaybay ka na ba? Tara na, sabay-sabay tayong makipagkulitan. Habol na!

#Juan365 #JuankadaHostDrae
#Juan365ColorGame #Juan365Studios #ALLINJUANLIVE #JuankadaHosts #Juankada","Magandang gabi, Juankada! It’s your Juankada host Drae—naka-subaybay ka na ba? Tara na, sabay-sabay tayong makipagkulitan. Habol na!

#Juan365 #JuankadaHostDrae
#Juan365ColorGame #Juan365Studios #ALLINJUANLIVE #JuankadaHosts #Juankada",9,"12/30/2025 02:28",N/A,https://www.facebook.com/reel/2053087922192371/,0,0,Videos,,,,,Lifetime,202,109,15,15,0,0,14,,14,1557.299,10.89,0,0,0
1301242715374812,100064672885113,"Juankada host Drae",,,0,"12/28/2025 08:31",N/A,https://www.facebook.com/JuankadaDrae/posts/pfbid02oUT9yRXUvYLpTzS5kGgiz5fUMGDVhgAco7DukdedtQFRwyfkkDs2jihraV1xytxXl,0,1,Text,,,,,Lifetime,,70,0,0,0,0,3,,3,,,,,
1301242652041485,100064672885113,"Juankada host Drae",,,0,"12/28/2025 08:30",N/A,https://www.facebook.com/JuankadaDrae/posts/pfbid02Zz53ZWc45qqaFegcVh6ucNhbxHfjRMmVRkrJKnq6KHppwvsZF724LzYqB8j5BaC8l,0,1,Videos,,,,,Lifetime,,55,0,0,0,0,0,,,,,,,
1301242532041497,100064672885113,"Juankada host Drae",,,0,"12/28/2025 08:30",N/A,https://www.facebook.com/JuankadaDrae/posts/pfbid0pybtvNhoCCUKshXc7RPq8Sk1H82duvm7bLVANKZoTA7x5bEqtdd2hXmd54M1ThQzl,0,1,Photos,,,,,Lifetime,104,50,1,1,0,0,0,,,,,,,
1301242452041505,100064672885113,"Juankada host Drae","Guess na JuanKada!

How To Join:
1️⃣ Like & Follow Juan365 Studios ( https://www.facebook.com/Juan365Studios )
2️⃣ Share this post and mention Juan365 and Juan365 Studios as your caption and don’t forget to use #Juan365 #AllInJuanSaSaya
3️⃣ Comment your Answer, Juan365 User ID  at i-attach ang screenshot bilang proof na nagawa mo ang steps (Like + Follow + Share)

#Juan365 #Juan365PH #AllInJuanSaSaya #JuanKada",,0,"12/28/2025 08:30",N/A,https://www.facebook.com/JuankadaDrae/posts/pfbid028A334kYbUm9r9ckfJmYwvefvBNmk4bZTvzPFhFviQna8qja2oNHDsSU5juWeYthXl,0,1,Photos,,,,,Lifetime,102,47,1,1,0,0,0,,,,,,,
1301242255374858,100064672885113,"Juankada host Drae",,,0,"12/28/2025 08:30",N/A,https://www.facebook.com/JuankadaDrae/posts/pfbid02Bq71UvPntVihnJuQZ6kC27h3vMM2q1qfGGmTmUicHgydA7GB8jVmgoNJoEATdJwgl,0,1,Photos,,,,,Lifetime,106,43,0,0,0,0,0,,,,,,,
1301241125374971,100064672885113,"Juankada host Drae","Juankada host Drae added a new photo.",,0,"12/28/2025 08:28",N/A,https://www.facebook.com/photo.php?fbid=1301241125374971&set=a.467750008724091&type=3,0,0,Photos,,,,,Lifetime,76,42,1,1,0,0,0,,,,,,,
